
 /----------------------------------------------------------------------------\
 |                                                                            |
 |  yosys -- Yosys Open SYnthesis Suite                                       |
 |                                                                            |
 |  Copyright (C) 2012 - 2020  Claire Xenia Wolf <claire@yosyshq.com>         |
 |                                                                            |
 |  Permission to use, copy, modify, and/or distribute this software for any  |
 |  purpose with or without fee is hereby granted, provided that the above    |
 |  copyright notice and this permission notice appear in all copies.         |
 |                                                                            |
 |  THE SOFTWARE IS PROVIDED "AS IS" AND THE AUTHOR DISCLAIMS ALL WARRANTIES  |
 |  WITH REGARD TO THIS SOFTWARE INCLUDING ALL IMPLIED WARRANTIES OF          |
 |  MERCHANTABILITY AND FITNESS. IN NO EVENT SHALL THE AUTHOR BE LIABLE FOR   |
 |  ANY SPECIAL, DIRECT, INDIRECT, OR CONSEQUENTIAL DAMAGES OR ANY DAMAGES    |
 |  WHATSOEVER RESULTING FROM LOSS OF USE, DATA OR PROFITS, WHETHER IN AN     |
 |  ACTION OF CONTRACT, NEGLIGENCE OR OTHER TORTIOUS ACTION, ARISING OUT OF   |
 |  OR IN CONNECTION WITH THE USE OR PERFORMANCE OF THIS SOFTWARE.            |
 |                                                                            |
 \----------------------------------------------------------------------------/

 Yosys 0.38 (git sha1 543faed9c8c, clang++ 17.0.6 -fPIC -Os)

[TCL: yosys -import] Command name collision: found pre-existing command `cd' -> skip.
[TCL: yosys -import] Command name collision: found pre-existing command `eval' -> skip.
[TCL: yosys -import] Command name collision: found pre-existing command `exec' -> skip.
[TCL: yosys -import] Command name collision: found pre-existing command `read' -> skip.
[TCL: yosys -import] Command name collision: found pre-existing command `trace' -> skip.

1. Executing Liberty frontend: /home/kagan/.volare/sky130A/libs.ref/sky130_fd_sc_hd/lib/sky130_fd_sc_hd__tt_025C_1v80.lib
Imported 428 cell types from liberty file.

2. Executing Verilog-2005 frontend: /openlane/designs/semi_cpu/src/ALU.v
Parsing SystemVerilog input from `/openlane/designs/semi_cpu/src/ALU.v' to AST representation.
Storing AST representation for module `$abstract\ALU'.
Successfully finished Verilog frontend.

3. Executing Verilog-2005 frontend: /openlane/designs/semi_cpu/src/InstructionMemory.v
Parsing SystemVerilog input from `/openlane/designs/semi_cpu/src/InstructionMemory.v' to AST representation.
Storing AST representation for module `$abstract\InstructionMemory'.
Successfully finished Verilog frontend.

4. Executing Verilog-2005 frontend: /openlane/designs/semi_cpu/src/ProgramCounter.v
Parsing SystemVerilog input from `/openlane/designs/semi_cpu/src/ProgramCounter.v' to AST representation.
Storing AST representation for module `$abstract\ProgramCounter'.
Successfully finished Verilog frontend.

5. Executing Verilog-2005 frontend: /openlane/designs/semi_cpu/src/SevenSegDisplay.v
Parsing SystemVerilog input from `/openlane/designs/semi_cpu/src/SevenSegDisplay.v' to AST representation.
Storing AST representation for module `$abstract\SevenSegDisplay'.
Successfully finished Verilog frontend.

6. Executing Verilog-2005 frontend: /openlane/designs/semi_cpu/src/SemiCPU.v
Parsing SystemVerilog input from `/openlane/designs/semi_cpu/src/SemiCPU.v' to AST representation.
Storing AST representation for module `$abstract\SemiCPU'.
Successfully finished Verilog frontend.

7. Executing Verilog-2005 frontend: /openlane/designs/semi_cpu/src/InstructionDecoder.v
Parsing SystemVerilog input from `/openlane/designs/semi_cpu/src/InstructionDecoder.v' to AST representation.
Storing AST representation for module `$abstract\InstructionDecoder'.
Successfully finished Verilog frontend.

8. Executing Verilog-2005 frontend: /openlane/designs/semi_cpu/src/RegisterFile.v
Parsing SystemVerilog input from `/openlane/designs/semi_cpu/src/RegisterFile.v' to AST representation.
Storing AST representation for module `$abstract\RegisterFile'.
Successfully finished Verilog frontend.

9. Executing HIERARCHY pass (managing design hierarchy).

10. Executing AST frontend in derive mode using pre-parsed AST for module `\SemiCPU'.
Generating RTLIL representation for module `\SemiCPU'.

10.1. Analyzing design hierarchy..
Top module:  \SemiCPU

10.2. Executing AST frontend in derive mode using pre-parsed AST for module `\SevenSegDisplay'.
Generating RTLIL representation for module `\SevenSegDisplay'.

10.3. Executing AST frontend in derive mode using pre-parsed AST for module `\ALU'.
Generating RTLIL representation for module `\ALU'.

10.4. Executing AST frontend in derive mode using pre-parsed AST for module `\RegisterFile'.
Generating RTLIL representation for module `\RegisterFile'.

10.5. Executing AST frontend in derive mode using pre-parsed AST for module `\InstructionDecoder'.
Generating RTLIL representation for module `\InstructionDecoder'.

10.6. Executing AST frontend in derive mode using pre-parsed AST for module `\InstructionMemory'.
Generating RTLIL representation for module `\InstructionMemory'.

10.7. Executing AST frontend in derive mode using pre-parsed AST for module `\ProgramCounter'.
Generating RTLIL representation for module `\ProgramCounter'.

10.8. Analyzing design hierarchy..
Top module:  \SemiCPU
Used module:     \SevenSegDisplay
Used module:     \ALU
Used module:     \RegisterFile
Used module:     \InstructionDecoder
Used module:     \InstructionMemory
Used module:     \ProgramCounter

10.9. Analyzing design hierarchy..
Top module:  \SemiCPU
Used module:     \SevenSegDisplay
Used module:     \ALU
Used module:     \RegisterFile
Used module:     \InstructionDecoder
Used module:     \InstructionMemory
Used module:     \ProgramCounter
Removing unused module `$abstract\RegisterFile'.
Removing unused module `$abstract\InstructionDecoder'.
Removing unused module `$abstract\SemiCPU'.
Removing unused module `$abstract\SevenSegDisplay'.
Removing unused module `$abstract\ProgramCounter'.
Removing unused module `$abstract\InstructionMemory'.
Removing unused module `$abstract\ALU'.
Removed 7 unused modules.

11. Generating Graphviz representation of design.
Writing dot description to `/openlane/designs/semi_cpu/runs/RUN_2025.06.08_14.11.38/tmp/synthesis/hierarchy.dot'.
Dumping module SemiCPU to page 1.
Renaming module SemiCPU to SemiCPU.

12. Executing TRIBUF pass.

13. Executing HIERARCHY pass (managing design hierarchy).

13.1. Analyzing design hierarchy..
Top module:  \SemiCPU
Used module:     \SevenSegDisplay
Used module:     \ALU
Used module:     \RegisterFile
Used module:     \InstructionDecoder
Used module:     \InstructionMemory
Used module:     \ProgramCounter

13.2. Analyzing design hierarchy..
Top module:  \SemiCPU
Used module:     \SevenSegDisplay
Used module:     \ALU
Used module:     \RegisterFile
Used module:     \InstructionDecoder
Used module:     \InstructionMemory
Used module:     \ProgramCounter
Removed 0 unused modules.

14. Executing PROC_CLEAN pass (remove empty switches from decision trees).
Cleaned up 0 empty switches.

15. Executing PROC_RMDEAD pass (remove dead branches from decision trees).
Marked 1 switch rules as full_case in process $proc$/openlane/designs/semi_cpu/src/InstructionMemory.v:28$129 in module InstructionMemory.
Marked 3 switch rules as full_case in process $proc$/openlane/designs/semi_cpu/src/InstructionDecoder.v:38$128 in module InstructionDecoder.
Marked 1 switch rules as full_case in process $proc$/openlane/designs/semi_cpu/src/RegisterFile.v:47$54 in module RegisterFile.
Removed 1 dead cases from process $proc$/openlane/designs/semi_cpu/src/ALU.v:30$10 in module ALU.
Marked 1 switch rules as full_case in process $proc$/openlane/designs/semi_cpu/src/ALU.v:30$10 in module ALU.
Removed 1 dead cases from process $proc$/openlane/designs/semi_cpu/src/SevenSegDisplay.v:63$9 in module SevenSegDisplay.
Marked 1 switch rules as full_case in process $proc$/openlane/designs/semi_cpu/src/SevenSegDisplay.v:63$9 in module SevenSegDisplay.
Removed 1 dead cases from process $proc$/openlane/designs/semi_cpu/src/SevenSegDisplay.v:41$8 in module SevenSegDisplay.
Marked 1 switch rules as full_case in process $proc$/openlane/designs/semi_cpu/src/SevenSegDisplay.v:41$8 in module SevenSegDisplay.
Marked 1 switch rules as full_case in process $proc$/openlane/designs/semi_cpu/src/ProgramCounter.v:29$130 in module ProgramCounter.
Removed a total of 3 dead cases.

16. Executing PROC_PRUNE pass (remove redundant assignments in processes).
Removed 0 redundant assignments.
Promoted 48 assignments to connections.

17. Executing PROC_INIT pass (extract init attributes).

18. Executing PROC_ARST pass (detect async resets in processes).
Found async reset \reset in `\ProgramCounter.$proc$/openlane/designs/semi_cpu/src/ProgramCounter.v:29$130'.

19. Executing PROC_ROM pass (convert switches to ROMs).
Converted 1 switch.
<suppressed ~9 debug messages>

20. Executing PROC_MUX pass (convert decision trees to multiplexers).
Creating decoders for process `\InstructionMemory.$proc$/openlane/designs/semi_cpu/src/InstructionMemory.v:28$129'.
     1/1: $1\instruction[31:0]
Creating decoders for process `\InstructionDecoder.$proc$/openlane/designs/semi_cpu/src/InstructionDecoder.v:38$128'.
     1/7: $3\aluop[2:0]
     2/7: $2\immediate[31:0]
     3/7: $2\aluop[2:0]
     4/7: $1\immediate[31:0]
     5/7: $1\aluop[2:0]
     6/7: $1\use_immediate[0:0]
     7/7: $1\reg_write[0:0]
Creating decoders for process `\RegisterFile.$proc$/openlane/designs/semi_cpu/src/RegisterFile.v:0$95'.
Creating decoders for process `\RegisterFile.$proc$/openlane/designs/semi_cpu/src/RegisterFile.v:47$54'.
     1/3: $1$memwr$\registers$/openlane/designs/semi_cpu/src/RegisterFile.v:49$47_EN[31:0]$62
     2/3: $1$memwr$\registers$/openlane/designs/semi_cpu/src/RegisterFile.v:49$47_DATA[31:0]$61
     3/3: $1$memwr$\registers$/openlane/designs/semi_cpu/src/RegisterFile.v:49$47_ADDR[4:0]$60
Creating decoders for process `\ALU.$proc$/openlane/designs/semi_cpu/src/ALU.v:30$10'.
     1/1: $1\Result[31:0]
Creating decoders for process `\SevenSegDisplay.$proc$/openlane/designs/semi_cpu/src/SevenSegDisplay.v:63$9'.
     1/1: $1\seg[6:0]
Creating decoders for process `\SevenSegDisplay.$proc$/openlane/designs/semi_cpu/src/SevenSegDisplay.v:41$8'.
     1/2: $1\current_digit[3:0]
     2/2: $1\an[3:0]
Creating decoders for process `\SevenSegDisplay.$proc$/openlane/designs/semi_cpu/src/SevenSegDisplay.v:33$4'.
     1/2: $0\counter[19:0]
     2/2: $0\digit_select[1:0]
Creating decoders for process `\ProgramCounter.$proc$/openlane/designs/semi_cpu/src/ProgramCounter.v:29$130'.
     1/1: $0\pc[31:0]

21. Executing PROC_DLATCH pass (convert process syncs to latches).
No latch inferred for signal `\InstructionMemory.\instruction' from process `\InstructionMemory.$proc$/openlane/designs/semi_cpu/src/InstructionMemory.v:28$129'.
No latch inferred for signal `\InstructionDecoder.\aluop' from process `\InstructionDecoder.$proc$/openlane/designs/semi_cpu/src/InstructionDecoder.v:38$128'.
No latch inferred for signal `\InstructionDecoder.\rs1' from process `\InstructionDecoder.$proc$/openlane/designs/semi_cpu/src/InstructionDecoder.v:38$128'.
No latch inferred for signal `\InstructionDecoder.\rs2' from process `\InstructionDecoder.$proc$/openlane/designs/semi_cpu/src/InstructionDecoder.v:38$128'.
No latch inferred for signal `\InstructionDecoder.\rd' from process `\InstructionDecoder.$proc$/openlane/designs/semi_cpu/src/InstructionDecoder.v:38$128'.
No latch inferred for signal `\InstructionDecoder.\immediate' from process `\InstructionDecoder.$proc$/openlane/designs/semi_cpu/src/InstructionDecoder.v:38$128'.
No latch inferred for signal `\InstructionDecoder.\reg_write' from process `\InstructionDecoder.$proc$/openlane/designs/semi_cpu/src/InstructionDecoder.v:38$128'.
No latch inferred for signal `\InstructionDecoder.\use_immediate' from process `\InstructionDecoder.$proc$/openlane/designs/semi_cpu/src/InstructionDecoder.v:38$128'.
No latch inferred for signal `\RegisterFile.\i' from process `\RegisterFile.$proc$/openlane/designs/semi_cpu/src/RegisterFile.v:0$95'.
No latch inferred for signal `\RegisterFile.$memwr$\registers$/openlane/designs/semi_cpu/src/RegisterFile.v:39$15_EN' from process `\RegisterFile.$proc$/openlane/designs/semi_cpu/src/RegisterFile.v:0$95'.
No latch inferred for signal `\RegisterFile.$memwr$\registers$/openlane/designs/semi_cpu/src/RegisterFile.v:39$16_EN' from process `\RegisterFile.$proc$/openlane/designs/semi_cpu/src/RegisterFile.v:0$95'.
No latch inferred for signal `\RegisterFile.$memwr$\registers$/openlane/designs/semi_cpu/src/RegisterFile.v:39$17_EN' from process `\RegisterFile.$proc$/openlane/designs/semi_cpu/src/RegisterFile.v:0$95'.
No latch inferred for signal `\RegisterFile.$memwr$\registers$/openlane/designs/semi_cpu/src/RegisterFile.v:39$18_EN' from process `\RegisterFile.$proc$/openlane/designs/semi_cpu/src/RegisterFile.v:0$95'.
No latch inferred for signal `\RegisterFile.$memwr$\registers$/openlane/designs/semi_cpu/src/RegisterFile.v:39$19_EN' from process `\RegisterFile.$proc$/openlane/designs/semi_cpu/src/RegisterFile.v:0$95'.
No latch inferred for signal `\RegisterFile.$memwr$\registers$/openlane/designs/semi_cpu/src/RegisterFile.v:39$20_EN' from process `\RegisterFile.$proc$/openlane/designs/semi_cpu/src/RegisterFile.v:0$95'.
No latch inferred for signal `\RegisterFile.$memwr$\registers$/openlane/designs/semi_cpu/src/RegisterFile.v:39$21_EN' from process `\RegisterFile.$proc$/openlane/designs/semi_cpu/src/RegisterFile.v:0$95'.
No latch inferred for signal `\RegisterFile.$memwr$\registers$/openlane/designs/semi_cpu/src/RegisterFile.v:39$22_EN' from process `\RegisterFile.$proc$/openlane/designs/semi_cpu/src/RegisterFile.v:0$95'.
No latch inferred for signal `\RegisterFile.$memwr$\registers$/openlane/designs/semi_cpu/src/RegisterFile.v:39$23_EN' from process `\RegisterFile.$proc$/openlane/designs/semi_cpu/src/RegisterFile.v:0$95'.
No latch inferred for signal `\RegisterFile.$memwr$\registers$/openlane/designs/semi_cpu/src/RegisterFile.v:39$24_EN' from process `\RegisterFile.$proc$/openlane/designs/semi_cpu/src/RegisterFile.v:0$95'.
No latch inferred for signal `\RegisterFile.$memwr$\registers$/openlane/designs/semi_cpu/src/RegisterFile.v:39$25_EN' from process `\RegisterFile.$proc$/openlane/designs/semi_cpu/src/RegisterFile.v:0$95'.
No latch inferred for signal `\RegisterFile.$memwr$\registers$/openlane/designs/semi_cpu/src/RegisterFile.v:39$26_EN' from process `\RegisterFile.$proc$/openlane/designs/semi_cpu/src/RegisterFile.v:0$95'.
No latch inferred for signal `\RegisterFile.$memwr$\registers$/openlane/designs/semi_cpu/src/RegisterFile.v:39$27_EN' from process `\RegisterFile.$proc$/openlane/designs/semi_cpu/src/RegisterFile.v:0$95'.
No latch inferred for signal `\RegisterFile.$memwr$\registers$/openlane/designs/semi_cpu/src/RegisterFile.v:39$28_EN' from process `\RegisterFile.$proc$/openlane/designs/semi_cpu/src/RegisterFile.v:0$95'.
No latch inferred for signal `\RegisterFile.$memwr$\registers$/openlane/designs/semi_cpu/src/RegisterFile.v:39$29_EN' from process `\RegisterFile.$proc$/openlane/designs/semi_cpu/src/RegisterFile.v:0$95'.
No latch inferred for signal `\RegisterFile.$memwr$\registers$/openlane/designs/semi_cpu/src/RegisterFile.v:39$30_EN' from process `\RegisterFile.$proc$/openlane/designs/semi_cpu/src/RegisterFile.v:0$95'.
No latch inferred for signal `\RegisterFile.$memwr$\registers$/openlane/designs/semi_cpu/src/RegisterFile.v:39$31_EN' from process `\RegisterFile.$proc$/openlane/designs/semi_cpu/src/RegisterFile.v:0$95'.
No latch inferred for signal `\RegisterFile.$memwr$\registers$/openlane/designs/semi_cpu/src/RegisterFile.v:39$32_EN' from process `\RegisterFile.$proc$/openlane/designs/semi_cpu/src/RegisterFile.v:0$95'.
No latch inferred for signal `\RegisterFile.$memwr$\registers$/openlane/designs/semi_cpu/src/RegisterFile.v:39$33_EN' from process `\RegisterFile.$proc$/openlane/designs/semi_cpu/src/RegisterFile.v:0$95'.
No latch inferred for signal `\RegisterFile.$memwr$\registers$/openlane/designs/semi_cpu/src/RegisterFile.v:39$34_EN' from process `\RegisterFile.$proc$/openlane/designs/semi_cpu/src/RegisterFile.v:0$95'.
No latch inferred for signal `\RegisterFile.$memwr$\registers$/openlane/designs/semi_cpu/src/RegisterFile.v:39$35_EN' from process `\RegisterFile.$proc$/openlane/designs/semi_cpu/src/RegisterFile.v:0$95'.
No latch inferred for signal `\RegisterFile.$memwr$\registers$/openlane/designs/semi_cpu/src/RegisterFile.v:39$36_EN' from process `\RegisterFile.$proc$/openlane/designs/semi_cpu/src/RegisterFile.v:0$95'.
No latch inferred for signal `\RegisterFile.$memwr$\registers$/openlane/designs/semi_cpu/src/RegisterFile.v:39$37_EN' from process `\RegisterFile.$proc$/openlane/designs/semi_cpu/src/RegisterFile.v:0$95'.
No latch inferred for signal `\RegisterFile.$memwr$\registers$/openlane/designs/semi_cpu/src/RegisterFile.v:39$38_EN' from process `\RegisterFile.$proc$/openlane/designs/semi_cpu/src/RegisterFile.v:0$95'.
No latch inferred for signal `\RegisterFile.$memwr$\registers$/openlane/designs/semi_cpu/src/RegisterFile.v:39$39_EN' from process `\RegisterFile.$proc$/openlane/designs/semi_cpu/src/RegisterFile.v:0$95'.
No latch inferred for signal `\RegisterFile.$memwr$\registers$/openlane/designs/semi_cpu/src/RegisterFile.v:39$40_EN' from process `\RegisterFile.$proc$/openlane/designs/semi_cpu/src/RegisterFile.v:0$95'.
No latch inferred for signal `\RegisterFile.$memwr$\registers$/openlane/designs/semi_cpu/src/RegisterFile.v:39$41_EN' from process `\RegisterFile.$proc$/openlane/designs/semi_cpu/src/RegisterFile.v:0$95'.
No latch inferred for signal `\RegisterFile.$memwr$\registers$/openlane/designs/semi_cpu/src/RegisterFile.v:39$42_EN' from process `\RegisterFile.$proc$/openlane/designs/semi_cpu/src/RegisterFile.v:0$95'.
No latch inferred for signal `\RegisterFile.$memwr$\registers$/openlane/designs/semi_cpu/src/RegisterFile.v:39$43_EN' from process `\RegisterFile.$proc$/openlane/designs/semi_cpu/src/RegisterFile.v:0$95'.
No latch inferred for signal `\RegisterFile.$memwr$\registers$/openlane/designs/semi_cpu/src/RegisterFile.v:39$44_EN' from process `\RegisterFile.$proc$/openlane/designs/semi_cpu/src/RegisterFile.v:0$95'.
No latch inferred for signal `\RegisterFile.$memwr$\registers$/openlane/designs/semi_cpu/src/RegisterFile.v:39$45_EN' from process `\RegisterFile.$proc$/openlane/designs/semi_cpu/src/RegisterFile.v:0$95'.
No latch inferred for signal `\RegisterFile.$memwr$\registers$/openlane/designs/semi_cpu/src/RegisterFile.v:39$46_EN' from process `\RegisterFile.$proc$/openlane/designs/semi_cpu/src/RegisterFile.v:0$95'.
No latch inferred for signal `\ALU.\Result' from process `\ALU.$proc$/openlane/designs/semi_cpu/src/ALU.v:30$10'.
No latch inferred for signal `\SevenSegDisplay.\seg' from process `\SevenSegDisplay.$proc$/openlane/designs/semi_cpu/src/SevenSegDisplay.v:63$9'.
No latch inferred for signal `\SevenSegDisplay.\an' from process `\SevenSegDisplay.$proc$/openlane/designs/semi_cpu/src/SevenSegDisplay.v:41$8'.
No latch inferred for signal `\SevenSegDisplay.\current_digit' from process `\SevenSegDisplay.$proc$/openlane/designs/semi_cpu/src/SevenSegDisplay.v:41$8'.

22. Executing PROC_DFF pass (convert process syncs to FFs).
Creating register for signal `\RegisterFile.$memwr$\registers$/openlane/designs/semi_cpu/src/RegisterFile.v:49$47_ADDR' using process `\RegisterFile.$proc$/openlane/designs/semi_cpu/src/RegisterFile.v:47$54'.
  created $dff cell `$procdff$215' with positive edge clock.
Creating register for signal `\RegisterFile.$memwr$\registers$/openlane/designs/semi_cpu/src/RegisterFile.v:49$47_DATA' using process `\RegisterFile.$proc$/openlane/designs/semi_cpu/src/RegisterFile.v:47$54'.
  created $dff cell `$procdff$216' with positive edge clock.
Creating register for signal `\RegisterFile.$memwr$\registers$/openlane/designs/semi_cpu/src/RegisterFile.v:49$47_EN' using process `\RegisterFile.$proc$/openlane/designs/semi_cpu/src/RegisterFile.v:47$54'.
  created $dff cell `$procdff$217' with positive edge clock.
Creating register for signal `\SevenSegDisplay.\digit_select' using process `\SevenSegDisplay.$proc$/openlane/designs/semi_cpu/src/SevenSegDisplay.v:33$4'.
  created $dff cell `$procdff$218' with positive edge clock.
Creating register for signal `\SevenSegDisplay.\counter' using process `\SevenSegDisplay.$proc$/openlane/designs/semi_cpu/src/SevenSegDisplay.v:33$4'.
  created $dff cell `$procdff$219' with positive edge clock.
Creating register for signal `\ProgramCounter.\pc' using process `\ProgramCounter.$proc$/openlane/designs/semi_cpu/src/ProgramCounter.v:29$130'.
  created $adff cell `$procdff$220' with positive edge clock and positive level reset.

23. Executing PROC_MEMWR pass (convert process memory writes to cells).

24. Executing PROC_CLEAN pass (remove empty switches from decision trees).
Found and cleaned up 1 empty switch in `\InstructionMemory.$proc$/openlane/designs/semi_cpu/src/InstructionMemory.v:28$129'.
Removing empty process `InstructionMemory.$proc$/openlane/designs/semi_cpu/src/InstructionMemory.v:28$129'.
Found and cleaned up 3 empty switches in `\InstructionDecoder.$proc$/openlane/designs/semi_cpu/src/InstructionDecoder.v:38$128'.
Removing empty process `InstructionDecoder.$proc$/openlane/designs/semi_cpu/src/InstructionDecoder.v:38$128'.
Removing empty process `RegisterFile.$proc$/openlane/designs/semi_cpu/src/RegisterFile.v:0$95'.
Found and cleaned up 1 empty switch in `\RegisterFile.$proc$/openlane/designs/semi_cpu/src/RegisterFile.v:47$54'.
Removing empty process `RegisterFile.$proc$/openlane/designs/semi_cpu/src/RegisterFile.v:47$54'.
Found and cleaned up 1 empty switch in `\ALU.$proc$/openlane/designs/semi_cpu/src/ALU.v:30$10'.
Removing empty process `ALU.$proc$/openlane/designs/semi_cpu/src/ALU.v:30$10'.
Found and cleaned up 1 empty switch in `\SevenSegDisplay.$proc$/openlane/designs/semi_cpu/src/SevenSegDisplay.v:63$9'.
Removing empty process `SevenSegDisplay.$proc$/openlane/designs/semi_cpu/src/SevenSegDisplay.v:63$9'.
Found and cleaned up 1 empty switch in `\SevenSegDisplay.$proc$/openlane/designs/semi_cpu/src/SevenSegDisplay.v:41$8'.
Removing empty process `SevenSegDisplay.$proc$/openlane/designs/semi_cpu/src/SevenSegDisplay.v:41$8'.
Found and cleaned up 1 empty switch in `\SevenSegDisplay.$proc$/openlane/designs/semi_cpu/src/SevenSegDisplay.v:33$4'.
Removing empty process `SevenSegDisplay.$proc$/openlane/designs/semi_cpu/src/SevenSegDisplay.v:33$4'.
Found and cleaned up 1 empty switch in `\ProgramCounter.$proc$/openlane/designs/semi_cpu/src/ProgramCounter.v:29$130'.
Removing empty process `ProgramCounter.$proc$/openlane/designs/semi_cpu/src/ProgramCounter.v:29$130'.
Cleaned up 10 empty switches.

25. Executing CHECK pass (checking for obvious problems).
Checking module SemiCPU...
Checking module InstructionMemory...
Checking module InstructionDecoder...
Checking module RegisterFile...
Checking module ALU...
Checking module SevenSegDisplay...
Checking module ProgramCounter...
Found and reported 0 problems.

26. Executing OPT_EXPR pass (perform const folding).
Optimizing module SemiCPU.
Optimizing module InstructionMemory.
<suppressed ~1 debug messages>
Optimizing module InstructionDecoder.
<suppressed ~3 debug messages>
Optimizing module RegisterFile.
<suppressed ~3 debug messages>
Optimizing module ALU.
<suppressed ~1 debug messages>
Optimizing module SevenSegDisplay.
<suppressed ~2 debug messages>
Optimizing module ProgramCounter.

27. Executing FLATTEN pass (flatten design).
Deleting now unused module InstructionMemory.
Deleting now unused module InstructionDecoder.
Deleting now unused module RegisterFile.
Deleting now unused module ALU.
Deleting now unused module SevenSegDisplay.
Deleting now unused module ProgramCounter.
<suppressed ~6 debug messages>

28. Executing OPT_EXPR pass (perform const folding).
Optimizing module SemiCPU.

29. Executing OPT_CLEAN pass (remove unused cells and wires).
Finding unused cells or wires in module \SemiCPU..
Removed 3 unused cells and 120 unused wires.
<suppressed ~4 debug messages>

30. Executing OPT pass (performing simple optimizations).

30.1. Executing OPT_EXPR pass (perform const folding).
Optimizing module SemiCPU.

30.2. Executing OPT_MERGE pass (detect identical cells).
Finding identical cells in module `\SemiCPU'.
<suppressed ~39 debug messages>
Removed a total of 13 cells.

30.3. Executing OPT_MUXTREE pass (detect dead branches in mux trees).
Running muxtree optimizer on module \SemiCPU..
  Creating internal representation of mux trees.
  Evaluating internal representation of mux trees.
  Analyzing evaluation results.
    dead port 2/2 on $mux $flatten\decoder_inst.$procmux$149.
    dead port 2/2 on $mux $flatten\decoder_inst.$procmux$157.
    dead port 2/2 on $mux $flatten\decoder_inst.$procmux$165.
Removed 3 multiplexer ports.
<suppressed ~15 debug messages>

30.4. Executing OPT_REDUCE pass (consolidate $*mux and $reduce_* inputs).
  Optimizing cells in module \SemiCPU.
    New ctrl vector for $pmux cell $flatten\decoder_inst.$procmux$180: $auto$opt_reduce.cc:134:opt_pmux$223
    Consolidated identical input bits for $mux cell $flatten\regfile_inst.$procmux$184:
      Old ports: A=0, B=32'11111111111111111111111111111111, Y=$flatten\regfile_inst.$0$memwr$\registers$/openlane/designs/semi_cpu/src/RegisterFile.v:49$47_EN[31:0]$57
      New ports: A=1'0, B=1'1, Y=$flatten\regfile_inst.$0$memwr$\registers$/openlane/designs/semi_cpu/src/RegisterFile.v:49$47_EN[31:0]$57 [0]
      New connections: $flatten\regfile_inst.$0$memwr$\registers$/openlane/designs/semi_cpu/src/RegisterFile.v:49$47_EN[31:0]$57 [31:1] = { $flatten\regfile_inst.$0$memwr$\registers$/openlane/designs/semi_cpu/src/RegisterFile.v:49$47_EN[31:0]$57 [0] $flatten\regfile_inst.$0$memwr$\registers$/openlane/designs/semi_cpu/src/RegisterFile.v:49$47_EN[31:0]$57 [0] $flatten\regfile_inst.$0$memwr$\registers$/openlane/designs/semi_cpu/src/RegisterFile.v:49$47_EN[31:0]$57 [0] $flatten\regfile_inst.$0$memwr$\registers$/openlane/designs/semi_cpu/src/RegisterFile.v:49$47_EN[31:0]$57 [0] $flatten\regfile_inst.$0$memwr$\registers$/openlane/designs/semi_cpu/src/RegisterFile.v:49$47_EN[31:0]$57 [0] $flatten\regfile_inst.$0$memwr$\registers$/openlane/designs/semi_cpu/src/RegisterFile.v:49$47_EN[31:0]$57 [0] $flatten\regfile_inst.$0$memwr$\registers$/openlane/designs/semi_cpu/src/RegisterFile.v:49$47_EN[31:0]$57 [0] $flatten\regfile_inst.$0$memwr$\registers$/openlane/designs/semi_cpu/src/RegisterFile.v:49$47_EN[31:0]$57 [0] $flatten\regfile_inst.$0$memwr$\registers$/openlane/designs/semi_cpu/src/RegisterFile.v:49$47_EN[31:0]$57 [0] $flatten\regfile_inst.$0$memwr$\registers$/openlane/designs/semi_cpu/src/RegisterFile.v:49$47_EN[31:0]$57 [0] $flatten\regfile_inst.$0$memwr$\registers$/openlane/designs/semi_cpu/src/RegisterFile.v:49$47_EN[31:0]$57 [0] $flatten\regfile_inst.$0$memwr$\registers$/openlane/designs/semi_cpu/src/RegisterFile.v:49$47_EN[31:0]$57 [0] $flatten\regfile_inst.$0$memwr$\registers$/openlane/designs/semi_cpu/src/RegisterFile.v:49$47_EN[31:0]$57 [0] $flatten\regfile_inst.$0$memwr$\registers$/openlane/designs/semi_cpu/src/RegisterFile.v:49$47_EN[31:0]$57 [0] $flatten\regfile_inst.$0$memwr$\registers$/openlane/designs/semi_cpu/src/RegisterFile.v:49$47_EN[31:0]$57 [0] $flatten\regfile_inst.$0$memwr$\registers$/openlane/designs/semi_cpu/src/RegisterFile.v:49$47_EN[31:0]$57 [0] $flatten\regfile_inst.$0$memwr$\registers$/openlane/designs/semi_cpu/src/RegisterFile.v:49$47_EN[31:0]$57 [0] $flatten\regfile_inst.$0$memwr$\registers$/openlane/designs/semi_cpu/src/RegisterFile.v:49$47_EN[31:0]$57 [0] $flatten\regfile_inst.$0$memwr$\registers$/openlane/designs/semi_cpu/src/RegisterFile.v:49$47_EN[31:0]$57 [0] $flatten\regfile_inst.$0$memwr$\registers$/openlane/designs/semi_cpu/src/RegisterFile.v:49$47_EN[31:0]$57 [0] $flatten\regfile_inst.$0$memwr$\registers$/openlane/designs/semi_cpu/src/RegisterFile.v:49$47_EN[31:0]$57 [0] $flatten\regfile_inst.$0$memwr$\registers$/openlane/designs/semi_cpu/src/RegisterFile.v:49$47_EN[31:0]$57 [0] $flatten\regfile_inst.$0$memwr$\registers$/openlane/designs/semi_cpu/src/RegisterFile.v:49$47_EN[31:0]$57 [0] $flatten\regfile_inst.$0$memwr$\registers$/openlane/designs/semi_cpu/src/RegisterFile.v:49$47_EN[31:0]$57 [0] $flatten\regfile_inst.$0$memwr$\registers$/openlane/designs/semi_cpu/src/RegisterFile.v:49$47_EN[31:0]$57 [0] $flatten\regfile_inst.$0$memwr$\registers$/openlane/designs/semi_cpu/src/RegisterFile.v:49$47_EN[31:0]$57 [0] $flatten\regfile_inst.$0$memwr$\registers$/openlane/designs/semi_cpu/src/RegisterFile.v:49$47_EN[31:0]$57 [0] $flatten\regfile_inst.$0$memwr$\registers$/openlane/designs/semi_cpu/src/RegisterFile.v:49$47_EN[31:0]$57 [0] $flatten\regfile_inst.$0$memwr$\registers$/openlane/designs/semi_cpu/src/RegisterFile.v:49$47_EN[31:0]$57 [0] $flatten\regfile_inst.$0$memwr$\registers$/openlane/designs/semi_cpu/src/RegisterFile.v:49$47_EN[31:0]$57 [0] $flatten\regfile_inst.$0$memwr$\registers$/openlane/designs/semi_cpu/src/RegisterFile.v:49$47_EN[31:0]$57 [0] }
  Optimizing cells in module \SemiCPU.
Performed a total of 2 changes.

30.5. Executing OPT_MERGE pass (detect identical cells).
Finding identical cells in module `\SemiCPU'.
Removed a total of 0 cells.

30.6. Executing OPT_DFF pass (perform DFF optimizations).

30.7. Executing OPT_CLEAN pass (remove unused cells and wires).
Finding unused cells or wires in module \SemiCPU..
Removed 0 unused cells and 16 unused wires.
<suppressed ~1 debug messages>

30.8. Executing OPT_EXPR pass (perform const folding).
Optimizing module SemiCPU.

30.9. Rerunning OPT passes. (Maybe there is more to do..)

30.10. Executing OPT_MUXTREE pass (detect dead branches in mux trees).
Running muxtree optimizer on module \SemiCPU..
  Creating internal representation of mux trees.
  Evaluating internal representation of mux trees.
  Analyzing evaluation results.
Removed 0 multiplexer ports.
<suppressed ~15 debug messages>

30.11. Executing OPT_REDUCE pass (consolidate $*mux and $reduce_* inputs).
  Optimizing cells in module \SemiCPU.
Performed a total of 0 changes.

30.12. Executing OPT_MERGE pass (detect identical cells).
Finding identical cells in module `\SemiCPU'.
Removed a total of 0 cells.

30.13. Executing OPT_DFF pass (perform DFF optimizations).

30.14. Executing OPT_CLEAN pass (remove unused cells and wires).
Finding unused cells or wires in module \SemiCPU..

30.15. Executing OPT_EXPR pass (perform const folding).
Optimizing module SemiCPU.

30.16. Finished OPT passes. (There is nothing left to do.)

31. Executing FSM pass (extract and optimize FSM).

31.1. Executing FSM_DETECT pass (finding FSMs in design).

31.2. Executing FSM_EXTRACT pass (extracting FSM from design).

31.3. Executing FSM_OPT pass (simple optimizations of FSMs).

31.4. Executing OPT_CLEAN pass (remove unused cells and wires).
Finding unused cells or wires in module \SemiCPU..

31.5. Executing FSM_OPT pass (simple optimizations of FSMs).

31.6. Executing FSM_RECODE pass (re-assigning FSM state encoding).

31.7. Executing FSM_INFO pass (dumping all available information on FSM cells).

31.8. Executing FSM_MAP pass (mapping FSMs to basic logic).

32. Executing OPT pass (performing simple optimizations).

32.1. Executing OPT_EXPR pass (perform const folding).
Optimizing module SemiCPU.

32.2. Executing OPT_MERGE pass (detect identical cells).
Finding identical cells in module `\SemiCPU'.
Removed a total of 0 cells.

32.3. Executing OPT_MUXTREE pass (detect dead branches in mux trees).
Running muxtree optimizer on module \SemiCPU..
  Creating internal representation of mux trees.
  Evaluating internal representation of mux trees.
  Analyzing evaluation results.
Removed 0 multiplexer ports.
<suppressed ~15 debug messages>

32.4. Executing OPT_REDUCE pass (consolidate $*mux and $reduce_* inputs).
  Optimizing cells in module \SemiCPU.
Performed a total of 0 changes.

32.5. Executing OPT_MERGE pass (detect identical cells).
Finding identical cells in module `\SemiCPU'.
Removed a total of 0 cells.

32.6. Executing OPT_DFF pass (perform DFF optimizations).
Adding EN signal on $flatten\pc_inst.$procdff$220 ($adff) from module SemiCPU (D = $flatten\pc_inst.$add$/openlane/designs/semi_cpu/src/ProgramCounter.v:33$131_Y, Q = \pc_inst.pc).
Adding SRST signal on $flatten\display_inst.$procdff$219 ($dff) from module SemiCPU (D = $flatten\display_inst.$add$/openlane/designs/semi_cpu/src/SevenSegDisplay.v:34$5_Y [19:0], Q = \display_inst.counter, rval = 20'00000000000000000000).
Adding EN signal on $flatten\display_inst.$procdff$218 ($dff) from module SemiCPU (D = $flatten\display_inst.$add$/openlane/designs/semi_cpu/src/SevenSegDisplay.v:37$7_Y [1:0], Q = \display_inst.digit_select).

32.7. Executing OPT_CLEAN pass (remove unused cells and wires).
Finding unused cells or wires in module \SemiCPU..
Removed 3 unused cells and 3 unused wires.
<suppressed ~4 debug messages>

32.8. Executing OPT_EXPR pass (perform const folding).
Optimizing module SemiCPU.

32.9. Rerunning OPT passes. (Maybe there is more to do..)

32.10. Executing OPT_MUXTREE pass (detect dead branches in mux trees).
Running muxtree optimizer on module \SemiCPU..
  Creating internal representation of mux trees.
  Evaluating internal representation of mux trees.
  Analyzing evaluation results.
Removed 0 multiplexer ports.
<suppressed ~12 debug messages>

32.11. Executing OPT_REDUCE pass (consolidate $*mux and $reduce_* inputs).
  Optimizing cells in module \SemiCPU.
Performed a total of 0 changes.

32.12. Executing OPT_MERGE pass (detect identical cells).
Finding identical cells in module `\SemiCPU'.
Removed a total of 0 cells.

32.13. Executing OPT_DFF pass (perform DFF optimizations).

32.14. Executing OPT_CLEAN pass (remove unused cells and wires).
Finding unused cells or wires in module \SemiCPU..

32.15. Executing OPT_EXPR pass (perform const folding).
Optimizing module SemiCPU.

32.16. Finished OPT passes. (There is nothing left to do.)

33. Executing WREDUCE pass (reducing word size of cells).
Removed top 28 address bits (of 32) from memory init port SemiCPU.$flatten\display_inst.$auto$mem.cc:328:emit$135 ($flatten\display_inst.$auto$proc_rom.cc:150:do_switch$133).
Removed top 27 address bits (of 32) from memory init port SemiCPU.$flatten\regfile_inst.$meminit$\registers$/openlane/designs/semi_cpu/src/RegisterFile.v:39$63 (regfile_inst.registers).
Removed top 27 address bits (of 32) from memory init port SemiCPU.$flatten\regfile_inst.$meminit$\registers$/openlane/designs/semi_cpu/src/RegisterFile.v:39$64 (regfile_inst.registers).
Removed top 27 address bits (of 32) from memory init port SemiCPU.$flatten\regfile_inst.$meminit$\registers$/openlane/designs/semi_cpu/src/RegisterFile.v:39$65 (regfile_inst.registers).
Removed top 27 address bits (of 32) from memory init port SemiCPU.$flatten\regfile_inst.$meminit$\registers$/openlane/designs/semi_cpu/src/RegisterFile.v:39$66 (regfile_inst.registers).
Removed top 27 address bits (of 32) from memory init port SemiCPU.$flatten\regfile_inst.$meminit$\registers$/openlane/designs/semi_cpu/src/RegisterFile.v:39$67 (regfile_inst.registers).
Removed top 27 address bits (of 32) from memory init port SemiCPU.$flatten\regfile_inst.$meminit$\registers$/openlane/designs/semi_cpu/src/RegisterFile.v:39$68 (regfile_inst.registers).
Removed top 27 address bits (of 32) from memory init port SemiCPU.$flatten\regfile_inst.$meminit$\registers$/openlane/designs/semi_cpu/src/RegisterFile.v:39$69 (regfile_inst.registers).
Removed top 27 address bits (of 32) from memory init port SemiCPU.$flatten\regfile_inst.$meminit$\registers$/openlane/designs/semi_cpu/src/RegisterFile.v:39$70 (regfile_inst.registers).
Removed top 27 address bits (of 32) from memory init port SemiCPU.$flatten\regfile_inst.$meminit$\registers$/openlane/designs/semi_cpu/src/RegisterFile.v:39$71 (regfile_inst.registers).
Removed top 27 address bits (of 32) from memory init port SemiCPU.$flatten\regfile_inst.$meminit$\registers$/openlane/designs/semi_cpu/src/RegisterFile.v:39$72 (regfile_inst.registers).
Removed top 27 address bits (of 32) from memory init port SemiCPU.$flatten\regfile_inst.$meminit$\registers$/openlane/designs/semi_cpu/src/RegisterFile.v:39$73 (regfile_inst.registers).
Removed top 27 address bits (of 32) from memory init port SemiCPU.$flatten\regfile_inst.$meminit$\registers$/openlane/designs/semi_cpu/src/RegisterFile.v:39$74 (regfile_inst.registers).
Removed top 27 address bits (of 32) from memory init port SemiCPU.$flatten\regfile_inst.$meminit$\registers$/openlane/designs/semi_cpu/src/RegisterFile.v:39$75 (regfile_inst.registers).
Removed top 27 address bits (of 32) from memory init port SemiCPU.$flatten\regfile_inst.$meminit$\registers$/openlane/designs/semi_cpu/src/RegisterFile.v:39$76 (regfile_inst.registers).
Removed top 27 address bits (of 32) from memory init port SemiCPU.$flatten\regfile_inst.$meminit$\registers$/openlane/designs/semi_cpu/src/RegisterFile.v:39$77 (regfile_inst.registers).
Removed top 27 address bits (of 32) from memory init port SemiCPU.$flatten\regfile_inst.$meminit$\registers$/openlane/designs/semi_cpu/src/RegisterFile.v:39$78 (regfile_inst.registers).
Removed top 27 address bits (of 32) from memory init port SemiCPU.$flatten\regfile_inst.$meminit$\registers$/openlane/designs/semi_cpu/src/RegisterFile.v:39$79 (regfile_inst.registers).
Removed top 27 address bits (of 32) from memory init port SemiCPU.$flatten\regfile_inst.$meminit$\registers$/openlane/designs/semi_cpu/src/RegisterFile.v:39$80 (regfile_inst.registers).
Removed top 27 address bits (of 32) from memory init port SemiCPU.$flatten\regfile_inst.$meminit$\registers$/openlane/designs/semi_cpu/src/RegisterFile.v:39$81 (regfile_inst.registers).
Removed top 27 address bits (of 32) from memory init port SemiCPU.$flatten\regfile_inst.$meminit$\registers$/openlane/designs/semi_cpu/src/RegisterFile.v:39$82 (regfile_inst.registers).
Removed top 27 address bits (of 32) from memory init port SemiCPU.$flatten\regfile_inst.$meminit$\registers$/openlane/designs/semi_cpu/src/RegisterFile.v:39$83 (regfile_inst.registers).
Removed top 27 address bits (of 32) from memory init port SemiCPU.$flatten\regfile_inst.$meminit$\registers$/openlane/designs/semi_cpu/src/RegisterFile.v:39$84 (regfile_inst.registers).
Removed top 27 address bits (of 32) from memory init port SemiCPU.$flatten\regfile_inst.$meminit$\registers$/openlane/designs/semi_cpu/src/RegisterFile.v:39$85 (regfile_inst.registers).
Removed top 27 address bits (of 32) from memory init port SemiCPU.$flatten\regfile_inst.$meminit$\registers$/openlane/designs/semi_cpu/src/RegisterFile.v:39$86 (regfile_inst.registers).
Removed top 27 address bits (of 32) from memory init port SemiCPU.$flatten\regfile_inst.$meminit$\registers$/openlane/designs/semi_cpu/src/RegisterFile.v:39$87 (regfile_inst.registers).
Removed top 27 address bits (of 32) from memory init port SemiCPU.$flatten\regfile_inst.$meminit$\registers$/openlane/designs/semi_cpu/src/RegisterFile.v:39$88 (regfile_inst.registers).
Removed top 27 address bits (of 32) from memory init port SemiCPU.$flatten\regfile_inst.$meminit$\registers$/openlane/designs/semi_cpu/src/RegisterFile.v:39$89 (regfile_inst.registers).
Removed top 27 address bits (of 32) from memory init port SemiCPU.$flatten\regfile_inst.$meminit$\registers$/openlane/designs/semi_cpu/src/RegisterFile.v:39$90 (regfile_inst.registers).
Removed top 27 address bits (of 32) from memory init port SemiCPU.$flatten\regfile_inst.$meminit$\registers$/openlane/designs/semi_cpu/src/RegisterFile.v:39$91 (regfile_inst.registers).
Removed top 27 address bits (of 32) from memory init port SemiCPU.$flatten\regfile_inst.$meminit$\registers$/openlane/designs/semi_cpu/src/RegisterFile.v:39$92 (regfile_inst.registers).
Removed top 27 address bits (of 32) from memory init port SemiCPU.$flatten\regfile_inst.$meminit$\registers$/openlane/designs/semi_cpu/src/RegisterFile.v:39$93 (regfile_inst.registers).
Removed top 27 address bits (of 32) from memory init port SemiCPU.$flatten\regfile_inst.$meminit$\registers$/openlane/designs/semi_cpu/src/RegisterFile.v:39$94 (regfile_inst.registers).
Removed top 29 bits (of 32) from port B of cell SemiCPU.$flatten\pc_inst.$add$/openlane/designs/semi_cpu/src/ProgramCounter.v:33$131 ($add).
Removed top 29 bits (of 32) from port B of cell SemiCPU.$flatten\imem_inst.$procmux$142_CMP0 ($eq).
Removed top 28 bits (of 32) from port B of cell SemiCPU.$flatten\imem_inst.$procmux$141_CMP0 ($eq).
Removed top 28 bits (of 32) from port B of cell SemiCPU.$flatten\imem_inst.$procmux$140_CMP0 ($eq).
Removed top 27 bits (of 32) from port B of cell SemiCPU.$flatten\imem_inst.$procmux$139_CMP0 ($eq).
Removed top 27 bits (of 32) from port B of cell SemiCPU.$flatten\imem_inst.$procmux$138_CMP0 ($eq).
Removed top 2 bits (of 7) from port B of cell SemiCPU.$flatten\decoder_inst.$procmux$158_CMP0 ($eq).
Removed top 2 bits (of 3) from port B of cell SemiCPU.$flatten\decoder_inst.$procmux$155_CMP0 ($eq).
Removed top 1 bits (of 7) from port B of cell SemiCPU.$flatten\decoder_inst.$procmux$150_CMP0 ($eq).
Removed top 1 bits (of 3) from mux cell SemiCPU.$flatten\decoder_inst.$procmux$146 ($pmux).
Removed top 1 bits (of 10) from port B of cell SemiCPU.$flatten\decoder_inst.$procmux$147_CMP0 ($eq).
Removed top 2 bits (of 3) from port B of cell SemiCPU.$flatten\alu_inst.$procmux$197_CMP1 ($eq).
Removed top 1 bits (of 3) from port B of cell SemiCPU.$flatten\alu_inst.$procmux$196_CMP0 ($eq).
Removed top 1 bits (of 3) from port B of cell SemiCPU.$flatten\alu_inst.$procmux$195_CMP0 ($eq).
Removed top 1 bits (of 2) from port B of cell SemiCPU.$flatten\display_inst.$procmux$202_CMP0 ($eq).
Removed top 31 bits (of 32) from port B of cell SemiCPU.$flatten\display_inst.$add$/openlane/designs/semi_cpu/src/SevenSegDisplay.v:37$7 ($add).
Removed top 30 bits (of 32) from port Y of cell SemiCPU.$flatten\display_inst.$add$/openlane/designs/semi_cpu/src/SevenSegDisplay.v:37$7 ($add).
Removed top 3 bits (of 20) from port B of cell SemiCPU.$flatten\display_inst.$eq$/openlane/designs/semi_cpu/src/SevenSegDisplay.v:35$6 ($eq).
Removed top 31 bits (of 32) from port B of cell SemiCPU.$flatten\display_inst.$add$/openlane/designs/semi_cpu/src/SevenSegDisplay.v:34$5 ($add).
Removed top 12 bits (of 32) from port Y of cell SemiCPU.$flatten\display_inst.$add$/openlane/designs/semi_cpu/src/SevenSegDisplay.v:34$5 ($add).
Removed top 1 bits (of 3) from wire SemiCPU.$flatten\decoder_inst.$3\aluop[2:0].
Removed top 12 bits (of 32) from wire SemiCPU.$flatten\display_inst.$add$/openlane/designs/semi_cpu/src/SevenSegDisplay.v:34$5_Y.
Removed top 30 bits (of 32) from wire SemiCPU.$flatten\display_inst.$add$/openlane/designs/semi_cpu/src/SevenSegDisplay.v:37$7_Y.
Removed top 8 bits (of 32) from wire SemiCPU.rd1.

34. Executing PEEPOPT pass (run peephole optimizers).

35. Executing OPT_CLEAN pass (remove unused cells and wires).
Finding unused cells or wires in module \SemiCPU..
Removed 0 unused cells and 4 unused wires.
<suppressed ~1 debug messages>

36. Executing ALUMACC pass (create $alu and $macc cells).
Extracting $alu and $macc cells in module SemiCPU:
  creating $macc model for $flatten\alu_inst.$add$/openlane/designs/semi_cpu/src/ALU.v:33$11 ($add).
  creating $macc model for $flatten\alu_inst.$sub$/openlane/designs/semi_cpu/src/ALU.v:34$12 ($sub).
  creating $macc model for $flatten\display_inst.$add$/openlane/designs/semi_cpu/src/SevenSegDisplay.v:34$5 ($add).
  creating $macc model for $flatten\display_inst.$add$/openlane/designs/semi_cpu/src/SevenSegDisplay.v:37$7 ($add).
  creating $macc model for $flatten\pc_inst.$add$/openlane/designs/semi_cpu/src/ProgramCounter.v:33$131 ($add).
  creating $alu model for $macc $flatten\pc_inst.$add$/openlane/designs/semi_cpu/src/ProgramCounter.v:33$131.
  creating $alu model for $macc $flatten\display_inst.$add$/openlane/designs/semi_cpu/src/SevenSegDisplay.v:37$7.
  creating $alu model for $macc $flatten\display_inst.$add$/openlane/designs/semi_cpu/src/SevenSegDisplay.v:34$5.
  creating $alu model for $macc $flatten\alu_inst.$sub$/openlane/designs/semi_cpu/src/ALU.v:34$12.
  creating $alu model for $macc $flatten\alu_inst.$add$/openlane/designs/semi_cpu/src/ALU.v:33$11.
  creating $alu cell for $flatten\alu_inst.$add$/openlane/designs/semi_cpu/src/ALU.v:33$11: $auto$alumacc.cc:485:replace_alu$231
  creating $alu cell for $flatten\alu_inst.$sub$/openlane/designs/semi_cpu/src/ALU.v:34$12: $auto$alumacc.cc:485:replace_alu$234
  creating $alu cell for $flatten\display_inst.$add$/openlane/designs/semi_cpu/src/SevenSegDisplay.v:34$5: $auto$alumacc.cc:485:replace_alu$237
  creating $alu cell for $flatten\display_inst.$add$/openlane/designs/semi_cpu/src/SevenSegDisplay.v:37$7: $auto$alumacc.cc:485:replace_alu$240
  creating $alu cell for $flatten\pc_inst.$add$/openlane/designs/semi_cpu/src/ProgramCounter.v:33$131: $auto$alumacc.cc:485:replace_alu$243
  created 5 $alu and 0 $macc cells.

37. Executing SHARE pass (SAT-based resource sharing).
Found 4 cells in module SemiCPU that may be considered for resource sharing.
  Analyzing resource sharing options for $flatten\regfile_inst.$memrd$\registers$/openlane/designs/semi_cpu/src/RegisterFile.v:44$52 ($memrd):
    Found 20 activation_patterns using ctrl signal { $flatten\display_inst.$procmux$200_CMP $flatten\display_inst.$procmux$201_CMP $flatten\display_inst.$procmux$202_CMP $flatten\display_inst.$procmux$203_CMP $flatten\alu_inst.$procmux$196_CTRL $flatten\alu_inst.$procmux$195_CTRL $flatten\alu_inst.$procmux$194_CMP $flatten\regfile_inst.$eq$/openlane/designs/semi_cpu/src/RegisterFile.v:44$51_Y $flatten\regfile_inst.$logic_and$/openlane/designs/semi_cpu/src/RegisterFile.v:48$59_Y $flatten\alu_inst.$procmux$193_CMP \use_immediate }.
    Found 1 candidates: $flatten\regfile_inst.$memrd$\registers$/openlane/designs/semi_cpu/src/RegisterFile.v:43$49
    Analyzing resource sharing with $flatten\regfile_inst.$memrd$\registers$/openlane/designs/semi_cpu/src/RegisterFile.v:43$49 ($memrd):
      Found 20 activation_patterns using ctrl signal { $flatten\display_inst.$procmux$200_CMP $flatten\display_inst.$procmux$201_CMP $flatten\display_inst.$procmux$202_CMP $flatten\display_inst.$procmux$203_CMP $flatten\alu_inst.$procmux$196_CTRL $flatten\alu_inst.$procmux$195_CTRL $flatten\alu_inst.$procmux$194_CMP $flatten\regfile_inst.$eq$/openlane/designs/semi_cpu/src/RegisterFile.v:43$48_Y $flatten\regfile_inst.$logic_and$/openlane/designs/semi_cpu/src/RegisterFile.v:48$59_Y $flatten\alu_inst.$procmux$193_CMP }.
      Activation pattern for cell $flatten\regfile_inst.$memrd$\registers$/openlane/designs/semi_cpu/src/RegisterFile.v:44$52: { $flatten\display_inst.$procmux$200_CMP $flatten\alu_inst.$procmux$194_CMP $flatten\regfile_inst.$eq$/openlane/designs/semi_cpu/src/RegisterFile.v:44$51_Y \use_immediate } = 4'1100
      Activation pattern for cell $flatten\regfile_inst.$memrd$\registers$/openlane/designs/semi_cpu/src/RegisterFile.v:44$52: { $flatten\display_inst.$procmux$201_CMP $flatten\alu_inst.$procmux$194_CMP $flatten\regfile_inst.$eq$/openlane/designs/semi_cpu/src/RegisterFile.v:44$51_Y \use_immediate } = 4'1100
      Activation pattern for cell $flatten\regfile_inst.$memrd$\registers$/openlane/designs/semi_cpu/src/RegisterFile.v:44$52: { $flatten\display_inst.$procmux$202_CMP $flatten\alu_inst.$procmux$194_CMP $flatten\regfile_inst.$eq$/openlane/designs/semi_cpu/src/RegisterFile.v:44$51_Y \use_immediate } = 4'1100
      Activation pattern for cell $flatten\regfile_inst.$memrd$\registers$/openlane/designs/semi_cpu/src/RegisterFile.v:44$52: { $flatten\display_inst.$procmux$203_CMP $flatten\alu_inst.$procmux$194_CMP $flatten\regfile_inst.$eq$/openlane/designs/semi_cpu/src/RegisterFile.v:44$51_Y \use_immediate } = 4'1100
      Activation pattern for cell $flatten\regfile_inst.$memrd$\registers$/openlane/designs/semi_cpu/src/RegisterFile.v:44$52: { $flatten\alu_inst.$procmux$194_CMP $flatten\regfile_inst.$eq$/openlane/designs/semi_cpu/src/RegisterFile.v:44$51_Y $flatten\regfile_inst.$logic_and$/openlane/designs/semi_cpu/src/RegisterFile.v:48$59_Y \use_immediate } = 4'1010
      Activation pattern for cell $flatten\regfile_inst.$memrd$\registers$/openlane/designs/semi_cpu/src/RegisterFile.v:44$52: { $flatten\display_inst.$procmux$200_CMP $flatten\regfile_inst.$eq$/openlane/designs/semi_cpu/src/RegisterFile.v:44$51_Y $flatten\alu_inst.$procmux$193_CMP \use_immediate } = 4'1010
      Activation pattern for cell $flatten\regfile_inst.$memrd$\registers$/openlane/designs/semi_cpu/src/RegisterFile.v:44$52: { $flatten\display_inst.$procmux$201_CMP $flatten\regfile_inst.$eq$/openlane/designs/semi_cpu/src/RegisterFile.v:44$51_Y $flatten\alu_inst.$procmux$193_CMP \use_immediate } = 4'1010
      Activation pattern for cell $flatten\regfile_inst.$memrd$\registers$/openlane/designs/semi_cpu/src/RegisterFile.v:44$52: { $flatten\display_inst.$procmux$202_CMP $flatten\regfile_inst.$eq$/openlane/designs/semi_cpu/src/RegisterFile.v:44$51_Y $flatten\alu_inst.$procmux$193_CMP \use_immediate } = 4'1010
      Activation pattern for cell $flatten\regfile_inst.$memrd$\registers$/openlane/designs/semi_cpu/src/RegisterFile.v:44$52: { $flatten\display_inst.$procmux$203_CMP $flatten\regfile_inst.$eq$/openlane/designs/semi_cpu/src/RegisterFile.v:44$51_Y $flatten\alu_inst.$procmux$193_CMP \use_immediate } = 4'1010
      Activation pattern for cell $flatten\regfile_inst.$memrd$\registers$/openlane/designs/semi_cpu/src/RegisterFile.v:44$52: { $flatten\regfile_inst.$eq$/openlane/designs/semi_cpu/src/RegisterFile.v:44$51_Y $flatten\regfile_inst.$logic_and$/openlane/designs/semi_cpu/src/RegisterFile.v:48$59_Y $flatten\alu_inst.$procmux$193_CMP \use_immediate } = 4'0110
      Activation pattern for cell $flatten\regfile_inst.$memrd$\registers$/openlane/designs/semi_cpu/src/RegisterFile.v:44$52: { $flatten\display_inst.$procmux$200_CMP $flatten\alu_inst.$procmux$196_CTRL $flatten\regfile_inst.$eq$/openlane/designs/semi_cpu/src/RegisterFile.v:44$51_Y \use_immediate } = 4'1100
      Activation pattern for cell $flatten\regfile_inst.$memrd$\registers$/openlane/designs/semi_cpu/src/RegisterFile.v:44$52: { $flatten\display_inst.$procmux$201_CMP $flatten\alu_inst.$procmux$196_CTRL $flatten\regfile_inst.$eq$/openlane/designs/semi_cpu/src/RegisterFile.v:44$51_Y \use_immediate } = 4'1100
      Activation pattern for cell $flatten\regfile_inst.$memrd$\registers$/openlane/designs/semi_cpu/src/RegisterFile.v:44$52: { $flatten\display_inst.$procmux$202_CMP $flatten\alu_inst.$procmux$196_CTRL $flatten\regfile_inst.$eq$/openlane/designs/semi_cpu/src/RegisterFile.v:44$51_Y \use_immediate } = 4'1100
      Activation pattern for cell $flatten\regfile_inst.$memrd$\registers$/openlane/designs/semi_cpu/src/RegisterFile.v:44$52: { $flatten\display_inst.$procmux$203_CMP $flatten\alu_inst.$procmux$196_CTRL $flatten\regfile_inst.$eq$/openlane/designs/semi_cpu/src/RegisterFile.v:44$51_Y \use_immediate } = 4'1100
      Activation pattern for cell $flatten\regfile_inst.$memrd$\registers$/openlane/designs/semi_cpu/src/RegisterFile.v:44$52: { $flatten\alu_inst.$procmux$196_CTRL $flatten\regfile_inst.$eq$/openlane/designs/semi_cpu/src/RegisterFile.v:44$51_Y $flatten\regfile_inst.$logic_and$/openlane/designs/semi_cpu/src/RegisterFile.v:48$59_Y \use_immediate } = 4'1010
      Activation pattern for cell $flatten\regfile_inst.$memrd$\registers$/openlane/designs/semi_cpu/src/RegisterFile.v:44$52: { $flatten\display_inst.$procmux$200_CMP $flatten\alu_inst.$procmux$195_CTRL $flatten\regfile_inst.$eq$/openlane/designs/semi_cpu/src/RegisterFile.v:44$51_Y \use_immediate } = 4'1100
      Activation pattern for cell $flatten\regfile_inst.$memrd$\registers$/openlane/designs/semi_cpu/src/RegisterFile.v:44$52: { $flatten\display_inst.$procmux$201_CMP $flatten\alu_inst.$procmux$195_CTRL $flatten\regfile_inst.$eq$/openlane/designs/semi_cpu/src/RegisterFile.v:44$51_Y \use_immediate } = 4'1100
      Activation pattern for cell $flatten\regfile_inst.$memrd$\registers$/openlane/designs/semi_cpu/src/RegisterFile.v:44$52: { $flatten\display_inst.$procmux$202_CMP $flatten\alu_inst.$procmux$195_CTRL $flatten\regfile_inst.$eq$/openlane/designs/semi_cpu/src/RegisterFile.v:44$51_Y \use_immediate } = 4'1100
      Activation pattern for cell $flatten\regfile_inst.$memrd$\registers$/openlane/designs/semi_cpu/src/RegisterFile.v:44$52: { $flatten\display_inst.$procmux$203_CMP $flatten\alu_inst.$procmux$195_CTRL $flatten\regfile_inst.$eq$/openlane/designs/semi_cpu/src/RegisterFile.v:44$51_Y \use_immediate } = 4'1100
      Activation pattern for cell $flatten\regfile_inst.$memrd$\registers$/openlane/designs/semi_cpu/src/RegisterFile.v:44$52: { $flatten\alu_inst.$procmux$195_CTRL $flatten\regfile_inst.$eq$/openlane/designs/semi_cpu/src/RegisterFile.v:44$51_Y $flatten\regfile_inst.$logic_and$/openlane/designs/semi_cpu/src/RegisterFile.v:48$59_Y \use_immediate } = 4'1010
      Activation pattern for cell $flatten\regfile_inst.$memrd$\registers$/openlane/designs/semi_cpu/src/RegisterFile.v:43$49: { $flatten\alu_inst.$procmux$195_CTRL $flatten\regfile_inst.$eq$/openlane/designs/semi_cpu/src/RegisterFile.v:43$48_Y $flatten\regfile_inst.$logic_and$/openlane/designs/semi_cpu/src/RegisterFile.v:48$59_Y } = 3'101
      Activation pattern for cell $flatten\regfile_inst.$memrd$\registers$/openlane/designs/semi_cpu/src/RegisterFile.v:43$49: { $flatten\display_inst.$procmux$203_CMP $flatten\alu_inst.$procmux$195_CTRL $flatten\regfile_inst.$eq$/openlane/designs/semi_cpu/src/RegisterFile.v:43$48_Y } = 3'110
      Activation pattern for cell $flatten\regfile_inst.$memrd$\registers$/openlane/designs/semi_cpu/src/RegisterFile.v:43$49: { $flatten\display_inst.$procmux$202_CMP $flatten\alu_inst.$procmux$195_CTRL $flatten\regfile_inst.$eq$/openlane/designs/semi_cpu/src/RegisterFile.v:43$48_Y } = 3'110
      Activation pattern for cell $flatten\regfile_inst.$memrd$\registers$/openlane/designs/semi_cpu/src/RegisterFile.v:43$49: { $flatten\display_inst.$procmux$201_CMP $flatten\alu_inst.$procmux$195_CTRL $flatten\regfile_inst.$eq$/openlane/designs/semi_cpu/src/RegisterFile.v:43$48_Y } = 3'110
      Activation pattern for cell $flatten\regfile_inst.$memrd$\registers$/openlane/designs/semi_cpu/src/RegisterFile.v:43$49: { $flatten\display_inst.$procmux$200_CMP $flatten\alu_inst.$procmux$195_CTRL $flatten\regfile_inst.$eq$/openlane/designs/semi_cpu/src/RegisterFile.v:43$48_Y } = 3'110
      Activation pattern for cell $flatten\regfile_inst.$memrd$\registers$/openlane/designs/semi_cpu/src/RegisterFile.v:43$49: { $flatten\regfile_inst.$eq$/openlane/designs/semi_cpu/src/RegisterFile.v:43$48_Y $flatten\regfile_inst.$logic_and$/openlane/designs/semi_cpu/src/RegisterFile.v:48$59_Y $flatten\alu_inst.$procmux$193_CMP } = 3'011
      Activation pattern for cell $flatten\regfile_inst.$memrd$\registers$/openlane/designs/semi_cpu/src/RegisterFile.v:43$49: { $flatten\display_inst.$procmux$203_CMP $flatten\regfile_inst.$eq$/openlane/designs/semi_cpu/src/RegisterFile.v:43$48_Y $flatten\alu_inst.$procmux$193_CMP } = 3'101
      Activation pattern for cell $flatten\regfile_inst.$memrd$\registers$/openlane/designs/semi_cpu/src/RegisterFile.v:43$49: { $flatten\display_inst.$procmux$202_CMP $flatten\regfile_inst.$eq$/openlane/designs/semi_cpu/src/RegisterFile.v:43$48_Y $flatten\alu_inst.$procmux$193_CMP } = 3'101
      Activation pattern for cell $flatten\regfile_inst.$memrd$\registers$/openlane/designs/semi_cpu/src/RegisterFile.v:43$49: { $flatten\display_inst.$procmux$201_CMP $flatten\regfile_inst.$eq$/openlane/designs/semi_cpu/src/RegisterFile.v:43$48_Y $flatten\alu_inst.$procmux$193_CMP } = 3'101
      Activation pattern for cell $flatten\regfile_inst.$memrd$\registers$/openlane/designs/semi_cpu/src/RegisterFile.v:43$49: { $flatten\display_inst.$procmux$200_CMP $flatten\regfile_inst.$eq$/openlane/designs/semi_cpu/src/RegisterFile.v:43$48_Y $flatten\alu_inst.$procmux$193_CMP } = 3'101
      Activation pattern for cell $flatten\regfile_inst.$memrd$\registers$/openlane/designs/semi_cpu/src/RegisterFile.v:43$49: { $flatten\alu_inst.$procmux$194_CMP $flatten\regfile_inst.$eq$/openlane/designs/semi_cpu/src/RegisterFile.v:43$48_Y $flatten\regfile_inst.$logic_and$/openlane/designs/semi_cpu/src/RegisterFile.v:48$59_Y } = 3'101
      Activation pattern for cell $flatten\regfile_inst.$memrd$\registers$/openlane/designs/semi_cpu/src/RegisterFile.v:43$49: { $flatten\display_inst.$procmux$203_CMP $flatten\alu_inst.$procmux$194_CMP $flatten\regfile_inst.$eq$/openlane/designs/semi_cpu/src/RegisterFile.v:43$48_Y } = 3'110
      Activation pattern for cell $flatten\regfile_inst.$memrd$\registers$/openlane/designs/semi_cpu/src/RegisterFile.v:43$49: { $flatten\display_inst.$procmux$202_CMP $flatten\alu_inst.$procmux$194_CMP $flatten\regfile_inst.$eq$/openlane/designs/semi_cpu/src/RegisterFile.v:43$48_Y } = 3'110
      Activation pattern for cell $flatten\regfile_inst.$memrd$\registers$/openlane/designs/semi_cpu/src/RegisterFile.v:43$49: { $flatten\display_inst.$procmux$201_CMP $flatten\alu_inst.$procmux$194_CMP $flatten\regfile_inst.$eq$/openlane/designs/semi_cpu/src/RegisterFile.v:43$48_Y } = 3'110
      Activation pattern for cell $flatten\regfile_inst.$memrd$\registers$/openlane/designs/semi_cpu/src/RegisterFile.v:43$49: { $flatten\display_inst.$procmux$200_CMP $flatten\alu_inst.$procmux$194_CMP $flatten\regfile_inst.$eq$/openlane/designs/semi_cpu/src/RegisterFile.v:43$48_Y } = 3'110
      Activation pattern for cell $flatten\regfile_inst.$memrd$\registers$/openlane/designs/semi_cpu/src/RegisterFile.v:43$49: { $flatten\alu_inst.$procmux$196_CTRL $flatten\regfile_inst.$eq$/openlane/designs/semi_cpu/src/RegisterFile.v:43$48_Y $flatten\regfile_inst.$logic_and$/openlane/designs/semi_cpu/src/RegisterFile.v:48$59_Y } = 3'101
      Activation pattern for cell $flatten\regfile_inst.$memrd$\registers$/openlane/designs/semi_cpu/src/RegisterFile.v:43$49: { $flatten\display_inst.$procmux$203_CMP $flatten\alu_inst.$procmux$196_CTRL $flatten\regfile_inst.$eq$/openlane/designs/semi_cpu/src/RegisterFile.v:43$48_Y } = 3'110
      Activation pattern for cell $flatten\regfile_inst.$memrd$\registers$/openlane/designs/semi_cpu/src/RegisterFile.v:43$49: { $flatten\display_inst.$procmux$202_CMP $flatten\alu_inst.$procmux$196_CTRL $flatten\regfile_inst.$eq$/openlane/designs/semi_cpu/src/RegisterFile.v:43$48_Y } = 3'110
      Activation pattern for cell $flatten\regfile_inst.$memrd$\registers$/openlane/designs/semi_cpu/src/RegisterFile.v:43$49: { $flatten\display_inst.$procmux$201_CMP $flatten\alu_inst.$procmux$196_CTRL $flatten\regfile_inst.$eq$/openlane/designs/semi_cpu/src/RegisterFile.v:43$48_Y } = 3'110
      Activation pattern for cell $flatten\regfile_inst.$memrd$\registers$/openlane/designs/semi_cpu/src/RegisterFile.v:43$49: { $flatten\display_inst.$procmux$200_CMP $flatten\alu_inst.$procmux$196_CTRL $flatten\regfile_inst.$eq$/openlane/designs/semi_cpu/src/RegisterFile.v:43$48_Y } = 3'110
      Size of SAT problem: 0 cells, 889 variables, 2731 clauses
      According to the SAT solver this pair of cells can not be shared.
      Model from SAT solver: { $flatten\display_inst.$procmux$200_CMP $flatten\display_inst.$procmux$201_CMP $flatten\display_inst.$procmux$202_CMP $flatten\display_inst.$procmux$203_CMP $flatten\alu_inst.$procmux$196_CTRL $flatten\alu_inst.$procmux$195_CTRL $flatten\alu_inst.$procmux$194_CMP $flatten\regfile_inst.$eq$/openlane/designs/semi_cpu/src/RegisterFile.v:43$48_Y $flatten\regfile_inst.$eq$/openlane/designs/semi_cpu/src/RegisterFile.v:44$51_Y $flatten\regfile_inst.$logic_and$/openlane/designs/semi_cpu/src/RegisterFile.v:48$59_Y $flatten\alu_inst.$procmux$193_CMP \use_immediate } = 12'010010000100
  Analyzing resource sharing options for $flatten\regfile_inst.$memrd$\registers$/openlane/designs/semi_cpu/src/RegisterFile.v:43$49 ($memrd):
    Found 20 activation_patterns using ctrl signal { $flatten\display_inst.$procmux$200_CMP $flatten\display_inst.$procmux$201_CMP $flatten\display_inst.$procmux$202_CMP $flatten\display_inst.$procmux$203_CMP $flatten\alu_inst.$procmux$196_CTRL $flatten\alu_inst.$procmux$195_CTRL $flatten\alu_inst.$procmux$194_CMP $flatten\regfile_inst.$eq$/openlane/designs/semi_cpu/src/RegisterFile.v:43$48_Y $flatten\regfile_inst.$logic_and$/openlane/designs/semi_cpu/src/RegisterFile.v:48$59_Y $flatten\alu_inst.$procmux$193_CMP }.
    No candidates found.
  Analyzing resource sharing options for $flatten\alu_inst.$shr$/openlane/designs/semi_cpu/src/ALU.v:36$14 ($shr):
    Found 5 activation_patterns using ctrl signal { $flatten\display_inst.$procmux$200_CMP $flatten\display_inst.$procmux$201_CMP $flatten\display_inst.$procmux$202_CMP $flatten\display_inst.$procmux$203_CMP $flatten\regfile_inst.$logic_and$/openlane/designs/semi_cpu/src/RegisterFile.v:48$59_Y $flatten\alu_inst.$procmux$193_CMP }.
    No candidates found.
  Analyzing resource sharing options for $flatten\alu_inst.$shl$/openlane/designs/semi_cpu/src/ALU.v:35$13 ($shl):
    Found 5 activation_patterns using ctrl signal { $flatten\display_inst.$procmux$200_CMP $flatten\display_inst.$procmux$201_CMP $flatten\display_inst.$procmux$202_CMP $flatten\display_inst.$procmux$203_CMP $flatten\alu_inst.$procmux$194_CMP $flatten\regfile_inst.$logic_and$/openlane/designs/semi_cpu/src/RegisterFile.v:48$59_Y }.
    No candidates found.

38. Executing OPT pass (performing simple optimizations).

38.1. Executing OPT_EXPR pass (perform const folding).
Optimizing module SemiCPU.

38.2. Executing OPT_MERGE pass (detect identical cells).
Finding identical cells in module `\SemiCPU'.
Removed a total of 0 cells.

38.3. Executing OPT_MUXTREE pass (detect dead branches in mux trees).
Running muxtree optimizer on module \SemiCPU..
  Creating internal representation of mux trees.
  Evaluating internal representation of mux trees.
  Analyzing evaluation results.
Removed 0 multiplexer ports.
<suppressed ~12 debug messages>

38.4. Executing OPT_REDUCE pass (consolidate $*mux and $reduce_* inputs).
  Optimizing cells in module \SemiCPU.
Performed a total of 0 changes.

38.5. Executing OPT_MERGE pass (detect identical cells).
Finding identical cells in module `\SemiCPU'.
Removed a total of 0 cells.

38.6. Executing OPT_DFF pass (perform DFF optimizations).

38.7. Executing OPT_CLEAN pass (remove unused cells and wires).
Finding unused cells or wires in module \SemiCPU..

38.8. Executing OPT_EXPR pass (perform const folding).
Optimizing module SemiCPU.

38.9. Finished OPT passes. (There is nothing left to do.)

39. Executing MEMORY pass.

39.1. Executing OPT_MEM pass (optimize memories).
Performed a total of 0 transformations.

39.2. Executing OPT_MEM_PRIORITY pass (removing unnecessary memory write priority relations).
Performed a total of 0 transformations.

39.3. Executing OPT_MEM_FEEDBACK pass (finding memory read-to-write feedback paths).
  Analyzing SemiCPU.regfile_inst.registers write port 0.

39.4. Executing MEMORY_BMUX2ROM pass (converting muxes to ROMs).

39.5. Executing MEMORY_DFF pass (merging $dff cells to $memrd).
Checking read port `$flatten\display_inst.$auto$proc_rom.cc:150:do_switch$133'[0] in module `\SemiCPU': no output FF found.
Checking read port `\regfile_inst.registers'[0] in module `\SemiCPU': no output FF found.
Checking read port `\regfile_inst.registers'[1] in module `\SemiCPU': no output FF found.
Checking read port address `$flatten\display_inst.$auto$proc_rom.cc:150:do_switch$133'[0] in module `\SemiCPU': no address FF found.
Checking read port address `\regfile_inst.registers'[0] in module `\SemiCPU': no address FF found.
Checking read port address `\regfile_inst.registers'[1] in module `\SemiCPU': no address FF found.

39.6. Executing OPT_CLEAN pass (remove unused cells and wires).
Finding unused cells or wires in module \SemiCPU..

39.7. Executing MEMORY_SHARE pass (consolidating $memrd/$memwr cells).
Consolidating read ports of memory SemiCPU.regfile_inst.registers by address:

39.8. Executing OPT_MEM_WIDEN pass (optimize memories where all ports are wide).
Performed a total of 0 transformations.

39.9. Executing OPT_CLEAN pass (remove unused cells and wires).
Finding unused cells or wires in module \SemiCPU..

39.10. Executing MEMORY_COLLECT pass (generating $mem cells).

40. Executing OPT_CLEAN pass (remove unused cells and wires).
Finding unused cells or wires in module \SemiCPU..

41. Executing OPT pass (performing simple optimizations).

41.1. Executing OPT_EXPR pass (perform const folding).
Optimizing module SemiCPU.
<suppressed ~9 debug messages>

41.2. Executing OPT_MERGE pass (detect identical cells).
Finding identical cells in module `\SemiCPU'.
Removed a total of 0 cells.

41.3. Executing OPT_DFF pass (perform DFF optimizations).

41.4. Executing OPT_CLEAN pass (remove unused cells and wires).
Finding unused cells or wires in module \SemiCPU..
Removed 4 unused cells and 8 unused wires.
<suppressed ~5 debug messages>

41.5. Finished fast OPT passes.

42. Executing MEMORY_MAP pass (converting memories to logic and flip-flops).
Mapping memory $flatten\display_inst.$auto$proc_rom.cc:150:do_switch$133 in module \SemiCPU:
  created 16 $dff cells and 0 static cells of width 7.
  read interface: 0 $dff and 15 $mux cells.
  write interface: 0 write mux blocks.
Mapping memory \regfile_inst.registers in module \SemiCPU:
  created 32 $dff cells and 0 static cells of width 32.
  read interface: 0 $dff and 62 $mux cells.
  write interface: 32 write mux blocks.

43. Executing OPT pass (performing simple optimizations).

43.1. Executing OPT_EXPR pass (perform const folding).
Optimizing module SemiCPU.
<suppressed ~10 debug messages>

43.2. Executing OPT_MERGE pass (detect identical cells).
Finding identical cells in module `\SemiCPU'.
Removed a total of 0 cells.

43.3. Executing OPT_MUXTREE pass (detect dead branches in mux trees).
Running muxtree optimizer on module \SemiCPU..
  Creating internal representation of mux trees.
  Evaluating internal representation of mux trees.
  Analyzing evaluation results.
    dead port 2/2 on $mux $flatten\decoder_inst.$procmux$169.
Removed 1 multiplexer ports.
<suppressed ~40 debug messages>

43.4. Executing OPT_REDUCE pass (consolidate $*mux and $reduce_* inputs).
  Optimizing cells in module \SemiCPU.
    Consolidated identical input bits for $mux cell $memory$flatten\display_inst.$auto$proc_rom.cc:150:do_switch$133$rdmux[0][3][6]$291:
      Old ports: A=7'1000110, B=7'0100001, Y=$memory$flatten\display_inst.$auto$proc_rom.cc:150:do_switch$133$rdmux[0][2][3]$a$271
      New ports: A=2'10, B=2'01, Y=$memory$flatten\display_inst.$auto$proc_rom.cc:150:do_switch$133$rdmux[0][2][3]$a$271 [1:0]
      New connections: $memory$flatten\display_inst.$auto$proc_rom.cc:150:do_switch$133$rdmux[0][2][3]$a$271 [6:2] = { $memory$flatten\display_inst.$auto$proc_rom.cc:150:do_switch$133$rdmux[0][2][3]$a$271 [1:0] 2'00 $memory$flatten\display_inst.$auto$proc_rom.cc:150:do_switch$133$rdmux[0][2][3]$a$271 [1] }
    Consolidated identical input bits for $mux cell $memory$flatten\display_inst.$auto$proc_rom.cc:150:do_switch$133$rdmux[0][3][5]$288:
      Old ports: A=7'0001000, B=7'0000011, Y=$memory$flatten\display_inst.$auto$proc_rom.cc:150:do_switch$133$rdmux[0][2][2]$b$269
      New ports: A=2'10, B=2'01, Y={ $memory$flatten\display_inst.$auto$proc_rom.cc:150:do_switch$133$rdmux[0][2][2]$b$269 [3] $memory$flatten\display_inst.$auto$proc_rom.cc:150:do_switch$133$rdmux[0][2][2]$b$269 [0] }
      New connections: { $memory$flatten\display_inst.$auto$proc_rom.cc:150:do_switch$133$rdmux[0][2][2]$b$269 [6:4] $memory$flatten\display_inst.$auto$proc_rom.cc:150:do_switch$133$rdmux[0][2][2]$b$269 [2:1] } = { 4'0000 $memory$flatten\display_inst.$auto$proc_rom.cc:150:do_switch$133$rdmux[0][2][2]$b$269 [0] }
    Consolidated identical input bits for $mux cell $memory$flatten\display_inst.$auto$proc_rom.cc:150:do_switch$133$rdmux[0][3][4]$285:
      Old ports: A=7'0000000, B=7'0010000, Y=$memory$flatten\display_inst.$auto$proc_rom.cc:150:do_switch$133$rdmux[0][2][2]$a$268
      New ports: A=1'0, B=1'1, Y=$memory$flatten\display_inst.$auto$proc_rom.cc:150:do_switch$133$rdmux[0][2][2]$a$268 [4]
      New connections: { $memory$flatten\display_inst.$auto$proc_rom.cc:150:do_switch$133$rdmux[0][2][2]$a$268 [6:5] $memory$flatten\display_inst.$auto$proc_rom.cc:150:do_switch$133$rdmux[0][2][2]$a$268 [3:0] } = 6'000000
    Consolidated identical input bits for $mux cell $memory$flatten\display_inst.$auto$proc_rom.cc:150:do_switch$133$rdmux[0][3][3]$282:
      Old ports: A=7'0000010, B=7'1111000, Y=$memory$flatten\display_inst.$auto$proc_rom.cc:150:do_switch$133$rdmux[0][2][1]$b$266
      New ports: A=2'01, B=2'10, Y={ $memory$flatten\display_inst.$auto$proc_rom.cc:150:do_switch$133$rdmux[0][2][1]$b$266 [3] $memory$flatten\display_inst.$auto$proc_rom.cc:150:do_switch$133$rdmux[0][2][1]$b$266 [1] }
      New connections: { $memory$flatten\display_inst.$auto$proc_rom.cc:150:do_switch$133$rdmux[0][2][1]$b$266 [6:4] $memory$flatten\display_inst.$auto$proc_rom.cc:150:do_switch$133$rdmux[0][2][1]$b$266 [2] $memory$flatten\display_inst.$auto$proc_rom.cc:150:do_switch$133$rdmux[0][2][1]$b$266 [0] } = { $memory$flatten\display_inst.$auto$proc_rom.cc:150:do_switch$133$rdmux[0][2][1]$b$266 [3] $memory$flatten\display_inst.$auto$proc_rom.cc:150:do_switch$133$rdmux[0][2][1]$b$266 [3] $memory$flatten\display_inst.$auto$proc_rom.cc:150:do_switch$133$rdmux[0][2][1]$b$266 [3] 2'00 }
    Consolidated identical input bits for $mux cell $memory$flatten\display_inst.$auto$proc_rom.cc:150:do_switch$133$rdmux[0][3][2]$279:
      Old ports: A=7'0011001, B=7'0010010, Y=$memory$flatten\display_inst.$auto$proc_rom.cc:150:do_switch$133$rdmux[0][2][1]$a$265
      New ports: A=2'01, B=2'10, Y=$memory$flatten\display_inst.$auto$proc_rom.cc:150:do_switch$133$rdmux[0][2][1]$a$265 [1:0]
      New connections: $memory$flatten\display_inst.$auto$proc_rom.cc:150:do_switch$133$rdmux[0][2][1]$a$265 [6:2] = { 3'001 $memory$flatten\display_inst.$auto$proc_rom.cc:150:do_switch$133$rdmux[0][2][1]$a$265 [0] 1'0 }
    Consolidated identical input bits for $mux cell $memory$flatten\display_inst.$auto$proc_rom.cc:150:do_switch$133$rdmux[0][3][1]$276:
      Old ports: A=7'0100100, B=7'0110000, Y=$memory$flatten\display_inst.$auto$proc_rom.cc:150:do_switch$133$rdmux[0][2][0]$b$263
      New ports: A=2'01, B=2'10, Y={ $memory$flatten\display_inst.$auto$proc_rom.cc:150:do_switch$133$rdmux[0][2][0]$b$263 [4] $memory$flatten\display_inst.$auto$proc_rom.cc:150:do_switch$133$rdmux[0][2][0]$b$263 [2] }
      New connections: { $memory$flatten\display_inst.$auto$proc_rom.cc:150:do_switch$133$rdmux[0][2][0]$b$263 [6:5] $memory$flatten\display_inst.$auto$proc_rom.cc:150:do_switch$133$rdmux[0][2][0]$b$263 [3] $memory$flatten\display_inst.$auto$proc_rom.cc:150:do_switch$133$rdmux[0][2][0]$b$263 [1:0] } = 5'01000
    Consolidated identical input bits for $mux cell $memory$flatten\display_inst.$auto$proc_rom.cc:150:do_switch$133$rdmux[0][3][0]$273:
      Old ports: A=7'1000000, B=7'1111001, Y=$memory$flatten\display_inst.$auto$proc_rom.cc:150:do_switch$133$rdmux[0][2][0]$a$262
      New ports: A=1'0, B=1'1, Y=$memory$flatten\display_inst.$auto$proc_rom.cc:150:do_switch$133$rdmux[0][2][0]$a$262 [0]
      New connections: $memory$flatten\display_inst.$auto$proc_rom.cc:150:do_switch$133$rdmux[0][2][0]$a$262 [6:1] = { 1'1 $memory$flatten\display_inst.$auto$proc_rom.cc:150:do_switch$133$rdmux[0][2][0]$a$262 [0] $memory$flatten\display_inst.$auto$proc_rom.cc:150:do_switch$133$rdmux[0][2][0]$a$262 [0] $memory$flatten\display_inst.$auto$proc_rom.cc:150:do_switch$133$rdmux[0][2][0]$a$262 [0] 2'00 }
    Consolidated identical input bits for $pmux cell $flatten\decoder_inst.$procmux$154:
      Old ports: A=0, B={ \decoder_inst.instruction [31] \decoder_inst.instruction [31] \decoder_inst.instruction [31] \decoder_inst.instruction [31] \decoder_inst.instruction [31] \decoder_inst.instruction [31] \decoder_inst.instruction [31] \decoder_inst.instruction [31] \decoder_inst.instruction [31] \decoder_inst.instruction [31] \decoder_inst.instruction [31] \decoder_inst.instruction [31] \decoder_inst.instruction [31] \decoder_inst.instruction [31] \decoder_inst.instruction [31] \decoder_inst.instruction [31] \decoder_inst.instruction [31] \decoder_inst.instruction [31] \decoder_inst.instruction [31] \decoder_inst.instruction [31] \decoder_inst.instruction [31:20] 27'000000000000000000000000000 \decoder_inst.instruction [24:20] }, Y=$flatten\decoder_inst.$2\immediate[31:0]
      New ports: A=12'000000000000, B={ \decoder_inst.instruction [31:20] 7'0000000 \decoder_inst.instruction [24:20] }, Y=$flatten\decoder_inst.$2\immediate[31:0] [11:0]
      New connections: $flatten\decoder_inst.$2\immediate[31:0] [31:12] = { $flatten\decoder_inst.$2\immediate[31:0] [11] $flatten\decoder_inst.$2\immediate[31:0] [11] $flatten\decoder_inst.$2\immediate[31:0] [11] $flatten\decoder_inst.$2\immediate[31:0] [11] $flatten\decoder_inst.$2\immediate[31:0] [11] $flatten\decoder_inst.$2\immediate[31:0] [11] $flatten\decoder_inst.$2\immediate[31:0] [11] $flatten\decoder_inst.$2\immediate[31:0] [11] $flatten\decoder_inst.$2\immediate[31:0] [11] $flatten\decoder_inst.$2\immediate[31:0] [11] $flatten\decoder_inst.$2\immediate[31:0] [11] $flatten\decoder_inst.$2\immediate[31:0] [11] $flatten\decoder_inst.$2\immediate[31:0] [11] $flatten\decoder_inst.$2\immediate[31:0] [11] $flatten\decoder_inst.$2\immediate[31:0] [11] $flatten\decoder_inst.$2\immediate[31:0] [11] $flatten\decoder_inst.$2\immediate[31:0] [11] $flatten\decoder_inst.$2\immediate[31:0] [11] $flatten\decoder_inst.$2\immediate[31:0] [11] $flatten\decoder_inst.$2\immediate[31:0] [11] }
    Consolidated identical input bits for $pmux cell $flatten\decoder_inst.$procmux$162:
      Old ports: A=3'000, B=6'110100, Y=$flatten\decoder_inst.$2\aluop[2:0]
      New ports: A=2'00, B=4'1110, Y=$flatten\decoder_inst.$2\aluop[2:0] [2:1]
      New connections: $flatten\decoder_inst.$2\aluop[2:0] [0] = 1'0
    Consolidated identical input bits for $mux cell $memory$flatten\display_inst.$auto$proc_rom.cc:150:do_switch$133$rdmux[0][3][7]$294:
      Old ports: A=7'0000110, B=7'0001110, Y=$memory$flatten\display_inst.$auto$proc_rom.cc:150:do_switch$133$rdmux[0][2][3]$b$272
      New ports: A=1'0, B=1'1, Y=$memory$flatten\display_inst.$auto$proc_rom.cc:150:do_switch$133$rdmux[0][2][3]$b$272 [3]
      New connections: { $memory$flatten\display_inst.$auto$proc_rom.cc:150:do_switch$133$rdmux[0][2][3]$b$272 [6:4] $memory$flatten\display_inst.$auto$proc_rom.cc:150:do_switch$133$rdmux[0][2][3]$b$272 [2:0] } = 6'000110
    Consolidated identical input bits for $pmux cell $flatten\imem_inst.$procmux$137:
      Old ports: A=0, B=192'000000001010000000000101000100110000000011110000000001111001001100000000111101010000110010110011111111111011110010001010000100110000000000100000000000101001001100000000001011001001111100010011, Y=\instruction
      New ports: A=13'0000000000000, B=78'010000010100101110001111010111001100111110110101000100000000101010000111111001, Y={ \instruction [24:22] \instruction [20] \instruction [15] \instruction [12:7] \instruction [5] \instruction [0] }
      New connections: { \instruction [31:25] \instruction [21] \instruction [19:16] \instruction [14:13] \instruction [6] \instruction [4:1] } = { \instruction [24] \instruction [24] \instruction [24] \instruction [24] \instruction [24] \instruction [24] \instruction [24] \instruction [0] \instruction [15] \instruction [11] 1'0 \instruction [5] 3'000 \instruction [0] 2'00 \instruction [0] }
  Optimizing cells in module \SemiCPU.
    Consolidated identical input bits for $mux cell $memory$flatten\display_inst.$auto$proc_rom.cc:150:do_switch$133$rdmux[0][2][3]$270:
      Old ports: A=$memory$flatten\display_inst.$auto$proc_rom.cc:150:do_switch$133$rdmux[0][2][3]$a$271, B=$memory$flatten\display_inst.$auto$proc_rom.cc:150:do_switch$133$rdmux[0][2][3]$b$272, Y=$memory$flatten\display_inst.$auto$proc_rom.cc:150:do_switch$133$rdmux[0][1][1]$b$260
      New ports: A={ $memory$flatten\display_inst.$auto$proc_rom.cc:150:do_switch$133$rdmux[0][2][3]$a$271 [1] 1'0 $memory$flatten\display_inst.$auto$proc_rom.cc:150:do_switch$133$rdmux[0][2][3]$a$271 [1:0] }, B={ 1'0 $memory$flatten\display_inst.$auto$proc_rom.cc:150:do_switch$133$rdmux[0][2][3]$b$272 [3] 2'10 }, Y={ $memory$flatten\display_inst.$auto$proc_rom.cc:150:do_switch$133$rdmux[0][1][1]$b$260 [6] $memory$flatten\display_inst.$auto$proc_rom.cc:150:do_switch$133$rdmux[0][1][1]$b$260 [3] $memory$flatten\display_inst.$auto$proc_rom.cc:150:do_switch$133$rdmux[0][1][1]$b$260 [1:0] }
      New connections: { $memory$flatten\display_inst.$auto$proc_rom.cc:150:do_switch$133$rdmux[0][1][1]$b$260 [5:4] $memory$flatten\display_inst.$auto$proc_rom.cc:150:do_switch$133$rdmux[0][1][1]$b$260 [2] } = { $memory$flatten\display_inst.$auto$proc_rom.cc:150:do_switch$133$rdmux[0][1][1]$b$260 [0] 1'0 $memory$flatten\display_inst.$auto$proc_rom.cc:150:do_switch$133$rdmux[0][1][1]$b$260 [1] }
    Consolidated identical input bits for $mux cell $memory$flatten\display_inst.$auto$proc_rom.cc:150:do_switch$133$rdmux[0][2][2]$267:
      Old ports: A=$memory$flatten\display_inst.$auto$proc_rom.cc:150:do_switch$133$rdmux[0][2][2]$a$268, B=$memory$flatten\display_inst.$auto$proc_rom.cc:150:do_switch$133$rdmux[0][2][2]$b$269, Y=$memory$flatten\display_inst.$auto$proc_rom.cc:150:do_switch$133$rdmux[0][1][1]$a$259
      New ports: A={ $memory$flatten\display_inst.$auto$proc_rom.cc:150:do_switch$133$rdmux[0][2][2]$a$268 [4] 2'00 }, B={ 1'0 $memory$flatten\display_inst.$auto$proc_rom.cc:150:do_switch$133$rdmux[0][2][2]$b$269 [3] $memory$flatten\display_inst.$auto$proc_rom.cc:150:do_switch$133$rdmux[0][2][2]$b$269 [0] }, Y={ $memory$flatten\display_inst.$auto$proc_rom.cc:150:do_switch$133$rdmux[0][1][1]$a$259 [4:3] $memory$flatten\display_inst.$auto$proc_rom.cc:150:do_switch$133$rdmux[0][1][1]$a$259 [0] }
      New connections: { $memory$flatten\display_inst.$auto$proc_rom.cc:150:do_switch$133$rdmux[0][1][1]$a$259 [6:5] $memory$flatten\display_inst.$auto$proc_rom.cc:150:do_switch$133$rdmux[0][1][1]$a$259 [2:1] } = { 3'000 $memory$flatten\display_inst.$auto$proc_rom.cc:150:do_switch$133$rdmux[0][1][1]$a$259 [0] }
    Consolidated identical input bits for $mux cell $memory$flatten\display_inst.$auto$proc_rom.cc:150:do_switch$133$rdmux[0][2][1]$264:
      Old ports: A=$memory$flatten\display_inst.$auto$proc_rom.cc:150:do_switch$133$rdmux[0][2][1]$a$265, B=$memory$flatten\display_inst.$auto$proc_rom.cc:150:do_switch$133$rdmux[0][2][1]$b$266, Y=$memory$flatten\display_inst.$auto$proc_rom.cc:150:do_switch$133$rdmux[0][1][0]$b$257
      New ports: A={ 2'01 $memory$flatten\display_inst.$auto$proc_rom.cc:150:do_switch$133$rdmux[0][2][1]$a$265 [0] $memory$flatten\display_inst.$auto$proc_rom.cc:150:do_switch$133$rdmux[0][2][1]$a$265 [1:0] }, B={ $memory$flatten\display_inst.$auto$proc_rom.cc:150:do_switch$133$rdmux[0][2][1]$b$266 [3] $memory$flatten\display_inst.$auto$proc_rom.cc:150:do_switch$133$rdmux[0][2][1]$b$266 [3] $memory$flatten\display_inst.$auto$proc_rom.cc:150:do_switch$133$rdmux[0][2][1]$b$266 [3] $memory$flatten\display_inst.$auto$proc_rom.cc:150:do_switch$133$rdmux[0][2][1]$b$266 [1] 1'0 }, Y={ $memory$flatten\display_inst.$auto$proc_rom.cc:150:do_switch$133$rdmux[0][1][0]$b$257 [5:3] $memory$flatten\display_inst.$auto$proc_rom.cc:150:do_switch$133$rdmux[0][1][0]$b$257 [1:0] }
      New connections: { $memory$flatten\display_inst.$auto$proc_rom.cc:150:do_switch$133$rdmux[0][1][0]$b$257 [6] $memory$flatten\display_inst.$auto$proc_rom.cc:150:do_switch$133$rdmux[0][1][0]$b$257 [2] } = { $memory$flatten\display_inst.$auto$proc_rom.cc:150:do_switch$133$rdmux[0][1][0]$b$257 [5] 1'0 }
    Consolidated identical input bits for $mux cell $memory$flatten\display_inst.$auto$proc_rom.cc:150:do_switch$133$rdmux[0][2][0]$261:
      Old ports: A=$memory$flatten\display_inst.$auto$proc_rom.cc:150:do_switch$133$rdmux[0][2][0]$a$262, B=$memory$flatten\display_inst.$auto$proc_rom.cc:150:do_switch$133$rdmux[0][2][0]$b$263, Y=$memory$flatten\display_inst.$auto$proc_rom.cc:150:do_switch$133$rdmux[0][1][0]$a$256
      New ports: A={ 1'1 $memory$flatten\display_inst.$auto$proc_rom.cc:150:do_switch$133$rdmux[0][2][0]$a$262 [0] $memory$flatten\display_inst.$auto$proc_rom.cc:150:do_switch$133$rdmux[0][2][0]$a$262 [0] 1'0 $memory$flatten\display_inst.$auto$proc_rom.cc:150:do_switch$133$rdmux[0][2][0]$a$262 [0] }, B={ 2'01 $memory$flatten\display_inst.$auto$proc_rom.cc:150:do_switch$133$rdmux[0][2][0]$b$263 [4] $memory$flatten\display_inst.$auto$proc_rom.cc:150:do_switch$133$rdmux[0][2][0]$b$263 [2] 1'0 }, Y={ $memory$flatten\display_inst.$auto$proc_rom.cc:150:do_switch$133$rdmux[0][1][0]$a$256 [6:4] $memory$flatten\display_inst.$auto$proc_rom.cc:150:do_switch$133$rdmux[0][1][0]$a$256 [2] $memory$flatten\display_inst.$auto$proc_rom.cc:150:do_switch$133$rdmux[0][1][0]$a$256 [0] }
      New connections: { $memory$flatten\display_inst.$auto$proc_rom.cc:150:do_switch$133$rdmux[0][1][0]$a$256 [3] $memory$flatten\display_inst.$auto$proc_rom.cc:150:do_switch$133$rdmux[0][1][0]$a$256 [1] } = { $memory$flatten\display_inst.$auto$proc_rom.cc:150:do_switch$133$rdmux[0][1][0]$a$256 [0] 1'0 }
    Consolidated identical input bits for $mux cell $ternary$/openlane/designs/semi_cpu/src/SemiCPU.v:55$2:
      Old ports: A=0, B=\instruction, Y=\decoder_inst.instruction
      New ports: A=13'0000000000000, B={ \instruction [24:22] \instruction [20] \instruction [15] \instruction [12:7] \instruction [5] \instruction [0] }, Y={ \decoder_inst.instruction [24:22] \decoder_inst.instruction [20] \decoder_inst.instruction [15] \decoder_inst.instruction [12:7] \decoder_inst.instruction [5] \decoder_inst.instruction [0] }
      New connections: { \decoder_inst.instruction [31:25] \decoder_inst.instruction [21] \decoder_inst.instruction [19:16] \decoder_inst.instruction [14:13] \decoder_inst.instruction [6] \decoder_inst.instruction [4:1] } = { \decoder_inst.instruction [24] \decoder_inst.instruction [24] \decoder_inst.instruction [24] \decoder_inst.instruction [24] \decoder_inst.instruction [24] \decoder_inst.instruction [24] \decoder_inst.instruction [24] \decoder_inst.instruction [0] \decoder_inst.instruction [15] \decoder_inst.instruction [11] 1'0 \decoder_inst.instruction [5] 3'000 \decoder_inst.instruction [0] 2'00 \decoder_inst.instruction [0] }
  Optimizing cells in module \SemiCPU.
    Consolidated identical input bits for $pmux cell $flatten\decoder_inst.$procmux$154:
      Old ports: A=12'000000000000, B={ \decoder_inst.instruction [31:20] 7'0000000 \decoder_inst.instruction [24:20] }, Y=$flatten\decoder_inst.$2\immediate[31:0] [11:0]
      New ports: A=6'000000, B={ \decoder_inst.instruction [24] \decoder_inst.instruction [24:22] \decoder_inst.instruction [0] \decoder_inst.instruction [20] 1'0 \decoder_inst.instruction [24:22] \decoder_inst.instruction [0] \decoder_inst.instruction [20] }, Y=$flatten\decoder_inst.$2\immediate[31:0] [5:0]
      New connections: $flatten\decoder_inst.$2\immediate[31:0] [11:6] = { $flatten\decoder_inst.$2\immediate[31:0] [5] $flatten\decoder_inst.$2\immediate[31:0] [5] $flatten\decoder_inst.$2\immediate[31:0] [5] $flatten\decoder_inst.$2\immediate[31:0] [5] $flatten\decoder_inst.$2\immediate[31:0] [5] $flatten\decoder_inst.$2\immediate[31:0] [5] }
  Optimizing cells in module \SemiCPU.
Performed a total of 17 changes.

43.5. Executing OPT_MERGE pass (detect identical cells).
Finding identical cells in module `\SemiCPU'.
<suppressed ~15 debug messages>
Removed a total of 5 cells.

43.6. Executing OPT_SHARE pass.
    Found cells that share an operand and can be merged by moving the $pmux $flatten\alu_inst.$procmux$192 in front of them:
        $auto$alumacc.cc:485:replace_alu$234
        $auto$alumacc.cc:485:replace_alu$231

43.7. Executing OPT_DFF pass (perform DFF optimizations).
Adding EN signal on $auto$ff.cc:266:slice$224 ($adffe) from module SemiCPU (D = \pc_inst.pc [1:0], Q = \pc_inst.pc [1:0]).
Handling D = Q on $auto$ff.cc:266:slice$798 ($adffe) from module SemiCPU (removing D path).
Setting constant 0-bit at position 0 on $auto$ff.cc:266:slice$798 ($dlatch) from module SemiCPU.
Setting constant 0-bit at position 1 on $auto$ff.cc:266:slice$798 ($dlatch) from module SemiCPU.

43.8. Executing OPT_CLEAN pass (remove unused cells and wires).
Finding unused cells or wires in module \SemiCPU..
Removed 2 unused cells and 131 unused wires.
<suppressed ~3 debug messages>

43.9. Executing OPT_EXPR pass (perform const folding).
Optimizing module SemiCPU.
<suppressed ~14 debug messages>

43.10. Rerunning OPT passes. (Maybe there is more to do..)

43.11. Executing OPT_MUXTREE pass (detect dead branches in mux trees).
Running muxtree optimizer on module \SemiCPU..
  Creating internal representation of mux trees.
  Evaluating internal representation of mux trees.
  Analyzing evaluation results.
    dead port 1/3 on $pmux $flatten\decoder_inst.$procmux$146.
    dead port 1/2 on $mux $memory\regfile_inst.registers$rdmux[1][3][1]$478.
    dead port 2/2 on $mux $memory\regfile_inst.registers$rdmux[1][3][1]$478.
    dead port 1/2 on $mux $memory\regfile_inst.registers$rdmux[1][3][3]$484.
    dead port 2/2 on $mux $memory\regfile_inst.registers$rdmux[1][3][3]$484.
    dead port 1/2 on $mux $memory\regfile_inst.registers$rdmux[1][3][5]$490.
    dead port 2/2 on $mux $memory\regfile_inst.registers$rdmux[1][3][5]$490.
    dead port 1/2 on $mux $memory\regfile_inst.registers$rdmux[1][3][7]$496.
    dead port 2/2 on $mux $memory\regfile_inst.registers$rdmux[1][3][7]$496.
    dead port 1/2 on $mux $memory\regfile_inst.registers$rdmux[1][4][0]$499.
    dead port 1/2 on $mux $memory\regfile_inst.registers$rdmux[1][4][10]$529.
    dead port 2/2 on $mux $memory\regfile_inst.registers$rdmux[1][4][10]$529.
    dead port 1/2 on $mux $memory\regfile_inst.registers$rdmux[1][4][11]$532.
    dead port 2/2 on $mux $memory\regfile_inst.registers$rdmux[1][4][11]$532.
    dead port 2/2 on $mux $memory\regfile_inst.registers$rdmux[1][4][12]$535.
    dead port 2/2 on $mux $memory\regfile_inst.registers$rdmux[1][4][13]$538.
    dead port 1/2 on $mux $memory\regfile_inst.registers$rdmux[1][4][14]$541.
    dead port 2/2 on $mux $memory\regfile_inst.registers$rdmux[1][4][14]$541.
    dead port 1/2 on $mux $memory\regfile_inst.registers$rdmux[1][4][15]$544.
    dead port 2/2 on $mux $memory\regfile_inst.registers$rdmux[1][4][15]$544.
    dead port 1/2 on $mux $memory\regfile_inst.registers$rdmux[1][4][1]$502.
    dead port 1/2 on $mux $memory\regfile_inst.registers$rdmux[1][4][2]$505.
    dead port 2/2 on $mux $memory\regfile_inst.registers$rdmux[1][4][2]$505.
    dead port 1/2 on $mux $memory\regfile_inst.registers$rdmux[1][4][3]$508.
    dead port 2/2 on $mux $memory\regfile_inst.registers$rdmux[1][4][3]$508.
    dead port 1/2 on $mux $memory\regfile_inst.registers$rdmux[1][4][4]$511.
    dead port 1/2 on $mux $memory\regfile_inst.registers$rdmux[1][4][5]$514.
    dead port 1/2 on $mux $memory\regfile_inst.registers$rdmux[1][4][6]$517.
    dead port 2/2 on $mux $memory\regfile_inst.registers$rdmux[1][4][6]$517.
    dead port 1/2 on $mux $memory\regfile_inst.registers$rdmux[1][4][7]$520.
    dead port 2/2 on $mux $memory\regfile_inst.registers$rdmux[1][4][7]$520.
    dead port 2/2 on $mux $memory\regfile_inst.registers$rdmux[1][4][8]$523.
    dead port 2/2 on $mux $memory\regfile_inst.registers$rdmux[1][4][9]$526.
Removed 33 multiplexer ports.
<suppressed ~43 debug messages>

43.12. Executing OPT_REDUCE pass (consolidate $*mux and $reduce_* inputs).
  Optimizing cells in module \SemiCPU.
    New ctrl vector for $pmux cell $flatten\alu_inst.$procmux$192: { $auto$opt_reduce.cc:134:opt_pmux$805 $flatten\alu_inst.$procmux$194_CMP $flatten\alu_inst.$procmux$193_CMP }
    Consolidated identical input bits for $mux cell $flatten\decoder_inst.$procmux$146:
      Old ports: A=2'00, B=2'10, Y=$auto$wreduce.cc:461:run$227 [1:0]
      New ports: A=1'0, B=1'1, Y=$auto$wreduce.cc:461:run$227 [1]
      New connections: $auto$wreduce.cc:461:run$227 [0] = 1'0
    New input vector for $reduce_or cell $auto$opt_reduce.cc:128:opt_pmux$804: { $flatten\alu_inst.$procmux$196_CMP $flatten\alu_inst.$procmux$195_CMP }
  Optimizing cells in module \SemiCPU.
    Consolidated identical input bits for $pmux cell $flatten\decoder_inst.$procmux$172:
      Old ports: A=3'000, B={ $flatten\decoder_inst.$2\aluop[2:0] [2:1] 2'00 $auto$wreduce.cc:461:run$227 [1:0] }, Y=\alu_inst.ALUOp
      New ports: A=2'00, B={ $flatten\decoder_inst.$2\aluop[2:0] [2:1] 1'0 $auto$wreduce.cc:461:run$227 [1] }, Y=\alu_inst.ALUOp [2:1]
      New connections: \alu_inst.ALUOp [0] = 1'0
  Optimizing cells in module \SemiCPU.
Performed a total of 4 changes.

43.13. Executing OPT_MERGE pass (detect identical cells).
Finding identical cells in module `\SemiCPU'.
Removed a total of 0 cells.

43.14. Executing OPT_SHARE pass.

43.15. Executing OPT_DFF pass (perform DFF optimizations).
Adding EN signal on $memory\regfile_inst.registers[9]$315 ($dff) from module SemiCPU (D = { \regfile_inst.WD3 [31:16] \display_inst.data [15:0] }, Q = \regfile_inst.registers[9]).
Adding EN signal on $memory\regfile_inst.registers[8]$313 ($dff) from module SemiCPU (D = { \regfile_inst.WD3 [31:16] \display_inst.data [15:0] }, Q = \regfile_inst.registers[8]).
Adding EN signal on $memory\regfile_inst.registers[7]$311 ($dff) from module SemiCPU (D = { \regfile_inst.WD3 [31:16] \display_inst.data [15:0] }, Q = \regfile_inst.registers[7]).
Adding EN signal on $memory\regfile_inst.registers[6]$309 ($dff) from module SemiCPU (D = { \regfile_inst.WD3 [31:16] \display_inst.data [15:0] }, Q = \regfile_inst.registers[6]).
Adding EN signal on $memory\regfile_inst.registers[5]$307 ($dff) from module SemiCPU (D = { \regfile_inst.WD3 [31:16] \display_inst.data [15:0] }, Q = \regfile_inst.registers[5]).
Adding EN signal on $memory\regfile_inst.registers[4]$305 ($dff) from module SemiCPU (D = { \regfile_inst.WD3 [31:16] \display_inst.data [15:0] }, Q = \regfile_inst.registers[4]).
Adding EN signal on $memory\regfile_inst.registers[3]$303 ($dff) from module SemiCPU (D = { \regfile_inst.WD3 [31:16] \display_inst.data [15:0] }, Q = \regfile_inst.registers[3]).
Adding EN signal on $memory\regfile_inst.registers[31]$359 ($dff) from module SemiCPU (D = { \regfile_inst.WD3 [31:16] \display_inst.data [15:0] }, Q = \regfile_inst.registers[31]).
Adding EN signal on $memory\regfile_inst.registers[30]$357 ($dff) from module SemiCPU (D = { \regfile_inst.WD3 [31:16] \display_inst.data [15:0] }, Q = \regfile_inst.registers[30]).
Adding EN signal on $memory\regfile_inst.registers[2]$301 ($dff) from module SemiCPU (D = { \regfile_inst.WD3 [31:16] \display_inst.data [15:0] }, Q = \regfile_inst.registers[2]).
Adding EN signal on $memory\regfile_inst.registers[29]$355 ($dff) from module SemiCPU (D = { \regfile_inst.WD3 [31:16] \display_inst.data [15:0] }, Q = \regfile_inst.registers[29]).
Adding EN signal on $memory\regfile_inst.registers[28]$353 ($dff) from module SemiCPU (D = { \regfile_inst.WD3 [31:16] \display_inst.data [15:0] }, Q = \regfile_inst.registers[28]).
Adding EN signal on $memory\regfile_inst.registers[27]$351 ($dff) from module SemiCPU (D = { \regfile_inst.WD3 [31:16] \display_inst.data [15:0] }, Q = \regfile_inst.registers[27]).
Adding EN signal on $memory\regfile_inst.registers[26]$349 ($dff) from module SemiCPU (D = { \regfile_inst.WD3 [31:16] \display_inst.data [15:0] }, Q = \regfile_inst.registers[26]).
Adding EN signal on $memory\regfile_inst.registers[25]$347 ($dff) from module SemiCPU (D = { \regfile_inst.WD3 [31:16] \display_inst.data [15:0] }, Q = \regfile_inst.registers[25]).
Adding EN signal on $memory\regfile_inst.registers[24]$345 ($dff) from module SemiCPU (D = { \regfile_inst.WD3 [31:16] \display_inst.data [15:0] }, Q = \regfile_inst.registers[24]).
Adding EN signal on $memory\regfile_inst.registers[23]$343 ($dff) from module SemiCPU (D = { \regfile_inst.WD3 [31:16] \display_inst.data [15:0] }, Q = \regfile_inst.registers[23]).
Adding EN signal on $memory\regfile_inst.registers[22]$341 ($dff) from module SemiCPU (D = { \regfile_inst.WD3 [31:16] \display_inst.data [15:0] }, Q = \regfile_inst.registers[22]).
Adding EN signal on $memory\regfile_inst.registers[21]$339 ($dff) from module SemiCPU (D = { \regfile_inst.WD3 [31:16] \display_inst.data [15:0] }, Q = \regfile_inst.registers[21]).
Adding EN signal on $memory\regfile_inst.registers[20]$337 ($dff) from module SemiCPU (D = { \regfile_inst.WD3 [31:16] \display_inst.data [15:0] }, Q = \regfile_inst.registers[20]).
Adding EN signal on $memory\regfile_inst.registers[1]$299 ($dff) from module SemiCPU (D = { \regfile_inst.WD3 [31:16] \display_inst.data [15:0] }, Q = \regfile_inst.registers[1]).
Adding EN signal on $memory\regfile_inst.registers[19]$335 ($dff) from module SemiCPU (D = { \regfile_inst.WD3 [31:16] \display_inst.data [15:0] }, Q = \regfile_inst.registers[19]).
Adding EN signal on $memory\regfile_inst.registers[18]$333 ($dff) from module SemiCPU (D = { \regfile_inst.WD3 [31:16] \display_inst.data [15:0] }, Q = \regfile_inst.registers[18]).
Adding EN signal on $memory\regfile_inst.registers[17]$331 ($dff) from module SemiCPU (D = { \regfile_inst.WD3 [31:16] \display_inst.data [15:0] }, Q = \regfile_inst.registers[17]).
Adding EN signal on $memory\regfile_inst.registers[16]$329 ($dff) from module SemiCPU (D = { \regfile_inst.WD3 [31:16] \display_inst.data [15:0] }, Q = \regfile_inst.registers[16]).
Adding EN signal on $memory\regfile_inst.registers[15]$327 ($dff) from module SemiCPU (D = { \regfile_inst.WD3 [31:16] \display_inst.data [15:0] }, Q = \regfile_inst.registers[15]).
Adding EN signal on $memory\regfile_inst.registers[14]$325 ($dff) from module SemiCPU (D = { \regfile_inst.WD3 [31:16] \display_inst.data [15:0] }, Q = \regfile_inst.registers[14]).
Adding EN signal on $memory\regfile_inst.registers[13]$323 ($dff) from module SemiCPU (D = { \regfile_inst.WD3 [31:16] \display_inst.data [15:0] }, Q = \regfile_inst.registers[13]).
Adding EN signal on $memory\regfile_inst.registers[12]$321 ($dff) from module SemiCPU (D = { \regfile_inst.WD3 [31:16] \display_inst.data [15:0] }, Q = \regfile_inst.registers[12]).
Adding EN signal on $memory\regfile_inst.registers[11]$319 ($dff) from module SemiCPU (D = { \regfile_inst.WD3 [31:16] \display_inst.data [15:0] }, Q = \regfile_inst.registers[11]).
Adding EN signal on $memory\regfile_inst.registers[10]$317 ($dff) from module SemiCPU (D = { \regfile_inst.WD3 [31:16] \display_inst.data [15:0] }, Q = \regfile_inst.registers[10]).
Adding EN signal on $memory\regfile_inst.registers[0]$297 ($dff) from module SemiCPU (D = { \regfile_inst.WD3 [31:16] \display_inst.data [15:0] }, Q = \regfile_inst.registers[0]).

43.16. Executing OPT_CLEAN pass (remove unused cells and wires).
Finding unused cells or wires in module \SemiCPU..
Removed 33 unused cells and 60 unused wires.
<suppressed ~34 debug messages>

43.17. Executing OPT_EXPR pass (perform const folding).
Optimizing module SemiCPU.
<suppressed ~8 debug messages>

43.18. Rerunning OPT passes. (Maybe there is more to do..)

43.19. Executing OPT_MUXTREE pass (detect dead branches in mux trees).
Running muxtree optimizer on module \SemiCPU..
  Creating internal representation of mux trees.
  Evaluating internal representation of mux trees.
  Analyzing evaluation results.
    dead port 1/4 on $pmux $flatten\alu_inst.$procmux$192.
Removed 1 multiplexer ports.
<suppressed ~10 debug messages>

43.20. Executing OPT_REDUCE pass (consolidate $*mux and $reduce_* inputs).
  Optimizing cells in module \SemiCPU.
Performed a total of 0 changes.

43.21. Executing OPT_MERGE pass (detect identical cells).
Finding identical cells in module `\SemiCPU'.
Removed a total of 0 cells.

43.22. Executing OPT_SHARE pass.

43.23. Executing OPT_DFF pass (perform DFF optimizations).

43.24. Executing OPT_CLEAN pass (remove unused cells and wires).
Finding unused cells or wires in module \SemiCPU..
Removed 1 unused cells and 6 unused wires.
<suppressed ~2 debug messages>

43.25. Executing OPT_EXPR pass (perform const folding).
Optimizing module SemiCPU.

43.26. Rerunning OPT passes. (Maybe there is more to do..)

43.27. Executing OPT_MUXTREE pass (detect dead branches in mux trees).
Running muxtree optimizer on module \SemiCPU..
  Creating internal representation of mux trees.
  Evaluating internal representation of mux trees.
  Analyzing evaluation results.
Removed 0 multiplexer ports.
<suppressed ~10 debug messages>

43.28. Executing OPT_REDUCE pass (consolidate $*mux and $reduce_* inputs).
  Optimizing cells in module \SemiCPU.
Performed a total of 0 changes.

43.29. Executing OPT_MERGE pass (detect identical cells).
Finding identical cells in module `\SemiCPU'.
Removed a total of 0 cells.

43.30. Executing OPT_SHARE pass.

43.31. Executing OPT_DFF pass (perform DFF optimizations).

43.32. Executing OPT_CLEAN pass (remove unused cells and wires).
Finding unused cells or wires in module \SemiCPU..

43.33. Executing OPT_EXPR pass (perform const folding).
Optimizing module SemiCPU.

43.34. Finished OPT passes. (There is nothing left to do.)

44. Executing TECHMAP pass (map to technology primitives).

44.1. Executing Verilog-2005 frontend: /nix/store/sx2v0i73mn1ih2z1nk61pm9n5gjgpidy-yosys/bin/../share/yosys/techmap.v
Parsing Verilog input from `/nix/store/sx2v0i73mn1ih2z1nk61pm9n5gjgpidy-yosys/bin/../share/yosys/techmap.v' to AST representation.
Generating RTLIL representation for module `\_90_simplemap_bool_ops'.
Generating RTLIL representation for module `\_90_simplemap_reduce_ops'.
Generating RTLIL representation for module `\_90_simplemap_logic_ops'.
Generating RTLIL representation for module `\_90_simplemap_compare_ops'.
Generating RTLIL representation for module `\_90_simplemap_various'.
Generating RTLIL representation for module `\_90_simplemap_registers'.
Generating RTLIL representation for module `\_90_shift_ops_shr_shl_sshl_sshr'.
Generating RTLIL representation for module `\_90_shift_shiftx'.
Generating RTLIL representation for module `\_90_fa'.
Generating RTLIL representation for module `\_90_lcu'.
Generating RTLIL representation for module `\_90_alu'.
Generating RTLIL representation for module `\_90_macc'.
Generating RTLIL representation for module `\_90_alumacc'.
Generating RTLIL representation for module `\$__div_mod_u'.
Generating RTLIL representation for module `\$__div_mod_trunc'.
Generating RTLIL representation for module `\_90_div'.
Generating RTLIL representation for module `\_90_mod'.
Generating RTLIL representation for module `\$__div_mod_floor'.
Generating RTLIL representation for module `\_90_divfloor'.
Generating RTLIL representation for module `\_90_modfloor'.
Generating RTLIL representation for module `\_90_pow'.
Generating RTLIL representation for module `\_90_pmux'.
Generating RTLIL representation for module `\_90_demux'.
Generating RTLIL representation for module `\_90_lut'.
Successfully finished Verilog frontend.

44.2. Continuing TECHMAP pass.
Using extmapper simplemap for cells of type $mux.
Using extmapper simplemap for cells of type $and.
Using extmapper simplemap for cells of type $dffe.
Using extmapper simplemap for cells of type $not.
Using extmapper simplemap for cells of type $reduce_or.
Using extmapper simplemap for cells of type $sdff.
Using extmapper simplemap for cells of type $logic_not.
Using extmapper simplemap for cells of type $eq.
Using template $paramod$58130708b3202f947c6fe366a4b18c6b8281626a\_90_pmux for cells of type $pmux.
Using extmapper simplemap for cells of type $adffe.
Using template $paramod$521ce43182eecb9f60c72393a788160d2c356bf5\_90_pmux for cells of type $pmux.
Using template $paramod$ed0bb9616228df1e6c226f91f8133e751815f1b1\_90_pmux for cells of type $pmux.
Running "alumacc" on wrapper $extern:wrap:$neg:A_SIGNED=0:A_WIDTH=32:Y_WIDTH=32:394426c56d1a028ba8fdd5469b163e04011def47.
Using template $extern:wrap:$neg:A_SIGNED=0:A_WIDTH=32:Y_WIDTH=32:394426c56d1a028ba8fdd5469b163e04011def47 for cells of type $extern:wrap:$neg:A_SIGNED=0:A_WIDTH=32:Y_WIDTH=32:394426c56d1a028ba8fdd5469b163e04011def47.
Using extmapper simplemap for cells of type $logic_and.
Using extmapper simplemap for cells of type $reduce_bool.
Using template $paramod$constmap:4621fcf06a436d1e2a4080e2ed9866a7d07a6e07$paramod$335cfd09f1afa8139c4aafcbbe5f361887b79c5e\_90_shift_ops_shr_shl_sshl_sshr for cells of type $shl.
Using template $paramod$fbc7873bff55778c0b3173955b7e4bce1d9d6834\_90_alu for cells of type $alu.
Using template $paramod$8fabc56b80a569262acfc42757a02ca0b8e91278\_90_pmux for cells of type $pmux.
Using template $paramod$ce0ec84be7047712840b0952f343ee9e63ef75d1\_90_alu for cells of type $alu.
Using template $paramod$c2e415ef15bc3ccd2723772353a6b450d3d76206\_90_pmux for cells of type $pmux.
Using template $paramod$44a13d10af618e7fbe7b9aad2f6151ffcee1e2fa\_90_alu for cells of type $alu.
Using template $paramod$175e67c02b86e96b1288b9dc100122520d7240d8\_90_alu for cells of type $alu.
Using template $paramod$c6baa65225090ac0a120feab1b920965244aa496\_90_alu for cells of type $alu.
Using extmapper simplemap for cells of type $xor.
Using template $paramod\_90_lcu\WIDTH=32'00000000000000000000000000100000 for cells of type $lcu.
Using extmapper simplemap for cells of type $pos.
Using template $paramod\_90_lcu\WIDTH=32'00000000000000000000000000010100 for cells of type $lcu.
Using template $paramod\_90_lcu\WIDTH=32'00000000000000000000000000011110 for cells of type $lcu.
Using template $paramod\_90_lcu\WIDTH=32'00000000000000000000000000000010 for cells of type $lcu.
Using extmapper simplemap for cells of type $or.
No more expansions possible.
<suppressed ~1883 debug messages>

45. Executing OPT pass (performing simple optimizations).

45.1. Executing OPT_EXPR pass (perform const folding).
Optimizing module SemiCPU.
<suppressed ~974 debug messages>

45.2. Executing OPT_MERGE pass (detect identical cells).
Finding identical cells in module `\SemiCPU'.
<suppressed ~513 debug messages>
Removed a total of 171 cells.

45.3. Executing OPT_DFF pass (perform DFF optimizations).

45.4. Executing OPT_CLEAN pass (remove unused cells and wires).
Finding unused cells or wires in module \SemiCPU..
Removed 1581 unused cells and 786 unused wires.
<suppressed ~1582 debug messages>

45.5. Finished fast OPT passes.

46. Executing ABC pass (technology mapping using ABC).

46.1. Extracting gate netlist of module `\SemiCPU' to `<abc-temp-dir>/input.blif'..
Extracted 1438 gates and 2005 wires to a netlist network with 565 inputs and 112 outputs.

46.1.1. Executing ABC.
Running ABC command: "/nix/store/wq2q0njg3sx8wvj2akz7x1qxwyrv9xlr-yosys-abc/bin/abc" -s -f <abc-temp-dir>/abc.script 2>&1
ABC: ABC command line: "source <abc-temp-dir>/abc.script".
ABC: 
ABC: + read_blif <abc-temp-dir>/input.blif 
ABC: + read_library <abc-temp-dir>/stdcells.genlib 
ABC: Entered genlib library with 13 gates from file "<abc-temp-dir>/stdcells.genlib".
ABC: + strash 
ABC: + dretime 
ABC: + map 
ABC: + write_blif <abc-temp-dir>/output.blif 

46.1.2. Re-integrating ABC results.
ABC RESULTS:               MUX cells:      693
ABC RESULTS:               NOT cells:      539
ABC RESULTS:             ORNOT cells:       39
ABC RESULTS:              XNOR cells:       11
ABC RESULTS:               NOR cells:       42
ABC RESULTS:              NAND cells:       36
ABC RESULTS:            ANDNOT cells:      190
ABC RESULTS:               AND cells:       40
ABC RESULTS:               XOR cells:       84
ABC RESULTS:                OR cells:      214
ABC RESULTS:        internal signals:     1328
ABC RESULTS:           input signals:      565
ABC RESULTS:          output signals:      112
Removing temp directory.

47. Executing OPT pass (performing simple optimizations).

47.1. Executing OPT_EXPR pass (perform const folding).
Optimizing module SemiCPU.
<suppressed ~8 debug messages>

47.2. Executing OPT_MERGE pass (detect identical cells).
Finding identical cells in module `\SemiCPU'.
<suppressed ~21 debug messages>
Removed a total of 7 cells.

47.3. Executing OPT_DFF pass (perform DFF optimizations).

47.4. Executing OPT_CLEAN pass (remove unused cells and wires).
Finding unused cells or wires in module \SemiCPU..
Removed 0 unused cells and 976 unused wires.
<suppressed ~10 debug messages>

47.5. Finished fast OPT passes.

48. Executing HIERARCHY pass (managing design hierarchy).

48.1. Analyzing design hierarchy..
Top module:  \SemiCPU

48.2. Analyzing design hierarchy..
Top module:  \SemiCPU
Removed 0 unused modules.

49. Printing statistics.

=== SemiCPU ===

   Number of wires:               1886
   Number of wire bits:           3597
   Number of public wires:          78
   Number of public wire bits:    1691
   Number of memories:               0
   Number of memory bits:            0
   Number of processes:              0
   Number of cells:               2445
     $_ANDNOT_                     188
     $_AND_                         40
     $_DFFE_PN_                      2
     $_DFFE_PP0P_                   30
     $_DFFE_PP_                    512
     $_MUX_                        693
     $_NAND_                        36
     $_NOR_                         42
     $_NOT_                        539
     $_ORNOT_                       39
     $_OR_                         210
     $_SDFF_PN0_                    20
     $_XNOR_                        10
     $_XOR_                         84

50. Executing CHECK pass (checking for obvious problems).
Checking module SemiCPU...
Found and reported 0 problems.

51. Generating Graphviz representation of design.
Writing dot description to `/openlane/designs/semi_cpu/runs/RUN_2025.06.08_14.11.38/tmp/synthesis/post_techmap.dot'.
Dumping module SemiCPU to page 1.

52. Executing SHARE pass (SAT-based resource sharing).

53. Executing OPT pass (performing simple optimizations).

53.1. Executing OPT_EXPR pass (perform const folding).
Optimizing module SemiCPU.

53.2. Executing OPT_MERGE pass (detect identical cells).
Finding identical cells in module `\SemiCPU'.
Removed a total of 0 cells.

53.3. Executing OPT_MUXTREE pass (detect dead branches in mux trees).
Running muxtree optimizer on module \SemiCPU..
  Creating internal representation of mux trees.
  No muxes found in this module.
Removed 0 multiplexer ports.

53.4. Executing OPT_REDUCE pass (consolidate $*mux and $reduce_* inputs).
  Optimizing cells in module \SemiCPU.
Performed a total of 0 changes.

53.5. Executing OPT_MERGE pass (detect identical cells).
Finding identical cells in module `\SemiCPU'.
Removed a total of 0 cells.

53.6. Executing OPT_DFF pass (perform DFF optimizations).

53.7. Executing OPT_CLEAN pass (remove unused cells and wires).
Finding unused cells or wires in module \SemiCPU..

53.8. Executing OPT_EXPR pass (perform const folding).
Optimizing module SemiCPU.

53.9. Finished OPT passes. (There is nothing left to do.)

54. Executing OPT_CLEAN pass (remove unused cells and wires).
Finding unused cells or wires in module \SemiCPU..
Removed 0 unused cells and 37 unused wires.
<suppressed ~37 debug messages>

55. Printing statistics.

=== SemiCPU ===

   Number of wires:               1849
   Number of wire bits:           3030
   Number of public wires:          41
   Number of public wire bits:    1124
   Number of memories:               0
   Number of memory bits:            0
   Number of processes:              0
   Number of cells:               2445
     $_ANDNOT_                     188
     $_AND_                         40
     $_DFFE_PN_                      2
     $_DFFE_PP0P_                   30
     $_DFFE_PP_                    512
     $_MUX_                        693
     $_NAND_                        36
     $_NOR_                         42
     $_NOT_                        539
     $_ORNOT_                       39
     $_OR_                         210
     $_SDFF_PN0_                    20
     $_XNOR_                        10
     $_XOR_                         84

mapping tbuf

56. Executing TECHMAP pass (map to technology primitives).

56.1. Executing Verilog-2005 frontend: /home/kagan/.volare/sky130A/libs.tech/openlane/sky130_fd_sc_hd/tribuff_map.v
Parsing Verilog input from `/home/kagan/.volare/sky130A/libs.tech/openlane/sky130_fd_sc_hd/tribuff_map.v' to AST representation.
Generating RTLIL representation for module `\$_TBUF_'.
Successfully finished Verilog frontend.

56.2. Continuing TECHMAP pass.
No more expansions possible.
<suppressed ~3 debug messages>

57. Executing SIMPLEMAP pass (map simple cells to gate primitives).

58. Executing TECHMAP pass (map to technology primitives).

58.1. Executing Verilog-2005 frontend: /home/kagan/.volare/sky130A/libs.tech/openlane/sky130_fd_sc_hd/latch_map.v
Parsing Verilog input from `/home/kagan/.volare/sky130A/libs.tech/openlane/sky130_fd_sc_hd/latch_map.v' to AST representation.
Generating RTLIL representation for module `\$_DLATCH_P_'.
Generating RTLIL representation for module `\$_DLATCH_N_'.
Successfully finished Verilog frontend.

58.2. Continuing TECHMAP pass.
No more expansions possible.
<suppressed ~4 debug messages>

59. Executing SIMPLEMAP pass (map simple cells to gate primitives).

60. Executing DFFLIBMAP pass (mapping DFF cells to sequential cells from liberty file).
  cell sky130_fd_sc_hd__dfxtp_2 (noninv, pins=3, area=21.27) is a direct match for cell type $_DFF_P_.
  cell sky130_fd_sc_hd__dfrtp_2 (noninv, pins=4, area=26.28) is a direct match for cell type $_DFF_PN0_.
  cell sky130_fd_sc_hd__dfstp_2 (noninv, pins=4, area=26.28) is a direct match for cell type $_DFF_PN1_.
  cell sky130_fd_sc_hd__dfbbn_2 (noninv, pins=6, area=35.03) is a direct match for cell type $_DFFSR_NNN_.
  final dff cell mappings:
    unmapped dff cell: $_DFF_N_
    \sky130_fd_sc_hd__dfxtp_2 _DFF_P_ (.CLK( C), .D( D), .Q( Q));
    unmapped dff cell: $_DFF_NN0_
    unmapped dff cell: $_DFF_NN1_
    unmapped dff cell: $_DFF_NP0_
    unmapped dff cell: $_DFF_NP1_
    \sky130_fd_sc_hd__dfrtp_2 _DFF_PN0_ (.CLK( C), .D( D), .Q( Q), .RESET_B( R));
    \sky130_fd_sc_hd__dfstp_2 _DFF_PN1_ (.CLK( C), .D( D), .Q( Q), .SET_B( R));
    unmapped dff cell: $_DFF_PP0_
    unmapped dff cell: $_DFF_PP1_
    \sky130_fd_sc_hd__dfbbn_2 _DFFSR_NNN_ (.CLK_N( C), .D( D), .Q( Q), .Q_N(~Q), .RESET_B( R), .SET_B( S));
    unmapped dff cell: $_DFFSR_NNP_
    unmapped dff cell: $_DFFSR_NPN_
    unmapped dff cell: $_DFFSR_NPP_
    unmapped dff cell: $_DFFSR_PNN_
    unmapped dff cell: $_DFFSR_PNP_
    unmapped dff cell: $_DFFSR_PPN_
    unmapped dff cell: $_DFFSR_PPP_

60.1. Executing DFFLEGALIZE pass (convert FFs to types supported by the target).
Mapping DFF cells in module `\SemiCPU':
  mapped 30 $_DFF_PN0_ cells to \sky130_fd_sc_hd__dfrtp_2 cells.
  mapped 534 $_DFF_P_ cells to \sky130_fd_sc_hd__dfxtp_2 cells.

61. Printing statistics.

=== SemiCPU ===

   Number of wires:               2443
   Number of wire bits:           3624
   Number of public wires:          41
   Number of public wire bits:    1124
   Number of memories:               0
   Number of memory bits:            0
   Number of processes:              0
   Number of cells:               3039
     $_ANDNOT_                     188
     $_AND_                         40
     $_MUX_                       1257
     $_NAND_                        36
     $_NOR_                         42
     $_NOT_                        569
     $_ORNOT_                       39
     $_OR_                         210
     $_XNOR_                        10
     $_XOR_                         84
     sky130_fd_sc_hd__dfrtp_2       30
     sky130_fd_sc_hd__dfxtp_2      534

[INFO]: USING STRATEGY AREA 0

62. Executing ABC pass (technology mapping using ABC).

62.1. Extracting gate netlist of module `\SemiCPU' to `/tmp/yosys-abc-yuMUn5/input.blif'..
Extracted 2475 gates and 3042 wires to a netlist network with 566 inputs and 605 outputs.

62.1.1. Executing ABC.
Running ABC command: "/nix/store/wq2q0njg3sx8wvj2akz7x1qxwyrv9xlr-yosys-abc/bin/abc" -s -f /tmp/yosys-abc-yuMUn5/abc.script 2>&1
ABC: ABC command line: "source /tmp/yosys-abc-yuMUn5/abc.script".
ABC: 
ABC: + read_blif /tmp/yosys-abc-yuMUn5/input.blif 
ABC: + read_lib -w /openlane/designs/semi_cpu/runs/RUN_2025.06.08_14.11.38/tmp/synthesis/trimmed.lib 
ABC: Parsing finished successfully.  Parsing time =     0.03 sec
ABC: Scl_LibertyReadGenlib() skipped sequential cell "sky130_fd_sc_hd__dfbbn_2".
ABC: Scl_LibertyReadGenlib() skipped sequential cell "sky130_fd_sc_hd__dfrbp_2".
ABC: Scl_LibertyReadGenlib() skipped sequential cell "sky130_fd_sc_hd__dfrtp_2".
ABC: Scl_LibertyReadGenlib() skipped sequential cell "sky130_fd_sc_hd__dfrtp_4".
ABC: Scl_LibertyReadGenlib() skipped sequential cell "sky130_fd_sc_hd__dfsbp_2".
ABC: Scl_LibertyReadGenlib() skipped sequential cell "sky130_fd_sc_hd__dfstp_2".
ABC: Scl_LibertyReadGenlib() skipped sequential cell "sky130_fd_sc_hd__dfstp_4".
ABC: Scl_LibertyReadGenlib() skipped sequential cell "sky130_fd_sc_hd__dfxbp_2".
ABC: Scl_LibertyReadGenlib() skipped sequential cell "sky130_fd_sc_hd__dfxtp_2".
ABC: Scl_LibertyReadGenlib() skipped sequential cell "sky130_fd_sc_hd__dfxtp_4".
ABC: Scl_LibertyReadGenlib() skipped sequential cell "sky130_fd_sc_hd__dlxtn_1".
ABC: Scl_LibertyReadGenlib() skipped sequential cell "sky130_fd_sc_hd__dlxtn_2".
ABC: Scl_LibertyReadGenlib() skipped sequential cell "sky130_fd_sc_hd__dlxtn_4".
ABC: Scl_LibertyReadGenlib() skipped sequential cell "sky130_fd_sc_hd__dlxtp_1".
ABC: Scl_LibertyReadGenlib() skipped three-state cell "sky130_fd_sc_hd__ebufn_2".
ABC: Scl_LibertyReadGenlib() skipped three-state cell "sky130_fd_sc_hd__ebufn_4".
ABC: Scl_LibertyReadGenlib() skipped three-state cell "sky130_fd_sc_hd__ebufn_8".
ABC: Library "sky130A_merged" from "/openlane/designs/semi_cpu/runs/RUN_2025.06.08_14.11.38/tmp/synthesis/trimmed.lib" has 175 cells (17 skipped: 14 seq; 3 tri-state; 0 no func; 0 dont_use).  Time =     0.05 sec
ABC: Memory =    9.54 MB. Time =     0.05 sec
ABC: Warning: Detected 2 multi-output gates (for example, "sky130_fd_sc_hd__fa_1").
ABC: + read_constr -v /openlane/designs/semi_cpu/runs/RUN_2025.06.08_14.11.38/tmp/synthesis/synthesis.sdc 
ABC: Setting driving cell to be "sky130_fd_sc_hd__inv_2".
ABC: Setting output load to be 33.442001.
ABC: + read_constr /openlane/designs/semi_cpu/runs/RUN_2025.06.08_14.11.38/tmp/synthesis/synthesis.sdc 
ABC: + fx 
ABC: + mfs 
ABC: + strash 
ABC: + drf -l 
ABC: + balance 
ABC: + drw -l 
ABC: + drf -l 
ABC: + balance 
ABC: + drw -l 
ABC: + drw -l -z 
ABC: + balance 
ABC: + drf -l -z 
ABC: + drw -l -z 
ABC: + balance 
ABC: + retime -D -D 15000 -M 5 
ABC: + scleanup 
ABC: Error: The network is combinational.
ABC: + fraig_store 
ABC: + balance 
ABC: + fraig_store 
ABC: + balance 
ABC: + drw -l 
ABC: + drf -l 
ABC: + balance 
ABC: + drw -l 
ABC: + drw -l -z 
ABC: + balance 
ABC: + drf -l -z 
ABC: + drw -l -z 
ABC: + balance 
ABC: + fraig_store 
ABC: + balance 
ABC: + drw -l 
ABC: + drf -l 
ABC: + balance 
ABC: + drw -l 
ABC: + drw -l -z 
ABC: + balance 
ABC: + drf -l -z 
ABC: + drw -l -z 
ABC: + balance 
ABC: + fraig_store 
ABC: + balance 
ABC: + drw -l 
ABC: + drf -l 
ABC: + balance 
ABC: + drw -l 
ABC: + drw -l -z 
ABC: + balance 
ABC: + drf -l -z 
ABC: + drw -l -z 
ABC: + balance 
ABC: + fraig_store 
ABC: + fraig_restore 
ABC: + amap -m -Q 0.1 -F 20 -A 20 -C 5000 
ABC: + retime -D -D 15000 
ABC: + &get -n 
ABC: + &st 
ABC: + &dch 
ABC: + &nf 
ABC: + &put 
ABC: + buffer -N 10 -S 750.0 
ABC: + upsize -D 15000 
ABC: Current delay (7711.05 ps) does not exceed the target delay (15000.00 ps). Upsizing is not performed.
ABC: + dnsize -D 15000 
ABC: + stime -p 
ABC: WireLoad = "none"  Gates =   1575 ( 63.0 %)   Cap = 12.7 ff ( 15.4 %)   Area =     8953.59 ( 36.9 %)   Delay =  8208.48 ps  (  2.9 %)               
ABC: Path  0 --      25 : 0    4 pi                        A =   0.00  Df =  57.1  -31.4 ps  S =  85.5 ps  Cin =  0.0 ff  Cout =  17.3 ff  Cmax =   0.0 ff  G =    0  
ABC: Path  1 --    1250 : 4    3 sky130_fd_sc_hd__or4_2    A =   8.76  Df = 706.2 -498.6 ps  S = 129.4 ps  Cin =  1.5 ff  Cout =  11.1 ff  Cmax = 310.4 ff  G =  685  
ABC: Path  2 --    1252 : 4    7 sky130_fd_sc_hd__or4_2    A =   8.76  Df =1415.1-1041.5 ps  S = 153.6 ps  Cin =  1.5 ff  Cout =  18.2 ff  Cmax = 310.4 ff  G = 1154  
ABC: Path  3 --    1283 : 4    3 sky130_fd_sc_hd__or4_2    A =   8.76  Df =2103.9-1527.6 ps  S = 113.1 ps  Cin =  1.5 ff  Cout =   6.4 ff  Cmax = 310.4 ff  G =  399  
ABC: Path  4 --    1296 : 4    3 sky130_fd_sc_hd__o31a_2   A =  10.01  Df =2842.8 -360.2 ps  S =  64.3 ps  Cin =  2.3 ff  Cout =   8.0 ff  Cmax = 285.7 ff  G =  321  
ABC: Path  5 --    1303 : 4    4 sky130_fd_sc_hd__or4_2    A =   8.76  Df =3163.8 -163.6 ps  S = 148.3 ps  Cin =  1.5 ff  Cout =  16.1 ff  Cmax = 310.4 ff  G = 1022  
ABC: Path  6 --    1304 : 4    5 sky130_fd_sc_hd__or4_2    A =   8.76  Df =3801.0 -636.5 ps  S = 147.7 ps  Cin =  1.5 ff  Cout =  15.8 ff  Cmax = 310.4 ff  G = 1002  
ABC: Path  7 --    1307 : 4    1 sky130_fd_sc_hd__or4b_2   A =  10.01  Df =4448.8-1159.5 ps  S =  94.8 ps  Cin =  1.5 ff  Cout =   2.2 ff  Cmax = 265.5 ff  G =  143  
ABC: Path  8 --    1308 : 1    5 sky130_fd_sc_hd__buf_1    A =   3.75  Df =4636.2-1111.7 ps  S = 276.5 ps  Cin =  2.1 ff  Cout =  23.0 ff  Cmax = 130.0 ff  G = 1037  
ABC: Path  9 --    1314 : 3    2 sky130_fd_sc_hd__o21a_2   A =   8.76  Df =4863.9-1165.5 ps  S =  49.7 ps  Cin =  2.4 ff  Cout =   6.2 ff  Cmax = 294.8 ff  G =  243  
ABC: Path 10 --    1317 : 3    2 sky130_fd_sc_hd__or3_2    A =   7.51  Df =5271.4 -135.8 ps  S =  80.8 ps  Cin =  1.5 ff  Cout =   4.2 ff  Cmax = 310.4 ff  G =  259  
ABC: Path 11 --    1318 : 2    2 sky130_fd_sc_hd__and2_2   A =   7.51  Df =5477.1 -205.8 ps  S =  46.7 ps  Cin =  1.5 ff  Cout =   4.7 ff  Cmax = 303.0 ff  G =  312  
ABC: Path 12 --    1388 : 5    1 sky130_fd_sc_hd__a41o_2   A =  11.26  Df =5920.1 -423.9 ps  S =  38.9 ps  Cin =  2.3 ff  Cout =   2.4 ff  Cmax = 325.0 ff  G =   99  
ABC: Path 13 --    1390 : 3    3 sky130_fd_sc_hd__a21o_2   A =   8.76  Df =6138.0 -510.2 ps  S =  56.9 ps  Cin =  2.4 ff  Cout =   8.6 ff  Cmax = 309.5 ff  G =  352  
ABC: Path 14 --    1530 : 2    1 sky130_fd_sc_hd__or2_2    A =   6.26  Df =6421.7 -674.2 ps  S =  52.3 ps  Cin =  1.5 ff  Cout =   2.4 ff  Cmax = 299.4 ff  G =  158  
ABC: Path 15 --    1531 : 5    3 sky130_fd_sc_hd__a32o_2   A =  11.26  Df =6697.0 -334.5 ps  S =  74.5 ps  Cin =  2.3 ff  Cout =   8.2 ff  Cmax = 264.6 ff  G =  332  
ABC: Path 16 --    1535 : 4    1 sky130_fd_sc_hd__a22oi_2  A =  12.51  Df =6883.7 -440.3 ps  S = 145.1 ps  Cin =  4.3 ff  Cout =   5.1 ff  Cmax = 170.3 ff  G =  112  
ABC: Path 17 --    1539 : 3    8 sky130_fd_sc_hd__a21oi_2  A =   8.76  Df =6994.4 -297.0 ps  S = 245.3 ps  Cin =  4.6 ff  Cout =  18.2 ff  Cmax = 128.2 ff  G =  377  
ABC: Path 18 --    1590 : 2    5 sky130_fd_sc_hd__and2_2   A =   7.51  Df =7219.6 -300.5 ps  S =  82.1 ps  Cin =  1.5 ff  Cout =  12.2 ff  Cmax = 303.0 ff  G =  788  
ABC: Path 19 --    1598 : 4    2 sky130_fd_sc_hd__or4b_2   A =  10.01  Df =7832.7 -293.8 ps  S = 106.0 ps  Cin =  1.5 ff  Cout =   4.3 ff  Cmax = 265.5 ff  G =  280  
ABC: Path 20 --    1599 : 4    1 sky130_fd_sc_hd__o2bb2a_2 A =  11.26  Df =8208.5 -238.7 ps  S = 186.6 ps  Cin =  1.8 ff  Cout =  33.4 ff  Cmax = 294.8 ff  G = 1904  
ABC: Start-point = pi24 (\imem_inst.address [8]).  End-point = po31 (\seg [1]).
ABC: + print_stats -m 
ABC: netlist                       : i/o =  566/  605  lat =    0  nd =  1575  edge =   2569  area =8951.29  delay =23.00  lev = 23
ABC: + write_blif /tmp/yosys-abc-yuMUn5/output.blif 

62.1.2. Re-integrating ABC results.
ABC RESULTS:   sky130_fd_sc_hd__nor3b_2 cells:        1
ABC RESULTS:   sky130_fd_sc_hd__and3b_2 cells:        2
ABC RESULTS:   sky130_fd_sc_hd__o41ai_2 cells:        1
ABC RESULTS:   sky130_fd_sc_hd__o2111a_2 cells:        2
ABC RESULTS:   sky130_fd_sc_hd__o21ba_2 cells:        2
ABC RESULTS:   sky130_fd_sc_hd__a211oi_2 cells:        1
ABC RESULTS:   sky130_fd_sc_hd__a2111o_2 cells:        1
ABC RESULTS:   sky130_fd_sc_hd__a311o_2 cells:        1
ABC RESULTS:   sky130_fd_sc_hd__nor3_2 cells:        1
ABC RESULTS:   sky130_fd_sc_hd__a311oi_2 cells:        1
ABC RESULTS:   sky130_fd_sc_hd__o311a_2 cells:        2
ABC RESULTS:   sky130_fd_sc_hd__o31ai_2 cells:        1
ABC RESULTS:   sky130_fd_sc_hd__o22ai_2 cells:        1
ABC RESULTS:   sky130_fd_sc_hd__a22oi_2 cells:        9
ABC RESULTS:   sky130_fd_sc_hd__a2111oi_2 cells:        3
ABC RESULTS:   sky130_fd_sc_hd__a41o_2 cells:        2
ABC RESULTS:   sky130_fd_sc_hd__mux4_2 cells:        1
ABC RESULTS:   sky130_fd_sc_hd__a211o_2 cells:        1
ABC RESULTS:   sky130_fd_sc_hd__o22a_2 cells:        3
ABC RESULTS:   sky130_fd_sc_hd__a2bb2o_2 cells:        1
ABC RESULTS:   sky130_fd_sc_hd__o2bb2a_2 cells:        3
ABC RESULTS:   sky130_fd_sc_hd__a22o_2 cells:       14
ABC RESULTS:   sky130_fd_sc_hd__o31a_2 cells:        5
ABC RESULTS:   sky130_fd_sc_hd__o32ai_2 cells:        2
ABC RESULTS:   sky130_fd_sc_hd__or4b_2 cells:        7
ABC RESULTS:   sky130_fd_sc_hd__or4bb_2 cells:        1
ABC RESULTS:   sky130_fd_sc_hd__or4_2 cells:       17
ABC RESULTS:   sky130_fd_sc_hd__and2b_2 cells:        5
ABC RESULTS:   sky130_fd_sc_hd__a31o_2 cells:        4
ABC RESULTS:   sky130_fd_sc_hd__a21boi_2 cells:        2
ABC RESULTS:   sky130_fd_sc_hd__o21a_2 cells:       17
ABC RESULTS:   sky130_fd_sc_hd__and4_2 cells:        3
ABC RESULTS:   sky130_fd_sc_hd__nand3_2 cells:        1
ABC RESULTS:   sky130_fd_sc_hd__o211a_2 cells:        2
ABC RESULTS:   sky130_fd_sc_hd__xor2_2 cells:       24
ABC RESULTS:   sky130_fd_sc_hd__inv_2 cells:       45
ABC RESULTS:   sky130_fd_sc_hd__or3b_2 cells:        3
ABC RESULTS:   sky130_fd_sc_hd__a21bo_2 cells:       11
ABC RESULTS:   sky130_fd_sc_hd__a32o_2 cells:        7
ABC RESULTS:   sky130_fd_sc_hd__a21o_2 cells:       32
ABC RESULTS:   sky130_fd_sc_hd__nor2_2 cells:       90
ABC RESULTS:   sky130_fd_sc_hd__a21oi_2 cells:       33
ABC RESULTS:   sky130_fd_sc_hd__and3_2 cells:       22
ABC RESULTS:   sky130_fd_sc_hd__mux2_2 cells:       43
ABC RESULTS:   sky130_fd_sc_hd__nand2_2 cells:       41
ABC RESULTS:   sky130_fd_sc_hd__or2_2 cells:       31
ABC RESULTS:   sky130_fd_sc_hd__or3_2 cells:       10
ABC RESULTS:   sky130_fd_sc_hd__or2b_2 cells:        7
ABC RESULTS:   sky130_fd_sc_hd__and2_2 cells:       73
ABC RESULTS:   sky130_fd_sc_hd__xnor2_2 cells:       19
ABC RESULTS:   sky130_fd_sc_hd__o21ai_2 cells:       16
ABC RESULTS:   sky130_fd_sc_hd__buf_1 cells:      948
ABC RESULTS:        internal signals:     1871
ABC RESULTS:           input signals:      566
ABC RESULTS:          output signals:      605
Removing temp directory.

63. Executing SETUNDEF pass (replace undef values with defined constants).

64. Executing HILOMAP pass (mapping to constant drivers).

65. Executing SPLITNETS pass (splitting up multi-bit signals).

66. Executing OPT_CLEAN pass (remove unused cells and wires).
Finding unused cells or wires in module \SemiCPU..
Removed 1395 unused cells and 4554 unused wires.
<suppressed ~1942 debug messages>

67. Executing INSBUF pass (insert buffer cells for connected wires).

68. Executing CHECK pass (checking for obvious problems).
Checking module SemiCPU...
Found and reported 0 problems.

69. Printing statistics.

=== SemiCPU ===

   Number of wires:               1204
   Number of wire bits:           1213
   Number of public wires:         569
   Number of public wire bits:     578
   Number of memories:               0
   Number of memory bits:            0
   Number of processes:              0
   Number of cells:                746
     sky130_fd_sc_hd__a2111o_2       1
     sky130_fd_sc_hd__a2111oi_2      3
     sky130_fd_sc_hd__a211o_2        1
     sky130_fd_sc_hd__a211oi_2       1
     sky130_fd_sc_hd__a21bo_2        7
     sky130_fd_sc_hd__a21boi_2       2
     sky130_fd_sc_hd__a21o_2        31
     sky130_fd_sc_hd__a21oi_2       32
     sky130_fd_sc_hd__a22o_2        14
     sky130_fd_sc_hd__a22oi_2        9
     sky130_fd_sc_hd__a2bb2o_2       1
     sky130_fd_sc_hd__a311o_2        1
     sky130_fd_sc_hd__a311oi_2       1
     sky130_fd_sc_hd__a31o_2         4
     sky130_fd_sc_hd__a32o_2         7
     sky130_fd_sc_hd__a41o_2         2
     sky130_fd_sc_hd__and2_2        56
     sky130_fd_sc_hd__and2b_2        5
     sky130_fd_sc_hd__and3_2        21
     sky130_fd_sc_hd__and3b_2        2
     sky130_fd_sc_hd__and4_2         3
     sky130_fd_sc_hd__buf_1         72
     sky130_fd_sc_hd__dfrtp_2       30
     sky130_fd_sc_hd__dfxtp_2       70
     sky130_fd_sc_hd__inv_2         45
     sky130_fd_sc_hd__mux2_2        19
     sky130_fd_sc_hd__mux4_2         1
     sky130_fd_sc_hd__nand2_2       39
     sky130_fd_sc_hd__nand3_2        1
     sky130_fd_sc_hd__nor2_2        89
     sky130_fd_sc_hd__nor3_2         1
     sky130_fd_sc_hd__nor3b_2        1
     sky130_fd_sc_hd__o2111a_2       2
     sky130_fd_sc_hd__o211a_2        2
     sky130_fd_sc_hd__o21a_2        17
     sky130_fd_sc_hd__o21ai_2       16
     sky130_fd_sc_hd__o21ba_2        2
     sky130_fd_sc_hd__o22a_2         3
     sky130_fd_sc_hd__o22ai_2        1
     sky130_fd_sc_hd__o2bb2a_2       3
     sky130_fd_sc_hd__o311a_2        2
     sky130_fd_sc_hd__o31a_2         5
     sky130_fd_sc_hd__o31ai_2        1
     sky130_fd_sc_hd__o32ai_2        2
     sky130_fd_sc_hd__o41ai_2        1
     sky130_fd_sc_hd__or2_2         31
     sky130_fd_sc_hd__or2b_2         6
     sky130_fd_sc_hd__or3_2          9
     sky130_fd_sc_hd__or3b_2         3
     sky130_fd_sc_hd__or4_2         17
     sky130_fd_sc_hd__or4b_2         7
     sky130_fd_sc_hd__or4bb_2        1
     sky130_fd_sc_hd__xnor2_2       19
     sky130_fd_sc_hd__xor2_2        24

   Chip area for module '\SemiCPU': 7444.640000

70. Executing Verilog backend.
Dumping module `\SemiCPU'.

71. Executing JSON backend.

End of script. Logfile hash: bf98f00adb, CPU: user 0.85s system 0.01s, MEM: 42.91 MB peak
Yosys 0.38 (git sha1 543faed9c8c, clang++ 17.0.6 -fPIC -Os)
Time spent: 65% 2x abc (1 sec), 6% 30x opt_expr (0 sec), ...
