OpenROAD b16bda7e82721d10566ff7e2b68f1ff0be9f9e38 
Features included (+) or not (-): +Charts +GPU +GUI +Python
This program is licensed under the BSD-3 license. See the LICENSE file for details.
Components of this program may be licensed under more restrictive licenses which must be honored.
define_corners Typical
read_liberty -corner Typical /home/kagan/.volare/sky130A/libs.ref/sky130_fd_sc_hd/lib/sky130_fd_sc_hd__tt_025C_1v80.lib
Using 1e-12 for capacitance...
Using 1e+03 for resistance...
Using 1e-09 for time...
Using 1e+00 for voltage...
Using 1e-03 for current...
Using 1e-09 for power...
Using 1e-06 for distance...
[INFO]: Reading ODB at '/openlane/designs/alu_and_register/runs/RUN_2025.06.01_20.33.51/results/placement/TopModule.odb'…
Reading design constraints file at '/openlane/designs/alu_and_register/src/TopModule.sdc'…
[INFO]: Setting RC values...
min_report

===========================================================================
report_checks -path_delay min (Hold)
============================================================================
======================= Typical Corner ===================================

Startpoint: _2396_ (rising edge-triggered flip-flop clocked by core_clock)
Endpoint: _2396_ (rising edge-triggered flip-flop clocked by core_clock)
Path Group: core_clock
Path Type: min

Fanout     Cap    Slew   Delay    Time   Description
-----------------------------------------------------------------------------
                  0.00    0.00    0.00   clock core_clock (rise edge)
                          0.00    0.00   clock network delay (ideal)
                  0.00    0.00    0.00 ^ _2396_/CLK (sky130_fd_sc_hd__dfxtp_4)
     2    0.06    0.19    0.42    0.42 ^ _2396_/Q (sky130_fd_sc_hd__dfxtp_4)
                                         rf.registers[2][2] (net)
                  0.19    0.01    0.43 ^ _2172_/A0 (sky130_fd_sc_hd__mux2_4)
     1    0.04    0.14    0.27    0.70 ^ _2172_/X (sky130_fd_sc_hd__mux2_4)
                                         _0547_ (net)
                  0.14    0.01    0.71 ^ _2173_/A (sky130_fd_sc_hd__clkbuf_4)
     1    0.05    0.14    0.24    0.95 ^ _2173_/X (sky130_fd_sc_hd__clkbuf_4)
                                         _0162_ (net)
                  0.14    0.01    0.97 ^ _2396_/D (sky130_fd_sc_hd__dfxtp_4)
                                  0.97   data arrival time

                  0.00    0.00    0.00   clock core_clock (rise edge)
                          0.00    0.00   clock network delay (ideal)
                          0.00    0.00   clock reconvergence pessimism
                                  0.00 ^ _2396_/CLK (sky130_fd_sc_hd__dfxtp_4)
                         -0.06   -0.06   library hold time
                                 -0.06   data required time
-----------------------------------------------------------------------------
                                 -0.06   data required time
                                 -0.97   data arrival time
-----------------------------------------------------------------------------
                                  1.02   slack (MET)


Startpoint: _2405_ (rising edge-triggered flip-flop clocked by core_clock)
Endpoint: _2405_ (rising edge-triggered flip-flop clocked by core_clock)
Path Group: core_clock
Path Type: min

Fanout     Cap    Slew   Delay    Time   Description
-----------------------------------------------------------------------------
                  0.00    0.00    0.00   clock core_clock (rise edge)
                          0.00    0.00   clock network delay (ideal)
                  0.00    0.00    0.00 ^ _2405_/CLK (sky130_fd_sc_hd__dfxtp_4)
     3    0.08    0.23    0.45    0.45 ^ _2405_/Q (sky130_fd_sc_hd__dfxtp_4)
                                         rf.registers[2][11] (net)
                  0.24    0.02    0.48 ^ _2191_/A0 (sky130_fd_sc_hd__mux2_8)
     1    0.06    0.11    0.27    0.75 ^ _2191_/X (sky130_fd_sc_hd__mux2_8)
                                         _0557_ (net)
                  0.12    0.02    0.77 ^ _2192_/A (sky130_fd_sc_hd__clkbuf_8)
     1    0.07    0.12    0.21    0.97 ^ _2192_/X (sky130_fd_sc_hd__clkbuf_8)
                                         _0171_ (net)
                  0.13    0.02    1.00 ^ _2405_/D (sky130_fd_sc_hd__dfxtp_4)
                                  1.00   data arrival time

                  0.00    0.00    0.00   clock core_clock (rise edge)
                          0.00    0.00   clock network delay (ideal)
                          0.00    0.00   clock reconvergence pessimism
                                  0.00 ^ _2405_/CLK (sky130_fd_sc_hd__dfxtp_4)
                         -0.06   -0.06   library hold time
                                 -0.06   data required time
-----------------------------------------------------------------------------
                                 -0.06   data required time
                                 -1.00   data arrival time
-----------------------------------------------------------------------------
                                  1.05   slack (MET)


Startpoint: _2412_ (rising edge-triggered flip-flop clocked by core_clock)
Endpoint: _2412_ (rising edge-triggered flip-flop clocked by core_clock)
Path Group: core_clock
Path Type: min

Fanout     Cap    Slew   Delay    Time   Description
-----------------------------------------------------------------------------
                  0.00    0.00    0.00   clock core_clock (rise edge)
                          0.00    0.00   clock network delay (ideal)
                  0.00    0.00    0.00 ^ _2412_/CLK (sky130_fd_sc_hd__dfxtp_4)
     2    0.07    0.21    0.44    0.44 ^ _2412_/Q (sky130_fd_sc_hd__dfxtp_4)
                                         rf.registers[2][18] (net)
                  0.22    0.02    0.47 ^ _2205_/A0 (sky130_fd_sc_hd__mux2_8)
     1    0.09    0.16    0.30    0.76 ^ _2205_/X (sky130_fd_sc_hd__mux2_8)
                                         _0564_ (net)
                  0.18    0.04    0.81 ^ _2206_/A (sky130_fd_sc_hd__clkbuf_4)
     1    0.04    0.13    0.24    1.05 ^ _2206_/X (sky130_fd_sc_hd__clkbuf_4)
                                         _0178_ (net)
                  0.13    0.01    1.06 ^ _2412_/D (sky130_fd_sc_hd__dfxtp_4)
                                  1.06   data arrival time

                  0.00    0.00    0.00   clock core_clock (rise edge)
                          0.00    0.00   clock network delay (ideal)
                          0.00    0.00   clock reconvergence pessimism
                                  0.00 ^ _2412_/CLK (sky130_fd_sc_hd__dfxtp_4)
                         -0.06   -0.06   library hold time
                                 -0.06   data required time
-----------------------------------------------------------------------------
                                 -0.06   data required time
                                 -1.06   data arrival time
-----------------------------------------------------------------------------
                                  1.12   slack (MET)


Startpoint: _2337_ (rising edge-triggered flip-flop clocked by core_clock)
Endpoint: _2337_ (rising edge-triggered flip-flop clocked by core_clock)
Path Group: core_clock
Path Type: min

Fanout     Cap    Slew   Delay    Time   Description
-----------------------------------------------------------------------------
                  0.00    0.00    0.00   clock core_clock (rise edge)
                          0.00    0.00   clock network delay (ideal)
                  0.00    0.00    0.00 ^ _2337_/CLK (sky130_fd_sc_hd__dfxtp_4)
     3    0.22    0.26    0.47    0.47 v _2337_/Q (sky130_fd_sc_hd__dfxtp_4)
                                         rf.registers[0][7] (net)
                  0.26    0.04    0.50 v _2044_/A1 (sky130_fd_sc_hd__mux2_4)
     1    0.05    0.11    0.41    0.92 v _2044_/X (sky130_fd_sc_hd__mux2_4)
                                         _0478_ (net)
                  0.11    0.01    0.93 v _2045_/A (sky130_fd_sc_hd__buf_4)
     1    0.05    0.08    0.21    1.14 v _2045_/X (sky130_fd_sc_hd__buf_4)
                                         _0103_ (net)
                  0.08    0.01    1.15 v _2337_/D (sky130_fd_sc_hd__dfxtp_4)
                                  1.15   data arrival time

                  0.00    0.00    0.00   clock core_clock (rise edge)
                          0.00    0.00   clock network delay (ideal)
                          0.00    0.00   clock reconvergence pessimism
                                  0.00 ^ _2337_/CLK (sky130_fd_sc_hd__dfxtp_4)
                         -0.07   -0.07   library hold time
                                 -0.07   data required time
-----------------------------------------------------------------------------
                                 -0.07   data required time
                                 -1.15   data arrival time
-----------------------------------------------------------------------------
                                  1.22   slack (MET)


Startpoint: _2377_ (rising edge-triggered flip-flop clocked by core_clock)
Endpoint: _2377_ (rising edge-triggered flip-flop clocked by core_clock)
Path Group: core_clock
Path Type: min

Fanout     Cap    Slew   Delay    Time   Description
-----------------------------------------------------------------------------
                  0.00    0.00    0.00   clock core_clock (rise edge)
                          0.00    0.00   clock network delay (ideal)
                  0.00    0.00    0.00 ^ _2377_/CLK (sky130_fd_sc_hd__dfxtp_4)
     2    0.04    0.12    0.38    0.38 ^ _2377_/Q (sky130_fd_sc_hd__dfxtp_4)
                                         rf.registers[1][15] (net)
                  0.12    0.00    0.39 ^ _2130_/A0 (sky130_fd_sc_hd__mux2_8)
     1    0.16    0.24    0.31    0.70 ^ _2130_/X (sky130_fd_sc_hd__mux2_8)
                                         _0524_ (net)
                  0.36    0.13    0.83 ^ _2131_/A (sky130_fd_sc_hd__clkbuf_16)
     1    0.13    0.13    0.27    1.11 ^ _2131_/X (sky130_fd_sc_hd__clkbuf_16)
                                         _0143_ (net)
                  0.21    0.08    1.19 ^ _2377_/D (sky130_fd_sc_hd__dfxtp_4)
                                  1.19   data arrival time

                  0.00    0.00    0.00   clock core_clock (rise edge)
                          0.00    0.00   clock network delay (ideal)
                          0.00    0.00   clock reconvergence pessimism
                                  0.00 ^ _2377_/CLK (sky130_fd_sc_hd__dfxtp_4)
                         -0.07   -0.07   library hold time
                                 -0.07   data required time
-----------------------------------------------------------------------------
                                 -0.07   data required time
                                 -1.19   data arrival time
-----------------------------------------------------------------------------
                                  1.26   slack (MET)


Startpoint: _2424_ (rising edge-triggered flip-flop clocked by core_clock)
Endpoint: _2424_ (rising edge-triggered flip-flop clocked by core_clock)
Path Group: core_clock
Path Type: min

Fanout     Cap    Slew   Delay    Time   Description
-----------------------------------------------------------------------------
                  0.00    0.00    0.00   clock core_clock (rise edge)
                          0.00    0.00   clock network delay (ideal)
                  0.00    0.00    0.00 ^ _2424_/CLK (sky130_fd_sc_hd__dfxtp_4)
     2    0.10    0.29    0.48    0.48 ^ _2424_/Q (sky130_fd_sc_hd__dfxtp_4)
                                         rf.registers[2][30] (net)
                  0.31    0.05    0.53 ^ _2230_/A0 (sky130_fd_sc_hd__mux2_8)
     1    0.10    0.17    0.33    0.86 ^ _2230_/X (sky130_fd_sc_hd__mux2_8)
                                         _0577_ (net)
                  0.19    0.05    0.91 ^ _2231_/A (sky130_fd_sc_hd__buf_8)
     1    0.11    0.17    0.22    1.13 ^ _2231_/X (sky130_fd_sc_hd__buf_8)
                                         _0190_ (net)
                  0.21    0.06    1.19 ^ _2424_/D (sky130_fd_sc_hd__dfxtp_4)
                                  1.19   data arrival time

                  0.00    0.00    0.00   clock core_clock (rise edge)
                          0.00    0.00   clock network delay (ideal)
                          0.00    0.00   clock reconvergence pessimism
                                  0.00 ^ _2424_/CLK (sky130_fd_sc_hd__dfxtp_4)
                         -0.07   -0.07   library hold time
                                 -0.07   data required time
-----------------------------------------------------------------------------
                                 -0.07   data required time
                                 -1.19   data arrival time
-----------------------------------------------------------------------------
                                  1.26   slack (MET)


Startpoint: _2292_ (rising edge-triggered flip-flop clocked by core_clock)
Endpoint: _2292_ (rising edge-triggered flip-flop clocked by core_clock)
Path Group: core_clock
Path Type: min

Fanout     Cap    Slew   Delay    Time   Description
-----------------------------------------------------------------------------
                  0.00    0.00    0.00   clock core_clock (rise edge)
                          0.00    0.00   clock network delay (ideal)
                  0.00    0.00    0.00 ^ _2292_/CLK (sky130_fd_sc_hd__dfxtp_4)
     3    0.21    0.26    0.45    0.45 v _2292_/Q (sky130_fd_sc_hd__dfxtp_4)
                                         rf.registers[3][26] (net)
                  0.31    0.09    0.53 v _2015_/A0 (sky130_fd_sc_hd__mux2_8)
     1    0.07    0.11    0.47    1.00 v _2015_/X (sky130_fd_sc_hd__mux2_8)
                                         _0462_ (net)
                  0.12    0.03    1.03 v _2016_/A (sky130_fd_sc_hd__buf_4)
     1    0.05    0.08    0.21    1.24 v _2016_/X (sky130_fd_sc_hd__buf_4)
                                         _0090_ (net)
                  0.08    0.01    1.25 v _2292_/D (sky130_fd_sc_hd__dfxtp_4)
                                  1.25   data arrival time

                  0.00    0.00    0.00   clock core_clock (rise edge)
                          0.00    0.00   clock network delay (ideal)
                          0.00    0.00   clock reconvergence pessimism
                                  0.00 ^ _2292_/CLK (sky130_fd_sc_hd__dfxtp_4)
                         -0.07   -0.07   library hold time
                                 -0.07   data required time
-----------------------------------------------------------------------------
                                 -0.07   data required time
                                 -1.25   data arrival time
-----------------------------------------------------------------------------
                                  1.32   slack (MET)


Startpoint: _2280_ (rising edge-triggered flip-flop clocked by core_clock)
Endpoint: _2280_ (rising edge-triggered flip-flop clocked by core_clock)
Path Group: core_clock
Path Type: min

Fanout     Cap    Slew   Delay    Time   Description
-----------------------------------------------------------------------------
                  0.00    0.00    0.00   clock core_clock (rise edge)
                          0.00    0.00   clock network delay (ideal)
                  0.00    0.00    0.00 ^ _2280_/CLK (sky130_fd_sc_hd__dfxtp_4)
     3    0.10    0.29    0.49    0.49 ^ _2280_/Q (sky130_fd_sc_hd__dfxtp_4)
                                         rf.registers[3][14] (net)
                  0.29    0.00    0.49 ^ load_slew1377/A (sky130_fd_sc_hd__buf_12)
     1    0.10    0.11    0.20    0.69 ^ load_slew1377/X (sky130_fd_sc_hd__buf_12)
                                         net1377 (net)
                  0.15    0.05    0.74 ^ _1990_/A0 (sky130_fd_sc_hd__mux2_8)
     1    0.08    0.14    0.27    1.01 ^ _1990_/X (sky130_fd_sc_hd__mux2_8)
                                         _0449_ (net)
                  0.16    0.04    1.04 ^ _1991_/A (sky130_fd_sc_hd__buf_8)
     1    0.09    0.14    0.19    1.24 ^ _1991_/X (sky130_fd_sc_hd__buf_8)
                                         _0078_ (net)
                  0.17    0.04    1.28 ^ _2280_/D (sky130_fd_sc_hd__dfxtp_4)
                                  1.28   data arrival time

                  0.00    0.00    0.00   clock core_clock (rise edge)
                          0.00    0.00   clock network delay (ideal)
                          0.00    0.00   clock reconvergence pessimism
                                  0.00 ^ _2280_/CLK (sky130_fd_sc_hd__dfxtp_4)
                         -0.06   -0.06   library hold time
                                 -0.06   data required time
-----------------------------------------------------------------------------
                                 -0.06   data required time
                                 -1.28   data arrival time
-----------------------------------------------------------------------------
                                  1.34   slack (MET)


Startpoint: _2374_ (rising edge-triggered flip-flop clocked by core_clock)
Endpoint: _2374_ (rising edge-triggered flip-flop clocked by core_clock)
Path Group: core_clock
Path Type: min

Fanout     Cap    Slew   Delay    Time   Description
-----------------------------------------------------------------------------
                  0.00    0.00    0.00   clock core_clock (rise edge)
                          0.00    0.00   clock network delay (ideal)
                  0.00    0.00    0.00 ^ _2374_/CLK (sky130_fd_sc_hd__dfxtp_1)
     1    0.01    0.10    0.33    0.33 ^ _2374_/Q (sky130_fd_sc_hd__dfxtp_1)
                                         rf.registers[1][12] (net)
                  0.10    0.00    0.33 ^ wire1224/A (sky130_fd_sc_hd__buf_12)
     2    0.19    0.18    0.18    0.50 ^ wire1224/X (sky130_fd_sc_hd__buf_12)
                                         net1224 (net)
                  0.38    0.17    0.67 ^ _2124_/A0 (sky130_fd_sc_hd__mux2_8)
     1    0.07    0.13    0.31    0.99 ^ _2124_/X (sky130_fd_sc_hd__mux2_8)
                                         _0521_ (net)
                  0.14    0.02    1.01 ^ _2125_/A (sky130_fd_sc_hd__clkbuf_16)
     1    0.12    0.12    0.21    1.22 ^ _2125_/X (sky130_fd_sc_hd__clkbuf_16)
                                         _0140_ (net)
                  0.18    0.07    1.29 ^ _2374_/D (sky130_fd_sc_hd__dfxtp_1)
                                  1.29   data arrival time

                  0.00    0.00    0.00   clock core_clock (rise edge)
                          0.00    0.00   clock network delay (ideal)
                          0.00    0.00   clock reconvergence pessimism
                                  0.00 ^ _2374_/CLK (sky130_fd_sc_hd__dfxtp_1)
                         -0.06   -0.06   library hold time
                                 -0.06   data required time
-----------------------------------------------------------------------------
                                 -0.06   data required time
                                 -1.29   data arrival time
-----------------------------------------------------------------------------
                                  1.35   slack (MET)


Startpoint: _2274_ (rising edge-triggered flip-flop clocked by core_clock)
Endpoint: _2274_ (rising edge-triggered flip-flop clocked by core_clock)
Path Group: core_clock
Path Type: min

Fanout     Cap    Slew   Delay    Time   Description
-----------------------------------------------------------------------------
                  0.00    0.00    0.00   clock core_clock (rise edge)
                          0.00    0.00   clock network delay (ideal)
                  0.00    0.00    0.00 ^ _2274_/CLK (sky130_fd_sc_hd__dfxtp_4)
     3    0.10    0.29    0.49    0.49 ^ _2274_/Q (sky130_fd_sc_hd__dfxtp_4)
                                         rf.registers[3][8] (net)
                  0.30    0.04    0.53 ^ _1977_/A0 (sky130_fd_sc_hd__mux2_8)
     1    0.10    0.16    0.32    0.85 ^ _1977_/X (sky130_fd_sc_hd__mux2_8)
                                         _0442_ (net)
                  0.19    0.05    0.90 ^ _1978_/A (sky130_fd_sc_hd__buf_12)
     1    0.17    0.16    0.21    1.12 ^ _1978_/X (sky130_fd_sc_hd__buf_12)
                                         _0072_ (net)
                  0.32    0.14    1.26 ^ _2274_/D (sky130_fd_sc_hd__dfxtp_4)
                                  1.26   data arrival time

                  0.00    0.00    0.00   clock core_clock (rise edge)
                          0.00    0.00   clock network delay (ideal)
                          0.00    0.00   clock reconvergence pessimism
                                  0.00 ^ _2274_/CLK (sky130_fd_sc_hd__dfxtp_4)
                         -0.10   -0.10   library hold time
                                 -0.10   data required time
-----------------------------------------------------------------------------
                                 -0.10   data required time
                                 -1.26   data arrival time
-----------------------------------------------------------------------------
                                  1.35   slack (MET)


Startpoint: _2294_ (rising edge-triggered flip-flop clocked by core_clock)
Endpoint: _2294_ (rising edge-triggered flip-flop clocked by core_clock)
Path Group: core_clock
Path Type: min

Fanout     Cap    Slew   Delay    Time   Description
-----------------------------------------------------------------------------
                  0.00    0.00    0.00   clock core_clock (rise edge)
                          0.00    0.00   clock network delay (ideal)
                  0.00    0.00    0.00 ^ _2294_/CLK (sky130_fd_sc_hd__dfxtp_1)
     1    0.01    0.11    0.33    0.33 ^ _2294_/Q (sky130_fd_sc_hd__dfxtp_1)
                                         rf.registers[3][28] (net)
                  0.11    0.00    0.33 ^ wire1357/A (sky130_fd_sc_hd__buf_12)
     3    0.20    0.18    0.18    0.51 ^ wire1357/X (sky130_fd_sc_hd__buf_12)
                                         net1357 (net)
                  0.37    0.16    0.67 ^ _2019_/A0 (sky130_fd_sc_hd__mux2_8)
     1    0.06    0.12    0.31    0.97 ^ _2019_/X (sky130_fd_sc_hd__mux2_8)
                                         _0464_ (net)
                  0.13    0.02    0.99 ^ _2020_/A (sky130_fd_sc_hd__buf_12)
     1    0.14    0.14    0.19    1.18 ^ _2020_/X (sky130_fd_sc_hd__buf_12)
                                         _0092_ (net)
                  0.25    0.10    1.28 ^ _2294_/D (sky130_fd_sc_hd__dfxtp_1)
                                  1.28   data arrival time

                  0.00    0.00    0.00   clock core_clock (rise edge)
                          0.00    0.00   clock network delay (ideal)
                          0.00    0.00   clock reconvergence pessimism
                                  0.00 ^ _2294_/CLK (sky130_fd_sc_hd__dfxtp_1)
                         -0.08   -0.08   library hold time
                                 -0.08   data required time
-----------------------------------------------------------------------------
                                 -0.08   data required time
                                 -1.28   data arrival time
-----------------------------------------------------------------------------
                                  1.36   slack (MET)


Startpoint: _2399_ (rising edge-triggered flip-flop clocked by core_clock)
Endpoint: _2303_ (rising edge-triggered flip-flop clocked by core_clock)
Path Group: core_clock
Path Type: min

Fanout     Cap    Slew   Delay    Time   Description
-----------------------------------------------------------------------------
                  0.00    0.00    0.00   clock core_clock (rise edge)
                          0.00    0.00   clock network delay (ideal)
                  0.00    0.00    0.00 ^ _2399_/CLK (sky130_fd_sc_hd__dfxtp_4)
     2    0.15    0.43    0.56    0.56 ^ _2399_/Q (sky130_fd_sc_hd__dfxtp_4)
                                         rf.registers[2][5] (net)
                  0.45    0.07    0.64 ^ _1901_/A2 (sky130_fd_sc_hd__mux4_2)
     1    0.03    0.18    0.44    1.08 ^ _1901_/X (sky130_fd_sc_hd__mux4_2)
                                         _0401_ (net)
                  0.18    0.01    1.09 ^ _1902_/A (sky130_fd_sc_hd__buf_2)
     1    0.03    0.15    0.23    1.31 ^ _1902_/X (sky130_fd_sc_hd__buf_2)
                                         _0027_ (net)
                  0.15    0.00    1.32 ^ _2303_/D (sky130_fd_sc_hd__dfxtp_4)
                                  1.32   data arrival time

                  0.00    0.00    0.00   clock core_clock (rise edge)
                          0.00    0.00   clock network delay (ideal)
                          0.00    0.00   clock reconvergence pessimism
                                  0.00 ^ _2303_/CLK (sky130_fd_sc_hd__dfxtp_4)
                         -0.06   -0.06   library hold time
                                 -0.06   data required time
-----------------------------------------------------------------------------
                                 -0.06   data required time
                                 -1.32   data arrival time
-----------------------------------------------------------------------------
                                  1.38   slack (MET)


Startpoint: _2289_ (rising edge-triggered flip-flop clocked by core_clock)
Endpoint: _2289_ (rising edge-triggered flip-flop clocked by core_clock)
Path Group: core_clock
Path Type: min

Fanout     Cap    Slew   Delay    Time   Description
-----------------------------------------------------------------------------
                  0.00    0.00    0.00   clock core_clock (rise edge)
                          0.00    0.00   clock network delay (ideal)
                  0.00    0.00    0.00 ^ _2289_/CLK (sky130_fd_sc_hd__dfxtp_4)
     3    0.20    0.22    0.42    0.42 v _2289_/Q (sky130_fd_sc_hd__dfxtp_4)
                                         rf.registers[3][23] (net)
                  0.36    0.14    0.56 v _2009_/A0 (sky130_fd_sc_hd__mux2_8)
     1    0.08    0.11    0.50    1.06 v _2009_/X (sky130_fd_sc_hd__mux2_8)
                                         _0459_ (net)
                  0.13    0.04    1.10 v _2010_/A (sky130_fd_sc_hd__buf_2)
     1    0.03    0.08    0.21    1.31 v _2010_/X (sky130_fd_sc_hd__buf_2)
                                         _0087_ (net)
                  0.08    0.00    1.31 v _2289_/D (sky130_fd_sc_hd__dfxtp_4)
                                  1.31   data arrival time

                  0.00    0.00    0.00   clock core_clock (rise edge)
                          0.00    0.00   clock network delay (ideal)
                          0.00    0.00   clock reconvergence pessimism
                                  0.00 ^ _2289_/CLK (sky130_fd_sc_hd__dfxtp_4)
                         -0.07   -0.07   library hold time
                                 -0.07   data required time
-----------------------------------------------------------------------------
                                 -0.07   data required time
                                 -1.31   data arrival time
-----------------------------------------------------------------------------
                                  1.38   slack (MET)


Startpoint: _2414_ (rising edge-triggered flip-flop clocked by core_clock)
Endpoint: _2414_ (rising edge-triggered flip-flop clocked by core_clock)
Path Group: core_clock
Path Type: min

Fanout     Cap    Slew   Delay    Time   Description
-----------------------------------------------------------------------------
                  0.00    0.00    0.00   clock core_clock (rise edge)
                          0.00    0.00   clock network delay (ideal)
                  0.00    0.00    0.00 ^ _2414_/CLK (sky130_fd_sc_hd__dfxtp_4)
     3    0.15    0.19    0.41    0.41 v _2414_/Q (sky130_fd_sc_hd__dfxtp_4)
                                         rf.registers[2][20] (net)
                  0.25    0.08    0.50 v _2210_/A0 (sky130_fd_sc_hd__mux2_8)
     1    0.14    0.13    0.48    0.97 v _2210_/X (sky130_fd_sc_hd__mux2_8)
                                         _0567_ (net)
                  0.23    0.09    1.07 v _2211_/A (sky130_fd_sc_hd__buf_4)
     1    0.05    0.08    0.26    1.33 v _2211_/X (sky130_fd_sc_hd__buf_4)
                                         _0180_ (net)
                  0.08    0.01    1.34 v _2414_/D (sky130_fd_sc_hd__dfxtp_4)
                                  1.34   data arrival time

                  0.00    0.00    0.00   clock core_clock (rise edge)
                          0.00    0.00   clock network delay (ideal)
                          0.00    0.00   clock reconvergence pessimism
                                  0.00 ^ _2414_/CLK (sky130_fd_sc_hd__dfxtp_4)
                         -0.07   -0.07   library hold time
                                 -0.07   data required time
-----------------------------------------------------------------------------
                                 -0.07   data required time
                                 -1.34   data arrival time
-----------------------------------------------------------------------------
                                  1.41   slack (MET)


Startpoint: _2385_ (rising edge-triggered flip-flop clocked by core_clock)
Endpoint: _2385_ (rising edge-triggered flip-flop clocked by core_clock)
Path Group: core_clock
Path Type: min

Fanout     Cap    Slew   Delay    Time   Description
-----------------------------------------------------------------------------
                  0.00    0.00    0.00   clock core_clock (rise edge)
                          0.00    0.00   clock network delay (ideal)
                  0.00    0.00    0.00 ^ _2385_/CLK (sky130_fd_sc_hd__dfxtp_4)
     3    0.22    0.26    0.44    0.44 v _2385_/Q (sky130_fd_sc_hd__dfxtp_4)
                                         rf.registers[1][23] (net)
                  0.30    0.07    0.52 v _2147_/A0 (sky130_fd_sc_hd__mux2_8)
     1    0.07    0.11    0.46    0.98 v _2147_/X (sky130_fd_sc_hd__mux2_8)
                                         _0533_ (net)
                  0.12    0.02    1.00 v _2148_/A (sky130_fd_sc_hd__clkbuf_16)
     1    0.13    0.08    0.22    1.22 v _2148_/X (sky130_fd_sc_hd__clkbuf_16)
                                         _0151_ (net)
                  0.18    0.08    1.30 v _2385_/D (sky130_fd_sc_hd__dfxtp_4)
                                  1.30   data arrival time

                  0.00    0.00    0.00   clock core_clock (rise edge)
                          0.00    0.00   clock network delay (ideal)
                          0.00    0.00   clock reconvergence pessimism
                                  0.00 ^ _2385_/CLK (sky130_fd_sc_hd__dfxtp_4)
                         -0.11   -0.11   library hold time
                                 -0.11   data required time
-----------------------------------------------------------------------------
                                 -0.11   data required time
                                 -1.30   data arrival time
-----------------------------------------------------------------------------
                                  1.41   slack (MET)


Startpoint: _2417_ (rising edge-triggered flip-flop clocked by core_clock)
Endpoint: _2417_ (rising edge-triggered flip-flop clocked by core_clock)
Path Group: core_clock
Path Type: min

Fanout     Cap    Slew   Delay    Time   Description
-----------------------------------------------------------------------------
                  0.00    0.00    0.00   clock core_clock (rise edge)
                          0.00    0.00   clock network delay (ideal)
                  0.00    0.00    0.00 ^ _2417_/CLK (sky130_fd_sc_hd__dfxtp_4)
     2    0.13    0.37    0.53    0.53 ^ _2417_/Q (sky130_fd_sc_hd__dfxtp_4)
                                         rf.registers[2][23] (net)
                  0.41    0.09    0.62 ^ _2216_/A0 (sky130_fd_sc_hd__mux2_8)
     1    0.11    0.18    0.35    0.97 ^ _2216_/X (sky130_fd_sc_hd__mux2_8)
                                         _0570_ (net)
                  0.21    0.06    1.03 ^ _2217_/A (sky130_fd_sc_hd__buf_12)
     1    0.14    0.14    0.21    1.24 ^ _2217_/X (sky130_fd_sc_hd__buf_12)
                                         _0183_ (net)
                  0.24    0.10    1.34 ^ _2417_/D (sky130_fd_sc_hd__dfxtp_4)
                                  1.34   data arrival time

                  0.00    0.00    0.00   clock core_clock (rise edge)
                          0.00    0.00   clock network delay (ideal)
                          0.00    0.00   clock reconvergence pessimism
                                  0.00 ^ _2417_/CLK (sky130_fd_sc_hd__dfxtp_4)
                         -0.08   -0.08   library hold time
                                 -0.08   data required time
-----------------------------------------------------------------------------
                                 -0.08   data required time
                                 -1.34   data arrival time
-----------------------------------------------------------------------------
                                  1.42   slack (MET)


Startpoint: _2410_ (rising edge-triggered flip-flop clocked by core_clock)
Endpoint: _2410_ (rising edge-triggered flip-flop clocked by core_clock)
Path Group: core_clock
Path Type: min

Fanout     Cap    Slew   Delay    Time   Description
-----------------------------------------------------------------------------
                  0.00    0.00    0.00   clock core_clock (rise edge)
                          0.00    0.00   clock network delay (ideal)
                  0.00    0.00    0.00 ^ _2410_/CLK (sky130_fd_sc_hd__dfxtp_4)
     3    0.22    0.26    0.46    0.46 v _2410_/Q (sky130_fd_sc_hd__dfxtp_4)
                                         rf.registers[2][16] (net)
                  0.26    0.01    0.47 v _2201_/A0 (sky130_fd_sc_hd__mux2_8)
     1    0.13    0.13    0.48    0.94 v _2201_/X (sky130_fd_sc_hd__mux2_8)
                                         _0562_ (net)
                  0.22    0.09    1.03 v _2202_/A (sky130_fd_sc_hd__buf_12)
     1    0.12    0.06    0.23    1.26 v _2202_/X (sky130_fd_sc_hd__buf_12)
                                         _0176_ (net)
                  0.15    0.07    1.33 v _2410_/D (sky130_fd_sc_hd__dfxtp_4)
                                  1.33   data arrival time

                  0.00    0.00    0.00   clock core_clock (rise edge)
                          0.00    0.00   clock network delay (ideal)
                          0.00    0.00   clock reconvergence pessimism
                                  0.00 ^ _2410_/CLK (sky130_fd_sc_hd__dfxtp_4)
                         -0.10   -0.10   library hold time
                                 -0.10   data required time
-----------------------------------------------------------------------------
                                 -0.10   data required time
                                 -1.33   data arrival time
-----------------------------------------------------------------------------
                                  1.43   slack (MET)


Startpoint: _2269_ (rising edge-triggered flip-flop clocked by core_clock)
Endpoint: _2269_ (rising edge-triggered flip-flop clocked by core_clock)
Path Group: core_clock
Path Type: min

Fanout     Cap    Slew   Delay    Time   Description
-----------------------------------------------------------------------------
                  0.00    0.00    0.00   clock core_clock (rise edge)
                          0.00    0.00   clock network delay (ideal)
                  0.00    0.00    0.00 ^ _2269_/CLK (sky130_fd_sc_hd__dfxtp_4)
     3    0.07    0.22    0.45    0.45 ^ _2269_/Q (sky130_fd_sc_hd__dfxtp_4)
                                         rf.registers[3][3] (net)
                  0.22    0.02    0.47 ^ _1967_/A0 (sky130_fd_sc_hd__mux2_8)
     1    0.16    0.25    0.35    0.81 ^ _1967_/X (sky130_fd_sc_hd__mux2_8)
                                         _0437_ (net)
                  0.37    0.13    0.95 ^ _1968_/A (sky130_fd_sc_hd__buf_12)
     1    0.17    0.16    0.24    1.19 ^ _1968_/X (sky130_fd_sc_hd__buf_12)
                                         _0067_ (net)
                  0.33    0.14    1.33 ^ _2269_/D (sky130_fd_sc_hd__dfxtp_4)
                                  1.33   data arrival time

                  0.00    0.00    0.00   clock core_clock (rise edge)
                          0.00    0.00   clock network delay (ideal)
                          0.00    0.00   clock reconvergence pessimism
                                  0.00 ^ _2269_/CLK (sky130_fd_sc_hd__dfxtp_4)
                         -0.10   -0.10   library hold time
                                 -0.10   data required time
-----------------------------------------------------------------------------
                                 -0.10   data required time
                                 -1.33   data arrival time
-----------------------------------------------------------------------------
                                  1.43   slack (MET)


Startpoint: _2420_ (rising edge-triggered flip-flop clocked by core_clock)
Endpoint: _2420_ (rising edge-triggered flip-flop clocked by core_clock)
Path Group: core_clock
Path Type: min

Fanout     Cap    Slew   Delay    Time   Description
-----------------------------------------------------------------------------
                  0.00    0.00    0.00   clock core_clock (rise edge)
                          0.00    0.00   clock network delay (ideal)
                  0.00    0.00    0.00 ^ _2420_/CLK (sky130_fd_sc_hd__dfxtp_4)
     3    0.17    0.20    0.42    0.42 v _2420_/Q (sky130_fd_sc_hd__dfxtp_4)
                                         rf.registers[2][26] (net)
                  0.35    0.14    0.56 v _2222_/A0 (sky130_fd_sc_hd__mux2_8)
     1    0.09    0.11    0.50    1.06 v _2222_/X (sky130_fd_sc_hd__mux2_8)
                                         _0573_ (net)
                  0.13    0.04    1.10 v _2223_/A (sky130_fd_sc_hd__buf_8)
     1    0.10    0.07    0.20    1.30 v _2223_/X (sky130_fd_sc_hd__buf_8)
                                         _0186_ (net)
                  0.12    0.05    1.35 v _2420_/D (sky130_fd_sc_hd__dfxtp_4)
                                  1.35   data arrival time

                  0.00    0.00    0.00   clock core_clock (rise edge)
                          0.00    0.00   clock network delay (ideal)
                          0.00    0.00   clock reconvergence pessimism
                                  0.00 ^ _2420_/CLK (sky130_fd_sc_hd__dfxtp_4)
                         -0.09   -0.09   library hold time
                                 -0.09   data required time
-----------------------------------------------------------------------------
                                 -0.09   data required time
                                 -1.35   data arrival time
-----------------------------------------------------------------------------
                                  1.43   slack (MET)


Startpoint: _2286_ (rising edge-triggered flip-flop clocked by core_clock)
Endpoint: _2286_ (rising edge-triggered flip-flop clocked by core_clock)
Path Group: core_clock
Path Type: min

Fanout     Cap    Slew   Delay    Time   Description
-----------------------------------------------------------------------------
                  0.00    0.00    0.00   clock core_clock (rise edge)
                          0.00    0.00   clock network delay (ideal)
                  0.00    0.00    0.00 ^ _2286_/CLK (sky130_fd_sc_hd__dfxtp_1)
     1    0.01    0.10    0.33    0.33 ^ _2286_/Q (sky130_fd_sc_hd__dfxtp_1)
                                         rf.registers[3][20] (net)
                  0.10    0.00    0.33 ^ wire1366/A (sky130_fd_sc_hd__buf_12)
     3    0.18    0.19    0.18    0.51 ^ wire1366/X (sky130_fd_sc_hd__buf_12)
                                         net1366 (net)
                  0.30    0.12    0.63 ^ _2003_/A0 (sky130_fd_sc_hd__mux2_8)
     1    0.14    0.22    0.36    0.98 ^ _2003_/X (sky130_fd_sc_hd__mux2_8)
                                         _0456_ (net)
                  0.30    0.10    1.08 ^ _2004_/A (sky130_fd_sc_hd__buf_12)
     1    0.12    0.13    0.21    1.30 ^ _2004_/X (sky130_fd_sc_hd__buf_12)
                                         _0084_ (net)
                  0.20    0.08    1.37 ^ _2286_/D (sky130_fd_sc_hd__dfxtp_1)
                                  1.37   data arrival time

                  0.00    0.00    0.00   clock core_clock (rise edge)
                          0.00    0.00   clock network delay (ideal)
                          0.00    0.00   clock reconvergence pessimism
                                  0.00 ^ _2286_/CLK (sky130_fd_sc_hd__dfxtp_1)
                         -0.07   -0.07   library hold time
                                 -0.07   data required time
-----------------------------------------------------------------------------
                                 -0.07   data required time
                                 -1.37   data arrival time
-----------------------------------------------------------------------------
                                  1.44   slack (MET)


Startpoint: _2359_ (rising edge-triggered flip-flop clocked by core_clock)
Endpoint: _2359_ (rising edge-triggered flip-flop clocked by core_clock)
Path Group: core_clock
Path Type: min

Fanout     Cap    Slew   Delay    Time   Description
-----------------------------------------------------------------------------
                  0.00    0.00    0.00   clock core_clock (rise edge)
                          0.00    0.00   clock network delay (ideal)
                  0.00    0.00    0.00 ^ _2359_/CLK (sky130_fd_sc_hd__dfxtp_4)
     3    0.25    0.30    0.46    0.46 v _2359_/Q (sky130_fd_sc_hd__dfxtp_4)
                                         rf.registers[0][29] (net)
                  0.38    0.11    0.58 v _2090_/A1 (sky130_fd_sc_hd__mux2_8)
     1    0.09    0.11    0.51    1.09 v _2090_/X (sky130_fd_sc_hd__mux2_8)
                                         _0502_ (net)
                  0.14    0.04    1.13 v _2091_/A (sky130_fd_sc_hd__buf_8)
     1    0.09    0.07    0.20    1.32 v _2091_/X (sky130_fd_sc_hd__buf_8)
                                         _0125_ (net)
                  0.11    0.04    1.37 v _2359_/D (sky130_fd_sc_hd__dfxtp_4)
                                  1.37   data arrival time

                  0.00    0.00    0.00   clock core_clock (rise edge)
                          0.00    0.00   clock network delay (ideal)
                          0.00    0.00   clock reconvergence pessimism
                                  0.00 ^ _2359_/CLK (sky130_fd_sc_hd__dfxtp_4)
                         -0.08   -0.08   library hold time
                                 -0.08   data required time
-----------------------------------------------------------------------------
                                 -0.08   data required time
                                 -1.37   data arrival time
-----------------------------------------------------------------------------
                                  1.45   slack (MET)


Startpoint: _2347_ (rising edge-triggered flip-flop clocked by core_clock)
Endpoint: _2315_ (rising edge-triggered flip-flop clocked by core_clock)
Path Group: core_clock
Path Type: min

Fanout     Cap    Slew   Delay    Time   Description
-----------------------------------------------------------------------------
                  0.00    0.00    0.00   clock core_clock (rise edge)
                          0.00    0.00   clock network delay (ideal)
                  0.00    0.00    0.00 ^ _2347_/CLK (sky130_fd_sc_hd__dfxtp_4)
     3    0.09    0.24    0.47    0.47 ^ _2347_/Q (sky130_fd_sc_hd__dfxtp_4)
                                         rf.registers[0][17] (net)
                  0.25    0.01    0.48 ^ _1927_/A0 (sky130_fd_sc_hd__mux4_2)
     1    0.07    0.38    0.53    1.01 ^ _1927_/X (sky130_fd_sc_hd__mux4_2)
                                         _0415_ (net)
                  0.39    0.03    1.04 ^ _1928_/A (sky130_fd_sc_hd__buf_12)
     1    0.15    0.15    0.23    1.28 ^ _1928_/X (sky130_fd_sc_hd__buf_12)
                                         _0008_ (net)
                  0.28    0.12    1.39 ^ _2315_/D (sky130_fd_sc_hd__dfxtp_4)
                                  1.39   data arrival time

                  0.00    0.00    0.00   clock core_clock (rise edge)
                          0.00    0.00   clock network delay (ideal)
                          0.00    0.00   clock reconvergence pessimism
                                  0.00 ^ _2315_/CLK (sky130_fd_sc_hd__dfxtp_4)
                         -0.09   -0.09   library hold time
                                 -0.09   data required time
-----------------------------------------------------------------------------
                                 -0.09   data required time
                                 -1.39   data arrival time
-----------------------------------------------------------------------------
                                  1.48   slack (MET)


Startpoint: _2367_ (rising edge-triggered flip-flop clocked by core_clock)
Endpoint: _2367_ (rising edge-triggered flip-flop clocked by core_clock)
Path Group: core_clock
Path Type: min

Fanout     Cap    Slew   Delay    Time   Description
-----------------------------------------------------------------------------
                  0.00    0.00    0.00   clock core_clock (rise edge)
                          0.00    0.00   clock network delay (ideal)
                  0.00    0.00    0.00 ^ _2367_/CLK (sky130_fd_sc_hd__dfxtp_4)
     2    0.10    0.28    0.48    0.48 ^ _2367_/Q (sky130_fd_sc_hd__dfxtp_4)
                                         rf.registers[1][5] (net)
                  0.29    0.04    0.53 ^ _2109_/A0 (sky130_fd_sc_hd__mux2_8)
     1    0.19    0.28    0.38    0.91 ^ _2109_/X (sky130_fd_sc_hd__mux2_8)
                                         _0513_ (net)
                  0.46    0.18    1.10 ^ _2110_/A (sky130_fd_sc_hd__buf_8)
     1    0.11    0.17    0.25    1.35 ^ _2110_/X (sky130_fd_sc_hd__buf_8)
                                         _0133_ (net)
                  0.21    0.06    1.41 ^ _2367_/D (sky130_fd_sc_hd__dfxtp_4)
                                  1.41   data arrival time

                  0.00    0.00    0.00   clock core_clock (rise edge)
                          0.00    0.00   clock network delay (ideal)
                          0.00    0.00   clock reconvergence pessimism
                                  0.00 ^ _2367_/CLK (sky130_fd_sc_hd__dfxtp_4)
                         -0.07   -0.07   library hold time
                                 -0.07   data required time
-----------------------------------------------------------------------------
                                 -0.07   data required time
                                 -1.41   data arrival time
-----------------------------------------------------------------------------
                                  1.48   slack (MET)


Startpoint: _2400_ (rising edge-triggered flip-flop clocked by core_clock)
Endpoint: _2400_ (rising edge-triggered flip-flop clocked by core_clock)
Path Group: core_clock
Path Type: min

Fanout     Cap    Slew   Delay    Time   Description
-----------------------------------------------------------------------------
                  0.00    0.00    0.00   clock core_clock (rise edge)
                          0.00    0.00   clock network delay (ideal)
                  0.00    0.00    0.00 ^ _2400_/CLK (sky130_fd_sc_hd__dfxtp_4)
     3    0.16    0.20    0.42    0.42 v _2400_/Q (sky130_fd_sc_hd__dfxtp_4)
                                         rf.registers[2][6] (net)
                  0.26    0.09    0.50 v _2180_/A0 (sky130_fd_sc_hd__mux2_8)
     1    0.12    0.12    0.47    0.98 v _2180_/X (sky130_fd_sc_hd__mux2_8)
                                         _0551_ (net)
                  0.18    0.07    1.04 v _2181_/A (sky130_fd_sc_hd__buf_12)
     1    0.15    0.06    0.22    1.26 v _2181_/X (sky130_fd_sc_hd__buf_12)
                                         _0166_ (net)
                  0.21    0.10    1.36 v _2400_/D (sky130_fd_sc_hd__dfxtp_4)
                                  1.36   data arrival time

                  0.00    0.00    0.00   clock core_clock (rise edge)
                          0.00    0.00   clock network delay (ideal)
                          0.00    0.00   clock reconvergence pessimism
                                  0.00 ^ _2400_/CLK (sky130_fd_sc_hd__dfxtp_4)
                         -0.12   -0.12   library hold time
                                 -0.12   data required time
-----------------------------------------------------------------------------
                                 -0.12   data required time
                                 -1.36   data arrival time
-----------------------------------------------------------------------------
                                  1.48   slack (MET)


Startpoint: _2297_ (rising edge-triggered flip-flop clocked by core_clock)
Endpoint: _2297_ (rising edge-triggered flip-flop clocked by core_clock)
Path Group: core_clock
Path Type: min

Fanout     Cap    Slew   Delay    Time   Description
-----------------------------------------------------------------------------
                  0.00    0.00    0.00   clock core_clock (rise edge)
                          0.00    0.00   clock network delay (ideal)
                  0.00    0.00    0.00 ^ _2297_/CLK (sky130_fd_sc_hd__dfxtp_2)
     2    0.02    0.12    0.36    0.36 ^ _2297_/Q (sky130_fd_sc_hd__dfxtp_2)
                                         rf.registers[3][31] (net)
                  0.12    0.00    0.36 ^ wire1352/A (sky130_fd_sc_hd__buf_12)
     2    0.22    0.21    0.18    0.55 ^ wire1352/X (sky130_fd_sc_hd__buf_12)
                                         net1352 (net)
                  0.43    0.19    0.73 ^ _2025_/A0 (sky130_fd_sc_hd__mux2_8)
     1    0.08    0.15    0.34    1.07 ^ _2025_/X (sky130_fd_sc_hd__mux2_8)
                                         _0467_ (net)
                  0.16    0.04    1.11 ^ _2026_/A (sky130_fd_sc_hd__buf_12)
     1    0.16    0.15    0.20    1.31 ^ _2026_/X (sky130_fd_sc_hd__buf_12)
                                         _0095_ (net)
                  0.30    0.13    1.44 ^ _2297_/D (sky130_fd_sc_hd__dfxtp_2)
                                  1.44   data arrival time

                  0.00    0.00    0.00   clock core_clock (rise edge)
                          0.00    0.00   clock network delay (ideal)
                          0.00    0.00   clock reconvergence pessimism
                                  0.00 ^ _2297_/CLK (sky130_fd_sc_hd__dfxtp_2)
                         -0.09   -0.09   library hold time
                                 -0.09   data required time
-----------------------------------------------------------------------------
                                 -0.09   data required time
                                 -1.44   data arrival time
-----------------------------------------------------------------------------
                                  1.53   slack (MET)


Startpoint: _2342_ (rising edge-triggered flip-flop clocked by core_clock)
Endpoint: _2342_ (rising edge-triggered flip-flop clocked by core_clock)
Path Group: core_clock
Path Type: min

Fanout     Cap    Slew   Delay    Time   Description
-----------------------------------------------------------------------------
                  0.00    0.00    0.00   clock core_clock (rise edge)
                          0.00    0.00   clock network delay (ideal)
                  0.00    0.00    0.00 ^ _2342_/CLK (sky130_fd_sc_hd__dfxtp_4)
     2    0.07    0.22    0.44    0.44 ^ _2342_/Q (sky130_fd_sc_hd__dfxtp_4)
                                         rf.registers[0][12] (net)
                  0.22    0.03    0.47 ^ _2055_/A1 (sky130_fd_sc_hd__mux2_8)
     1    0.16    0.25    0.35    0.82 ^ _2055_/X (sky130_fd_sc_hd__mux2_8)
                                         _0484_ (net)
                  0.37    0.13    0.95 ^ _2056_/A (sky130_fd_sc_hd__buf_12)
     1    0.21    0.18    0.25    1.21 ^ _2056_/X (sky130_fd_sc_hd__buf_12)
                                         _0108_ (net)
                  0.46    0.21    1.42 ^ _2342_/D (sky130_fd_sc_hd__dfxtp_4)
                                  1.42   data arrival time

                  0.00    0.00    0.00   clock core_clock (rise edge)
                          0.00    0.00   clock network delay (ideal)
                          0.00    0.00   clock reconvergence pessimism
                                  0.00 ^ _2342_/CLK (sky130_fd_sc_hd__dfxtp_4)
                         -0.12   -0.12   library hold time
                                 -0.12   data required time
-----------------------------------------------------------------------------
                                 -0.12   data required time
                                 -1.42   data arrival time
-----------------------------------------------------------------------------
                                  1.54   slack (MET)


Startpoint: _2368_ (rising edge-triggered flip-flop clocked by core_clock)
Endpoint: _2368_ (rising edge-triggered flip-flop clocked by core_clock)
Path Group: core_clock
Path Type: min

Fanout     Cap    Slew   Delay    Time   Description
-----------------------------------------------------------------------------
                  0.00    0.00    0.00   clock core_clock (rise edge)
                          0.00    0.00   clock network delay (ideal)
                  0.00    0.00    0.00 ^ _2368_/CLK (sky130_fd_sc_hd__dfxtp_4)
     2    0.15    0.42    0.55    0.55 ^ _2368_/Q (sky130_fd_sc_hd__dfxtp_4)
                                         rf.registers[1][6] (net)
                  0.42    0.03    0.58 ^ max_cap1230/A (sky130_fd_sc_hd__buf_12)
     2    0.16    0.16    0.24    0.83 ^ max_cap1230/X (sky130_fd_sc_hd__buf_12)
                                         net1230 (net)
                  0.30    0.13    0.95 ^ _2111_/A0 (sky130_fd_sc_hd__mux2_8)
     1    0.07    0.13    0.30    1.25 ^ _2111_/X (sky130_fd_sc_hd__mux2_8)
                                         _0514_ (net)
                  0.14    0.02    1.27 ^ _2112_/A (sky130_fd_sc_hd__buf_12)
     1    0.12    0.13    0.18    1.46 ^ _2112_/X (sky130_fd_sc_hd__buf_12)
                                         _0134_ (net)
                  0.20    0.08    1.53 ^ _2368_/D (sky130_fd_sc_hd__dfxtp_4)
                                  1.53   data arrival time

                  0.00    0.00    0.00   clock core_clock (rise edge)
                          0.00    0.00   clock network delay (ideal)
                          0.00    0.00   clock reconvergence pessimism
                                  0.00 ^ _2368_/CLK (sky130_fd_sc_hd__dfxtp_4)
                         -0.07   -0.07   library hold time
                                 -0.07   data required time
-----------------------------------------------------------------------------
                                 -0.07   data required time
                                 -1.53   data arrival time
-----------------------------------------------------------------------------
                                  1.60   slack (MET)


Startpoint: _2370_ (rising edge-triggered flip-flop clocked by core_clock)
Endpoint: _2370_ (rising edge-triggered flip-flop clocked by core_clock)
Path Group: core_clock
Path Type: min

Fanout     Cap    Slew   Delay    Time   Description
-----------------------------------------------------------------------------
                  0.00    0.00    0.00   clock core_clock (rise edge)
                          0.00    0.00   clock network delay (ideal)
                  0.00    0.00    0.00 ^ _2370_/CLK (sky130_fd_sc_hd__dfxtp_4)
     2    0.16    0.20    0.42    0.42 v _2370_/Q (sky130_fd_sc_hd__dfxtp_4)
                                         rf.registers[1][8] (net)
                  0.23    0.06    0.48 v load_slew1229/A (sky130_fd_sc_hd__buf_12)
     2    0.15    0.06    0.24    0.71 v load_slew1229/X (sky130_fd_sc_hd__buf_12)
                                         net1229 (net)
                  0.19    0.09    0.80 v _2115_/A0 (sky130_fd_sc_hd__mux2_2)
     1    0.02    0.09    0.37    1.17 v _2115_/X (sky130_fd_sc_hd__mux2_2)
                                         _0516_ (net)
                  0.09    0.00    1.17 v _2116_/A (sky130_fd_sc_hd__buf_12)
     1    0.17    0.07    0.18    1.35 v _2116_/X (sky130_fd_sc_hd__buf_12)
                                         _0136_ (net)
                  0.26    0.12    1.48 v _2370_/D (sky130_fd_sc_hd__dfxtp_4)
                                  1.48   data arrival time

                  0.00    0.00    0.00   clock core_clock (rise edge)
                          0.00    0.00   clock network delay (ideal)
                          0.00    0.00   clock reconvergence pessimism
                                  0.00 ^ _2370_/CLK (sky130_fd_sc_hd__dfxtp_4)
                         -0.14   -0.14   library hold time
                                 -0.14   data required time
-----------------------------------------------------------------------------
                                 -0.14   data required time
                                 -1.48   data arrival time
-----------------------------------------------------------------------------
                                  1.62   slack (MET)


Startpoint: _2363_ (rising edge-triggered flip-flop clocked by core_clock)
Endpoint: _2363_ (rising edge-triggered flip-flop clocked by core_clock)
Path Group: core_clock
Path Type: min

Fanout     Cap    Slew   Delay    Time   Description
-----------------------------------------------------------------------------
                  0.00    0.00    0.00   clock core_clock (rise edge)
                          0.00    0.00   clock network delay (ideal)
                  0.00    0.00    0.00 ^ _2363_/CLK (sky130_fd_sc_hd__dfxtp_4)
     2    0.12    0.33    0.51    0.51 ^ _2363_/Q (sky130_fd_sc_hd__dfxtp_4)
                                         rf.registers[1][1] (net)
                  0.33    0.01    0.52 ^ max_cap1239/A (sky130_fd_sc_hd__buf_12)
     2    0.17    0.18    0.22    0.74 ^ max_cap1239/X (sky130_fd_sc_hd__buf_12)
                                         net1239 (net)
                  0.34    0.14    0.88 ^ _2101_/A0 (sky130_fd_sc_hd__mux2_8)
     1    0.11    0.18    0.34    1.22 ^ _2101_/X (sky130_fd_sc_hd__mux2_8)
                                         _0509_ (net)
                  0.22    0.06    1.28 ^ _2102_/A (sky130_fd_sc_hd__buf_4)
     1    0.06    0.17    0.25    1.54 ^ _2102_/X (sky130_fd_sc_hd__buf_4)
                                         _0129_ (net)
                  0.18    0.02    1.56 ^ _2363_/D (sky130_fd_sc_hd__dfxtp_4)
                                  1.56   data arrival time

                  0.00    0.00    0.00   clock core_clock (rise edge)
                          0.00    0.00   clock network delay (ideal)
                          0.00    0.00   clock reconvergence pessimism
                                  0.00 ^ _2363_/CLK (sky130_fd_sc_hd__dfxtp_4)
                         -0.06   -0.06   library hold time
                                 -0.06   data required time
-----------------------------------------------------------------------------
                                 -0.06   data required time
                                 -1.56   data arrival time
-----------------------------------------------------------------------------
                                  1.62   slack (MET)


Startpoint: _2349_ (rising edge-triggered flip-flop clocked by core_clock)
Endpoint: _2349_ (rising edge-triggered flip-flop clocked by core_clock)
Path Group: core_clock
Path Type: min

Fanout     Cap    Slew   Delay    Time   Description
-----------------------------------------------------------------------------
                  0.00    0.00    0.00   clock core_clock (rise edge)
                          0.00    0.00   clock network delay (ideal)
                  0.00    0.00    0.00 ^ _2349_/CLK (sky130_fd_sc_hd__dfxtp_4)
     3    0.13    0.37    0.55    0.55 ^ _2349_/Q (sky130_fd_sc_hd__dfxtp_4)
                                         rf.registers[0][19] (net)
                  0.37    0.01    0.55 ^ _2069_/A1 (sky130_fd_sc_hd__mux2_8)
     1    0.20    0.28    0.40    0.96 ^ _2069_/X (sky130_fd_sc_hd__mux2_8)
                                         _0491_ (net)
                  0.48    0.19    1.15 ^ _2070_/A (sky130_fd_sc_hd__buf_12)
     1    0.17    0.16    0.25    1.40 ^ _2070_/X (sky130_fd_sc_hd__buf_12)
                                         _0115_ (net)
                  0.31    0.13    1.53 ^ _2349_/D (sky130_fd_sc_hd__dfxtp_4)
                                  1.53   data arrival time

                  0.00    0.00    0.00   clock core_clock (rise edge)
                          0.00    0.00   clock network delay (ideal)
                          0.00    0.00   clock reconvergence pessimism
                                  0.00 ^ _2349_/CLK (sky130_fd_sc_hd__dfxtp_4)
                         -0.09   -0.09   library hold time
                                 -0.09   data required time
-----------------------------------------------------------------------------
                                 -0.09   data required time
                                 -1.53   data arrival time
-----------------------------------------------------------------------------
                                  1.63   slack (MET)


Startpoint: _2362_ (rising edge-triggered flip-flop clocked by core_clock)
Endpoint: _2362_ (rising edge-triggered flip-flop clocked by core_clock)
Path Group: core_clock
Path Type: min

Fanout     Cap    Slew   Delay    Time   Description
-----------------------------------------------------------------------------
                  0.00    0.00    0.00   clock core_clock (rise edge)
                          0.00    0.00   clock network delay (ideal)
                  0.00    0.00    0.00 ^ _2362_/CLK (sky130_fd_sc_hd__dfxtp_1)
     1    0.01    0.10    0.33    0.33 ^ _2362_/Q (sky130_fd_sc_hd__dfxtp_1)
                                         rf.registers[1][0] (net)
                  0.10    0.00    0.33 ^ wire1241/A (sky130_fd_sc_hd__buf_12)
     3    0.19    0.17    0.18    0.51 ^ wire1241/X (sky130_fd_sc_hd__buf_12)
                                         net1241 (net)
                  0.38    0.16    0.67 ^ _2099_/A0 (sky130_fd_sc_hd__mux2_8)
     1    0.19    0.27    0.40    1.07 ^ _2099_/X (sky130_fd_sc_hd__mux2_8)
                                         _0508_ (net)
                  0.44    0.17    1.25 ^ _2100_/A (sky130_fd_sc_hd__buf_4)
     1    0.06    0.17    0.30    1.54 ^ _2100_/X (sky130_fd_sc_hd__buf_4)
                                         _0128_ (net)
                  0.18    0.02    1.56 ^ _2362_/D (sky130_fd_sc_hd__dfxtp_1)
                                  1.56   data arrival time

                  0.00    0.00    0.00   clock core_clock (rise edge)
                          0.00    0.00   clock network delay (ideal)
                          0.00    0.00   clock reconvergence pessimism
                                  0.00 ^ _2362_/CLK (sky130_fd_sc_hd__dfxtp_1)
                         -0.06   -0.06   library hold time
                                 -0.06   data required time
-----------------------------------------------------------------------------
                                 -0.06   data required time
                                 -1.56   data arrival time
-----------------------------------------------------------------------------
                                  1.63   slack (MET)


Startpoint: _2391_ (rising edge-triggered flip-flop clocked by core_clock)
Endpoint: _2391_ (rising edge-triggered flip-flop clocked by core_clock)
Path Group: core_clock
Path Type: min

Fanout     Cap    Slew   Delay    Time   Description
-----------------------------------------------------------------------------
                  0.00    0.00    0.00   clock core_clock (rise edge)
                          0.00    0.00   clock network delay (ideal)
                  0.00    0.00    0.00 ^ _2391_/CLK (sky130_fd_sc_hd__dfxtp_4)
     2    0.08    0.23    0.46    0.46 ^ _2391_/Q (sky130_fd_sc_hd__dfxtp_4)
                                         rf.registers[1][29] (net)
                  0.23    0.00    0.46 ^ wire1199/A (sky130_fd_sc_hd__buf_12)
     2    0.22    0.20    0.21    0.67 ^ wire1199/X (sky130_fd_sc_hd__buf_12)
                                         net1199 (net)
                  0.50    0.23    0.90 ^ _2159_/A0 (sky130_fd_sc_hd__mux2_8)
     1    0.06    0.12    0.33    1.22 ^ _2159_/X (sky130_fd_sc_hd__mux2_8)
                                         _0539_ (net)
                  0.12    0.02    1.24 ^ _2160_/A (sky130_fd_sc_hd__buf_12)
     1    0.15    0.15    0.19    1.43 ^ _2160_/X (sky130_fd_sc_hd__buf_12)
                                         _0157_ (net)
                  0.28    0.12    1.55 ^ _2391_/D (sky130_fd_sc_hd__dfxtp_4)
                                  1.55   data arrival time

                  0.00    0.00    0.00   clock core_clock (rise edge)
                          0.00    0.00   clock network delay (ideal)
                          0.00    0.00   clock reconvergence pessimism
                                  0.00 ^ _2391_/CLK (sky130_fd_sc_hd__dfxtp_4)
                         -0.09   -0.09   library hold time
                                 -0.09   data required time
-----------------------------------------------------------------------------
                                 -0.09   data required time
                                 -1.55   data arrival time
-----------------------------------------------------------------------------
                                  1.64   slack (MET)


Startpoint: _2336_ (rising edge-triggered flip-flop clocked by core_clock)
Endpoint: _2336_ (rising edge-triggered flip-flop clocked by core_clock)
Path Group: core_clock
Path Type: min

Fanout     Cap    Slew   Delay    Time   Description
-----------------------------------------------------------------------------
                  0.00    0.00    0.00   clock core_clock (rise edge)
                          0.00    0.00   clock network delay (ideal)
                  0.00    0.00    0.00 ^ _2336_/CLK (sky130_fd_sc_hd__dfxtp_4)
     3    0.23    0.24    0.42    0.42 v _2336_/Q (sky130_fd_sc_hd__dfxtp_4)
                                         rf.registers[0][6] (net)
                  0.47    0.20    0.62 v _2042_/A1 (sky130_fd_sc_hd__mux2_8)
     1    0.06    0.10    0.53    1.15 v _2042_/X (sky130_fd_sc_hd__mux2_8)
                                         _0477_ (net)
                  0.11    0.02    1.17 v _2043_/A (sky130_fd_sc_hd__buf_12)
     1    0.17    0.07    0.19    1.36 v _2043_/X (sky130_fd_sc_hd__buf_12)
                                         _0102_ (net)
                  0.27    0.13    1.49 v _2336_/D (sky130_fd_sc_hd__dfxtp_4)
                                  1.49   data arrival time

                  0.00    0.00    0.00   clock core_clock (rise edge)
                          0.00    0.00   clock network delay (ideal)
                          0.00    0.00   clock reconvergence pessimism
                                  0.00 ^ _2336_/CLK (sky130_fd_sc_hd__dfxtp_4)
                         -0.15   -0.15   library hold time
                                 -0.15   data required time
-----------------------------------------------------------------------------
                                 -0.15   data required time
                                 -1.49   data arrival time
-----------------------------------------------------------------------------
                                  1.64   slack (MET)


Startpoint: _2339_ (rising edge-triggered flip-flop clocked by core_clock)
Endpoint: _2307_ (rising edge-triggered flip-flop clocked by core_clock)
Path Group: core_clock
Path Type: min

Fanout     Cap    Slew   Delay    Time   Description
-----------------------------------------------------------------------------
                  0.00    0.00    0.00   clock core_clock (rise edge)
                          0.00    0.00   clock network delay (ideal)
                  0.00    0.00    0.00 ^ _2339_/CLK (sky130_fd_sc_hd__dfxtp_4)
     2    0.14    0.39    0.54    0.54 ^ _2339_/Q (sky130_fd_sc_hd__dfxtp_4)
                                         rf.registers[0][9] (net)
                  0.44    0.11    0.64 ^ _1909_/A0 (sky130_fd_sc_hd__mux4_2)
     1    0.08    0.42    0.60    1.24 ^ _1909_/X (sky130_fd_sc_hd__mux4_2)
                                         _0405_ (net)
                  0.43    0.04    1.28 ^ _1910_/A (sky130_fd_sc_hd__buf_8)
     1    0.10    0.16    0.24    1.52 ^ _1910_/X (sky130_fd_sc_hd__buf_8)
                                         _0031_ (net)
                  0.20    0.05    1.57 ^ _2307_/D (sky130_fd_sc_hd__dfxtp_4)
                                  1.57   data arrival time

                  0.00    0.00    0.00   clock core_clock (rise edge)
                          0.00    0.00   clock network delay (ideal)
                          0.00    0.00   clock reconvergence pessimism
                                  0.00 ^ _2307_/CLK (sky130_fd_sc_hd__dfxtp_4)
                         -0.07   -0.07   library hold time
                                 -0.07   data required time
-----------------------------------------------------------------------------
                                 -0.07   data required time
                                 -1.57   data arrival time
-----------------------------------------------------------------------------
                                  1.64   slack (MET)


Startpoint: _2291_ (rising edge-triggered flip-flop clocked by core_clock)
Endpoint: _2291_ (rising edge-triggered flip-flop clocked by core_clock)
Path Group: core_clock
Path Type: min

Fanout     Cap    Slew   Delay    Time   Description
-----------------------------------------------------------------------------
                  0.00    0.00    0.00   clock core_clock (rise edge)
                          0.00    0.00   clock network delay (ideal)
                  0.00    0.00    0.00 ^ _2291_/CLK (sky130_fd_sc_hd__dfxtp_4)
     3    0.24    0.27    0.43    0.43 v _2291_/Q (sky130_fd_sc_hd__dfxtp_4)
                                         rf.registers[3][25] (net)
                  0.49    0.21    0.65 v _2013_/A0 (sky130_fd_sc_hd__mux2_8)
     1    0.07    0.11    0.54    1.19 v _2013_/X (sky130_fd_sc_hd__mux2_8)
                                         _0461_ (net)
                  0.11    0.02    1.21 v _2014_/A (sky130_fd_sc_hd__buf_12)
     1    0.16    0.07    0.19    1.40 v _2014_/X (sky130_fd_sc_hd__buf_12)
                                         _0089_ (net)
                  0.23    0.11    1.51 v _2291_/D (sky130_fd_sc_hd__dfxtp_4)
                                  1.51   data arrival time

                  0.00    0.00    0.00   clock core_clock (rise edge)
                          0.00    0.00   clock network delay (ideal)
                          0.00    0.00   clock reconvergence pessimism
                                  0.00 ^ _2291_/CLK (sky130_fd_sc_hd__dfxtp_4)
                         -0.13   -0.13   library hold time
                                 -0.13   data required time
-----------------------------------------------------------------------------
                                 -0.13   data required time
                                 -1.51   data arrival time
-----------------------------------------------------------------------------
                                  1.64   slack (MET)


Startpoint: _2407_ (rising edge-triggered flip-flop clocked by core_clock)
Endpoint: _2247_ (rising edge-triggered flip-flop clocked by core_clock)
Path Group: core_clock
Path Type: min

Fanout     Cap    Slew   Delay    Time   Description
-----------------------------------------------------------------------------
                  0.00    0.00    0.00   clock core_clock (rise edge)
                          0.00    0.00   clock network delay (ideal)
                  0.00    0.00    0.00 ^ _2407_/CLK (sky130_fd_sc_hd__dfxtp_4)
     3    0.08    0.23    0.45    0.45 ^ _2407_/Q (sky130_fd_sc_hd__dfxtp_4)
                                         rf.registers[2][13] (net)
                  0.23    0.01    0.47 ^ _1849_/A2 (sky130_fd_sc_hd__mux4_2)
     1    0.13    0.67    0.71    1.17 ^ _1849_/X (sky130_fd_sc_hd__mux4_2)
                                         _0373_ (net)
                  0.69    0.10    1.27 ^ _1850_/A (sky130_fd_sc_hd__buf_8)
     1    0.10    0.16    0.26    1.54 ^ _1850_/X (sky130_fd_sc_hd__buf_8)
                                         _0036_ (net)
                  0.19    0.05    1.59 ^ _2247_/D (sky130_fd_sc_hd__dfxtp_4)
                                  1.59   data arrival time

                  0.00    0.00    0.00   clock core_clock (rise edge)
                          0.00    0.00   clock network delay (ideal)
                          0.00    0.00   clock reconvergence pessimism
                                  0.00 ^ _2247_/CLK (sky130_fd_sc_hd__dfxtp_4)
                         -0.07   -0.07   library hold time
                                 -0.07   data required time
-----------------------------------------------------------------------------
                                 -0.07   data required time
                                 -1.59   data arrival time
-----------------------------------------------------------------------------
                                  1.65   slack (MET)


Startpoint: _2419_ (rising edge-triggered flip-flop clocked by core_clock)
Endpoint: _2419_ (rising edge-triggered flip-flop clocked by core_clock)
Path Group: core_clock
Path Type: min

Fanout     Cap    Slew   Delay    Time   Description
-----------------------------------------------------------------------------
                  0.00    0.00    0.00   clock core_clock (rise edge)
                          0.00    0.00   clock network delay (ideal)
                  0.00    0.00    0.00 ^ _2419_/CLK (sky130_fd_sc_hd__dfxtp_4)
     3    0.15    0.41    0.54    0.54 ^ _2419_/Q (sky130_fd_sc_hd__dfxtp_4)
                                         rf.registers[2][25] (net)
                  0.45    0.10    0.64 ^ _2220_/A0 (sky130_fd_sc_hd__mux2_8)
     1    0.13    0.22    0.38    1.02 ^ _2220_/X (sky130_fd_sc_hd__mux2_8)
                                         _0572_ (net)
                  0.29    0.09    1.12 ^ _2221_/A (sky130_fd_sc_hd__buf_12)
     1    0.20    0.18    0.24    1.36 ^ _2221_/X (sky130_fd_sc_hd__buf_12)
                                         _0185_ (net)
                  0.41    0.19    1.54 ^ _2419_/D (sky130_fd_sc_hd__dfxtp_4)
                                  1.54   data arrival time

                  0.00    0.00    0.00   clock core_clock (rise edge)
                          0.00    0.00   clock network delay (ideal)
                          0.00    0.00   clock reconvergence pessimism
                                  0.00 ^ _2419_/CLK (sky130_fd_sc_hd__dfxtp_4)
                         -0.11   -0.11   library hold time
                                 -0.11   data required time
-----------------------------------------------------------------------------
                                 -0.11   data required time
                                 -1.54   data arrival time
-----------------------------------------------------------------------------
                                  1.65   slack (MET)


Startpoint: _2401_ (rising edge-triggered flip-flop clocked by core_clock)
Endpoint: _2401_ (rising edge-triggered flip-flop clocked by core_clock)
Path Group: core_clock
Path Type: min

Fanout     Cap    Slew   Delay    Time   Description
-----------------------------------------------------------------------------
                  0.00    0.00    0.00   clock core_clock (rise edge)
                          0.00    0.00   clock network delay (ideal)
                  0.00    0.00    0.00 ^ _2401_/CLK (sky130_fd_sc_hd__dfxtp_4)
     2    0.11    0.30    0.51    0.51 ^ _2401_/Q (sky130_fd_sc_hd__dfxtp_4)
                                         rf.registers[2][7] (net)
                  0.31    0.03    0.54 ^ _2182_/A0 (sky130_fd_sc_hd__mux2_8)
     1    0.23    0.31    0.41    0.95 ^ _2182_/X (sky130_fd_sc_hd__mux2_8)
                                         _0552_ (net)
                  0.60    0.25    1.20 ^ _2183_/A (sky130_fd_sc_hd__buf_12)
     1    0.15    0.15    0.26    1.46 ^ _2183_/X (sky130_fd_sc_hd__buf_12)
                                         _0167_ (net)
                  0.27    0.11    1.57 ^ _2401_/D (sky130_fd_sc_hd__dfxtp_4)
                                  1.57   data arrival time

                  0.00    0.00    0.00   clock core_clock (rise edge)
                          0.00    0.00   clock network delay (ideal)
                          0.00    0.00   clock reconvergence pessimism
                                  0.00 ^ _2401_/CLK (sky130_fd_sc_hd__dfxtp_4)
                         -0.08   -0.08   library hold time
                                 -0.08   data required time
-----------------------------------------------------------------------------
                                 -0.08   data required time
                                 -1.57   data arrival time
-----------------------------------------------------------------------------
                                  1.66   slack (MET)


Startpoint: _2355_ (rising edge-triggered flip-flop clocked by core_clock)
Endpoint: _2355_ (rising edge-triggered flip-flop clocked by core_clock)
Path Group: core_clock
Path Type: min

Fanout     Cap    Slew   Delay    Time   Description
-----------------------------------------------------------------------------
                  0.00    0.00    0.00   clock core_clock (rise edge)
                          0.00    0.00   clock network delay (ideal)
                  0.00    0.00    0.00 ^ _2355_/CLK (sky130_fd_sc_hd__dfxtp_4)
     3    0.22    0.21    0.44    0.44 v _2355_/Q (sky130_fd_sc_hd__dfxtp_4)
                                         rf.registers[0][25] (net)
                  0.50    0.23    0.67 v _2082_/A1 (sky130_fd_sc_hd__mux2_8)
     1    0.13    0.13    0.57    1.24 v _2082_/X (sky130_fd_sc_hd__mux2_8)
                                         _0498_ (net)
                  0.20    0.08    1.32 v _2083_/A (sky130_fd_sc_hd__buf_8)
     1    0.09    0.07    0.22    1.54 v _2083_/X (sky130_fd_sc_hd__buf_8)
                                         _0121_ (net)
                  0.10    0.04    1.58 v _2355_/D (sky130_fd_sc_hd__dfxtp_4)
                                  1.58   data arrival time

                  0.00    0.00    0.00   clock core_clock (rise edge)
                          0.00    0.00   clock network delay (ideal)
                          0.00    0.00   clock reconvergence pessimism
                                  0.00 ^ _2355_/CLK (sky130_fd_sc_hd__dfxtp_4)
                         -0.08   -0.08   library hold time
                                 -0.08   data required time
-----------------------------------------------------------------------------
                                 -0.08   data required time
                                 -1.58   data arrival time
-----------------------------------------------------------------------------
                                  1.66   slack (MET)


Startpoint: _2402_ (rising edge-triggered flip-flop clocked by core_clock)
Endpoint: _2402_ (rising edge-triggered flip-flop clocked by core_clock)
Path Group: core_clock
Path Type: min

Fanout     Cap    Slew   Delay    Time   Description
-----------------------------------------------------------------------------
                  0.00    0.00    0.00   clock core_clock (rise edge)
                          0.00    0.00   clock network delay (ideal)
                  0.00    0.00    0.00 ^ _2402_/CLK (sky130_fd_sc_hd__dfxtp_4)
     1    0.08    0.23    0.45    0.45 ^ _2402_/Q (sky130_fd_sc_hd__dfxtp_4)
                                         rf.registers[2][8] (net)
                  0.24    0.04    0.49 ^ wire1182/A (sky130_fd_sc_hd__buf_12)
     3    0.24    0.19    0.21    0.69 ^ wire1182/X (sky130_fd_sc_hd__buf_12)
                                         net1182 (net)
                  0.39    0.16    0.85 ^ _2184_/A0 (sky130_fd_sc_hd__mux2_8)
     1    0.11    0.19    0.35    1.20 ^ _2184_/X (sky130_fd_sc_hd__mux2_8)
                                         _0553_ (net)
                  0.23    0.06    1.27 ^ _2185_/A (sky130_fd_sc_hd__buf_12)
     1    0.15    0.15    0.21    1.48 ^ _2185_/X (sky130_fd_sc_hd__buf_12)
                                         _0168_ (net)
                  0.26    0.11    1.59 ^ _2402_/D (sky130_fd_sc_hd__dfxtp_4)
                                  1.59   data arrival time

                  0.00    0.00    0.00   clock core_clock (rise edge)
                          0.00    0.00   clock network delay (ideal)
                          0.00    0.00   clock reconvergence pessimism
                                  0.00 ^ _2402_/CLK (sky130_fd_sc_hd__dfxtp_4)
                         -0.08   -0.08   library hold time
                                 -0.08   data required time
-----------------------------------------------------------------------------
                                 -0.08   data required time
                                 -1.59   data arrival time
-----------------------------------------------------------------------------
                                  1.67   slack (MET)


Startpoint: _2387_ (rising edge-triggered flip-flop clocked by core_clock)
Endpoint: _2387_ (rising edge-triggered flip-flop clocked by core_clock)
Path Group: core_clock
Path Type: min

Fanout     Cap    Slew   Delay    Time   Description
-----------------------------------------------------------------------------
                  0.00    0.00    0.00   clock core_clock (rise edge)
                          0.00    0.00   clock network delay (ideal)
                  0.00    0.00    0.00 ^ _2387_/CLK (sky130_fd_sc_hd__dfxtp_1)
     1    0.02    0.16    0.37    0.37 ^ _2387_/Q (sky130_fd_sc_hd__dfxtp_1)
                                         rf.registers[1][25] (net)
                  0.16    0.00    0.38 ^ wire1207/A (sky130_fd_sc_hd__buf_12)
     3    0.24    0.19    0.20    0.57 ^ wire1207/X (sky130_fd_sc_hd__buf_12)
                                         net1207 (net)
                  0.50    0.22    0.80 ^ _2151_/A0 (sky130_fd_sc_hd__mux2_8)
     1    0.15    0.23    0.40    1.20 ^ _2151_/X (sky130_fd_sc_hd__mux2_8)
                                         _0535_ (net)
                  0.33    0.11    1.31 ^ _2152_/A (sky130_fd_sc_hd__buf_6)
     1    0.09    0.18    0.25    1.56 ^ _2152_/X (sky130_fd_sc_hd__buf_6)
                                         _0153_ (net)
                  0.19    0.04    1.60 ^ _2387_/D (sky130_fd_sc_hd__dfxtp_1)
                                  1.60   data arrival time

                  0.00    0.00    0.00   clock core_clock (rise edge)
                          0.00    0.00   clock network delay (ideal)
                          0.00    0.00   clock reconvergence pessimism
                                  0.00 ^ _2387_/CLK (sky130_fd_sc_hd__dfxtp_1)
                         -0.07   -0.07   library hold time
                                 -0.07   data required time
-----------------------------------------------------------------------------
                                 -0.07   data required time
                                 -1.60   data arrival time
-----------------------------------------------------------------------------
                                  1.67   slack (MET)


Startpoint: _2403_ (rising edge-triggered flip-flop clocked by core_clock)
Endpoint: _2243_ (rising edge-triggered flip-flop clocked by core_clock)
Path Group: core_clock
Path Type: min

Fanout     Cap    Slew   Delay    Time   Description
-----------------------------------------------------------------------------
                  0.00    0.00    0.00   clock core_clock (rise edge)
                          0.00    0.00   clock network delay (ideal)
                  0.00    0.00    0.00 ^ _2403_/CLK (sky130_fd_sc_hd__dfxtp_4)
     2    0.08    0.23    0.46    0.46 ^ _2403_/Q (sky130_fd_sc_hd__dfxtp_4)
                                         rf.registers[2][9] (net)
                  0.24    0.03    0.49 ^ _1839_/A2 (sky130_fd_sc_hd__mux4_2)
     1    0.10    0.52    0.62    1.11 ^ _1839_/X (sky130_fd_sc_hd__mux4_2)
                                         _0367_ (net)
                  0.53    0.06    1.17 ^ _1840_/A (sky130_fd_sc_hd__buf_12)
     1    0.18    0.17    0.26    1.43 ^ _1840_/X (sky130_fd_sc_hd__buf_12)
                                         _0063_ (net)
                  0.34    0.15    1.58 ^ _2243_/D (sky130_fd_sc_hd__dfxtp_1)
                                  1.58   data arrival time

                  0.00    0.00    0.00   clock core_clock (rise edge)
                          0.00    0.00   clock network delay (ideal)
                          0.00    0.00   clock reconvergence pessimism
                                  0.00 ^ _2243_/CLK (sky130_fd_sc_hd__dfxtp_1)
                         -0.10   -0.10   library hold time
                                 -0.10   data required time
-----------------------------------------------------------------------------
                                 -0.10   data required time
                                 -1.58   data arrival time
-----------------------------------------------------------------------------
                                  1.67   slack (MET)


Startpoint: _2413_ (rising edge-triggered flip-flop clocked by core_clock)
Endpoint: _2413_ (rising edge-triggered flip-flop clocked by core_clock)
Path Group: core_clock
Path Type: min

Fanout     Cap    Slew   Delay    Time   Description
-----------------------------------------------------------------------------
                  0.00    0.00    0.00   clock core_clock (rise edge)
                          0.00    0.00   clock network delay (ideal)
                  0.00    0.00    0.00 ^ _2413_/CLK (sky130_fd_sc_hd__dfxtp_1)
     1    0.01    0.10    0.33    0.33 ^ _2413_/Q (sky130_fd_sc_hd__dfxtp_1)
                                         rf.registers[2][19] (net)
                  0.10    0.00    0.33 ^ wire1164/A (sky130_fd_sc_hd__buf_12)
     3    0.25    0.18    0.18    0.51 ^ wire1164/X (sky130_fd_sc_hd__buf_12)
                                         net1164 (net)
                  0.62    0.30    0.80 ^ _2207_/A0 (sky130_fd_sc_hd__mux2_8)
     1    0.09    0.16    0.39    1.19 ^ _2207_/X (sky130_fd_sc_hd__mux2_8)
                                         _0565_ (net)
                  0.18    0.04    1.23 ^ _2208_/A (sky130_fd_sc_hd__buf_12)
     1    0.17    0.16    0.21    1.44 ^ _2208_/X (sky130_fd_sc_hd__buf_12)
                                         _0179_ (net)
                  0.33    0.14    1.58 ^ _2413_/D (sky130_fd_sc_hd__dfxtp_1)
                                  1.58   data arrival time

                  0.00    0.00    0.00   clock core_clock (rise edge)
                          0.00    0.00   clock network delay (ideal)
                          0.00    0.00   clock reconvergence pessimism
                                  0.00 ^ _2413_/CLK (sky130_fd_sc_hd__dfxtp_1)
                         -0.10   -0.10   library hold time
                                 -0.10   data required time
-----------------------------------------------------------------------------
                                 -0.10   data required time
                                 -1.58   data arrival time
-----------------------------------------------------------------------------
                                  1.68   slack (MET)


Startpoint: _2355_ (rising edge-triggered flip-flop clocked by core_clock)
Endpoint: _2259_ (rising edge-triggered flip-flop clocked by core_clock)
Path Group: core_clock
Path Type: min

Fanout     Cap    Slew   Delay    Time   Description
-----------------------------------------------------------------------------
                  0.00    0.00    0.00   clock core_clock (rise edge)
                          0.00    0.00   clock network delay (ideal)
                  0.00    0.00    0.00 ^ _2355_/CLK (sky130_fd_sc_hd__dfxtp_4)
     3    0.22    0.21    0.44    0.44 v _2355_/Q (sky130_fd_sc_hd__dfxtp_4)
                                         rf.registers[0][25] (net)
                  0.24    0.05    0.49 v _1875_/A0 (sky130_fd_sc_hd__mux4_2)
     1    0.09    0.29    0.75    1.24 v _1875_/X (sky130_fd_sc_hd__mux4_2)
                                         _0387_ (net)
                  0.30    0.04    1.28 v _1876_/A (sky130_fd_sc_hd__clkbuf_8)
     1    0.07    0.09    0.29    1.58 v _1876_/X (sky130_fd_sc_hd__clkbuf_8)
                                         _0049_ (net)
                  0.10    0.03    1.60 v _2259_/D (sky130_fd_sc_hd__dfxtp_4)
                                  1.60   data arrival time

                  0.00    0.00    0.00   clock core_clock (rise edge)
                          0.00    0.00   clock network delay (ideal)
                          0.00    0.00   clock reconvergence pessimism
                                  0.00 ^ _2259_/CLK (sky130_fd_sc_hd__dfxtp_4)
                         -0.08   -0.08   library hold time
                                 -0.08   data required time
-----------------------------------------------------------------------------
                                 -0.08   data required time
                                 -1.60   data arrival time
-----------------------------------------------------------------------------
                                  1.68   slack (MET)


Startpoint: _2393_ (rising edge-triggered flip-flop clocked by core_clock)
Endpoint: _2393_ (rising edge-triggered flip-flop clocked by core_clock)
Path Group: core_clock
Path Type: min

Fanout     Cap    Slew   Delay    Time   Description
-----------------------------------------------------------------------------
                  0.00    0.00    0.00   clock core_clock (rise edge)
                          0.00    0.00   clock network delay (ideal)
                  0.00    0.00    0.00 ^ _2393_/CLK (sky130_fd_sc_hd__dfxtp_4)
     2    0.05    0.16    0.41    0.41 ^ _2393_/Q (sky130_fd_sc_hd__dfxtp_4)
                                         rf.registers[1][31] (net)
                  0.16    0.01    0.42 ^ wire1196/A (sky130_fd_sc_hd__buf_12)
     2    0.22    0.17    0.20    0.62 ^ wire1196/X (sky130_fd_sc_hd__buf_12)
                                         net1196 (net)
                  0.50    0.23    0.85 ^ _2163_/A0 (sky130_fd_sc_hd__mux2_8)
     1    0.08    0.15    0.36    1.20 ^ _2163_/X (sky130_fd_sc_hd__mux2_8)
                                         _0541_ (net)
                  0.17    0.04    1.24 ^ _2164_/A (sky130_fd_sc_hd__buf_12)
     1    0.17    0.16    0.21    1.45 ^ _2164_/X (sky130_fd_sc_hd__buf_12)
                                         _0159_ (net)
                  0.32    0.14    1.59 ^ _2393_/D (sky130_fd_sc_hd__dfxtp_4)
                                  1.59   data arrival time

                  0.00    0.00    0.00   clock core_clock (rise edge)
                          0.00    0.00   clock network delay (ideal)
                          0.00    0.00   clock reconvergence pessimism
                                  0.00 ^ _2393_/CLK (sky130_fd_sc_hd__dfxtp_4)
                         -0.10   -0.10   library hold time
                                 -0.10   data required time
-----------------------------------------------------------------------------
                                 -0.10   data required time
                                 -1.59   data arrival time
-----------------------------------------------------------------------------
                                  1.68   slack (MET)


Startpoint: _2422_ (rising edge-triggered flip-flop clocked by core_clock)
Endpoint: _2422_ (rising edge-triggered flip-flop clocked by core_clock)
Path Group: core_clock
Path Type: min

Fanout     Cap    Slew   Delay    Time   Description
-----------------------------------------------------------------------------
                  0.00    0.00    0.00   clock core_clock (rise edge)
                          0.00    0.00   clock network delay (ideal)
                  0.00    0.00    0.00 ^ _2422_/CLK (sky130_fd_sc_hd__dfxtp_1)
     1    0.01    0.10    0.33    0.33 ^ _2422_/Q (sky130_fd_sc_hd__dfxtp_1)
                                         rf.registers[2][28] (net)
                  0.10    0.00    0.33 ^ wire1153/A (sky130_fd_sc_hd__buf_12)
     3    0.23    0.22    0.18    0.51 ^ wire1153/X (sky130_fd_sc_hd__buf_12)
                                         net1153 (net)
                  0.37    0.15    0.66 ^ _2226_/A0 (sky130_fd_sc_hd__mux2_8)
     1    0.22    0.30    0.42    1.07 ^ _2226_/X (sky130_fd_sc_hd__mux2_8)
                                         _0575_ (net)
                  0.55    0.23    1.30 ^ _2227_/A (sky130_fd_sc_hd__buf_8)
     1    0.11    0.17    0.26    1.56 ^ _2227_/X (sky130_fd_sc_hd__buf_8)
                                         _0188_ (net)
                  0.20    0.06    1.62 ^ _2422_/D (sky130_fd_sc_hd__dfxtp_1)
                                  1.62   data arrival time

                  0.00    0.00    0.00   clock core_clock (rise edge)
                          0.00    0.00   clock network delay (ideal)
                          0.00    0.00   clock reconvergence pessimism
                                  0.00 ^ _2422_/CLK (sky130_fd_sc_hd__dfxtp_1)
                         -0.07   -0.07   library hold time
                                 -0.07   data required time
-----------------------------------------------------------------------------
                                 -0.07   data required time
                                 -1.62   data arrival time
-----------------------------------------------------------------------------
                                  1.69   slack (MET)


Startpoint: _2283_ (rising edge-triggered flip-flop clocked by core_clock)
Endpoint: _2283_ (rising edge-triggered flip-flop clocked by core_clock)
Path Group: core_clock
Path Type: min

Fanout     Cap    Slew   Delay    Time   Description
-----------------------------------------------------------------------------
                  0.00    0.00    0.00   clock core_clock (rise edge)
                          0.00    0.00   clock network delay (ideal)
                  0.00    0.00    0.00 ^ _2283_/CLK (sky130_fd_sc_hd__dfxtp_4)
     3    0.13    0.38    0.55    0.55 ^ _2283_/Q (sky130_fd_sc_hd__dfxtp_4)
                                         rf.registers[3][17] (net)
                  0.38    0.04    0.59 ^ _1996_/A0 (sky130_fd_sc_hd__mux2_8)
     1    0.15    0.24    0.38    0.97 ^ _1996_/X (sky130_fd_sc_hd__mux2_8)
                                         _0452_ (net)
                  0.34    0.12    1.09 ^ _1997_/A (sky130_fd_sc_hd__buf_12)
     1    0.22    0.19    0.25    1.35 ^ _1997_/X (sky130_fd_sc_hd__buf_12)
                                         _0081_ (net)
                  0.49    0.22    1.57 ^ _2283_/D (sky130_fd_sc_hd__dfxtp_4)
                                  1.57   data arrival time

                  0.00    0.00    0.00   clock core_clock (rise edge)
                          0.00    0.00   clock network delay (ideal)
                          0.00    0.00   clock reconvergence pessimism
                                  0.00 ^ _2283_/CLK (sky130_fd_sc_hd__dfxtp_4)
                         -0.13   -0.13   library hold time
                                 -0.13   data required time
-----------------------------------------------------------------------------
                                 -0.13   data required time
                                 -1.57   data arrival time
-----------------------------------------------------------------------------
                                  1.70   slack (MET)


Startpoint: _2348_ (rising edge-triggered flip-flop clocked by core_clock)
Endpoint: _2252_ (rising edge-triggered flip-flop clocked by core_clock)
Path Group: core_clock
Path Type: min

Fanout     Cap    Slew   Delay    Time   Description
-----------------------------------------------------------------------------
                  0.00    0.00    0.00   clock core_clock (rise edge)
                          0.00    0.00   clock network delay (ideal)
                  0.00    0.00    0.00 ^ _2348_/CLK (sky130_fd_sc_hd__dfxtp_4)
     2    0.05    0.16    0.41    0.41 ^ _2348_/Q (sky130_fd_sc_hd__dfxtp_4)
                                         rf.registers[0][18] (net)
                  0.16    0.01    0.42 ^ _1859_/A0 (sky130_fd_sc_hd__mux4_2)
     1    0.14    0.71    0.71    1.14 ^ _1859_/X (sky130_fd_sc_hd__mux4_2)
                                         _0378_ (net)
                  0.74    0.11    1.25 ^ _1860_/A (sky130_fd_sc_hd__buf_12)
     1    0.15    0.15    0.26    1.51 ^ _1860_/X (sky130_fd_sc_hd__buf_12)
                                         _0041_ (net)
                  0.27    0.11    1.62 ^ _2252_/D (sky130_fd_sc_hd__dfxtp_4)
                                  1.62   data arrival time

                  0.00    0.00    0.00   clock core_clock (rise edge)
                          0.00    0.00   clock network delay (ideal)
                          0.00    0.00   clock reconvergence pessimism
                                  0.00 ^ _2252_/CLK (sky130_fd_sc_hd__dfxtp_4)
                         -0.08   -0.08   library hold time
                                 -0.08   data required time
-----------------------------------------------------------------------------
                                 -0.08   data required time
                                 -1.62   data arrival time
-----------------------------------------------------------------------------
                                  1.71   slack (MET)


Startpoint: _2332_ (rising edge-triggered flip-flop clocked by core_clock)
Endpoint: _2332_ (rising edge-triggered flip-flop clocked by core_clock)
Path Group: core_clock
Path Type: min

Fanout     Cap    Slew   Delay    Time   Description
-----------------------------------------------------------------------------
                  0.00    0.00    0.00   clock core_clock (rise edge)
                          0.00    0.00   clock network delay (ideal)
                  0.00    0.00    0.00 ^ _2332_/CLK (sky130_fd_sc_hd__dfxtp_2)
     1    0.03    0.16    0.39    0.39 ^ _2332_/Q (sky130_fd_sc_hd__dfxtp_2)
                                         rf.registers[0][2] (net)
                  0.16    0.00    0.39 ^ wire1276/A (sky130_fd_sc_hd__buf_12)
     3    0.24    0.19    0.19    0.58 ^ wire1276/X (sky130_fd_sc_hd__buf_12)
                                         net1276 (net)
                  0.53    0.24    0.83 ^ _2034_/A1 (sky130_fd_sc_hd__mux2_8)
     1    0.15    0.23    0.41    1.23 ^ _2034_/X (sky130_fd_sc_hd__mux2_8)
                                         _0473_ (net)
                  0.32    0.11    1.35 ^ _2035_/A (sky130_fd_sc_hd__clkbuf_4)
     1    0.04    0.14    0.29    1.64 ^ _2035_/X (sky130_fd_sc_hd__clkbuf_4)
                                         _0098_ (net)
                  0.14    0.01    1.65 ^ _2332_/D (sky130_fd_sc_hd__dfxtp_2)
                                  1.65   data arrival time

                  0.00    0.00    0.00   clock core_clock (rise edge)
                          0.00    0.00   clock network delay (ideal)
                          0.00    0.00   clock reconvergence pessimism
                                  0.00 ^ _2332_/CLK (sky130_fd_sc_hd__dfxtp_2)
                         -0.06   -0.06   library hold time
                                 -0.06   data required time
-----------------------------------------------------------------------------
                                 -0.06   data required time
                                 -1.65   data arrival time
-----------------------------------------------------------------------------
                                  1.71   slack (MET)


Startpoint: _2360_ (rising edge-triggered flip-flop clocked by core_clock)
Endpoint: _2360_ (rising edge-triggered flip-flop clocked by core_clock)
Path Group: core_clock
Path Type: min

Fanout     Cap    Slew   Delay    Time   Description
-----------------------------------------------------------------------------
                  0.00    0.00    0.00   clock core_clock (rise edge)
                          0.00    0.00   clock network delay (ideal)
                  0.00    0.00    0.00 ^ _2360_/CLK (sky130_fd_sc_hd__dfxtp_4)
     2    0.09    0.25    0.46    0.46 ^ _2360_/Q (sky130_fd_sc_hd__dfxtp_4)
                                         rf.registers[0][30] (net)
                  0.26    0.04    0.50 ^ _2092_/A1 (sky130_fd_sc_hd__mux2_8)
     1    0.18    0.27    0.37    0.87 ^ _2092_/X (sky130_fd_sc_hd__mux2_8)
                                         _0503_ (net)
                  0.43    0.17    1.04 ^ _2093_/A (sky130_fd_sc_hd__buf_12)
     1    0.24    0.20    0.27    1.31 ^ _2093_/X (sky130_fd_sc_hd__buf_12)
                                         _0126_ (net)
                  0.56    0.26    1.57 ^ _2360_/D (sky130_fd_sc_hd__dfxtp_4)
                                  1.57   data arrival time

                  0.00    0.00    0.00   clock core_clock (rise edge)
                          0.00    0.00   clock network delay (ideal)
                          0.00    0.00   clock reconvergence pessimism
                                  0.00 ^ _2360_/CLK (sky130_fd_sc_hd__dfxtp_4)
                         -0.14   -0.14   library hold time
                                 -0.14   data required time
-----------------------------------------------------------------------------
                                 -0.14   data required time
                                 -1.57   data arrival time
-----------------------------------------------------------------------------
                                  1.71   slack (MET)


Startpoint: _2334_ (rising edge-triggered flip-flop clocked by core_clock)
Endpoint: _2334_ (rising edge-triggered flip-flop clocked by core_clock)
Path Group: core_clock
Path Type: min

Fanout     Cap    Slew   Delay    Time   Description
-----------------------------------------------------------------------------
                  0.00    0.00    0.00   clock core_clock (rise edge)
                          0.00    0.00   clock network delay (ideal)
                  0.00    0.00    0.00 ^ _2334_/CLK (sky130_fd_sc_hd__dfxtp_4)
     2    0.13    0.16    0.42    0.42 v _2334_/Q (sky130_fd_sc_hd__dfxtp_4)
                                         rf.registers[0][4] (net)
                  0.16    0.00    0.42 v wire1274/A (sky130_fd_sc_hd__buf_12)
     2    0.17    0.06    0.20    0.63 v wire1274/X (sky130_fd_sc_hd__buf_12)
                                         net1274 (net)
                  0.26    0.12    0.75 v _2038_/A1 (sky130_fd_sc_hd__mux2_8)
     1    0.15    0.14    0.48    1.23 v _2038_/X (sky130_fd_sc_hd__mux2_8)
                                         _0475_ (net)
                  0.25    0.11    1.33 v _2039_/A (sky130_fd_sc_hd__buf_6)
     1    0.09    0.08    0.25    1.59 v _2039_/X (sky130_fd_sc_hd__buf_6)
                                         _0100_ (net)
                  0.11    0.04    1.63 v _2334_/D (sky130_fd_sc_hd__dfxtp_4)
                                  1.63   data arrival time

                  0.00    0.00    0.00   clock core_clock (rise edge)
                          0.00    0.00   clock network delay (ideal)
                          0.00    0.00   clock reconvergence pessimism
                                  0.00 ^ _2334_/CLK (sky130_fd_sc_hd__dfxtp_4)
                         -0.08   -0.08   library hold time
                                 -0.08   data required time
-----------------------------------------------------------------------------
                                 -0.08   data required time
                                 -1.63   data arrival time
-----------------------------------------------------------------------------
                                  1.71   slack (MET)


Startpoint: _2272_ (rising edge-triggered flip-flop clocked by core_clock)
Endpoint: _2272_ (rising edge-triggered flip-flop clocked by core_clock)
Path Group: core_clock
Path Type: min

Fanout     Cap    Slew   Delay    Time   Description
-----------------------------------------------------------------------------
                  0.00    0.00    0.00   clock core_clock (rise edge)
                          0.00    0.00   clock network delay (ideal)
                  0.00    0.00    0.00 ^ _2272_/CLK (sky130_fd_sc_hd__dfxtp_4)
     2    0.11    0.30    0.49    0.49 ^ _2272_/Q (sky130_fd_sc_hd__dfxtp_4)
                                         rf.registers[3][6] (net)
                  0.32    0.05    0.54 ^ load_slew1387/A (sky130_fd_sc_hd__buf_12)
     2    0.15    0.16    0.21    0.75 ^ load_slew1387/X (sky130_fd_sc_hd__buf_12)
                                         net1387 (net)
                  0.24    0.09    0.83 ^ _1973_/A0 (sky130_fd_sc_hd__mux2_8)
     1    0.08    0.15    0.30    1.13 ^ _1973_/X (sky130_fd_sc_hd__mux2_8)
                                         _0440_ (net)
                  0.16    0.04    1.17 ^ _1974_/A (sky130_fd_sc_hd__buf_12)
     1    0.21    0.18    0.22    1.39 ^ _1974_/X (sky130_fd_sc_hd__buf_12)
                                         _0070_ (net)
                  0.45    0.21    1.60 ^ _2272_/D (sky130_fd_sc_hd__dfxtp_4)
                                  1.60   data arrival time

                  0.00    0.00    0.00   clock core_clock (rise edge)
                          0.00    0.00   clock network delay (ideal)
                          0.00    0.00   clock reconvergence pessimism
                                  0.00 ^ _2272_/CLK (sky130_fd_sc_hd__dfxtp_4)
                         -0.12   -0.12   library hold time
                                 -0.12   data required time
-----------------------------------------------------------------------------
                                 -0.12   data required time
                                 -1.60   data arrival time
-----------------------------------------------------------------------------
                                  1.72   slack (MET)


Startpoint: _2335_ (rising edge-triggered flip-flop clocked by core_clock)
Endpoint: _2335_ (rising edge-triggered flip-flop clocked by core_clock)
Path Group: core_clock
Path Type: min

Fanout     Cap    Slew   Delay    Time   Description
-----------------------------------------------------------------------------
                  0.00    0.00    0.00   clock core_clock (rise edge)
                          0.00    0.00   clock network delay (ideal)
                  0.00    0.00    0.00 ^ _2335_/CLK (sky130_fd_sc_hd__dfxtp_2)
     1    0.04    0.19    0.41    0.41 ^ _2335_/Q (sky130_fd_sc_hd__dfxtp_2)
                                         rf.registers[0][5] (net)
                  0.20    0.01    0.42 ^ wire1273/A (sky130_fd_sc_hd__buf_12)
     3    0.24    0.18    0.20    0.62 ^ wire1273/X (sky130_fd_sc_hd__buf_12)
                                         net1273 (net)
                  0.46    0.20    0.82 ^ _2040_/A1 (sky130_fd_sc_hd__mux2_8)
     1    0.17    0.25    0.41    1.23 ^ _2040_/X (sky130_fd_sc_hd__mux2_8)
                                         _0476_ (net)
                  0.39    0.15    1.37 ^ _2041_/A (sky130_fd_sc_hd__buf_6)
     1    0.08    0.17    0.25    1.62 ^ _2041_/X (sky130_fd_sc_hd__buf_6)
                                         _0101_ (net)
                  0.18    0.04    1.66 ^ _2335_/D (sky130_fd_sc_hd__dfxtp_2)
                                  1.66   data arrival time

                  0.00    0.00    0.00   clock core_clock (rise edge)
                          0.00    0.00   clock network delay (ideal)
                          0.00    0.00   clock reconvergence pessimism
                                  0.00 ^ _2335_/CLK (sky130_fd_sc_hd__dfxtp_2)
                         -0.07   -0.07   library hold time
                                 -0.07   data required time
-----------------------------------------------------------------------------
                                 -0.07   data required time
                                 -1.66   data arrival time
-----------------------------------------------------------------------------
                                  1.72   slack (MET)


Startpoint: _2369_ (rising edge-triggered flip-flop clocked by core_clock)
Endpoint: _2241_ (rising edge-triggered flip-flop clocked by core_clock)
Path Group: core_clock
Path Type: min

Fanout     Cap    Slew   Delay    Time   Description
-----------------------------------------------------------------------------
                  0.00    0.00    0.00   clock core_clock (rise edge)
                          0.00    0.00   clock network delay (ideal)
                  0.00    0.00    0.00 ^ _2369_/CLK (sky130_fd_sc_hd__dfxtp_4)
     3    0.20    0.56    0.64    0.64 ^ _2369_/Q (sky130_fd_sc_hd__dfxtp_4)
                                         rf.registers[1][7] (net)
                  0.58    0.08    0.72 ^ _1835_/A1 (sky130_fd_sc_hd__mux4_2)
     1    0.02    0.12    0.43    1.15 ^ _1835_/X (sky130_fd_sc_hd__mux4_2)
                                         _0365_ (net)
                  0.12    0.00    1.15 ^ _1836_/A (sky130_fd_sc_hd__buf_12)
     1    0.22    0.19    0.21    1.36 ^ _1836_/X (sky130_fd_sc_hd__buf_12)
                                         _0061_ (net)
                  0.49    0.23    1.59 ^ _2241_/D (sky130_fd_sc_hd__dfxtp_4)
                                  1.59   data arrival time

                  0.00    0.00    0.00   clock core_clock (rise edge)
                          0.00    0.00   clock network delay (ideal)
                          0.00    0.00   clock reconvergence pessimism
                                  0.00 ^ _2241_/CLK (sky130_fd_sc_hd__dfxtp_4)
                         -0.13   -0.13   library hold time
                                 -0.13   data required time
-----------------------------------------------------------------------------
                                 -0.13   data required time
                                 -1.59   data arrival time
-----------------------------------------------------------------------------
                                  1.72   slack (MET)


Startpoint: _2294_ (rising edge-triggered flip-flop clocked by core_clock)
Endpoint: _2326_ (rising edge-triggered flip-flop clocked by core_clock)
Path Group: core_clock
Path Type: min

Fanout     Cap    Slew   Delay    Time   Description
-----------------------------------------------------------------------------
                  0.00    0.00    0.00   clock core_clock (rise edge)
                          0.00    0.00   clock network delay (ideal)
                  0.00    0.00    0.00 ^ _2294_/CLK (sky130_fd_sc_hd__dfxtp_1)
     1    0.01    0.11    0.33    0.33 ^ _2294_/Q (sky130_fd_sc_hd__dfxtp_1)
                                         rf.registers[3][28] (net)
                  0.11    0.00    0.33 ^ wire1357/A (sky130_fd_sc_hd__buf_12)
     3    0.20    0.18    0.18    0.51 ^ wire1357/X (sky130_fd_sc_hd__buf_12)
                                         net1357 (net)
                  0.40    0.18    0.68 ^ _1951_/A3 (sky130_fd_sc_hd__mux4_2)
     1    0.02    0.11    0.38    1.06 ^ _1951_/X (sky130_fd_sc_hd__mux4_2)
                                         _0428_ (net)
                  0.11    0.00    1.06 ^ wire1057/A (sky130_fd_sc_hd__buf_12)
     1    0.14    0.14    0.18    1.24 ^ wire1057/X (sky130_fd_sc_hd__buf_12)
                                         net1057 (net)
                  0.24    0.10    1.34 ^ _1952_/A (sky130_fd_sc_hd__clkbuf_16)
     1    0.13    0.12    0.25    1.59 ^ _1952_/X (sky130_fd_sc_hd__clkbuf_16)
                                         _0020_ (net)
                  0.21    0.08    1.67 ^ _2326_/D (sky130_fd_sc_hd__dfxtp_2)
                                  1.67   data arrival time

                  0.00    0.00    0.00   clock core_clock (rise edge)
                          0.00    0.00   clock network delay (ideal)
                          0.00    0.00   clock reconvergence pessimism
                                  0.00 ^ _2326_/CLK (sky130_fd_sc_hd__dfxtp_2)
                         -0.07   -0.07   library hold time
                                 -0.07   data required time
-----------------------------------------------------------------------------
                                 -0.07   data required time
                                 -1.67   data arrival time
-----------------------------------------------------------------------------
                                  1.74   slack (MET)


Startpoint: _2290_ (rising edge-triggered flip-flop clocked by core_clock)
Endpoint: _2258_ (rising edge-triggered flip-flop clocked by core_clock)
Path Group: core_clock
Path Type: min

Fanout     Cap    Slew   Delay    Time   Description
-----------------------------------------------------------------------------
                  0.00    0.00    0.00   clock core_clock (rise edge)
                          0.00    0.00   clock network delay (ideal)
                  0.00    0.00    0.00 ^ _2290_/CLK (sky130_fd_sc_hd__dfxtp_4)
     2    0.10    0.28    0.48    0.48 ^ _2290_/Q (sky130_fd_sc_hd__dfxtp_4)
                                         rf.registers[3][24] (net)
                  0.29    0.04    0.53 ^ _1873_/A3 (sky130_fd_sc_hd__mux4_2)
     1    0.07    0.38    0.55    1.07 ^ _1873_/X (sky130_fd_sc_hd__mux4_2)
                                         _0386_ (net)
                  0.39    0.03    1.11 ^ wire1086/A (sky130_fd_sc_hd__buf_12)
     1    0.14    0.14    0.23    1.33 ^ wire1086/X (sky130_fd_sc_hd__buf_12)
                                         net1086 (net)
                  0.24    0.10    1.43 ^ _1874_/A (sky130_fd_sc_hd__buf_4)
     1    0.05    0.15    0.24    1.68 ^ _1874_/X (sky130_fd_sc_hd__buf_4)
                                         _0048_ (net)
                  0.15    0.01    1.69 ^ _2258_/D (sky130_fd_sc_hd__dfxtp_4)
                                  1.69   data arrival time

                  0.00    0.00    0.00   clock core_clock (rise edge)
                          0.00    0.00   clock network delay (ideal)
                          0.00    0.00   clock reconvergence pessimism
                                  0.00 ^ _2258_/CLK (sky130_fd_sc_hd__dfxtp_4)
                         -0.06   -0.06   library hold time
                                 -0.06   data required time
-----------------------------------------------------------------------------
                                 -0.06   data required time
                                 -1.69   data arrival time
-----------------------------------------------------------------------------
                                  1.75   slack (MET)


Startpoint: _2376_ (rising edge-triggered flip-flop clocked by core_clock)
Endpoint: _2248_ (rising edge-triggered flip-flop clocked by core_clock)
Path Group: core_clock
Path Type: min

Fanout     Cap    Slew   Delay    Time   Description
-----------------------------------------------------------------------------
                  0.00    0.00    0.00   clock core_clock (rise edge)
                          0.00    0.00   clock network delay (ideal)
                  0.00    0.00    0.00 ^ _2376_/CLK (sky130_fd_sc_hd__dfxtp_4)
     2    0.08    0.23    0.46    0.46 ^ _2376_/Q (sky130_fd_sc_hd__dfxtp_4)
                                         rf.registers[1][14] (net)
                  0.23    0.01    0.47 ^ _1851_/A1 (sky130_fd_sc_hd__mux4_2)
     1    0.09    0.46    0.58    1.05 ^ _1851_/X (sky130_fd_sc_hd__mux4_2)
                                         _0374_ (net)
                  0.46    0.04    1.09 ^ wire1093/A (sky130_fd_sc_hd__buf_12)
     1    0.14    0.15    0.24    1.33 ^ wire1093/X (sky130_fd_sc_hd__buf_12)
                                         net1093 (net)
                  0.25    0.10    1.43 ^ _1852_/A (sky130_fd_sc_hd__buf_2)
     1    0.03    0.17    0.26    1.69 ^ _1852_/X (sky130_fd_sc_hd__buf_2)
                                         _0037_ (net)
                  0.17    0.01    1.69 ^ _2248_/D (sky130_fd_sc_hd__dfxtp_4)
                                  1.69   data arrival time

                  0.00    0.00    0.00   clock core_clock (rise edge)
                          0.00    0.00   clock network delay (ideal)
                          0.00    0.00   clock reconvergence pessimism
                                  0.00 ^ _2248_/CLK (sky130_fd_sc_hd__dfxtp_4)
                         -0.06   -0.06   library hold time
                                 -0.06   data required time
-----------------------------------------------------------------------------
                                 -0.06   data required time
                                 -1.69   data arrival time
-----------------------------------------------------------------------------
                                  1.76   slack (MET)


Startpoint: _2373_ (rising edge-triggered flip-flop clocked by core_clock)
Endpoint: _2373_ (rising edge-triggered flip-flop clocked by core_clock)
Path Group: core_clock
Path Type: min

Fanout     Cap    Slew   Delay    Time   Description
-----------------------------------------------------------------------------
                  0.00    0.00    0.00   clock core_clock (rise edge)
                          0.00    0.00   clock network delay (ideal)
                  0.00    0.00    0.00 ^ _2373_/CLK (sky130_fd_sc_hd__dfxtp_1)
     1    0.01    0.10    0.33    0.33 ^ _2373_/Q (sky130_fd_sc_hd__dfxtp_1)
                                         rf.registers[1][11] (net)
                  0.10    0.00    0.33 ^ wire1226/A (sky130_fd_sc_hd__buf_12)
     3    0.20    0.22    0.18    0.51 ^ wire1226/X (sky130_fd_sc_hd__buf_12)
                                         net1226 (net)
                  0.35    0.14    0.65 ^ _2122_/A0 (sky130_fd_sc_hd__mux2_8)
     1    0.18    0.26    0.39    1.04 ^ _2122_/X (sky130_fd_sc_hd__mux2_8)
                                         _0520_ (net)
                  0.42    0.16    1.20 ^ _2123_/A (sky130_fd_sc_hd__buf_12)
     1    0.20    0.18    0.26    1.46 ^ _2123_/X (sky130_fd_sc_hd__buf_12)
                                         _0139_ (net)
                  0.42    0.19    1.65 ^ _2373_/D (sky130_fd_sc_hd__dfxtp_1)
                                  1.65   data arrival time

                  0.00    0.00    0.00   clock core_clock (rise edge)
                          0.00    0.00   clock network delay (ideal)
                          0.00    0.00   clock reconvergence pessimism
                                  0.00 ^ _2373_/CLK (sky130_fd_sc_hd__dfxtp_1)
                         -0.12   -0.12   library hold time
                                 -0.12   data required time
-----------------------------------------------------------------------------
                                 -0.12   data required time
                                 -1.65   data arrival time
-----------------------------------------------------------------------------
                                  1.76   slack (MET)


Startpoint: _2330_ (rising edge-triggered flip-flop clocked by core_clock)
Endpoint: _2330_ (rising edge-triggered flip-flop clocked by core_clock)
Path Group: core_clock
Path Type: min

Fanout     Cap    Slew   Delay    Time   Description
-----------------------------------------------------------------------------
                  0.00    0.00    0.00   clock core_clock (rise edge)
                          0.00    0.00   clock network delay (ideal)
                  0.00    0.00    0.00 ^ _2330_/CLK (sky130_fd_sc_hd__dfxtp_4)
     3    0.13    0.38    0.54    0.54 ^ _2330_/Q (sky130_fd_sc_hd__dfxtp_4)
                                         rf.registers[0][0] (net)
                  0.38    0.03    0.57 ^ _2030_/A1 (sky130_fd_sc_hd__mux2_8)
     1    0.21    0.30    0.41    0.98 ^ _2030_/X (sky130_fd_sc_hd__mux2_8)
                                         _0471_ (net)
                  0.54    0.23    1.21 ^ _2031_/A (sky130_fd_sc_hd__buf_12)
     1    0.19    0.17    0.27    1.48 ^ _2031_/X (sky130_fd_sc_hd__buf_12)
                                         _0096_ (net)
                  0.39    0.17    1.65 ^ _2330_/D (sky130_fd_sc_hd__dfxtp_4)
                                  1.65   data arrival time

                  0.00    0.00    0.00   clock core_clock (rise edge)
                          0.00    0.00   clock network delay (ideal)
                          0.00    0.00   clock reconvergence pessimism
                                  0.00 ^ _2330_/CLK (sky130_fd_sc_hd__dfxtp_4)
                         -0.11   -0.11   library hold time
                                 -0.11   data required time
-----------------------------------------------------------------------------
                                 -0.11   data required time
                                 -1.65   data arrival time
-----------------------------------------------------------------------------
                                  1.76   slack (MET)


Startpoint: _2270_ (rising edge-triggered flip-flop clocked by core_clock)
Endpoint: _2238_ (rising edge-triggered flip-flop clocked by core_clock)
Path Group: core_clock
Path Type: min

Fanout     Cap    Slew   Delay    Time   Description
-----------------------------------------------------------------------------
                  0.00    0.00    0.00   clock core_clock (rise edge)
                          0.00    0.00   clock network delay (ideal)
                  0.00    0.00    0.00 ^ _2270_/CLK (sky130_fd_sc_hd__dfxtp_4)
     3    0.10    0.28    0.48    0.48 ^ _2270_/Q (sky130_fd_sc_hd__dfxtp_4)
                                         rf.registers[3][4] (net)
                  0.29    0.04    0.52 ^ _1829_/A3 (sky130_fd_sc_hd__mux4_2)
     1    0.06    0.30    0.49    1.01 ^ _1829_/X (sky130_fd_sc_hd__mux4_2)
                                         _0362_ (net)
                  0.30    0.02    1.03 ^ wire1100/A (sky130_fd_sc_hd__buf_12)
     1    0.14    0.14    0.22    1.25 ^ wire1100/X (sky130_fd_sc_hd__buf_12)
                                         net1100 (net)
                  0.24    0.10    1.34 ^ _1830_/A (sky130_fd_sc_hd__buf_12)
     1    0.16    0.15    0.22    1.56 ^ _1830_/X (sky130_fd_sc_hd__buf_12)
                                         _0058_ (net)
                  0.29    0.12    1.68 ^ _2238_/D (sky130_fd_sc_hd__dfxtp_4)
                                  1.68   data arrival time

                  0.00    0.00    0.00   clock core_clock (rise edge)
                          0.00    0.00   clock network delay (ideal)
                          0.00    0.00   clock reconvergence pessimism
                                  0.00 ^ _2238_/CLK (sky130_fd_sc_hd__dfxtp_4)
                         -0.09   -0.09   library hold time
                                 -0.09   data required time
-----------------------------------------------------------------------------
                                 -0.09   data required time
                                 -1.68   data arrival time
-----------------------------------------------------------------------------
                                  1.77   slack (MET)


Startpoint: _2293_ (rising edge-triggered flip-flop clocked by core_clock)
Endpoint: _2293_ (rising edge-triggered flip-flop clocked by core_clock)
Path Group: core_clock
Path Type: min

Fanout     Cap    Slew   Delay    Time   Description
-----------------------------------------------------------------------------
                  0.00    0.00    0.00   clock core_clock (rise edge)
                          0.00    0.00   clock network delay (ideal)
                  0.00    0.00    0.00 ^ _2293_/CLK (sky130_fd_sc_hd__dfxtp_1)
     1    0.01    0.11    0.33    0.33 ^ _2293_/Q (sky130_fd_sc_hd__dfxtp_1)
                                         rf.registers[3][27] (net)
                  0.11    0.00    0.33 ^ wire1359/A (sky130_fd_sc_hd__buf_12)
     2    0.18    0.16    0.18    0.51 ^ wire1359/X (sky130_fd_sc_hd__buf_12)
                                         net1359 (net)
                  0.32    0.13    0.64 ^ wire1358/A (sky130_fd_sc_hd__buf_12)
     2    0.21    0.19    0.22    0.86 ^ wire1358/X (sky130_fd_sc_hd__buf_12)
                                         net1358 (net)
                  0.32    0.12    0.98 ^ _2017_/A0 (sky130_fd_sc_hd__mux2_8)
     1    0.14    0.22    0.36    1.34 ^ _2017_/X (sky130_fd_sc_hd__mux2_8)
                                         _0463_ (net)
                  0.30    0.10    1.44 ^ _2018_/A (sky130_fd_sc_hd__buf_4)
     1    0.05    0.15    0.26    1.70 ^ _2018_/X (sky130_fd_sc_hd__buf_4)
                                         _0091_ (net)
                  0.15    0.02    1.72 ^ _2293_/D (sky130_fd_sc_hd__dfxtp_1)
                                  1.72   data arrival time

                  0.00    0.00    0.00   clock core_clock (rise edge)
                          0.00    0.00   clock network delay (ideal)
                          0.00    0.00   clock reconvergence pessimism
                                  0.00 ^ _2293_/CLK (sky130_fd_sc_hd__dfxtp_1)
                         -0.06   -0.06   library hold time
                                 -0.06   data required time
-----------------------------------------------------------------------------
                                 -0.06   data required time
                                 -1.72   data arrival time
-----------------------------------------------------------------------------
                                  1.78   slack (MET)


Startpoint: _2403_ (rising edge-triggered flip-flop clocked by core_clock)
Endpoint: _2403_ (rising edge-triggered flip-flop clocked by core_clock)
Path Group: core_clock
Path Type: min

Fanout     Cap    Slew   Delay    Time   Description
-----------------------------------------------------------------------------
                  0.00    0.00    0.00   clock core_clock (rise edge)
                          0.00    0.00   clock network delay (ideal)
                  0.00    0.00    0.00 ^ _2403_/CLK (sky130_fd_sc_hd__dfxtp_4)
     2    0.08    0.23    0.46    0.46 ^ _2403_/Q (sky130_fd_sc_hd__dfxtp_4)
                                         rf.registers[2][9] (net)
                  0.23    0.00    0.46 ^ wire1180/A (sky130_fd_sc_hd__buf_12)
     2    0.19    0.18    0.21    0.67 ^ wire1180/X (sky130_fd_sc_hd__buf_12)
                                         net1180 (net)
                  0.39    0.17    0.84 ^ _2186_/A0 (sky130_fd_sc_hd__mux2_8)
     1    0.11    0.18    0.35    1.19 ^ _2186_/X (sky130_fd_sc_hd__mux2_8)
                                         _0554_ (net)
                  0.22    0.06    1.25 ^ _2187_/A (sky130_fd_sc_hd__buf_12)
     1    0.20    0.17    0.23    1.48 ^ _2187_/X (sky130_fd_sc_hd__buf_12)
                                         _0169_ (net)
                  0.40    0.18    1.67 ^ _2403_/D (sky130_fd_sc_hd__dfxtp_4)
                                  1.67   data arrival time

                  0.00    0.00    0.00   clock core_clock (rise edge)
                          0.00    0.00   clock network delay (ideal)
                          0.00    0.00   clock reconvergence pessimism
                                  0.00 ^ _2403_/CLK (sky130_fd_sc_hd__dfxtp_4)
                         -0.11   -0.11   library hold time
                                 -0.11   data required time
-----------------------------------------------------------------------------
                                 -0.11   data required time
                                 -1.67   data arrival time
-----------------------------------------------------------------------------
                                  1.78   slack (MET)


Startpoint: _2288_ (rising edge-triggered flip-flop clocked by core_clock)
Endpoint: _2256_ (rising edge-triggered flip-flop clocked by core_clock)
Path Group: core_clock
Path Type: min

Fanout     Cap    Slew   Delay    Time   Description
-----------------------------------------------------------------------------
                  0.00    0.00    0.00   clock core_clock (rise edge)
                          0.00    0.00   clock network delay (ideal)
                  0.00    0.00    0.00 ^ _2288_/CLK (sky130_fd_sc_hd__dfxtp_2)
     2    0.03    0.17    0.39    0.39 ^ _2288_/Q (sky130_fd_sc_hd__dfxtp_2)
                                         rf.registers[3][22] (net)
                  0.17    0.01    0.40 ^ _1869_/A3 (sky130_fd_sc_hd__mux4_2)
     1    0.10    0.50    0.59    0.98 ^ _1869_/X (sky130_fd_sc_hd__mux4_2)
                                         _0384_ (net)
                  0.50    0.05    1.04 ^ _1870_/A (sky130_fd_sc_hd__buf_12)
     1    0.26    0.21    0.29    1.33 ^ _1870_/X (sky130_fd_sc_hd__buf_12)
                                         _0046_ (net)
                  0.66    0.31    1.64 ^ _2256_/D (sky130_fd_sc_hd__dfxtp_4)
                                  1.64   data arrival time

                  0.00    0.00    0.00   clock core_clock (rise edge)
                          0.00    0.00   clock network delay (ideal)
                          0.00    0.00   clock reconvergence pessimism
                                  0.00 ^ _2256_/CLK (sky130_fd_sc_hd__dfxtp_4)
                         -0.14   -0.14   library hold time
                                 -0.14   data required time
-----------------------------------------------------------------------------
                                 -0.14   data required time
                                 -1.64   data arrival time
-----------------------------------------------------------------------------
                                  1.78   slack (MET)


Startpoint: _2337_ (rising edge-triggered flip-flop clocked by core_clock)
Endpoint: _2305_ (rising edge-triggered flip-flop clocked by core_clock)
Path Group: core_clock
Path Type: min

Fanout     Cap    Slew   Delay    Time   Description
-----------------------------------------------------------------------------
                  0.00    0.00    0.00   clock core_clock (rise edge)
                          0.00    0.00   clock network delay (ideal)
                  0.00    0.00    0.00 ^ _2337_/CLK (sky130_fd_sc_hd__dfxtp_4)
     3    0.22    0.61    0.67    0.67 ^ _2337_/Q (sky130_fd_sc_hd__dfxtp_4)
                                         rf.registers[0][7] (net)
                  0.63    0.10    0.77 ^ _1905_/A0 (sky130_fd_sc_hd__mux4_1)
     1    0.01    0.12    0.40    1.16 ^ _1905_/X (sky130_fd_sc_hd__mux4_1)
                                         _0403_ (net)
                  0.12    0.00    1.16 ^ wire1073/A (sky130_fd_sc_hd__buf_12)
     1    0.14    0.14    0.18    1.35 ^ wire1073/X (sky130_fd_sc_hd__buf_12)
                                         net1073 (net)
                  0.24    0.09    1.44 ^ _1906_/A (sky130_fd_sc_hd__clkbuf_4)
     1    0.05    0.15    0.27    1.71 ^ _1906_/X (sky130_fd_sc_hd__clkbuf_4)
                                         _0029_ (net)
                  0.15    0.01    1.73 ^ _2305_/D (sky130_fd_sc_hd__dfxtp_4)
                                  1.73   data arrival time

                  0.00    0.00    0.00   clock core_clock (rise edge)
                          0.00    0.00   clock network delay (ideal)
                          0.00    0.00   clock reconvergence pessimism
                                  0.00 ^ _2305_/CLK (sky130_fd_sc_hd__dfxtp_4)
                         -0.06   -0.06   library hold time
                                 -0.06   data required time
-----------------------------------------------------------------------------
                                 -0.06   data required time
                                 -1.73   data arrival time
-----------------------------------------------------------------------------
                                  1.79   slack (MET)


Startpoint: _2344_ (rising edge-triggered flip-flop clocked by core_clock)
Endpoint: _2312_ (rising edge-triggered flip-flop clocked by core_clock)
Path Group: core_clock
Path Type: min

Fanout     Cap    Slew   Delay    Time   Description
-----------------------------------------------------------------------------
                  0.00    0.00    0.00   clock core_clock (rise edge)
                          0.00    0.00   clock network delay (ideal)
                  0.00    0.00    0.00 ^ _2344_/CLK (sky130_fd_sc_hd__dfxtp_4)
     2    0.07    0.22    0.44    0.44 ^ _2344_/Q (sky130_fd_sc_hd__dfxtp_4)
                                         rf.registers[0][14] (net)
                  0.22    0.02    0.47 ^ _1921_/A0 (sky130_fd_sc_hd__mux4_2)
     1    0.04    0.20    0.41    0.87 ^ _1921_/X (sky130_fd_sc_hd__mux4_2)
                                         _0412_ (net)
                  0.20    0.01    0.88 ^ wire1068/A (sky130_fd_sc_hd__buf_12)
     1    0.14    0.14    0.20    1.08 ^ wire1068/X (sky130_fd_sc_hd__buf_12)
                                         net1068 (net)
                  0.24    0.10    1.18 ^ _1922_/A (sky130_fd_sc_hd__buf_12)
     1    0.22    0.19    0.24    1.42 ^ _1922_/X (sky130_fd_sc_hd__buf_12)
                                         _0005_ (net)
                  0.50    0.23    1.65 ^ _2312_/D (sky130_fd_sc_hd__dfxtp_4)
                                  1.65   data arrival time

                  0.00    0.00    0.00   clock core_clock (rise edge)
                          0.00    0.00   clock network delay (ideal)
                          0.00    0.00   clock reconvergence pessimism
                                  0.00 ^ _2312_/CLK (sky130_fd_sc_hd__dfxtp_4)
                         -0.13   -0.13   library hold time
                                 -0.13   data required time
-----------------------------------------------------------------------------
                                 -0.13   data required time
                                 -1.65   data arrival time
-----------------------------------------------------------------------------
                                  1.79   slack (MET)


Startpoint: _2353_ (rising edge-triggered flip-flop clocked by core_clock)
Endpoint: _2353_ (rising edge-triggered flip-flop clocked by core_clock)
Path Group: core_clock
Path Type: min

Fanout     Cap    Slew   Delay    Time   Description
-----------------------------------------------------------------------------
                  0.00    0.00    0.00   clock core_clock (rise edge)
                          0.00    0.00   clock network delay (ideal)
                  0.00    0.00    0.00 ^ _2353_/CLK (sky130_fd_sc_hd__dfxtp_4)
     2    0.08    0.23    0.46    0.46 ^ _2353_/Q (sky130_fd_sc_hd__dfxtp_4)
                                         rf.registers[0][23] (net)
                  0.23    0.00    0.46 ^ wire1250/A (sky130_fd_sc_hd__buf_12)
     2    0.19    0.20    0.22    0.68 ^ wire1250/X (sky130_fd_sc_hd__buf_12)
                                         net1250 (net)
                  0.35    0.15    0.82 ^ _2078_/A1 (sky130_fd_sc_hd__mux2_8)
     1    0.12    0.20    0.35    1.18 ^ _2078_/X (sky130_fd_sc_hd__mux2_8)
                                         _0496_ (net)
                  0.26    0.08    1.26 ^ _2079_/A (sky130_fd_sc_hd__buf_12)
     1    0.20    0.17    0.24    1.49 ^ _2079_/X (sky130_fd_sc_hd__buf_12)
                                         _0119_ (net)
                  0.41    0.18    1.68 ^ _2353_/D (sky130_fd_sc_hd__dfxtp_4)
                                  1.68   data arrival time

                  0.00    0.00    0.00   clock core_clock (rise edge)
                          0.00    0.00   clock network delay (ideal)
                          0.00    0.00   clock reconvergence pessimism
                                  0.00 ^ _2353_/CLK (sky130_fd_sc_hd__dfxtp_4)
                         -0.11   -0.11   library hold time
                                 -0.11   data required time
-----------------------------------------------------------------------------
                                 -0.11   data required time
                                 -1.68   data arrival time
-----------------------------------------------------------------------------
                                  1.79   slack (MET)


Startpoint: _2378_ (rising edge-triggered flip-flop clocked by core_clock)
Endpoint: _2378_ (rising edge-triggered flip-flop clocked by core_clock)
Path Group: core_clock
Path Type: min

Fanout     Cap    Slew   Delay    Time   Description
-----------------------------------------------------------------------------
                  0.00    0.00    0.00   clock core_clock (rise edge)
                          0.00    0.00   clock network delay (ideal)
                  0.00    0.00    0.00 ^ _2378_/CLK (sky130_fd_sc_hd__dfxtp_4)
     2    0.12    0.32    0.51    0.51 ^ _2378_/Q (sky130_fd_sc_hd__dfxtp_4)
                                         rf.registers[1][16] (net)
                  0.34    0.06    0.57 ^ _2132_/A0 (sky130_fd_sc_hd__mux2_8)
     1    0.26    0.34    0.43    1.01 ^ _2132_/X (sky130_fd_sc_hd__mux2_8)
                                         _0525_ (net)
                  0.74    0.33    1.34 ^ _2133_/A (sky130_fd_sc_hd__buf_12)
     1    0.15    0.16    0.26    1.60 ^ _2133_/X (sky130_fd_sc_hd__buf_12)
                                         _0144_ (net)
                  0.28    0.11    1.71 ^ _2378_/D (sky130_fd_sc_hd__dfxtp_4)
                                  1.71   data arrival time

                  0.00    0.00    0.00   clock core_clock (rise edge)
                          0.00    0.00   clock network delay (ideal)
                          0.00    0.00   clock reconvergence pessimism
                                  0.00 ^ _2378_/CLK (sky130_fd_sc_hd__dfxtp_4)
                         -0.09   -0.09   library hold time
                                 -0.09   data required time
-----------------------------------------------------------------------------
                                 -0.09   data required time
                                 -1.71   data arrival time
-----------------------------------------------------------------------------
                                  1.80   slack (MET)


Startpoint: _2338_ (rising edge-triggered flip-flop clocked by core_clock)
Endpoint: _2338_ (rising edge-triggered flip-flop clocked by core_clock)
Path Group: core_clock
Path Type: min

Fanout     Cap    Slew   Delay    Time   Description
-----------------------------------------------------------------------------
                  0.00    0.00    0.00   clock core_clock (rise edge)
                          0.00    0.00   clock network delay (ideal)
                  0.00    0.00    0.00 ^ _2338_/CLK (sky130_fd_sc_hd__dfxtp_1)
     2    0.02    0.19    0.39    0.39 ^ _2338_/Q (sky130_fd_sc_hd__dfxtp_1)
                                         rf.registers[0][8] (net)
                  0.19    0.00    0.39 ^ max_cap1271/A (sky130_fd_sc_hd__buf_12)
     2    0.16    0.17    0.20    0.59 ^ max_cap1271/X (sky130_fd_sc_hd__buf_12)
                                         net1271 (net)
                  0.26    0.10    0.69 ^ _2046_/A1 (sky130_fd_sc_hd__mux2_8)
     1    0.19    0.28    0.38    1.07 ^ _2046_/X (sky130_fd_sc_hd__mux2_8)
                                         _0479_ (net)
                  0.47    0.19    1.26 ^ _2047_/A (sky130_fd_sc_hd__buf_12)
     1    0.19    0.18    0.26    1.52 ^ _2047_/X (sky130_fd_sc_hd__buf_12)
                                         _0104_ (net)
                  0.40    0.18    1.69 ^ _2338_/D (sky130_fd_sc_hd__dfxtp_1)
                                  1.69   data arrival time

                  0.00    0.00    0.00   clock core_clock (rise edge)
                          0.00    0.00   clock network delay (ideal)
                          0.00    0.00   clock reconvergence pessimism
                                  0.00 ^ _2338_/CLK (sky130_fd_sc_hd__dfxtp_1)
                         -0.11   -0.11   library hold time
                                 -0.11   data required time
-----------------------------------------------------------------------------
                                 -0.11   data required time
                                 -1.69   data arrival time
-----------------------------------------------------------------------------
                                  1.81   slack (MET)


Startpoint: _2272_ (rising edge-triggered flip-flop clocked by core_clock)
Endpoint: _2304_ (rising edge-triggered flip-flop clocked by core_clock)
Path Group: core_clock
Path Type: min

Fanout     Cap    Slew   Delay    Time   Description
-----------------------------------------------------------------------------
                  0.00    0.00    0.00   clock core_clock (rise edge)
                          0.00    0.00   clock network delay (ideal)
                  0.00    0.00    0.00 ^ _2272_/CLK (sky130_fd_sc_hd__dfxtp_4)
     2    0.11    0.30    0.49    0.49 ^ _2272_/Q (sky130_fd_sc_hd__dfxtp_4)
                                         rf.registers[3][6] (net)
                  0.32    0.06    0.54 ^ _1903_/A3 (sky130_fd_sc_hd__mux4_2)
     1    0.14    0.68    0.74    1.28 ^ _1903_/X (sky130_fd_sc_hd__mux4_2)
                                         _0402_ (net)
                  0.70    0.10    1.38 ^ _1904_/A (sky130_fd_sc_hd__buf_12)
     1    0.14    0.15    0.26    1.64 ^ _1904_/X (sky130_fd_sc_hd__buf_12)
                                         _0028_ (net)
                  0.24    0.09    1.73 ^ _2304_/D (sky130_fd_sc_hd__dfxtp_1)
                                  1.73   data arrival time

                  0.00    0.00    0.00   clock core_clock (rise edge)
                          0.00    0.00   clock network delay (ideal)
                          0.00    0.00   clock reconvergence pessimism
                                  0.00 ^ _2304_/CLK (sky130_fd_sc_hd__dfxtp_1)
                         -0.08   -0.08   library hold time
                                 -0.08   data required time
-----------------------------------------------------------------------------
                                 -0.08   data required time
                                 -1.73   data arrival time
-----------------------------------------------------------------------------
                                  1.81   slack (MET)


Startpoint: _2381_ (rising edge-triggered flip-flop clocked by core_clock)
Endpoint: _2381_ (rising edge-triggered flip-flop clocked by core_clock)
Path Group: core_clock
Path Type: min

Fanout     Cap    Slew   Delay    Time   Description
-----------------------------------------------------------------------------
                  0.00    0.00    0.00   clock core_clock (rise edge)
                          0.00    0.00   clock network delay (ideal)
                  0.00    0.00    0.00 ^ _2381_/CLK (sky130_fd_sc_hd__dfxtp_4)
     3    0.26    0.31    0.52    0.52 v _2381_/Q (sky130_fd_sc_hd__dfxtp_4)
                                         rf.registers[1][19] (net)
                  0.33    0.05    0.57 v _2138_/A0 (sky130_fd_sc_hd__mux2_8)
     1    0.20    0.15    0.53    1.10 v _2138_/X (sky130_fd_sc_hd__mux2_8)
                                         _0528_ (net)
                  0.40    0.18    1.29 v _2139_/A (sky130_fd_sc_hd__clkbuf_16)
     1    0.13    0.08    0.34    1.63 v _2139_/X (sky130_fd_sc_hd__clkbuf_16)
                                         _0147_ (net)
                  0.17    0.08    1.70 v _2381_/D (sky130_fd_sc_hd__dfxtp_4)
                                  1.70   data arrival time

                  0.00    0.00    0.00   clock core_clock (rise edge)
                          0.00    0.00   clock network delay (ideal)
                          0.00    0.00   clock reconvergence pessimism
                                  0.00 ^ _2381_/CLK (sky130_fd_sc_hd__dfxtp_4)
                         -0.11   -0.11   library hold time
                                 -0.11   data required time
-----------------------------------------------------------------------------
                                 -0.11   data required time
                                 -1.70   data arrival time
-----------------------------------------------------------------------------
                                  1.81   slack (MET)


Startpoint: _2290_ (rising edge-triggered flip-flop clocked by core_clock)
Endpoint: _2290_ (rising edge-triggered flip-flop clocked by core_clock)
Path Group: core_clock
Path Type: min

Fanout     Cap    Slew   Delay    Time   Description
-----------------------------------------------------------------------------
                  0.00    0.00    0.00   clock core_clock (rise edge)
                          0.00    0.00   clock network delay (ideal)
                  0.00    0.00    0.00 ^ _2290_/CLK (sky130_fd_sc_hd__dfxtp_4)
     2    0.10    0.28    0.48    0.48 ^ _2290_/Q (sky130_fd_sc_hd__dfxtp_4)
                                         rf.registers[3][24] (net)
                  0.28    0.00    0.48 ^ wire1360/A (sky130_fd_sc_hd__buf_12)
     2    0.24    0.18    0.23    0.72 ^ wire1360/X (sky130_fd_sc_hd__buf_12)
                                         net1360 (net)
                  0.57    0.26    0.98 ^ _2011_/A0 (sky130_fd_sc_hd__mux2_8)
     1    0.13    0.20    0.40    1.38 ^ _2011_/X (sky130_fd_sc_hd__mux2_8)
                                         _0460_ (net)
                  0.26    0.08    1.46 ^ _2012_/A (sky130_fd_sc_hd__clkbuf_8)
     1    0.08    0.14    0.26    1.73 ^ _2012_/X (sky130_fd_sc_hd__clkbuf_8)
                                         _0088_ (net)
                  0.15    0.03    1.76 ^ _2290_/D (sky130_fd_sc_hd__dfxtp_4)
                                  1.76   data arrival time

                  0.00    0.00    0.00   clock core_clock (rise edge)
                          0.00    0.00   clock network delay (ideal)
                          0.00    0.00   clock reconvergence pessimism
                                  0.00 ^ _2290_/CLK (sky130_fd_sc_hd__dfxtp_4)
                         -0.06   -0.06   library hold time
                                 -0.06   data required time
-----------------------------------------------------------------------------
                                 -0.06   data required time
                                 -1.76   data arrival time
-----------------------------------------------------------------------------
                                  1.82   slack (MET)


Startpoint: _2274_ (rising edge-triggered flip-flop clocked by core_clock)
Endpoint: _2242_ (rising edge-triggered flip-flop clocked by core_clock)
Path Group: core_clock
Path Type: min

Fanout     Cap    Slew   Delay    Time   Description
-----------------------------------------------------------------------------
                  0.00    0.00    0.00   clock core_clock (rise edge)
                          0.00    0.00   clock network delay (ideal)
                  0.00    0.00    0.00 ^ _2274_/CLK (sky130_fd_sc_hd__dfxtp_4)
     3    0.10    0.29    0.49    0.49 ^ _2274_/Q (sky130_fd_sc_hd__dfxtp_4)
                                         rf.registers[3][8] (net)
                  0.29    0.03    0.52 ^ _1837_/A3 (sky130_fd_sc_hd__mux4_2)
     1    0.02    0.14    0.37    0.89 ^ _1837_/X (sky130_fd_sc_hd__mux4_2)
                                         _0366_ (net)
                  0.14    0.00    0.89 ^ wire1098/A (sky130_fd_sc_hd__buf_12)
     1    0.14    0.14    0.19    1.08 ^ wire1098/X (sky130_fd_sc_hd__buf_12)
                                         net1098 (net)
                  0.24    0.10    1.18 ^ wire1097/A (sky130_fd_sc_hd__buf_12)
     1    0.14    0.14    0.21    1.39 ^ wire1097/X (sky130_fd_sc_hd__buf_12)
                                         net1097 (net)
                  0.24    0.10    1.49 ^ _1838_/A (sky130_fd_sc_hd__buf_6)
     1    0.08    0.17    0.23    1.72 ^ _1838_/X (sky130_fd_sc_hd__buf_6)
                                         _0062_ (net)
                  0.18    0.04    1.76 ^ _2242_/D (sky130_fd_sc_hd__dfxtp_4)
                                  1.76   data arrival time

                  0.00    0.00    0.00   clock core_clock (rise edge)
                          0.00    0.00   clock network delay (ideal)
                          0.00    0.00   clock reconvergence pessimism
                                  0.00 ^ _2242_/CLK (sky130_fd_sc_hd__dfxtp_4)
                         -0.07   -0.07   library hold time
                                 -0.07   data required time
-----------------------------------------------------------------------------
                                 -0.07   data required time
                                 -1.76   data arrival time
-----------------------------------------------------------------------------
                                  1.82   slack (MET)


Startpoint: _2268_ (rising edge-triggered flip-flop clocked by core_clock)
Endpoint: _2268_ (rising edge-triggered flip-flop clocked by core_clock)
Path Group: core_clock
Path Type: min

Fanout     Cap    Slew   Delay    Time   Description
-----------------------------------------------------------------------------
                  0.00    0.00    0.00   clock core_clock (rise edge)
                          0.00    0.00   clock network delay (ideal)
                  0.00    0.00    0.00 ^ _2268_/CLK (sky130_fd_sc_hd__dfxtp_4)
     2    0.08    0.22    0.44    0.44 ^ _2268_/Q (sky130_fd_sc_hd__dfxtp_4)
                                         rf.registers[3][2] (net)
                  0.23    0.03    0.47 ^ _1965_/A0 (sky130_fd_sc_hd__mux2_8)
     1    0.27    0.34    0.41    0.88 ^ _1965_/X (sky130_fd_sc_hd__mux2_8)
                                         _0436_ (net)
                  0.79    0.35    1.24 ^ _1966_/A (sky130_fd_sc_hd__buf_12)
     1    0.20    0.18    0.29    1.52 ^ _1966_/X (sky130_fd_sc_hd__buf_12)
                                         _0066_ (net)
                  0.43    0.19    1.72 ^ _2268_/D (sky130_fd_sc_hd__dfxtp_4)
                                  1.72   data arrival time

                  0.00    0.00    0.00   clock core_clock (rise edge)
                          0.00    0.00   clock network delay (ideal)
                          0.00    0.00   clock reconvergence pessimism
                                  0.00 ^ _2268_/CLK (sky130_fd_sc_hd__dfxtp_4)
                         -0.12   -0.12   library hold time
                                 -0.12   data required time
-----------------------------------------------------------------------------
                                 -0.12   data required time
                                 -1.72   data arrival time
-----------------------------------------------------------------------------
                                  1.83   slack (MET)


Startpoint: _2341_ (rising edge-triggered flip-flop clocked by core_clock)
Endpoint: _2341_ (rising edge-triggered flip-flop clocked by core_clock)
Path Group: core_clock
Path Type: min

Fanout     Cap    Slew   Delay    Time   Description
-----------------------------------------------------------------------------
                  0.00    0.00    0.00   clock core_clock (rise edge)
                          0.00    0.00   clock network delay (ideal)
                  0.00    0.00    0.00 ^ _2341_/CLK (sky130_fd_sc_hd__dfxtp_4)
     2    0.07    0.22    0.44    0.44 ^ _2341_/Q (sky130_fd_sc_hd__dfxtp_4)
                                         rf.registers[0][11] (net)
                  0.22    0.03    0.47 ^ wire1267/A (sky130_fd_sc_hd__buf_12)
     2    0.20    0.19    0.21    0.68 ^ wire1267/X (sky130_fd_sc_hd__buf_12)
                                         net1267 (net)
                  0.32    0.12    0.80 ^ _2053_/A1 (sky130_fd_sc_hd__mux2_8)
     1    0.12    0.19    0.34    1.14 ^ _2053_/X (sky130_fd_sc_hd__mux2_8)
                                         _0483_ (net)
                  0.24    0.07    1.21 ^ _2054_/A (sky130_fd_sc_hd__buf_12)
     1    0.23    0.19    0.25    1.45 ^ _2054_/X (sky130_fd_sc_hd__buf_12)
                                         _0107_ (net)
                  0.53    0.25    1.70 ^ _2341_/D (sky130_fd_sc_hd__dfxtp_4)
                                  1.70   data arrival time

                  0.00    0.00    0.00   clock core_clock (rise edge)
                          0.00    0.00   clock network delay (ideal)
                          0.00    0.00   clock reconvergence pessimism
                                  0.00 ^ _2341_/CLK (sky130_fd_sc_hd__dfxtp_4)
                         -0.13   -0.13   library hold time
                                 -0.13   data required time
-----------------------------------------------------------------------------
                                 -0.13   data required time
                                 -1.70   data arrival time
-----------------------------------------------------------------------------
                                  1.83   slack (MET)


Startpoint: _2425_ (rising edge-triggered flip-flop clocked by core_clock)
Endpoint: _2425_ (rising edge-triggered flip-flop clocked by core_clock)
Path Group: core_clock
Path Type: min

Fanout     Cap    Slew   Delay    Time   Description
-----------------------------------------------------------------------------
                  0.00    0.00    0.00   clock core_clock (rise edge)
                          0.00    0.00   clock network delay (ideal)
                  0.00    0.00    0.00 ^ _2425_/CLK (sky130_fd_sc_hd__dfxtp_4)
     2    0.04    0.12    0.38    0.38 ^ _2425_/Q (sky130_fd_sc_hd__dfxtp_4)
                                         rf.registers[2][31] (net)
                  0.12    0.01    0.39 ^ wire1148/A (sky130_fd_sc_hd__buf_12)
     2    0.22    0.17    0.19    0.58 ^ wire1148/X (sky130_fd_sc_hd__buf_12)
                                         net1148 (net)
                  0.52    0.24    0.82 ^ _2232_/A0 (sky130_fd_sc_hd__mux2_8)
     1    0.20    0.28    0.44    1.25 ^ _2232_/X (sky130_fd_sc_hd__mux2_8)
                                         _0578_ (net)
                  0.50    0.20    1.46 ^ _2233_/A (sky130_fd_sc_hd__buf_8)
     1    0.11    0.17    0.26    1.71 ^ _2233_/X (sky130_fd_sc_hd__buf_8)
                                         _0191_ (net)
                  0.21    0.06    1.77 ^ _2425_/D (sky130_fd_sc_hd__dfxtp_4)
                                  1.77   data arrival time

                  0.00    0.00    0.00   clock core_clock (rise edge)
                          0.00    0.00   clock network delay (ideal)
                          0.00    0.00   clock reconvergence pessimism
                                  0.00 ^ _2425_/CLK (sky130_fd_sc_hd__dfxtp_4)
                         -0.07   -0.07   library hold time
                                 -0.07   data required time
-----------------------------------------------------------------------------
                                 -0.07   data required time
                                 -1.77   data arrival time
-----------------------------------------------------------------------------
                                  1.85   slack (MET)


Startpoint: _2408_ (rising edge-triggered flip-flop clocked by core_clock)
Endpoint: _2408_ (rising edge-triggered flip-flop clocked by core_clock)
Path Group: core_clock
Path Type: min

Fanout     Cap    Slew   Delay    Time   Description
-----------------------------------------------------------------------------
                  0.00    0.00    0.00   clock core_clock (rise edge)
                          0.00    0.00   clock network delay (ideal)
                  0.00    0.00    0.00 ^ _2408_/CLK (sky130_fd_sc_hd__dfxtp_4)
     2    0.10    0.30    0.49    0.49 ^ _2408_/Q (sky130_fd_sc_hd__dfxtp_4)
                                         rf.registers[2][14] (net)
                  0.31    0.05    0.54 ^ wire1171/A (sky130_fd_sc_hd__buf_12)
     2    0.24    0.21    0.22    0.76 ^ wire1171/X (sky130_fd_sc_hd__buf_12)
                                         net1171 (net)
                  0.47    0.21    0.97 ^ _2197_/A0 (sky130_fd_sc_hd__mux2_8)
     1    0.16    0.25    0.40    1.38 ^ _2197_/X (sky130_fd_sc_hd__mux2_8)
                                         _0560_ (net)
                  0.36    0.13    1.51 ^ _2198_/A (sky130_fd_sc_hd__buf_6)
     1    0.08    0.16    0.25    1.75 ^ _2198_/X (sky130_fd_sc_hd__buf_6)
                                         _0174_ (net)
                  0.18    0.04    1.79 ^ _2408_/D (sky130_fd_sc_hd__dfxtp_4)
                                  1.79   data arrival time

                  0.00    0.00    0.00   clock core_clock (rise edge)
                          0.00    0.00   clock network delay (ideal)
                          0.00    0.00   clock reconvergence pessimism
                                  0.00 ^ _2408_/CLK (sky130_fd_sc_hd__dfxtp_4)
                         -0.06   -0.06   library hold time
                                 -0.06   data required time
-----------------------------------------------------------------------------
                                 -0.06   data required time
                                 -1.79   data arrival time
-----------------------------------------------------------------------------
                                  1.86   slack (MET)


Startpoint: _2333_ (rising edge-triggered flip-flop clocked by core_clock)
Endpoint: _2333_ (rising edge-triggered flip-flop clocked by core_clock)
Path Group: core_clock
Path Type: min

Fanout     Cap    Slew   Delay    Time   Description
-----------------------------------------------------------------------------
                  0.00    0.00    0.00   clock core_clock (rise edge)
                          0.00    0.00   clock network delay (ideal)
                  0.00    0.00    0.00 ^ _2333_/CLK (sky130_fd_sc_hd__dfxtp_4)
     3    0.08    0.23    0.45    0.45 ^ _2333_/Q (sky130_fd_sc_hd__dfxtp_4)
                                         rf.registers[0][3] (net)
                  0.24    0.03    0.48 ^ _2036_/A1 (sky130_fd_sc_hd__mux2_8)
     1    0.22    0.30    0.38    0.86 ^ _2036_/X (sky130_fd_sc_hd__mux2_8)
                                         _0474_ (net)
                  0.55    0.23    1.09 ^ _2037_/A (sky130_fd_sc_hd__buf_12)
     1    0.27    0.21    0.30    1.39 ^ _2037_/X (sky130_fd_sc_hd__buf_12)
                                         _0099_ (net)
                  0.69    0.33    1.72 ^ _2333_/D (sky130_fd_sc_hd__dfxtp_4)
                                  1.72   data arrival time

                  0.00    0.00    0.00   clock core_clock (rise edge)
                          0.00    0.00   clock network delay (ideal)
                          0.00    0.00   clock reconvergence pessimism
                                  0.00 ^ _2333_/CLK (sky130_fd_sc_hd__dfxtp_4)
                         -0.14   -0.14   library hold time
                                 -0.14   data required time
-----------------------------------------------------------------------------
                                 -0.14   data required time
                                 -1.72   data arrival time
-----------------------------------------------------------------------------
                                  1.86   slack (MET)


Startpoint: _2368_ (rising edge-triggered flip-flop clocked by core_clock)
Endpoint: _2240_ (rising edge-triggered flip-flop clocked by core_clock)
Path Group: core_clock
Path Type: min

Fanout     Cap    Slew   Delay    Time   Description
-----------------------------------------------------------------------------
                  0.00    0.00    0.00   clock core_clock (rise edge)
                          0.00    0.00   clock network delay (ideal)
                  0.00    0.00    0.00 ^ _2368_/CLK (sky130_fd_sc_hd__dfxtp_4)
     2    0.15    0.19    0.42    0.42 v _2368_/Q (sky130_fd_sc_hd__dfxtp_4)
                                         rf.registers[1][6] (net)
                  0.27    0.10    0.52 v _1833_/A1 (sky130_fd_sc_hd__mux4_2)
     1    0.13    0.36    0.83    1.35 v _1833_/X (sky130_fd_sc_hd__mux4_2)
                                         _0364_ (net)
                  0.41    0.10    1.45 v _1834_/A (sky130_fd_sc_hd__clkbuf_4)
     1    0.04    0.09    0.34    1.78 v _1834_/X (sky130_fd_sc_hd__clkbuf_4)
                                         _0060_ (net)
                  0.09    0.01    1.79 v _2240_/D (sky130_fd_sc_hd__dfxtp_4)
                                  1.79   data arrival time

                  0.00    0.00    0.00   clock core_clock (rise edge)
                          0.00    0.00   clock network delay (ideal)
                          0.00    0.00   clock reconvergence pessimism
                                  0.00 ^ _2240_/CLK (sky130_fd_sc_hd__dfxtp_4)
                         -0.07   -0.07   library hold time
                                 -0.07   data required time
-----------------------------------------------------------------------------
                                 -0.07   data required time
                                 -1.79   data arrival time
-----------------------------------------------------------------------------
                                  1.87   slack (MET)


Startpoint: _2270_ (rising edge-triggered flip-flop clocked by core_clock)
Endpoint: _2270_ (rising edge-triggered flip-flop clocked by core_clock)
Path Group: core_clock
Path Type: min

Fanout     Cap    Slew   Delay    Time   Description
-----------------------------------------------------------------------------
                  0.00    0.00    0.00   clock core_clock (rise edge)
                          0.00    0.00   clock network delay (ideal)
                  0.00    0.00    0.00 ^ _2270_/CLK (sky130_fd_sc_hd__dfxtp_4)
     3    0.10    0.28    0.48    0.48 ^ _2270_/Q (sky130_fd_sc_hd__dfxtp_4)
                                         rf.registers[3][4] (net)
                  0.28    0.02    0.51 ^ _1969_/A0 (sky130_fd_sc_hd__mux2_8)
     1    0.25    0.32    0.41    0.92 ^ _1969_/X (sky130_fd_sc_hd__mux2_8)
                                         _0438_ (net)
                  0.68    0.29    1.22 ^ _1970_/A (sky130_fd_sc_hd__buf_12)
     1    0.22    0.19    0.29    1.51 ^ _1970_/X (sky130_fd_sc_hd__buf_12)
                                         _0068_ (net)
                  0.51    0.24    1.74 ^ _2270_/D (sky130_fd_sc_hd__dfxtp_4)
                                  1.74   data arrival time

                  0.00    0.00    0.00   clock core_clock (rise edge)
                          0.00    0.00   clock network delay (ideal)
                          0.00    0.00   clock reconvergence pessimism
                                  0.00 ^ _2270_/CLK (sky130_fd_sc_hd__dfxtp_4)
                         -0.13   -0.13   library hold time
                                 -0.13   data required time
-----------------------------------------------------------------------------
                                 -0.13   data required time
                                 -1.74   data arrival time
-----------------------------------------------------------------------------
                                  1.88   slack (MET)


Startpoint: _2343_ (rising edge-triggered flip-flop clocked by core_clock)
Endpoint: _2343_ (rising edge-triggered flip-flop clocked by core_clock)
Path Group: core_clock
Path Type: min

Fanout     Cap    Slew   Delay    Time   Description
-----------------------------------------------------------------------------
                  0.00    0.00    0.00   clock core_clock (rise edge)
                          0.00    0.00   clock network delay (ideal)
                  0.00    0.00    0.00 ^ _2343_/CLK (sky130_fd_sc_hd__dfxtp_4)
     2    0.17    0.19    0.44    0.44 v _2343_/Q (sky130_fd_sc_hd__dfxtp_4)
                                         rf.registers[0][13] (net)
                  0.19    0.02    0.45 v max_cap1265/A (sky130_fd_sc_hd__buf_12)
     2    0.16    0.07    0.22    0.67 v max_cap1265/X (sky130_fd_sc_hd__buf_12)
                                         net1265 (net)
                  0.18    0.08    0.75 v _2057_/A1 (sky130_fd_sc_hd__mux2_8)
     1    0.14    0.14    0.44    1.19 v _2057_/X (sky130_fd_sc_hd__mux2_8)
                                         _0485_ (net)
                  0.24    0.10    1.29 v _2058_/A (sky130_fd_sc_hd__buf_12)
     1    0.19    0.07    0.26    1.55 v _2058_/X (sky130_fd_sc_hd__buf_12)
                                         _0109_ (net)
                  0.33    0.16    1.71 v _2343_/D (sky130_fd_sc_hd__dfxtp_4)
                                  1.71   data arrival time

                  0.00    0.00    0.00   clock core_clock (rise edge)
                          0.00    0.00   clock network delay (ideal)
                          0.00    0.00   clock reconvergence pessimism
                                  0.00 ^ _2343_/CLK (sky130_fd_sc_hd__dfxtp_4)
                         -0.17   -0.17   library hold time
                                 -0.17   data required time
-----------------------------------------------------------------------------
                                 -0.17   data required time
                                 -1.71   data arrival time
-----------------------------------------------------------------------------
                                  1.88   slack (MET)


Startpoint: _2372_ (rising edge-triggered flip-flop clocked by core_clock)
Endpoint: _2372_ (rising edge-triggered flip-flop clocked by core_clock)
Path Group: core_clock
Path Type: min

Fanout     Cap    Slew   Delay    Time   Description
-----------------------------------------------------------------------------
                  0.00    0.00    0.00   clock core_clock (rise edge)
                          0.00    0.00   clock network delay (ideal)
                  0.00    0.00    0.00 ^ _2372_/CLK (sky130_fd_sc_hd__dfxtp_4)
     1    0.05    0.16    0.41    0.41 ^ _2372_/Q (sky130_fd_sc_hd__dfxtp_4)
                                         rf.registers[1][10] (net)
                  0.16    0.02    0.42 ^ wire1228/A (sky130_fd_sc_hd__buf_12)
     2    0.24    0.19    0.23    0.65 ^ wire1228/X (sky130_fd_sc_hd__buf_12)
                                         net1228 (net)
                  0.56    0.26    0.91 ^ _2120_/A0 (sky130_fd_sc_hd__mux2_4)
     1    0.03    0.10    0.32    1.23 ^ _2120_/X (sky130_fd_sc_hd__mux2_4)
                                         _0519_ (net)
                  0.10    0.00    1.23 ^ _2121_/A (sky130_fd_sc_hd__buf_12)
     1    0.25    0.20    0.22    1.46 ^ _2121_/X (sky130_fd_sc_hd__buf_12)
                                         _0138_ (net)
                  0.61    0.29    1.74 ^ _2372_/D (sky130_fd_sc_hd__dfxtp_4)
                                  1.74   data arrival time

                  0.00    0.00    0.00   clock core_clock (rise edge)
                          0.00    0.00   clock network delay (ideal)
                          0.00    0.00   clock reconvergence pessimism
                                  0.00 ^ _2372_/CLK (sky130_fd_sc_hd__dfxtp_4)
                         -0.14   -0.14   library hold time
                                 -0.14   data required time
-----------------------------------------------------------------------------
                                 -0.14   data required time
                                 -1.74   data arrival time
-----------------------------------------------------------------------------
                                  1.88   slack (MET)


Startpoint: _2344_ (rising edge-triggered flip-flop clocked by core_clock)
Endpoint: _2344_ (rising edge-triggered flip-flop clocked by core_clock)
Path Group: core_clock
Path Type: min

Fanout     Cap    Slew   Delay    Time   Description
-----------------------------------------------------------------------------
                  0.00    0.00    0.00   clock core_clock (rise edge)
                          0.00    0.00   clock network delay (ideal)
                  0.00    0.00    0.00 ^ _2344_/CLK (sky130_fd_sc_hd__dfxtp_4)
     2    0.07    0.22    0.44    0.44 ^ _2344_/Q (sky130_fd_sc_hd__dfxtp_4)
                                         rf.registers[0][14] (net)
                  0.22    0.03    0.47 ^ wire1264/A (sky130_fd_sc_hd__buf_12)
     2    0.24    0.17    0.22    0.69 ^ wire1264/X (sky130_fd_sc_hd__buf_12)
                                         net1264 (net)
                  0.51    0.23    0.92 ^ _2059_/A1 (sky130_fd_sc_hd__mux2_8)
     1    0.19    0.28    0.43    1.35 ^ _2059_/X (sky130_fd_sc_hd__mux2_8)
                                         _0486_ (net)
                  0.47    0.19    1.53 ^ _2060_/A (sky130_fd_sc_hd__buf_8)
     1    0.09    0.15    0.24    1.77 ^ _2060_/X (sky130_fd_sc_hd__buf_8)
                                         _0110_ (net)
                  0.18    0.05    1.82 ^ _2344_/D (sky130_fd_sc_hd__dfxtp_4)
                                  1.82   data arrival time

                  0.00    0.00    0.00   clock core_clock (rise edge)
                          0.00    0.00   clock network delay (ideal)
                          0.00    0.00   clock reconvergence pessimism
                                  0.00 ^ _2344_/CLK (sky130_fd_sc_hd__dfxtp_4)
                         -0.07   -0.07   library hold time
                                 -0.07   data required time
-----------------------------------------------------------------------------
                                 -0.07   data required time
                                 -1.82   data arrival time
-----------------------------------------------------------------------------
                                  1.89   slack (MET)


Startpoint: _2282_ (rising edge-triggered flip-flop clocked by core_clock)
Endpoint: _2314_ (rising edge-triggered flip-flop clocked by core_clock)
Path Group: core_clock
Path Type: min

Fanout     Cap    Slew   Delay    Time   Description
-----------------------------------------------------------------------------
                  0.00    0.00    0.00   clock core_clock (rise edge)
                          0.00    0.00   clock network delay (ideal)
                  0.00    0.00    0.00 ^ _2282_/CLK (sky130_fd_sc_hd__dfxtp_1)
     1    0.01    0.10    0.33    0.33 ^ _2282_/Q (sky130_fd_sc_hd__dfxtp_1)
                                         rf.registers[3][16] (net)
                  0.10    0.00    0.33 ^ wire1373/A (sky130_fd_sc_hd__buf_12)
     3    0.22    0.18    0.18    0.51 ^ wire1373/X (sky130_fd_sc_hd__buf_12)
                                         net1373 (net)
                  0.34    0.13    0.64 ^ _1925_/A3 (sky130_fd_sc_hd__mux4_2)
     1    0.02    0.15    0.39    1.03 ^ _1925_/X (sky130_fd_sc_hd__mux4_2)
                                         _0414_ (net)
                  0.15    0.00    1.03 ^ wire1067/A (sky130_fd_sc_hd__buf_12)
     1    0.14    0.14    0.19    1.22 ^ wire1067/X (sky130_fd_sc_hd__buf_12)
                                         net1067 (net)
                  0.24    0.10    1.32 ^ _1926_/A (sky130_fd_sc_hd__buf_12)
     1    0.21    0.18    0.24    1.56 ^ _1926_/X (sky130_fd_sc_hd__buf_12)
                                         _0007_ (net)
                  0.46    0.21    1.77 ^ _2314_/D (sky130_fd_sc_hd__dfxtp_4)
                                  1.77   data arrival time

                  0.00    0.00    0.00   clock core_clock (rise edge)
                          0.00    0.00   clock network delay (ideal)
                          0.00    0.00   clock reconvergence pessimism
                                  0.00 ^ _2314_/CLK (sky130_fd_sc_hd__dfxtp_4)
                         -0.12   -0.12   library hold time
                                 -0.12   data required time
-----------------------------------------------------------------------------
                                 -0.12   data required time
                                 -1.77   data arrival time
-----------------------------------------------------------------------------
                                  1.89   slack (MET)


Startpoint: _2421_ (rising edge-triggered flip-flop clocked by core_clock)
Endpoint: _2261_ (rising edge-triggered flip-flop clocked by core_clock)
Path Group: core_clock
Path Type: min

Fanout     Cap    Slew   Delay    Time   Description
-----------------------------------------------------------------------------
                  0.00    0.00    0.00   clock core_clock (rise edge)
                          0.00    0.00   clock network delay (ideal)
                  0.00    0.00    0.00 ^ _2421_/CLK (sky130_fd_sc_hd__dfxtp_4)
     3    0.13    0.38    0.52    0.52 ^ _2421_/Q (sky130_fd_sc_hd__dfxtp_4)
                                         rf.registers[2][27] (net)
                  0.41    0.08    0.61 ^ _1879_/A2 (sky130_fd_sc_hd__mux4_2)
     1    0.08    0.42    0.59    1.20 ^ _1879_/X (sky130_fd_sc_hd__mux4_2)
                                         _0389_ (net)
                  0.42    0.04    1.24 ^ wire1085/A (sky130_fd_sc_hd__buf_12)
     1    0.14    0.15    0.23    1.47 ^ wire1085/X (sky130_fd_sc_hd__buf_12)
                                         net1085 (net)
                  0.24    0.10    1.57 ^ _1880_/A (sky130_fd_sc_hd__buf_4)
     1    0.06    0.16    0.25    1.82 ^ _1880_/X (sky130_fd_sc_hd__buf_4)
                                         _0051_ (net)
                  0.16    0.02    1.84 ^ _2261_/D (sky130_fd_sc_hd__dfxtp_4)
                                  1.84   data arrival time

                  0.00    0.00    0.00   clock core_clock (rise edge)
                          0.00    0.00   clock network delay (ideal)
                          0.00    0.00   clock reconvergence pessimism
                                  0.00 ^ _2261_/CLK (sky130_fd_sc_hd__dfxtp_4)
                         -0.06   -0.06   library hold time
                                 -0.06   data required time
-----------------------------------------------------------------------------
                                 -0.06   data required time
                                 -1.84   data arrival time
-----------------------------------------------------------------------------
                                  1.90   slack (MET)


Startpoint: _2411_ (rising edge-triggered flip-flop clocked by core_clock)
Endpoint: _2411_ (rising edge-triggered flip-flop clocked by core_clock)
Path Group: core_clock
Path Type: min

Fanout     Cap    Slew   Delay    Time   Description
-----------------------------------------------------------------------------
                  0.00    0.00    0.00   clock core_clock (rise edge)
                          0.00    0.00   clock network delay (ideal)
                  0.00    0.00    0.00 ^ _2411_/CLK (sky130_fd_sc_hd__dfxtp_4)
     3    0.06    0.18    0.43    0.43 ^ _2411_/Q (sky130_fd_sc_hd__dfxtp_4)
                                         rf.registers[2][17] (net)
                  0.18    0.01    0.44 ^ load_slew1168/A (sky130_fd_sc_hd__buf_12)
     1    0.16    0.16    0.21    0.65 ^ load_slew1168/X (sky130_fd_sc_hd__buf_12)
                                         net1168 (net)
                  0.31    0.13    0.78 ^ _2203_/A0 (sky130_fd_sc_hd__mux2_8)
     1    0.13    0.21    0.35    1.13 ^ _2203_/X (sky130_fd_sc_hd__mux2_8)
                                         _0563_ (net)
                  0.27    0.08    1.21 ^ _2204_/A (sky130_fd_sc_hd__buf_12)
     1    0.25    0.20    0.26    1.47 ^ _2204_/X (sky130_fd_sc_hd__buf_12)
                                         _0177_ (net)
                  0.63    0.30    1.77 ^ _2411_/D (sky130_fd_sc_hd__dfxtp_4)
                                  1.77   data arrival time

                  0.00    0.00    0.00   clock core_clock (rise edge)
                          0.00    0.00   clock network delay (ideal)
                          0.00    0.00   clock reconvergence pessimism
                                  0.00 ^ _2411_/CLK (sky130_fd_sc_hd__dfxtp_4)
                         -0.14   -0.14   library hold time
                                 -0.14   data required time
-----------------------------------------------------------------------------
                                 -0.14   data required time
                                 -1.77   data arrival time
-----------------------------------------------------------------------------
                                  1.91   slack (MET)


Startpoint: _2419_ (rising edge-triggered flip-flop clocked by core_clock)
Endpoint: _2323_ (rising edge-triggered flip-flop clocked by core_clock)
Path Group: core_clock
Path Type: min

Fanout     Cap    Slew   Delay    Time   Description
-----------------------------------------------------------------------------
                  0.00    0.00    0.00   clock core_clock (rise edge)
                          0.00    0.00   clock network delay (ideal)
                  0.00    0.00    0.00 ^ _2419_/CLK (sky130_fd_sc_hd__dfxtp_4)
     3    0.15    0.41    0.54    0.54 ^ _2419_/Q (sky130_fd_sc_hd__dfxtp_4)
                                         rf.registers[2][25] (net)
                  0.46    0.10    0.64 ^ _1945_/A2 (sky130_fd_sc_hd__mux4_2)
     1    0.03    0.16    0.43    1.07 ^ _1945_/X (sky130_fd_sc_hd__mux4_2)
                                         _0425_ (net)
                  0.16    0.00    1.07 ^ wire1059/A (sky130_fd_sc_hd__buf_12)
     1    0.14    0.14    0.19    1.27 ^ wire1059/X (sky130_fd_sc_hd__buf_12)
                                         net1059 (net)
                  0.24    0.10    1.36 ^ _1946_/A (sky130_fd_sc_hd__buf_12)
     1    0.20    0.18    0.24    1.60 ^ _1946_/X (sky130_fd_sc_hd__buf_12)
                                         _0017_ (net)
                  0.43    0.20    1.80 ^ _2323_/D (sky130_fd_sc_hd__dfxtp_1)
                                  1.80   data arrival time

                  0.00    0.00    0.00   clock core_clock (rise edge)
                          0.00    0.00   clock network delay (ideal)
                          0.00    0.00   clock reconvergence pessimism
                                  0.00 ^ _2323_/CLK (sky130_fd_sc_hd__dfxtp_1)
                         -0.12   -0.12   library hold time
                                 -0.12   data required time
-----------------------------------------------------------------------------
                                 -0.12   data required time
                                 -1.80   data arrival time
-----------------------------------------------------------------------------
                                  1.92   slack (MET)


Startpoint: _2287_ (rising edge-triggered flip-flop clocked by core_clock)
Endpoint: _2287_ (rising edge-triggered flip-flop clocked by core_clock)
Path Group: core_clock
Path Type: min

Fanout     Cap    Slew   Delay    Time   Description
-----------------------------------------------------------------------------
                  0.00    0.00    0.00   clock core_clock (rise edge)
                          0.00    0.00   clock network delay (ideal)
                  0.00    0.00    0.00 ^ _2287_/CLK (sky130_fd_sc_hd__dfxtp_4)
     2    0.14    0.18    0.42    0.42 v _2287_/Q (sky130_fd_sc_hd__dfxtp_4)
                                         rf.registers[3][21] (net)
                  0.19    0.03    0.45 v wire1364/A (sky130_fd_sc_hd__buf_12)
     2    0.18    0.06    0.22    0.67 v wire1364/X (sky130_fd_sc_hd__buf_12)
                                         net1364 (net)
                  0.31    0.15    0.82 v _2005_/A0 (sky130_fd_sc_hd__mux2_8)
     1    0.21    0.16    0.52    1.34 v _2005_/X (sky130_fd_sc_hd__mux2_8)
                                         _0457_ (net)
                  0.45    0.21    1.55 v _2006_/A (sky130_fd_sc_hd__clkbuf_2)
     1    0.02    0.10    0.30    1.84 v _2006_/X (sky130_fd_sc_hd__clkbuf_2)
                                         _0085_ (net)
                  0.10    0.00    1.85 v _2287_/D (sky130_fd_sc_hd__dfxtp_4)
                                  1.85   data arrival time

                  0.00    0.00    0.00   clock core_clock (rise edge)
                          0.00    0.00   clock network delay (ideal)
                          0.00    0.00   clock reconvergence pessimism
                                  0.00 ^ _2287_/CLK (sky130_fd_sc_hd__dfxtp_4)
                         -0.08   -0.08   library hold time
                                 -0.08   data required time
-----------------------------------------------------------------------------
                                 -0.08   data required time
                                 -1.85   data arrival time
-----------------------------------------------------------------------------
                                  1.92   slack (MET)


Startpoint: _2363_ (rising edge-triggered flip-flop clocked by core_clock)
Endpoint: _2235_ (rising edge-triggered flip-flop clocked by core_clock)
Path Group: core_clock
Path Type: min

Fanout     Cap    Slew   Delay    Time   Description
-----------------------------------------------------------------------------
                  0.00    0.00    0.00   clock core_clock (rise edge)
                          0.00    0.00   clock network delay (ideal)
                  0.00    0.00    0.00 ^ _2363_/CLK (sky130_fd_sc_hd__dfxtp_4)
     2    0.12    0.33    0.51    0.51 ^ _2363_/Q (sky130_fd_sc_hd__dfxtp_4)
                                         rf.registers[1][1] (net)
                  0.36    0.07    0.58 ^ _1823_/A1 (sky130_fd_sc_hd__mux4_2)
     1    0.02    0.15    0.40    0.98 ^ _1823_/X (sky130_fd_sc_hd__mux4_2)
                                         _0359_ (net)
                  0.15    0.00    0.98 ^ wire1103/A (sky130_fd_sc_hd__buf_12)
     1    0.14    0.14    0.19    1.17 ^ wire1103/X (sky130_fd_sc_hd__buf_12)
                                         net1103 (net)
                  0.24    0.10    1.27 ^ wire1102/A (sky130_fd_sc_hd__buf_12)
     1    0.14    0.14    0.21    1.48 ^ wire1102/X (sky130_fd_sc_hd__buf_12)
                                         net1102 (net)
                  0.24    0.10    1.58 ^ _1824_/A (sky130_fd_sc_hd__buf_8)
     1    0.10    0.16    0.22    1.80 ^ _1824_/X (sky130_fd_sc_hd__buf_8)
                                         _0043_ (net)
                  0.20    0.06    1.86 ^ _2235_/D (sky130_fd_sc_hd__dfxtp_4)
                                  1.86   data arrival time

                  0.00    0.00    0.00   clock core_clock (rise edge)
                          0.00    0.00   clock network delay (ideal)
                          0.00    0.00   clock reconvergence pessimism
                                  0.00 ^ _2235_/CLK (sky130_fd_sc_hd__dfxtp_4)
                         -0.07   -0.07   library hold time
                                 -0.07   data required time
-----------------------------------------------------------------------------
                                 -0.07   data required time
                                 -1.86   data arrival time
-----------------------------------------------------------------------------
                                  1.93   slack (MET)


Startpoint: _2394_ (rising edge-triggered flip-flop clocked by core_clock)
Endpoint: _2394_ (rising edge-triggered flip-flop clocked by core_clock)
Path Group: core_clock
Path Type: min

Fanout     Cap    Slew   Delay    Time   Description
-----------------------------------------------------------------------------
                  0.00    0.00    0.00   clock core_clock (rise edge)
                          0.00    0.00   clock network delay (ideal)
                  0.00    0.00    0.00 ^ _2394_/CLK (sky130_fd_sc_hd__dfxtp_4)
     2    0.14    0.39    0.53    0.53 ^ _2394_/Q (sky130_fd_sc_hd__dfxtp_4)
                                         rf.registers[2][0] (net)
                  0.43    0.09    0.62 ^ load_slew1194/A (sky130_fd_sc_hd__buf_12)
     2    0.17    0.17    0.23    0.85 ^ load_slew1194/X (sky130_fd_sc_hd__buf_12)
                                         net1194 (net)
                  0.28    0.11    0.95 ^ _2168_/A0 (sky130_fd_sc_hd__mux2_8)
     1    0.10    0.17    0.32    1.28 ^ _2168_/X (sky130_fd_sc_hd__mux2_8)
                                         _0545_ (net)
                  0.20    0.05    1.33 ^ _2169_/A (sky130_fd_sc_hd__buf_12)
     1    0.22    0.19    0.24    1.56 ^ _2169_/X (sky130_fd_sc_hd__buf_12)
                                         _0160_ (net)
                  0.51    0.24    1.80 ^ _2394_/D (sky130_fd_sc_hd__dfxtp_4)
                                  1.80   data arrival time

                  0.00    0.00    0.00   clock core_clock (rise edge)
                          0.00    0.00   clock network delay (ideal)
                          0.00    0.00   clock reconvergence pessimism
                                  0.00 ^ _2394_/CLK (sky130_fd_sc_hd__dfxtp_4)
                         -0.13   -0.13   library hold time
                                 -0.13   data required time
-----------------------------------------------------------------------------
                                 -0.13   data required time
                                 -1.80   data arrival time
-----------------------------------------------------------------------------
                                  1.93   slack (MET)


Startpoint: _2383_ (rising edge-triggered flip-flop clocked by core_clock)
Endpoint: _2255_ (rising edge-triggered flip-flop clocked by core_clock)
Path Group: core_clock
Path Type: min

Fanout     Cap    Slew   Delay    Time   Description
-----------------------------------------------------------------------------
                  0.00    0.00    0.00   clock core_clock (rise edge)
                          0.00    0.00   clock network delay (ideal)
                  0.00    0.00    0.00 ^ _2383_/CLK (sky130_fd_sc_hd__dfxtp_1)
     1    0.01    0.10    0.33    0.33 ^ _2383_/Q (sky130_fd_sc_hd__dfxtp_1)
                                         rf.registers[1][21] (net)
                  0.10    0.00    0.33 ^ wire1212/A (sky130_fd_sc_hd__buf_12)
     2    0.20    0.22    0.19    0.53 ^ wire1212/X (sky130_fd_sc_hd__buf_12)
                                         net1212 (net)
                  0.30    0.10    0.62 ^ _1867_/A1 (sky130_fd_sc_hd__mux4_2)
     1    0.08    0.43    0.59    1.21 ^ _1867_/X (sky130_fd_sc_hd__mux4_2)
                                         _0383_ (net)
                  0.44    0.04    1.25 ^ _1868_/A (sky130_fd_sc_hd__buf_12)
     1    0.24    0.20    0.27    1.52 ^ _1868_/X (sky130_fd_sc_hd__buf_12)
                                         _0045_ (net)
                  0.59    0.28    1.80 ^ _2255_/D (sky130_fd_sc_hd__dfxtp_4)
                                  1.80   data arrival time

                  0.00    0.00    0.00   clock core_clock (rise edge)
                          0.00    0.00   clock network delay (ideal)
                          0.00    0.00   clock reconvergence pessimism
                                  0.00 ^ _2255_/CLK (sky130_fd_sc_hd__dfxtp_4)
                         -0.14   -0.14   library hold time
                                 -0.14   data required time
-----------------------------------------------------------------------------
                                 -0.14   data required time
                                 -1.80   data arrival time
-----------------------------------------------------------------------------
                                  1.94   slack (MET)


Startpoint: _2418_ (rising edge-triggered flip-flop clocked by core_clock)
Endpoint: _2418_ (rising edge-triggered flip-flop clocked by core_clock)
Path Group: core_clock
Path Type: min

Fanout     Cap    Slew   Delay    Time   Description
-----------------------------------------------------------------------------
                  0.00    0.00    0.00   clock core_clock (rise edge)
                          0.00    0.00   clock network delay (ideal)
                  0.00    0.00    0.00 ^ _2418_/CLK (sky130_fd_sc_hd__dfxtp_4)
     2    0.07    0.21    0.44    0.44 ^ _2418_/Q (sky130_fd_sc_hd__dfxtp_4)
                                         rf.registers[2][24] (net)
                  0.21    0.02    0.45 ^ load_slew1157/A (sky130_fd_sc_hd__buf_12)
     2    0.17    0.17    0.20    0.66 ^ load_slew1157/X (sky130_fd_sc_hd__buf_12)
                                         net1157 (net)
                  0.34    0.15    0.81 ^ _2218_/A0 (sky130_fd_sc_hd__mux2_8)
     1    0.22    0.30    0.41    1.22 ^ _2218_/X (sky130_fd_sc_hd__mux2_8)
                                         _0571_ (net)
                  0.58    0.24    1.46 ^ _2219_/A (sky130_fd_sc_hd__buf_12)
     1    0.16    0.16    0.26    1.72 ^ _2219_/X (sky130_fd_sc_hd__buf_12)
                                         _0184_ (net)
                  0.30    0.13    1.85 ^ _2418_/D (sky130_fd_sc_hd__dfxtp_4)
                                  1.85   data arrival time

                  0.00    0.00    0.00   clock core_clock (rise edge)
                          0.00    0.00   clock network delay (ideal)
                          0.00    0.00   clock reconvergence pessimism
                                  0.00 ^ _2418_/CLK (sky130_fd_sc_hd__dfxtp_4)
                         -0.09   -0.09   library hold time
                                 -0.09   data required time
-----------------------------------------------------------------------------
                                 -0.09   data required time
                                 -1.85   data arrival time
-----------------------------------------------------------------------------
                                  1.94   slack (MET)


Startpoint: _2399_ (rising edge-triggered flip-flop clocked by core_clock)
Endpoint: _2399_ (rising edge-triggered flip-flop clocked by core_clock)
Path Group: core_clock
Path Type: min

Fanout     Cap    Slew   Delay    Time   Description
-----------------------------------------------------------------------------
                  0.00    0.00    0.00   clock core_clock (rise edge)
                          0.00    0.00   clock network delay (ideal)
                  0.00    0.00    0.00 ^ _2399_/CLK (sky130_fd_sc_hd__dfxtp_4)
     2    0.15    0.43    0.56    0.56 ^ _2399_/Q (sky130_fd_sc_hd__dfxtp_4)
                                         rf.registers[2][5] (net)
                  0.44    0.06    0.62 ^ wire1185/A (sky130_fd_sc_hd__buf_12)
     2    0.24    0.22    0.24    0.86 ^ wire1185/X (sky130_fd_sc_hd__buf_12)
                                         net1185 (net)
                  0.48    0.21    1.07 ^ _2178_/A0 (sky130_fd_sc_hd__mux2_8)
     1    0.11    0.18    0.37    1.44 ^ _2178_/X (sky130_fd_sc_hd__mux2_8)
                                         _0550_ (net)
                  0.22    0.06    1.50 ^ _2179_/A (sky130_fd_sc_hd__buf_12)
     1    0.16    0.15    0.22    1.72 ^ _2179_/X (sky130_fd_sc_hd__buf_12)
                                         _0165_ (net)
                  0.30    0.13    1.85 ^ _2399_/D (sky130_fd_sc_hd__dfxtp_4)
                                  1.85   data arrival time

                  0.00    0.00    0.00   clock core_clock (rise edge)
                          0.00    0.00   clock network delay (ideal)
                          0.00    0.00   clock reconvergence pessimism
                                  0.00 ^ _2399_/CLK (sky130_fd_sc_hd__dfxtp_4)
                         -0.09   -0.09   library hold time
                                 -0.09   data required time
-----------------------------------------------------------------------------
                                 -0.09   data required time
                                 -1.85   data arrival time
-----------------------------------------------------------------------------
                                  1.94   slack (MET)


Startpoint: _2267_ (rising edge-triggered flip-flop clocked by core_clock)
Endpoint: _2267_ (rising edge-triggered flip-flop clocked by core_clock)
Path Group: core_clock
Path Type: min

Fanout     Cap    Slew   Delay    Time   Description
-----------------------------------------------------------------------------
                  0.00    0.00    0.00   clock core_clock (rise edge)
                          0.00    0.00   clock network delay (ideal)
                  0.00    0.00    0.00 ^ _2267_/CLK (sky130_fd_sc_hd__dfxtp_4)
     2    0.15    0.40    0.55    0.55 ^ _2267_/Q (sky130_fd_sc_hd__dfxtp_4)
                                         rf.registers[3][1] (net)
                  0.40    0.00    0.56 ^ wire1394/A (sky130_fd_sc_hd__buf_12)
     2    0.24    0.21    0.23    0.79 ^ wire1394/X (sky130_fd_sc_hd__buf_12)
                                         net1394 (net)
                  0.48    0.21    1.00 ^ _1963_/A0 (sky130_fd_sc_hd__mux2_8)
     1    0.08    0.14    0.35    1.34 ^ _1963_/X (sky130_fd_sc_hd__mux2_8)
                                         _0435_ (net)
                  0.16    0.03    1.38 ^ _1964_/A (sky130_fd_sc_hd__buf_12)
     1    0.21    0.18    0.22    1.60 ^ _1964_/X (sky130_fd_sc_hd__buf_12)
                                         _0065_ (net)
                  0.47    0.22    1.82 ^ _2267_/D (sky130_fd_sc_hd__dfxtp_4)
                                  1.82   data arrival time

                  0.00    0.00    0.00   clock core_clock (rise edge)
                          0.00    0.00   clock network delay (ideal)
                          0.00    0.00   clock reconvergence pessimism
                                  0.00 ^ _2267_/CLK (sky130_fd_sc_hd__dfxtp_4)
                         -0.13   -0.13   library hold time
                                 -0.13   data required time
-----------------------------------------------------------------------------
                                 -0.13   data required time
                                 -1.82   data arrival time
-----------------------------------------------------------------------------
                                  1.94   slack (MET)


Startpoint: _2409_ (rising edge-triggered flip-flop clocked by core_clock)
Endpoint: _2409_ (rising edge-triggered flip-flop clocked by core_clock)
Path Group: core_clock
Path Type: min

Fanout     Cap    Slew   Delay    Time   Description
-----------------------------------------------------------------------------
                  0.00    0.00    0.00   clock core_clock (rise edge)
                          0.00    0.00   clock network delay (ideal)
                  0.00    0.00    0.00 ^ _2409_/CLK (sky130_fd_sc_hd__dfxtp_1)
     1    0.01    0.11    0.33    0.33 ^ _2409_/Q (sky130_fd_sc_hd__dfxtp_1)
                                         rf.registers[2][15] (net)
                  0.11    0.00    0.33 ^ wire1170/A (sky130_fd_sc_hd__buf_12)
     2    0.19    0.21    0.19    0.52 ^ wire1170/X (sky130_fd_sc_hd__buf_12)
                                         net1170 (net)
                  0.28    0.10    0.62 ^ _2199_/A0 (sky130_fd_sc_hd__mux2_8)
     1    0.25    0.33    0.42    1.04 ^ _2199_/X (sky130_fd_sc_hd__mux2_8)
                                         _0561_ (net)
                  0.70    0.31    1.35 ^ _2200_/A (sky130_fd_sc_hd__buf_12)
     1    0.21    0.19    0.29    1.63 ^ _2200_/X (sky130_fd_sc_hd__buf_12)
                                         _0175_ (net)
                  0.46    0.21    1.84 ^ _2409_/D (sky130_fd_sc_hd__dfxtp_1)
                                  1.84   data arrival time

                  0.00    0.00    0.00   clock core_clock (rise edge)
                          0.00    0.00   clock network delay (ideal)
                          0.00    0.00   clock reconvergence pessimism
                                  0.00 ^ _2409_/CLK (sky130_fd_sc_hd__dfxtp_1)
                         -0.12   -0.12   library hold time
                                 -0.12   data required time
-----------------------------------------------------------------------------
                                 -0.12   data required time
                                 -1.84   data arrival time
-----------------------------------------------------------------------------
                                  1.96   slack (MET)


Startpoint: _2421_ (rising edge-triggered flip-flop clocked by core_clock)
Endpoint: _2421_ (rising edge-triggered flip-flop clocked by core_clock)
Path Group: core_clock
Path Type: min

Fanout     Cap    Slew   Delay    Time   Description
-----------------------------------------------------------------------------
                  0.00    0.00    0.00   clock core_clock (rise edge)
                          0.00    0.00   clock network delay (ideal)
                  0.00    0.00    0.00 ^ _2421_/CLK (sky130_fd_sc_hd__dfxtp_4)
     3    0.13    0.38    0.52    0.52 ^ _2421_/Q (sky130_fd_sc_hd__dfxtp_4)
                                         rf.registers[2][27] (net)
                  0.40    0.07    0.60 ^ _2224_/A0 (sky130_fd_sc_hd__mux2_8)
     1    0.23    0.31    0.43    1.02 ^ _2224_/X (sky130_fd_sc_hd__mux2_8)
                                         _0574_ (net)
                  0.60    0.25    1.28 ^ _2225_/A (sky130_fd_sc_hd__buf_12)
     1    0.24    0.20    0.29    1.57 ^ _2225_/X (sky130_fd_sc_hd__buf_12)
                                         _0187_ (net)
                  0.56    0.26    1.83 ^ _2421_/D (sky130_fd_sc_hd__dfxtp_4)
                                  1.83   data arrival time

                  0.00    0.00    0.00   clock core_clock (rise edge)
                          0.00    0.00   clock network delay (ideal)
                          0.00    0.00   clock reconvergence pessimism
                                  0.00 ^ _2421_/CLK (sky130_fd_sc_hd__dfxtp_4)
                         -0.14   -0.14   library hold time
                                 -0.14   data required time
-----------------------------------------------------------------------------
                                 -0.14   data required time
                                 -1.83   data arrival time
-----------------------------------------------------------------------------
                                  1.97   slack (MET)


Startpoint: _2333_ (rising edge-triggered flip-flop clocked by core_clock)
Endpoint: _2237_ (rising edge-triggered flip-flop clocked by core_clock)
Path Group: core_clock
Path Type: min

Fanout     Cap    Slew   Delay    Time   Description
-----------------------------------------------------------------------------
                  0.00    0.00    0.00   clock core_clock (rise edge)
                          0.00    0.00   clock network delay (ideal)
                  0.00    0.00    0.00 ^ _2333_/CLK (sky130_fd_sc_hd__dfxtp_4)
     3    0.08    0.23    0.45    0.45 ^ _2333_/Q (sky130_fd_sc_hd__dfxtp_4)
                                         rf.registers[0][3] (net)
                  0.23    0.00    0.45 ^ _1827_/A0 (sky130_fd_sc_hd__mux4_2)
     1    0.14    0.69    0.71    1.17 ^ _1827_/X (sky130_fd_sc_hd__mux4_2)
                                         _0361_ (net)
                  0.72    0.11    1.27 ^ wire1101/A (sky130_fd_sc_hd__buf_12)
     1    0.14    0.15    0.26    1.53 ^ wire1101/X (sky130_fd_sc_hd__buf_12)
                                         net1101 (net)
                  0.25    0.10    1.63 ^ _1828_/A (sky130_fd_sc_hd__clkbuf_8)
     1    0.07    0.13    0.25    1.89 ^ _1828_/X (sky130_fd_sc_hd__clkbuf_8)
                                         _0057_ (net)
                  0.14    0.03    1.91 ^ _2237_/D (sky130_fd_sc_hd__dfxtp_2)
                                  1.91   data arrival time

                  0.00    0.00    0.00   clock core_clock (rise edge)
                          0.00    0.00   clock network delay (ideal)
                          0.00    0.00   clock reconvergence pessimism
                                  0.00 ^ _2237_/CLK (sky130_fd_sc_hd__dfxtp_2)
                         -0.06   -0.06   library hold time
                                 -0.06   data required time
-----------------------------------------------------------------------------
                                 -0.06   data required time
                                 -1.91   data arrival time
-----------------------------------------------------------------------------
                                  1.97   slack (MET)


Startpoint: _2352_ (rising edge-triggered flip-flop clocked by core_clock)
Endpoint: _2352_ (rising edge-triggered flip-flop clocked by core_clock)
Path Group: core_clock
Path Type: min

Fanout     Cap    Slew   Delay    Time   Description
-----------------------------------------------------------------------------
                  0.00    0.00    0.00   clock core_clock (rise edge)
                          0.00    0.00   clock network delay (ideal)
                  0.00    0.00    0.00 ^ _2352_/CLK (sky130_fd_sc_hd__dfxtp_4)
     2    0.13    0.38    0.54    0.54 ^ _2352_/Q (sky130_fd_sc_hd__dfxtp_4)
                                         rf.registers[0][22] (net)
                  0.38    0.00    0.54 ^ _2076_/A1 (sky130_fd_sc_hd__mux2_8)
     1    0.25    0.33    0.44    0.98 ^ _2076_/X (sky130_fd_sc_hd__mux2_8)
                                         _0495_ (net)
                  0.70    0.31    1.29 ^ _2077_/A (sky130_fd_sc_hd__buf_12)
     1    0.23    0.20    0.30    1.58 ^ _2077_/X (sky130_fd_sc_hd__buf_12)
                                         _0118_ (net)
                  0.55    0.26    1.84 ^ _2352_/D (sky130_fd_sc_hd__dfxtp_4)
                                  1.84   data arrival time

                  0.00    0.00    0.00   clock core_clock (rise edge)
                          0.00    0.00   clock network delay (ideal)
                          0.00    0.00   clock reconvergence pessimism
                                  0.00 ^ _2352_/CLK (sky130_fd_sc_hd__dfxtp_4)
                         -0.14   -0.14   library hold time
                                 -0.14   data required time
-----------------------------------------------------------------------------
                                 -0.14   data required time
                                 -1.84   data arrival time
-----------------------------------------------------------------------------
                                  1.97   slack (MET)


Startpoint: _2406_ (rising edge-triggered flip-flop clocked by core_clock)
Endpoint: _2406_ (rising edge-triggered flip-flop clocked by core_clock)
Path Group: core_clock
Path Type: min

Fanout     Cap    Slew   Delay    Time   Description
-----------------------------------------------------------------------------
                  0.00    0.00    0.00   clock core_clock (rise edge)
                          0.00    0.00   clock network delay (ideal)
                  0.00    0.00    0.00 ^ _2406_/CLK (sky130_fd_sc_hd__dfxtp_1)
     1    0.01    0.10    0.33    0.33 ^ _2406_/Q (sky130_fd_sc_hd__dfxtp_1)
                                         rf.registers[2][12] (net)
                  0.10    0.00    0.33 ^ wire1175/A (sky130_fd_sc_hd__buf_12)
     2    0.25    0.18    0.19    0.52 ^ wire1175/X (sky130_fd_sc_hd__buf_12)
                                         net1175 (net)
                  0.61    0.29    0.80 ^ _2193_/A0 (sky130_fd_sc_hd__mux2_8)
     1    0.24    0.32    0.48    1.28 ^ _2193_/X (sky130_fd_sc_hd__mux2_8)
                                         _0558_ (net)
                  0.64    0.28    1.56 ^ _2194_/A (sky130_fd_sc_hd__buf_12)
     1    0.14    0.15    0.26    1.81 ^ _2194_/X (sky130_fd_sc_hd__buf_12)
                                         _0172_ (net)
                  0.25    0.10    1.91 ^ _2406_/D (sky130_fd_sc_hd__dfxtp_1)
                                  1.91   data arrival time

                  0.00    0.00    0.00   clock core_clock (rise edge)
                          0.00    0.00   clock network delay (ideal)
                          0.00    0.00   clock reconvergence pessimism
                                  0.00 ^ _2406_/CLK (sky130_fd_sc_hd__dfxtp_1)
                         -0.08   -0.08   library hold time
                                 -0.08   data required time
-----------------------------------------------------------------------------
                                 -0.08   data required time
                                 -1.91   data arrival time
-----------------------------------------------------------------------------
                                  1.99   slack (MET)


Startpoint: _2358_ (rising edge-triggered flip-flop clocked by core_clock)
Endpoint: _2358_ (rising edge-triggered flip-flop clocked by core_clock)
Path Group: core_clock
Path Type: min

Fanout     Cap    Slew   Delay    Time   Description
-----------------------------------------------------------------------------
                  0.00    0.00    0.00   clock core_clock (rise edge)
                          0.00    0.00   clock network delay (ideal)
                  0.00    0.00    0.00 ^ _2358_/CLK (sky130_fd_sc_hd__dfxtp_4)
     3    0.24    0.25    0.44    0.44 v _2358_/Q (sky130_fd_sc_hd__dfxtp_4)
                                         rf.registers[0][28] (net)
                  0.49    0.21    0.66 v _2088_/A1 (sky130_fd_sc_hd__mux2_8)
     1    0.24    0.16    0.61    1.26 v _2088_/X (sky130_fd_sc_hd__mux2_8)
                                         _0501_ (net)
                  0.55    0.26    1.52 v _2089_/A (sky130_fd_sc_hd__buf_6)
     1    0.08    0.08    0.36    1.88 v _2089_/X (sky130_fd_sc_hd__buf_6)
                                         _0124_ (net)
                  0.11    0.03    1.91 v _2358_/D (sky130_fd_sc_hd__dfxtp_4)
                                  1.91   data arrival time

                  0.00    0.00    0.00   clock core_clock (rise edge)
                          0.00    0.00   clock network delay (ideal)
                          0.00    0.00   clock reconvergence pessimism
                                  0.00 ^ _2358_/CLK (sky130_fd_sc_hd__dfxtp_4)
                         -0.08   -0.08   library hold time
                                 -0.08   data required time
-----------------------------------------------------------------------------
                                 -0.08   data required time
                                 -1.91   data arrival time
-----------------------------------------------------------------------------
                                  1.99   slack (MET)


Startpoint: _2391_ (rising edge-triggered flip-flop clocked by core_clock)
Endpoint: _2263_ (rising edge-triggered flip-flop clocked by core_clock)
Path Group: core_clock
Path Type: min

Fanout     Cap    Slew   Delay    Time   Description
-----------------------------------------------------------------------------
                  0.00    0.00    0.00   clock core_clock (rise edge)
                          0.00    0.00   clock network delay (ideal)
                  0.00    0.00    0.00 ^ _2391_/CLK (sky130_fd_sc_hd__dfxtp_4)
     2    0.08    0.23    0.46    0.46 ^ _2391_/Q (sky130_fd_sc_hd__dfxtp_4)
                                         rf.registers[1][29] (net)
                  0.23    0.03    0.48 ^ _1883_/A1 (sky130_fd_sc_hd__mux4_2)
     1    0.09    0.47    0.60    1.08 ^ _1883_/X (sky130_fd_sc_hd__mux4_2)
                                         _0391_ (net)
                  0.48    0.05    1.13 ^ wire1082/A (sky130_fd_sc_hd__buf_12)
     1    0.14    0.14    0.24    1.36 ^ wire1082/X (sky130_fd_sc_hd__buf_12)
                                         net1082 (net)
                  0.24    0.10    1.46 ^ _1884_/A (sky130_fd_sc_hd__buf_12)
     1    0.20    0.18    0.24    1.70 ^ _1884_/X (sky130_fd_sc_hd__buf_12)
                                         _0053_ (net)
                  0.42    0.19    1.89 ^ _2263_/D (sky130_fd_sc_hd__dfxtp_4)
                                  1.89   data arrival time

                  0.00    0.00    0.00   clock core_clock (rise edge)
                          0.00    0.00   clock network delay (ideal)
                          0.00    0.00   clock reconvergence pessimism
                                  0.00 ^ _2263_/CLK (sky130_fd_sc_hd__dfxtp_4)
                         -0.12   -0.12   library hold time
                                 -0.12   data required time
-----------------------------------------------------------------------------
                                 -0.12   data required time
                                 -1.89   data arrival time
-----------------------------------------------------------------------------
                                  2.00   slack (MET)


Startpoint: _2380_ (rising edge-triggered flip-flop clocked by core_clock)
Endpoint: _2316_ (rising edge-triggered flip-flop clocked by core_clock)
Path Group: core_clock
Path Type: min

Fanout     Cap    Slew   Delay    Time   Description
-----------------------------------------------------------------------------
                  0.00    0.00    0.00   clock core_clock (rise edge)
                          0.00    0.00   clock network delay (ideal)
                  0.00    0.00    0.00 ^ _2380_/CLK (sky130_fd_sc_hd__dfxtp_4)
     2    0.13    0.35    0.54    0.54 ^ _2380_/Q (sky130_fd_sc_hd__dfxtp_4)
                                         rf.registers[1][18] (net)
                  0.36    0.05    0.59 ^ _1929_/A1 (sky130_fd_sc_hd__mux4_2)
     1    0.09    0.44    0.61    1.19 ^ _1929_/X (sky130_fd_sc_hd__mux4_2)
                                         _0416_ (net)
                  0.45    0.04    1.24 ^ _1930_/A (sky130_fd_sc_hd__buf_12)
     1    0.27    0.22    0.29    1.52 ^ _1930_/X (sky130_fd_sc_hd__buf_12)
                                         _0009_ (net)
                  0.72    0.35    1.87 ^ _2316_/D (sky130_fd_sc_hd__dfxtp_4)
                                  1.87   data arrival time

                  0.00    0.00    0.00   clock core_clock (rise edge)
                          0.00    0.00   clock network delay (ideal)
                          0.00    0.00   clock reconvergence pessimism
                                  0.00 ^ _2316_/CLK (sky130_fd_sc_hd__dfxtp_4)
                         -0.15   -0.15   library hold time
                                 -0.15   data required time
-----------------------------------------------------------------------------
                                 -0.15   data required time
                                 -1.87   data arrival time
-----------------------------------------------------------------------------
                                  2.01   slack (MET)


Startpoint: _2350_ (rising edge-triggered flip-flop clocked by core_clock)
Endpoint: _2350_ (rising edge-triggered flip-flop clocked by core_clock)
Path Group: core_clock
Path Type: min

Fanout     Cap    Slew   Delay    Time   Description
-----------------------------------------------------------------------------
                  0.00    0.00    0.00   clock core_clock (rise edge)
                          0.00    0.00   clock network delay (ideal)
                  0.00    0.00    0.00 ^ _2350_/CLK (sky130_fd_sc_hd__dfxtp_1)
     1    0.01    0.10    0.33    0.33 ^ _2350_/Q (sky130_fd_sc_hd__dfxtp_1)
                                         rf.registers[0][20] (net)
                  0.10    0.00    0.33 ^ wire1255/A (sky130_fd_sc_hd__buf_12)
     2    0.19    0.18    0.18    0.51 ^ wire1255/X (sky130_fd_sc_hd__buf_12)
                                         net1255 (net)
                  0.24    0.07    0.58 ^ wire1254/A (sky130_fd_sc_hd__buf_12)
     2    0.24    0.18    0.21    0.79 ^ wire1254/X (sky130_fd_sc_hd__buf_12)
                                         net1254 (net)
                  0.61    0.29    1.08 ^ _2072_/A1 (sky130_fd_sc_hd__mux2_4)
     1    0.03    0.12    0.34    1.42 ^ _2072_/X (sky130_fd_sc_hd__mux2_4)
                                         _0493_ (net)
                  0.12    0.01    1.42 ^ _2073_/A (sky130_fd_sc_hd__buf_12)
     1    0.23    0.19    0.22    1.64 ^ _2073_/X (sky130_fd_sc_hd__buf_12)
                                         _0116_ (net)
                  0.53    0.25    1.89 ^ _2350_/D (sky130_fd_sc_hd__dfxtp_1)
                                  1.89   data arrival time

                  0.00    0.00    0.00   clock core_clock (rise edge)
                          0.00    0.00   clock network delay (ideal)
                          0.00    0.00   clock reconvergence pessimism
                                  0.00 ^ _2350_/CLK (sky130_fd_sc_hd__dfxtp_1)
                         -0.13   -0.13   library hold time
                                 -0.13   data required time
-----------------------------------------------------------------------------
                                 -0.13   data required time
                                 -1.89   data arrival time
-----------------------------------------------------------------------------
                                  2.02   slack (MET)


Startpoint: _2340_ (rising edge-triggered flip-flop clocked by core_clock)
Endpoint: _2340_ (rising edge-triggered flip-flop clocked by core_clock)
Path Group: core_clock
Path Type: min

Fanout     Cap    Slew   Delay    Time   Description
-----------------------------------------------------------------------------
                  0.00    0.00    0.00   clock core_clock (rise edge)
                          0.00    0.00   clock network delay (ideal)
                  0.00    0.00    0.00 ^ _2340_/CLK (sky130_fd_sc_hd__dfxtp_4)
     3    0.17    0.48    0.58    0.58 ^ _2340_/Q (sky130_fd_sc_hd__dfxtp_4)
                                         rf.registers[0][10] (net)
                  0.50    0.09    0.67 ^ _2051_/A1 (sky130_fd_sc_hd__mux2_8)
     1    0.26    0.34    0.47    1.13 ^ _2051_/X (sky130_fd_sc_hd__mux2_8)
                                         _0482_ (net)
                  0.75    0.33    1.47 ^ _2052_/A (sky130_fd_sc_hd__buf_12)
     1    0.19    0.18    0.28    1.74 ^ _2052_/X (sky130_fd_sc_hd__buf_12)
                                         _0106_ (net)
                  0.38    0.17    1.91 ^ _2340_/D (sky130_fd_sc_hd__dfxtp_4)
                                  1.91   data arrival time

                  0.00    0.00    0.00   clock core_clock (rise edge)
                          0.00    0.00   clock network delay (ideal)
                          0.00    0.00   clock reconvergence pessimism
                                  0.00 ^ _2340_/CLK (sky130_fd_sc_hd__dfxtp_4)
                         -0.11   -0.11   library hold time
                                 -0.11   data required time
-----------------------------------------------------------------------------
                                 -0.11   data required time
                                 -1.91   data arrival time
-----------------------------------------------------------------------------
                                  2.02   slack (MET)


Startpoint: _2353_ (rising edge-triggered flip-flop clocked by core_clock)
Endpoint: _2257_ (rising edge-triggered flip-flop clocked by core_clock)
Path Group: core_clock
Path Type: min

Fanout     Cap    Slew   Delay    Time   Description
-----------------------------------------------------------------------------
                  0.00    0.00    0.00   clock core_clock (rise edge)
                          0.00    0.00   clock network delay (ideal)
                  0.00    0.00    0.00 ^ _2353_/CLK (sky130_fd_sc_hd__dfxtp_4)
     2    0.08    0.23    0.46    0.46 ^ _2353_/Q (sky130_fd_sc_hd__dfxtp_4)
                                         rf.registers[0][23] (net)
                  0.24    0.03    0.49 ^ _1871_/A0 (sky130_fd_sc_hd__mux4_2)
     1    0.09    0.48    0.59    1.08 ^ _1871_/X (sky130_fd_sc_hd__mux4_2)
                                         _0385_ (net)
                  0.49    0.05    1.13 ^ _1872_/A (sky130_fd_sc_hd__buf_12)
     1    0.31    0.24    0.31    1.43 ^ _1872_/X (sky130_fd_sc_hd__buf_12)
                                         _0047_ (net)
                  0.91    0.44    1.87 ^ _2257_/D (sky130_fd_sc_hd__dfxtp_1)
                                  1.87   data arrival time

                  0.00    0.00    0.00   clock core_clock (rise edge)
                          0.00    0.00   clock network delay (ideal)
                          0.00    0.00   clock reconvergence pessimism
                                  0.00 ^ _2257_/CLK (sky130_fd_sc_hd__dfxtp_1)
                         -0.16   -0.16   library hold time
                                 -0.16   data required time
-----------------------------------------------------------------------------
                                 -0.16   data required time
                                 -1.87   data arrival time
-----------------------------------------------------------------------------
                                  2.02   slack (MET)


Startpoint: _2376_ (rising edge-triggered flip-flop clocked by core_clock)
Endpoint: _2376_ (rising edge-triggered flip-flop clocked by core_clock)
Path Group: core_clock
Path Type: min

Fanout     Cap    Slew   Delay    Time   Description
-----------------------------------------------------------------------------
                  0.00    0.00    0.00   clock core_clock (rise edge)
                          0.00    0.00   clock network delay (ideal)
                  0.00    0.00    0.00 ^ _2376_/CLK (sky130_fd_sc_hd__dfxtp_4)
     2    0.08    0.23    0.46    0.46 ^ _2376_/Q (sky130_fd_sc_hd__dfxtp_4)
                                         rf.registers[1][14] (net)
                  0.23    0.02    0.48 ^ wire1220/A (sky130_fd_sc_hd__buf_12)
     2    0.24    0.18    0.23    0.71 ^ wire1220/X (sky130_fd_sc_hd__buf_12)
                                         net1220 (net)
                  0.56    0.26    0.97 ^ _2128_/A0 (sky130_fd_sc_hd__mux2_8)
     1    0.20    0.29    0.45    1.42 ^ _2128_/X (sky130_fd_sc_hd__mux2_8)
                                         _0523_ (net)
                  0.50    0.20    1.62 ^ _2129_/A (sky130_fd_sc_hd__clkbuf_8)
     1    0.08    0.14    0.31    1.93 ^ _2129_/X (sky130_fd_sc_hd__clkbuf_8)
                                         _0142_ (net)
                  0.15    0.03    1.97 ^ _2376_/D (sky130_fd_sc_hd__dfxtp_4)
                                  1.97   data arrival time

                  0.00    0.00    0.00   clock core_clock (rise edge)
                          0.00    0.00   clock network delay (ideal)
                          0.00    0.00   clock reconvergence pessimism
                                  0.00 ^ _2376_/CLK (sky130_fd_sc_hd__dfxtp_4)
                         -0.06   -0.06   library hold time
                                 -0.06   data required time
-----------------------------------------------------------------------------
                                 -0.06   data required time
                                 -1.97   data arrival time
-----------------------------------------------------------------------------
                                  2.03   slack (MET)


Startpoint: _2345_ (rising edge-triggered flip-flop clocked by core_clock)
Endpoint: _2345_ (rising edge-triggered flip-flop clocked by core_clock)
Path Group: core_clock
Path Type: min

Fanout     Cap    Slew   Delay    Time   Description
-----------------------------------------------------------------------------
                  0.00    0.00    0.00   clock core_clock (rise edge)
                          0.00    0.00   clock network delay (ideal)
                  0.00    0.00    0.00 ^ _2345_/CLK (sky130_fd_sc_hd__dfxtp_4)
     2    0.16    0.44    0.57    0.57 ^ _2345_/Q (sky130_fd_sc_hd__dfxtp_4)
                                         rf.registers[0][15] (net)
                  0.50    0.12    0.69 ^ _2061_/A1 (sky130_fd_sc_hd__mux2_8)
     1    0.29    0.35    0.48    1.17 ^ _2061_/X (sky130_fd_sc_hd__mux2_8)
                                         _0487_ (net)
                  0.87    0.39    1.56 ^ _2062_/A (sky130_fd_sc_hd__buf_12)
     1    0.15    0.16    0.27    1.83 ^ _2062_/X (sky130_fd_sc_hd__buf_12)
                                         _0111_ (net)
                  0.28    0.12    1.95 ^ _2345_/D (sky130_fd_sc_hd__dfxtp_4)
                                  1.95   data arrival time

                  0.00    0.00    0.00   clock core_clock (rise edge)
                          0.00    0.00   clock network delay (ideal)
                          0.00    0.00   clock reconvergence pessimism
                                  0.00 ^ _2345_/CLK (sky130_fd_sc_hd__dfxtp_4)
                         -0.09   -0.09   library hold time
                                 -0.09   data required time
-----------------------------------------------------------------------------
                                 -0.09   data required time
                                 -1.95   data arrival time
-----------------------------------------------------------------------------
                                  2.04   slack (MET)


Startpoint: _2292_ (rising edge-triggered flip-flop clocked by core_clock)
Endpoint: _2260_ (rising edge-triggered flip-flop clocked by core_clock)
Path Group: core_clock
Path Type: min

Fanout     Cap    Slew   Delay    Time   Description
-----------------------------------------------------------------------------
                  0.00    0.00    0.00   clock core_clock (rise edge)
                          0.00    0.00   clock network delay (ideal)
                  0.00    0.00    0.00 ^ _2292_/CLK (sky130_fd_sc_hd__dfxtp_4)
     3    0.21    0.26    0.45    0.45 v _2292_/Q (sky130_fd_sc_hd__dfxtp_4)
                                         rf.registers[3][26] (net)
                  0.32    0.10    0.54 v _1877_/A3 (sky130_fd_sc_hd__mux4_2)
     1    0.14    0.38    0.88    1.42 v _1877_/X (sky130_fd_sc_hd__mux4_2)
                                         _0388_ (net)
                  0.43    0.11    1.53 v _1878_/A (sky130_fd_sc_hd__buf_12)
     1    0.14    0.07    0.32    1.84 v _1878_/X (sky130_fd_sc_hd__buf_12)
                                         _0050_ (net)
                  0.19    0.09    1.93 v _2260_/D (sky130_fd_sc_hd__dfxtp_1)
                                  1.93   data arrival time

                  0.00    0.00    0.00   clock core_clock (rise edge)
                          0.00    0.00   clock network delay (ideal)
                          0.00    0.00   clock reconvergence pessimism
                                  0.00 ^ _2260_/CLK (sky130_fd_sc_hd__dfxtp_1)
                         -0.12   -0.12   library hold time
                                 -0.12   data required time
-----------------------------------------------------------------------------
                                 -0.12   data required time
                                 -1.93   data arrival time
-----------------------------------------------------------------------------
                                  2.06   slack (MET)


Startpoint: _2377_ (rising edge-triggered flip-flop clocked by core_clock)
Endpoint: _2313_ (rising edge-triggered flip-flop clocked by core_clock)
Path Group: core_clock
Path Type: min

Fanout     Cap    Slew   Delay    Time   Description
-----------------------------------------------------------------------------
                  0.00    0.00    0.00   clock core_clock (rise edge)
                          0.00    0.00   clock network delay (ideal)
                  0.00    0.00    0.00 ^ _2377_/CLK (sky130_fd_sc_hd__dfxtp_4)
     2    0.04    0.12    0.38    0.38 ^ _2377_/Q (sky130_fd_sc_hd__dfxtp_4)
                                         rf.registers[1][15] (net)
                  0.12    0.00    0.39 ^ wire1219/A (sky130_fd_sc_hd__buf_12)
     2    0.24    0.18    0.19    0.57 ^ wire1219/X (sky130_fd_sc_hd__buf_12)
                                         net1219 (net)
                  0.54    0.25    0.82 ^ _1923_/A1 (sky130_fd_sc_hd__mux4_2)
     1    0.08    0.40    0.62    1.45 ^ _1923_/X (sky130_fd_sc_hd__mux4_2)
                                         _0413_ (net)
                  0.41    0.03    1.48 ^ _1924_/A (sky130_fd_sc_hd__buf_12)
     1    0.21    0.18    0.26    1.74 ^ _1924_/X (sky130_fd_sc_hd__buf_12)
                                         _0006_ (net)
                  0.44    0.20    1.94 ^ _2313_/D (sky130_fd_sc_hd__dfxtp_4)
                                  1.94   data arrival time

                  0.00    0.00    0.00   clock core_clock (rise edge)
                          0.00    0.00   clock network delay (ideal)
                          0.00    0.00   clock reconvergence pessimism
                                  0.00 ^ _2313_/CLK (sky130_fd_sc_hd__dfxtp_4)
                         -0.12   -0.12   library hold time
                                 -0.12   data required time
-----------------------------------------------------------------------------
                                 -0.12   data required time
                                 -1.94   data arrival time
-----------------------------------------------------------------------------
                                  2.06   slack (MET)


Startpoint: _2365_ (rising edge-triggered flip-flop clocked by core_clock)
Endpoint: _2301_ (rising edge-triggered flip-flop clocked by core_clock)
Path Group: core_clock
Path Type: min

Fanout     Cap    Slew   Delay    Time   Description
-----------------------------------------------------------------------------
                  0.00    0.00    0.00   clock core_clock (rise edge)
                          0.00    0.00   clock network delay (ideal)
                  0.00    0.00    0.00 ^ _2365_/CLK (sky130_fd_sc_hd__dfxtp_4)
     2    0.13    0.37    0.54    0.54 ^ _2365_/Q (sky130_fd_sc_hd__dfxtp_4)
                                         rf.registers[1][3] (net)
                  0.41    0.08    0.62 ^ _1897_/A1 (sky130_fd_sc_hd__mux4_2)
     1    0.03    0.16    0.43    1.05 ^ _1897_/X (sky130_fd_sc_hd__mux4_2)
                                         _0399_ (net)
                  0.16    0.00    1.05 ^ wire1076/A (sky130_fd_sc_hd__buf_12)
     1    0.14    0.14    0.19    1.25 ^ wire1076/X (sky130_fd_sc_hd__buf_12)
                                         net1076 (net)
                  0.24    0.10    1.34 ^ wire1075/A (sky130_fd_sc_hd__buf_12)
     1    0.14    0.14    0.21    1.56 ^ wire1075/X (sky130_fd_sc_hd__buf_12)
                                         net1075 (net)
                  0.24    0.10    1.65 ^ _1898_/A (sky130_fd_sc_hd__buf_12)
     1    0.15    0.15    0.22    1.87 ^ _1898_/X (sky130_fd_sc_hd__buf_12)
                                         _0025_ (net)
                  0.27    0.11    1.98 ^ _2301_/D (sky130_fd_sc_hd__dfxtp_1)
                                  1.98   data arrival time

                  0.00    0.00    0.00   clock core_clock (rise edge)
                          0.00    0.00   clock network delay (ideal)
                          0.00    0.00   clock reconvergence pessimism
                                  0.00 ^ _2301_/CLK (sky130_fd_sc_hd__dfxtp_1)
                         -0.09   -0.09   library hold time
                                 -0.09   data required time
-----------------------------------------------------------------------------
                                 -0.09   data required time
                                 -1.98   data arrival time
-----------------------------------------------------------------------------
                                  2.07   slack (MET)


Startpoint: _2276_ (rising edge-triggered flip-flop clocked by core_clock)
Endpoint: _2308_ (rising edge-triggered flip-flop clocked by core_clock)
Path Group: core_clock
Path Type: min

Fanout     Cap    Slew   Delay    Time   Description
-----------------------------------------------------------------------------
                  0.00    0.00    0.00   clock core_clock (rise edge)
                          0.00    0.00   clock network delay (ideal)
                  0.00    0.00    0.00 ^ _2276_/CLK (sky130_fd_sc_hd__dfxtp_4)
     2    0.07    0.19    0.43    0.43 ^ _2276_/Q (sky130_fd_sc_hd__dfxtp_4)
                                         rf.registers[3][10] (net)
                  0.20    0.02    0.45 ^ _1913_/A3 (sky130_fd_sc_hd__mux4_2)
     1    0.05    0.26    0.44    0.90 ^ _1913_/X (sky130_fd_sc_hd__mux4_2)
                                         _0408_ (net)
                  0.26    0.01    0.91 ^ wire1070/A (sky130_fd_sc_hd__buf_12)
     1    0.14    0.14    0.21    1.12 ^ wire1070/X (sky130_fd_sc_hd__buf_12)
                                         net1070 (net)
                  0.24    0.10    1.22 ^ _1914_/A (sky130_fd_sc_hd__buf_12)
     1    0.31    0.23    0.28    1.50 ^ _1914_/X (sky130_fd_sc_hd__buf_12)
                                         _0001_ (net)
                  0.88    0.42    1.92 ^ _2308_/D (sky130_fd_sc_hd__dfxtp_4)
                                  1.92   data arrival time

                  0.00    0.00    0.00   clock core_clock (rise edge)
                          0.00    0.00   clock network delay (ideal)
                          0.00    0.00   clock reconvergence pessimism
                                  0.00 ^ _2308_/CLK (sky130_fd_sc_hd__dfxtp_4)
                         -0.15   -0.15   library hold time
                                 -0.15   data required time
-----------------------------------------------------------------------------
                                 -0.15   data required time
                                 -1.92   data arrival time
-----------------------------------------------------------------------------
                                  2.07   slack (MET)


Startpoint: _2340_ (rising edge-triggered flip-flop clocked by core_clock)
Endpoint: _2244_ (rising edge-triggered flip-flop clocked by core_clock)
Path Group: core_clock
Path Type: min

Fanout     Cap    Slew   Delay    Time   Description
-----------------------------------------------------------------------------
                  0.00    0.00    0.00   clock core_clock (rise edge)
                          0.00    0.00   clock network delay (ideal)
                  0.00    0.00    0.00 ^ _2340_/CLK (sky130_fd_sc_hd__dfxtp_4)
     3    0.17    0.48    0.58    0.58 ^ _2340_/Q (sky130_fd_sc_hd__dfxtp_4)
                                         rf.registers[0][10] (net)
                  0.50    0.09    0.67 ^ _1843_/A0 (sky130_fd_sc_hd__mux4_2)
     1    0.03    0.16    0.43    1.10 ^ _1843_/X (sky130_fd_sc_hd__mux4_2)
                                         _0370_ (net)
                  0.16    0.00    1.10 ^ wire1096/A (sky130_fd_sc_hd__buf_12)
     1    0.14    0.14    0.19    1.29 ^ wire1096/X (sky130_fd_sc_hd__buf_12)
                                         net1096 (net)
                  0.24    0.10    1.39 ^ wire1095/A (sky130_fd_sc_hd__buf_12)
     1    0.14    0.14    0.21    1.60 ^ wire1095/X (sky130_fd_sc_hd__buf_12)
                                         net1095 (net)
                  0.24    0.10    1.70 ^ _1844_/A (sky130_fd_sc_hd__clkbuf_16)
     1    0.13    0.12    0.25    1.94 ^ _1844_/X (sky130_fd_sc_hd__clkbuf_16)
                                         _0033_ (net)
                  0.20    0.08    2.02 ^ _2244_/D (sky130_fd_sc_hd__dfxtp_4)
                                  2.02   data arrival time

                  0.00    0.00    0.00   clock core_clock (rise edge)
                          0.00    0.00   clock network delay (ideal)
                          0.00    0.00   clock reconvergence pessimism
                                  0.00 ^ _2244_/CLK (sky130_fd_sc_hd__dfxtp_4)
                         -0.07   -0.07   library hold time
                                 -0.07   data required time
-----------------------------------------------------------------------------
                                 -0.07   data required time
                                 -2.02   data arrival time
-----------------------------------------------------------------------------
                                  2.09   slack (MET)


Startpoint: _2405_ (rising edge-triggered flip-flop clocked by core_clock)
Endpoint: _2309_ (rising edge-triggered flip-flop clocked by core_clock)
Path Group: core_clock
Path Type: min

Fanout     Cap    Slew   Delay    Time   Description
-----------------------------------------------------------------------------
                  0.00    0.00    0.00   clock core_clock (rise edge)
                          0.00    0.00   clock network delay (ideal)
                  0.00    0.00    0.00 ^ _2405_/CLK (sky130_fd_sc_hd__dfxtp_4)
     3    0.08    0.23    0.45    0.45 ^ _2405_/Q (sky130_fd_sc_hd__dfxtp_4)
                                         rf.registers[2][11] (net)
                  0.23    0.02    0.47 ^ _1915_/A2 (sky130_fd_sc_hd__mux4_2)
     1    0.12    0.59    0.66    1.13 ^ _1915_/X (sky130_fd_sc_hd__mux4_2)
                                         _0409_ (net)
                  0.61    0.08    1.21 ^ _1916_/A (sky130_fd_sc_hd__buf_12)
     1    0.31    0.23    0.32    1.53 ^ _1916_/X (sky130_fd_sc_hd__buf_12)
                                         _0002_ (net)
                  0.88    0.42    1.95 ^ _2309_/D (sky130_fd_sc_hd__dfxtp_4)
                                  1.95   data arrival time

                  0.00    0.00    0.00   clock core_clock (rise edge)
                          0.00    0.00   clock network delay (ideal)
                          0.00    0.00   clock reconvergence pessimism
                                  0.00 ^ _2309_/CLK (sky130_fd_sc_hd__dfxtp_4)
                         -0.15   -0.15   library hold time
                                 -0.15   data required time
-----------------------------------------------------------------------------
                                 -0.15   data required time
                                 -1.95   data arrival time
-----------------------------------------------------------------------------
                                  2.11   slack (MET)


Startpoint: _2268_ (rising edge-triggered flip-flop clocked by core_clock)
Endpoint: _2236_ (rising edge-triggered flip-flop clocked by core_clock)
Path Group: core_clock
Path Type: min

Fanout     Cap    Slew   Delay    Time   Description
-----------------------------------------------------------------------------
                  0.00    0.00    0.00   clock core_clock (rise edge)
                          0.00    0.00   clock network delay (ideal)
                  0.00    0.00    0.00 ^ _2268_/CLK (sky130_fd_sc_hd__dfxtp_4)
     2    0.08    0.22    0.44    0.44 ^ _2268_/Q (sky130_fd_sc_hd__dfxtp_4)
                                         rf.registers[3][2] (net)
                  0.22    0.02    0.47 ^ wire1393/A (sky130_fd_sc_hd__buf_12)
     2    0.19    0.19    0.21    0.67 ^ wire1393/X (sky130_fd_sc_hd__buf_12)
                                         net1393 (net)
                  0.29    0.11    0.78 ^ _1825_/A3 (sky130_fd_sc_hd__mux4_2)
     1    0.10    0.50    0.62    1.40 ^ _1825_/X (sky130_fd_sc_hd__mux4_2)
                                         _0360_ (net)
                  0.51    0.05    1.46 ^ _1826_/A (sky130_fd_sc_hd__buf_12)
     1    0.23    0.19    0.28    1.73 ^ _1826_/X (sky130_fd_sc_hd__buf_12)
                                         _0054_ (net)
                  0.53    0.25    1.98 ^ _2236_/D (sky130_fd_sc_hd__dfxtp_1)
                                  1.98   data arrival time

                  0.00    0.00    0.00   clock core_clock (rise edge)
                          0.00    0.00   clock network delay (ideal)
                          0.00    0.00   clock reconvergence pessimism
                                  0.00 ^ _2236_/CLK (sky130_fd_sc_hd__dfxtp_1)
                         -0.13   -0.13   library hold time
                                 -0.13   data required time
-----------------------------------------------------------------------------
                                 -0.13   data required time
                                 -1.98   data arrival time
-----------------------------------------------------------------------------
                                  2.12   slack (MET)


Startpoint: _2407_ (rising edge-triggered flip-flop clocked by core_clock)
Endpoint: _2407_ (rising edge-triggered flip-flop clocked by core_clock)
Path Group: core_clock
Path Type: min

Fanout     Cap    Slew   Delay    Time   Description
-----------------------------------------------------------------------------
                  0.00    0.00    0.00   clock core_clock (rise edge)
                          0.00    0.00   clock network delay (ideal)
                  0.00    0.00    0.00 ^ _2407_/CLK (sky130_fd_sc_hd__dfxtp_4)
     3    0.08    0.23    0.45    0.45 ^ _2407_/Q (sky130_fd_sc_hd__dfxtp_4)
                                         rf.registers[2][13] (net)
                  0.23    0.02    0.48 ^ _2195_/A0 (sky130_fd_sc_hd__mux2_8)
     1    0.30    0.36    0.43    0.90 ^ _2195_/X (sky130_fd_sc_hd__mux2_8)
                                         _0559_ (net)
                  0.92    0.42    1.32 ^ _2196_/A (sky130_fd_sc_hd__buf_12)
     1    0.27    0.22    0.31    1.64 ^ _2196_/X (sky130_fd_sc_hd__buf_12)
                                         _0173_ (net)
                  0.71    0.34    1.98 ^ _2407_/D (sky130_fd_sc_hd__dfxtp_4)
                                  1.98   data arrival time

                  0.00    0.00    0.00   clock core_clock (rise edge)
                          0.00    0.00   clock network delay (ideal)
                          0.00    0.00   clock reconvergence pessimism
                                  0.00 ^ _2407_/CLK (sky130_fd_sc_hd__dfxtp_4)
                         -0.14   -0.14   library hold time
                                 -0.14   data required time
-----------------------------------------------------------------------------
                                 -0.14   data required time
                                 -1.98   data arrival time
-----------------------------------------------------------------------------
                                  2.12   slack (MET)


Startpoint: _2332_ (rising edge-triggered flip-flop clocked by core_clock)
Endpoint: _2300_ (rising edge-triggered flip-flop clocked by core_clock)
Path Group: core_clock
Path Type: min

Fanout     Cap    Slew   Delay    Time   Description
-----------------------------------------------------------------------------
                  0.00    0.00    0.00   clock core_clock (rise edge)
                          0.00    0.00   clock network delay (ideal)
                  0.00    0.00    0.00 ^ _2332_/CLK (sky130_fd_sc_hd__dfxtp_2)
     1    0.03    0.16    0.39    0.39 ^ _2332_/Q (sky130_fd_sc_hd__dfxtp_2)
                                         rf.registers[0][2] (net)
                  0.16    0.00    0.39 ^ wire1276/A (sky130_fd_sc_hd__buf_12)
     3    0.24    0.19    0.19    0.58 ^ wire1276/X (sky130_fd_sc_hd__buf_12)
                                         net1276 (net)
                  0.42    0.17    0.75 ^ _1895_/A0 (sky130_fd_sc_hd__mux4_2)
     1    0.10    0.50    0.64    1.39 ^ _1895_/X (sky130_fd_sc_hd__mux4_2)
                                         _0398_ (net)
                  0.50    0.05    1.44 ^ wire1077/A (sky130_fd_sc_hd__buf_12)
     1    0.14    0.14    0.24    1.68 ^ wire1077/X (sky130_fd_sc_hd__buf_12)
                                         net1077 (net)
                  0.24    0.10    1.78 ^ _1896_/A (sky130_fd_sc_hd__buf_12)
     1    0.12    0.13    0.21    1.99 ^ _1896_/X (sky130_fd_sc_hd__buf_12)
                                         _0022_ (net)
                  0.20    0.08    2.06 ^ _2300_/D (sky130_fd_sc_hd__dfxtp_4)
                                  2.06   data arrival time

                  0.00    0.00    0.00   clock core_clock (rise edge)
                          0.00    0.00   clock network delay (ideal)
                          0.00    0.00   clock reconvergence pessimism
                                  0.00 ^ _2300_/CLK (sky130_fd_sc_hd__dfxtp_4)
                         -0.07   -0.07   library hold time
                                 -0.07   data required time
-----------------------------------------------------------------------------
                                 -0.07   data required time
                                 -2.06   data arrival time
-----------------------------------------------------------------------------
                                  2.13   slack (MET)


Startpoint: _2377_ (rising edge-triggered flip-flop clocked by core_clock)
Endpoint: _2249_ (rising edge-triggered flip-flop clocked by core_clock)
Path Group: core_clock
Path Type: min

Fanout     Cap    Slew   Delay    Time   Description
-----------------------------------------------------------------------------
                  0.00    0.00    0.00   clock core_clock (rise edge)
                          0.00    0.00   clock network delay (ideal)
                  0.00    0.00    0.00 ^ _2377_/CLK (sky130_fd_sc_hd__dfxtp_4)
     2    0.04    0.12    0.38    0.38 ^ _2377_/Q (sky130_fd_sc_hd__dfxtp_4)
                                         rf.registers[1][15] (net)
                  0.12    0.00    0.39 ^ wire1219/A (sky130_fd_sc_hd__buf_12)
     2    0.24    0.18    0.19    0.57 ^ wire1219/X (sky130_fd_sc_hd__buf_12)
                                         net1219 (net)
                  0.49    0.22    0.79 ^ _1853_/A1 (sky130_fd_sc_hd__mux4_2)
     1    0.09    0.45    0.64    1.44 ^ _1853_/X (sky130_fd_sc_hd__mux4_2)
                                         _0375_ (net)
                  0.46    0.04    1.48 ^ wire1092/A (sky130_fd_sc_hd__buf_12)
     1    0.14    0.14    0.24    1.72 ^ wire1092/X (sky130_fd_sc_hd__buf_12)
                                         net1092 (net)
                  0.24    0.10    1.81 ^ _1854_/A (sky130_fd_sc_hd__buf_8)
     1    0.10    0.15    0.22    2.03 ^ _1854_/X (sky130_fd_sc_hd__buf_8)
                                         _0038_ (net)
                  0.18    0.05    2.08 ^ _2249_/D (sky130_fd_sc_hd__dfxtp_4)
                                  2.08   data arrival time

                  0.00    0.00    0.00   clock core_clock (rise edge)
                          0.00    0.00   clock network delay (ideal)
                          0.00    0.00   clock reconvergence pessimism
                                  0.00 ^ _2249_/CLK (sky130_fd_sc_hd__dfxtp_4)
                         -0.07   -0.07   library hold time
                                 -0.07   data required time
-----------------------------------------------------------------------------
                                 -0.07   data required time
                                 -2.08   data arrival time
-----------------------------------------------------------------------------
                                  2.14   slack (MET)


Startpoint: _2284_ (rising edge-triggered flip-flop clocked by core_clock)
Endpoint: _2284_ (rising edge-triggered flip-flop clocked by core_clock)
Path Group: core_clock
Path Type: min

Fanout     Cap    Slew   Delay    Time   Description
-----------------------------------------------------------------------------
                  0.00    0.00    0.00   clock core_clock (rise edge)
                          0.00    0.00   clock network delay (ideal)
                  0.00    0.00    0.00 ^ _2284_/CLK (sky130_fd_sc_hd__dfxtp_1)
     1    0.01    0.10    0.33    0.33 ^ _2284_/Q (sky130_fd_sc_hd__dfxtp_1)
                                         rf.registers[3][18] (net)
                  0.10    0.00    0.33 ^ wire1370/A (sky130_fd_sc_hd__buf_12)
     2    0.23    0.18    0.21    0.54 ^ wire1370/X (sky130_fd_sc_hd__buf_12)
                                         net1370 (net)
                  0.54    0.25    0.79 ^ wire1369/A (sky130_fd_sc_hd__buf_12)
     2    0.24    0.21    0.25    1.04 ^ wire1369/X (sky130_fd_sc_hd__buf_12)
                                         net1369 (net)
                  0.40    0.16    1.19 ^ _1998_/A0 (sky130_fd_sc_hd__mux2_8)
     1    0.14    0.22    0.37    1.57 ^ _1998_/X (sky130_fd_sc_hd__mux2_8)
                                         _0453_ (net)
                  0.29    0.10    1.66 ^ _1999_/A (sky130_fd_sc_hd__buf_12)
     1    0.18    0.17    0.23    1.90 ^ _1999_/X (sky130_fd_sc_hd__buf_12)
                                         _0082_ (net)
                  0.36    0.16    2.06 ^ _2284_/D (sky130_fd_sc_hd__dfxtp_1)
                                  2.06   data arrival time

                  0.00    0.00    0.00   clock core_clock (rise edge)
                          0.00    0.00   clock network delay (ideal)
                          0.00    0.00   clock reconvergence pessimism
                                  0.00 ^ _2284_/CLK (sky130_fd_sc_hd__dfxtp_1)
                         -0.10   -0.10   library hold time
                                 -0.10   data required time
-----------------------------------------------------------------------------
                                 -0.10   data required time
                                 -2.06   data arrival time
-----------------------------------------------------------------------------
                                  2.16   slack (MET)


Startpoint: _2357_ (rising edge-triggered flip-flop clocked by core_clock)
Endpoint: _2357_ (rising edge-triggered flip-flop clocked by core_clock)
Path Group: core_clock
Path Type: min

Fanout     Cap    Slew   Delay    Time   Description
-----------------------------------------------------------------------------
                  0.00    0.00    0.00   clock core_clock (rise edge)
                          0.00    0.00   clock network delay (ideal)
                  0.00    0.00    0.00 ^ _2357_/CLK (sky130_fd_sc_hd__dfxtp_1)
     1    0.01    0.10    0.33    0.33 ^ _2357_/Q (sky130_fd_sc_hd__dfxtp_1)
                                         rf.registers[0][27] (net)
                  0.10    0.00    0.33 ^ wire1246/A (sky130_fd_sc_hd__buf_12)
     2    0.20    0.19    0.18    0.51 ^ wire1246/X (sky130_fd_sc_hd__buf_12)
                                         net1246 (net)
                  0.26    0.08    0.59 ^ wire1245/A (sky130_fd_sc_hd__buf_12)
     2    0.20    0.22    0.22    0.81 ^ wire1245/X (sky130_fd_sc_hd__buf_12)
                                         net1245 (net)
                  0.33    0.13    0.94 ^ _2086_/A1 (sky130_fd_sc_hd__mux2_8)
     1    0.17    0.26    0.38    1.32 ^ _2086_/X (sky130_fd_sc_hd__mux2_8)
                                         _0500_ (net)
                  0.40    0.15    1.47 ^ _2087_/A (sky130_fd_sc_hd__buf_12)
     1    0.25    0.20    0.27    1.74 ^ _2087_/X (sky130_fd_sc_hd__buf_12)
                                         _0123_ (net)
                  0.61    0.29    2.02 ^ _2357_/D (sky130_fd_sc_hd__dfxtp_1)
                                  2.02   data arrival time

                  0.00    0.00    0.00   clock core_clock (rise edge)
                          0.00    0.00   clock network delay (ideal)
                          0.00    0.00   clock reconvergence pessimism
                                  0.00 ^ _2357_/CLK (sky130_fd_sc_hd__dfxtp_1)
                         -0.14   -0.14   library hold time
                                 -0.14   data required time
-----------------------------------------------------------------------------
                                 -0.14   data required time
                                 -2.02   data arrival time
-----------------------------------------------------------------------------
                                  2.16   slack (MET)


Startpoint: _2365_ (rising edge-triggered flip-flop clocked by core_clock)
Endpoint: _2365_ (rising edge-triggered flip-flop clocked by core_clock)
Path Group: core_clock
Path Type: min

Fanout     Cap    Slew   Delay    Time   Description
-----------------------------------------------------------------------------
                  0.00    0.00    0.00   clock core_clock (rise edge)
                          0.00    0.00   clock network delay (ideal)
                  0.00    0.00    0.00 ^ _2365_/CLK (sky130_fd_sc_hd__dfxtp_4)
     2    0.13    0.37    0.54    0.54 ^ _2365_/Q (sky130_fd_sc_hd__dfxtp_4)
                                         rf.registers[1][3] (net)
                  0.37    0.00    0.54 ^ wire1235/A (sky130_fd_sc_hd__buf_12)
     2    0.22    0.20    0.23    0.77 ^ wire1235/X (sky130_fd_sc_hd__buf_12)
                                         net1235 (net)
                  0.40    0.17    0.93 ^ _2105_/A0 (sky130_fd_sc_hd__mux2_8)
     1    0.27    0.34    0.45    1.38 ^ _2105_/X (sky130_fd_sc_hd__mux2_8)
                                         _0511_ (net)
                  0.77    0.35    1.73 ^ _2106_/A (sky130_fd_sc_hd__buf_12)
     1    0.14    0.15    0.26    1.99 ^ _2106_/X (sky130_fd_sc_hd__buf_12)
                                         _0131_ (net)
                  0.25    0.10    2.09 ^ _2365_/D (sky130_fd_sc_hd__dfxtp_4)
                                  2.09   data arrival time

                  0.00    0.00    0.00   clock core_clock (rise edge)
                          0.00    0.00   clock network delay (ideal)
                          0.00    0.00   clock reconvergence pessimism
                                  0.00 ^ _2365_/CLK (sky130_fd_sc_hd__dfxtp_4)
                         -0.08   -0.08   library hold time
                                 -0.08   data required time
-----------------------------------------------------------------------------
                                 -0.08   data required time
                                 -2.09   data arrival time
-----------------------------------------------------------------------------
                                  2.17   slack (MET)


Startpoint: _2389_ (rising edge-triggered flip-flop clocked by core_clock)
Endpoint: _2389_ (rising edge-triggered flip-flop clocked by core_clock)
Path Group: core_clock
Path Type: min

Fanout     Cap    Slew   Delay    Time   Description
-----------------------------------------------------------------------------
                  0.00    0.00    0.00   clock core_clock (rise edge)
                          0.00    0.00   clock network delay (ideal)
                  0.00    0.00    0.00 ^ _2389_/CLK (sky130_fd_sc_hd__dfxtp_4)
     2    0.14    0.40    0.53    0.53 ^ _2389_/Q (sky130_fd_sc_hd__dfxtp_4)
                                         rf.registers[1][27] (net)
                  0.42    0.08    0.62 ^ wire1203/A (sky130_fd_sc_hd__buf_12)
     2    0.24    0.18    0.24    0.86 ^ wire1203/X (sky130_fd_sc_hd__buf_12)
                                         net1203 (net)
                  0.55    0.26    1.12 ^ _2155_/A0 (sky130_fd_sc_hd__mux2_8)
     1    0.13    0.21    0.40    1.51 ^ _2155_/X (sky130_fd_sc_hd__mux2_8)
                                         _0537_ (net)
                  0.27    0.09    1.60 ^ _2156_/A (sky130_fd_sc_hd__buf_12)
     1    0.21    0.18    0.24    1.84 ^ _2156_/X (sky130_fd_sc_hd__buf_12)
                                         _0155_ (net)
                  0.45    0.21    2.05 ^ _2389_/D (sky130_fd_sc_hd__dfxtp_4)
                                  2.05   data arrival time

                  0.00    0.00    0.00   clock core_clock (rise edge)
                          0.00    0.00   clock network delay (ideal)
                          0.00    0.00   clock reconvergence pessimism
                                  0.00 ^ _2389_/CLK (sky130_fd_sc_hd__dfxtp_4)
                         -0.12   -0.12   library hold time
                                 -0.12   data required time
-----------------------------------------------------------------------------
                                 -0.12   data required time
                                 -2.05   data arrival time
-----------------------------------------------------------------------------
                                  2.17   slack (MET)


Startpoint: _2386_ (rising edge-triggered flip-flop clocked by core_clock)
Endpoint: _2322_ (rising edge-triggered flip-flop clocked by core_clock)
Path Group: core_clock
Path Type: min

Fanout     Cap    Slew   Delay    Time   Description
-----------------------------------------------------------------------------
                  0.00    0.00    0.00   clock core_clock (rise edge)
                          0.00    0.00   clock network delay (ideal)
                  0.00    0.00    0.00 ^ _2386_/CLK (sky130_fd_sc_hd__dfxtp_4)
     2    0.07    0.21    0.44    0.44 ^ _2386_/Q (sky130_fd_sc_hd__dfxtp_4)
                                         rf.registers[1][24] (net)
                  0.21    0.02    0.46 ^ _1943_/A1 (sky130_fd_sc_hd__mux4_2)
     1    0.06    0.31    0.49    0.95 ^ _1943_/X (sky130_fd_sc_hd__mux4_2)
                                         _0424_ (net)
                  0.32    0.02    0.97 ^ wire1060/A (sky130_fd_sc_hd__buf_12)
     1    0.14    0.14    0.22    1.19 ^ wire1060/X (sky130_fd_sc_hd__buf_12)
                                         net1060 (net)
                  0.24    0.10    1.29 ^ _1944_/A (sky130_fd_sc_hd__buf_12)
     1    0.31    0.24    0.28    1.57 ^ _1944_/X (sky130_fd_sc_hd__buf_12)
                                         _0016_ (net)
                  0.93    0.45    2.02 ^ _2322_/D (sky130_fd_sc_hd__dfxtp_4)
                                  2.02   data arrival time

                  0.00    0.00    0.00   clock core_clock (rise edge)
                          0.00    0.00   clock network delay (ideal)
                          0.00    0.00   clock reconvergence pessimism
                                  0.00 ^ _2322_/CLK (sky130_fd_sc_hd__dfxtp_4)
                         -0.16   -0.16   library hold time
                                 -0.16   data required time
-----------------------------------------------------------------------------
                                 -0.16   data required time
                                 -2.02   data arrival time
-----------------------------------------------------------------------------
                                  2.17   slack (MET)


Startpoint: _2375_ (rising edge-triggered flip-flop clocked by core_clock)
Endpoint: _2375_ (rising edge-triggered flip-flop clocked by core_clock)
Path Group: core_clock
Path Type: min

Fanout     Cap    Slew   Delay    Time   Description
-----------------------------------------------------------------------------
                  0.00    0.00    0.00   clock core_clock (rise edge)
                          0.00    0.00   clock network delay (ideal)
                  0.00    0.00    0.00 ^ _2375_/CLK (sky130_fd_sc_hd__dfxtp_1)
     1    0.01    0.10    0.33    0.33 ^ _2375_/Q (sky130_fd_sc_hd__dfxtp_1)
                                         rf.registers[1][13] (net)
                  0.10    0.00    0.33 ^ wire1222/A (sky130_fd_sc_hd__buf_12)
     2    0.18    0.18    0.17    0.50 ^ wire1222/X (sky130_fd_sc_hd__buf_12)
                                         net1222 (net)
                  0.31    0.12    0.63 ^ wire1221/A (sky130_fd_sc_hd__buf_12)
     2    0.24    0.18    0.24    0.86 ^ wire1221/X (sky130_fd_sc_hd__buf_12)
                                         net1221 (net)
                  0.56    0.26    1.13 ^ _2126_/A0 (sky130_fd_sc_hd__mux2_8)
     1    0.19    0.28    0.44    1.57 ^ _2126_/X (sky130_fd_sc_hd__mux2_8)
                                         _0522_ (net)
                  0.46    0.18    1.75 ^ _2127_/A (sky130_fd_sc_hd__buf_12)
     1    0.14    0.15    0.24    1.99 ^ _2127_/X (sky130_fd_sc_hd__buf_12)
                                         _0141_ (net)
                  0.25    0.10    2.09 ^ _2375_/D (sky130_fd_sc_hd__dfxtp_1)
                                  2.09   data arrival time

                  0.00    0.00    0.00   clock core_clock (rise edge)
                          0.00    0.00   clock network delay (ideal)
                          0.00    0.00   clock reconvergence pessimism
                                  0.00 ^ _2375_/CLK (sky130_fd_sc_hd__dfxtp_1)
                         -0.08   -0.08   library hold time
                                 -0.08   data required time
-----------------------------------------------------------------------------
                                 -0.08   data required time
                                 -2.09   data arrival time
-----------------------------------------------------------------------------
                                  2.17   slack (MET)


Startpoint: _2349_ (rising edge-triggered flip-flop clocked by core_clock)
Endpoint: _2253_ (rising edge-triggered flip-flop clocked by core_clock)
Path Group: core_clock
Path Type: min

Fanout     Cap    Slew   Delay    Time   Description
-----------------------------------------------------------------------------
                  0.00    0.00    0.00   clock core_clock (rise edge)
                          0.00    0.00   clock network delay (ideal)
                  0.00    0.00    0.00 ^ _2349_/CLK (sky130_fd_sc_hd__dfxtp_4)
     3    0.13    0.37    0.55    0.55 ^ _2349_/Q (sky130_fd_sc_hd__dfxtp_4)
                                         rf.registers[0][19] (net)
                  0.38    0.04    0.59 ^ _1861_/A0 (sky130_fd_sc_hd__mux4_2)
     1    0.08    0.40    0.57    1.16 ^ _1861_/X (sky130_fd_sc_hd__mux4_2)
                                         _0379_ (net)
                  0.41    0.03    1.20 ^ wire1089/A (sky130_fd_sc_hd__buf_12)
     1    0.14    0.14    0.23    1.43 ^ wire1089/X (sky130_fd_sc_hd__buf_12)
                                         net1089 (net)
                  0.24    0.10    1.52 ^ _1862_/A (sky130_fd_sc_hd__buf_12)
     1    0.24    0.20    0.25    1.77 ^ _1862_/X (sky130_fd_sc_hd__buf_12)
                                         _0042_ (net)
                  0.57    0.27    2.04 ^ _2253_/D (sky130_fd_sc_hd__dfxtp_4)
                                  2.04   data arrival time

                  0.00    0.00    0.00   clock core_clock (rise edge)
                          0.00    0.00   clock network delay (ideal)
                          0.00    0.00   clock reconvergence pessimism
                                  0.00 ^ _2253_/CLK (sky130_fd_sc_hd__dfxtp_4)
                         -0.14   -0.14   library hold time
                                 -0.14   data required time
-----------------------------------------------------------------------------
                                 -0.14   data required time
                                 -2.04   data arrival time
-----------------------------------------------------------------------------
                                  2.18   slack (MET)


Startpoint: _2279_ (rising edge-triggered flip-flop clocked by core_clock)
Endpoint: _2279_ (rising edge-triggered flip-flop clocked by core_clock)
Path Group: core_clock
Path Type: min

Fanout     Cap    Slew   Delay    Time   Description
-----------------------------------------------------------------------------
                  0.00    0.00    0.00   clock core_clock (rise edge)
                          0.00    0.00   clock network delay (ideal)
                  0.00    0.00    0.00 ^ _2279_/CLK (sky130_fd_sc_hd__dfxtp_4)
     3    0.15    0.43    0.56    0.56 ^ _2279_/Q (sky130_fd_sc_hd__dfxtp_4)
                                         rf.registers[3][13] (net)
                  0.46    0.09    0.66 ^ _1988_/A0 (sky130_fd_sc_hd__mux2_8)
     1    0.25    0.32    0.45    1.11 ^ _1988_/X (sky130_fd_sc_hd__mux2_8)
                                         _0448_ (net)
                  0.69    0.30    1.41 ^ _1989_/A (sky130_fd_sc_hd__buf_12)
     1    0.27    0.21    0.31    1.71 ^ _1989_/X (sky130_fd_sc_hd__buf_12)
                                         _0077_ (net)
                  0.69    0.33    2.04 ^ _2279_/D (sky130_fd_sc_hd__dfxtp_4)
                                  2.04   data arrival time

                  0.00    0.00    0.00   clock core_clock (rise edge)
                          0.00    0.00   clock network delay (ideal)
                          0.00    0.00   clock reconvergence pessimism
                                  0.00 ^ _2279_/CLK (sky130_fd_sc_hd__dfxtp_4)
                         -0.14   -0.14   library hold time
                                 -0.14   data required time
-----------------------------------------------------------------------------
                                 -0.14   data required time
                                 -2.04   data arrival time
-----------------------------------------------------------------------------
                                  2.18   slack (MET)


Startpoint: _2391_ (rising edge-triggered flip-flop clocked by core_clock)
Endpoint: _2327_ (rising edge-triggered flip-flop clocked by core_clock)
Path Group: core_clock
Path Type: min

Fanout     Cap    Slew   Delay    Time   Description
-----------------------------------------------------------------------------
                  0.00    0.00    0.00   clock core_clock (rise edge)
                          0.00    0.00   clock network delay (ideal)
                  0.00    0.00    0.00 ^ _2391_/CLK (sky130_fd_sc_hd__dfxtp_4)
     2    0.08    0.23    0.46    0.46 ^ _2391_/Q (sky130_fd_sc_hd__dfxtp_4)
                                         rf.registers[1][29] (net)
                  0.23    0.00    0.46 ^ wire1199/A (sky130_fd_sc_hd__buf_12)
     2    0.22    0.20    0.21    0.67 ^ wire1199/X (sky130_fd_sc_hd__buf_12)
                                         net1199 (net)
                  0.37    0.14    0.81 ^ _1953_/A1 (sky130_fd_sc_hd__mux4_2)
     1    0.06    0.33    0.54    1.35 ^ _1953_/X (sky130_fd_sc_hd__mux4_2)
                                         _0429_ (net)
                  0.33    0.02    1.37 ^ wire1056/A (sky130_fd_sc_hd__buf_12)
     1    0.14    0.14    0.22    1.59 ^ wire1056/X (sky130_fd_sc_hd__buf_12)
                                         net1056 (net)
                  0.24    0.10    1.69 ^ _1954_/A (sky130_fd_sc_hd__buf_12)
     1    0.19    0.17    0.23    1.92 ^ _1954_/X (sky130_fd_sc_hd__buf_12)
                                         _0021_ (net)
                  0.38    0.17    2.09 ^ _2327_/D (sky130_fd_sc_hd__dfxtp_1)
                                  2.09   data arrival time

                  0.00    0.00    0.00   clock core_clock (rise edge)
                          0.00    0.00   clock network delay (ideal)
                          0.00    0.00   clock reconvergence pessimism
                                  0.00 ^ _2327_/CLK (sky130_fd_sc_hd__dfxtp_1)
                         -0.11   -0.11   library hold time
                                 -0.11   data required time
-----------------------------------------------------------------------------
                                 -0.11   data required time
                                 -2.09   data arrival time
-----------------------------------------------------------------------------
                                  2.19   slack (MET)


Startpoint: _2410_ (rising edge-triggered flip-flop clocked by core_clock)
Endpoint: _2250_ (rising edge-triggered flip-flop clocked by core_clock)
Path Group: core_clock
Path Type: min

Fanout     Cap    Slew   Delay    Time   Description
-----------------------------------------------------------------------------
                  0.00    0.00    0.00   clock core_clock (rise edge)
                          0.00    0.00   clock network delay (ideal)
                  0.00    0.00    0.00 ^ _2410_/CLK (sky130_fd_sc_hd__dfxtp_4)
     3    0.22    0.26    0.46    0.46 v _2410_/Q (sky130_fd_sc_hd__dfxtp_4)
                                         rf.registers[2][16] (net)
                  0.32    0.09    0.56 v _1855_/A2 (sky130_fd_sc_hd__mux4_2)
     1    0.13    0.34    0.85    1.40 v _1855_/X (sky130_fd_sc_hd__mux4_2)
                                         _0376_ (net)
                  0.38    0.09    1.49 v _1856_/A (sky130_fd_sc_hd__buf_12)
     1    0.21    0.08    0.31    1.80 v _1856_/X (sky130_fd_sc_hd__buf_12)
                                         _0039_ (net)
                  0.41    0.20    2.00 v _2250_/D (sky130_fd_sc_hd__dfxtp_4)
                                  2.00   data arrival time

                  0.00    0.00    0.00   clock core_clock (rise edge)
                          0.00    0.00   clock network delay (ideal)
                          0.00    0.00   clock reconvergence pessimism
                                  0.00 ^ _2250_/CLK (sky130_fd_sc_hd__dfxtp_4)
                         -0.20   -0.20   library hold time
                                 -0.20   data required time
-----------------------------------------------------------------------------
                                 -0.20   data required time
                                 -2.00   data arrival time
-----------------------------------------------------------------------------
                                  2.20   slack (MET)


Startpoint: _2341_ (rising edge-triggered flip-flop clocked by core_clock)
Endpoint: _2245_ (rising edge-triggered flip-flop clocked by core_clock)
Path Group: core_clock
Path Type: min

Fanout     Cap    Slew   Delay    Time   Description
-----------------------------------------------------------------------------
                  0.00    0.00    0.00   clock core_clock (rise edge)
                          0.00    0.00   clock network delay (ideal)
                  0.00    0.00    0.00 ^ _2341_/CLK (sky130_fd_sc_hd__dfxtp_4)
     2    0.07    0.22    0.44    0.44 ^ _2341_/Q (sky130_fd_sc_hd__dfxtp_4)
                                         rf.registers[0][11] (net)
                  0.22    0.03    0.47 ^ wire1268/A (sky130_fd_sc_hd__buf_12)
     1    0.18    0.16    0.22    0.70 ^ wire1268/X (sky130_fd_sc_hd__buf_12)
                                         net1268 (net)
                  0.34    0.15    0.84 ^ _1845_/A0 (sky130_fd_sc_hd__mux4_2)
     1    0.03    0.17    0.40    1.25 ^ _1845_/X (sky130_fd_sc_hd__mux4_2)
                                         _0371_ (net)
                  0.17    0.00    1.25 ^ _1846_/A (sky130_fd_sc_hd__buf_12)
     1    0.20    0.17    0.22    1.47 ^ _1846_/X (sky130_fd_sc_hd__buf_12)
                                         _0034_ (net)
                  0.42    0.19    1.66 ^ wire986/A (sky130_fd_sc_hd__clkbuf_16)
     1    0.18    0.15    0.30    1.96 ^ wire986/X (sky130_fd_sc_hd__clkbuf_16)
                                         net986 (net)
                  0.33    0.15    2.11 ^ _2245_/D (sky130_fd_sc_hd__dfxtp_4)
                                  2.11   data arrival time

                  0.00    0.00    0.00   clock core_clock (rise edge)
                          0.00    0.00   clock network delay (ideal)
                          0.00    0.00   clock reconvergence pessimism
                                  0.00 ^ _2245_/CLK (sky130_fd_sc_hd__dfxtp_4)
                         -0.10   -0.10   library hold time
                                 -0.10   data required time
-----------------------------------------------------------------------------
                                 -0.10   data required time
                                 -2.11   data arrival time
-----------------------------------------------------------------------------
                                  2.20   slack (MET)


Startpoint: _2369_ (rising edge-triggered flip-flop clocked by core_clock)
Endpoint: _2369_ (rising edge-triggered flip-flop clocked by core_clock)
Path Group: core_clock
Path Type: min

Fanout     Cap    Slew   Delay    Time   Description
-----------------------------------------------------------------------------
                  0.00    0.00    0.00   clock core_clock (rise edge)
                          0.00    0.00   clock network delay (ideal)
                  0.00    0.00    0.00 ^ _2369_/CLK (sky130_fd_sc_hd__dfxtp_4)
     3    0.20    0.56    0.64    0.64 ^ _2369_/Q (sky130_fd_sc_hd__dfxtp_4)
                                         rf.registers[1][7] (net)
                  0.56    0.03    0.67 ^ _2113_/A0 (sky130_fd_sc_hd__mux2_8)
     1    0.23    0.31    0.46    1.13 ^ _2113_/X (sky130_fd_sc_hd__mux2_8)
                                         _0515_ (net)
                  0.62    0.27    1.40 ^ _2114_/A (sky130_fd_sc_hd__buf_12)
     1    0.28    0.22    0.31    1.71 ^ _2114_/X (sky130_fd_sc_hd__buf_12)
                                         _0135_ (net)
                  0.73    0.35    2.06 ^ _2369_/D (sky130_fd_sc_hd__dfxtp_4)
                                  2.06   data arrival time

                  0.00    0.00    0.00   clock core_clock (rise edge)
                          0.00    0.00   clock network delay (ideal)
                          0.00    0.00   clock reconvergence pessimism
                                  0.00 ^ _2369_/CLK (sky130_fd_sc_hd__dfxtp_4)
                         -0.15   -0.15   library hold time
                                 -0.15   data required time
-----------------------------------------------------------------------------
                                 -0.15   data required time
                                 -2.06   data arrival time
-----------------------------------------------------------------------------
                                  2.20   slack (MET)


Startpoint: _2353_ (rising edge-triggered flip-flop clocked by core_clock)
Endpoint: _2321_ (rising edge-triggered flip-flop clocked by core_clock)
Path Group: core_clock
Path Type: min

Fanout     Cap    Slew   Delay    Time   Description
-----------------------------------------------------------------------------
                  0.00    0.00    0.00   clock core_clock (rise edge)
                          0.00    0.00   clock network delay (ideal)
                  0.00    0.00    0.00 ^ _2353_/CLK (sky130_fd_sc_hd__dfxtp_4)
     2    0.08    0.23    0.46    0.46 ^ _2353_/Q (sky130_fd_sc_hd__dfxtp_4)
                                         rf.registers[0][23] (net)
                  0.23    0.00    0.46 ^ wire1250/A (sky130_fd_sc_hd__buf_12)
     2    0.19    0.20    0.22    0.68 ^ wire1250/X (sky130_fd_sc_hd__buf_12)
                                         net1250 (net)
                  0.26    0.08    0.75 ^ _1941_/A0 (sky130_fd_sc_hd__mux4_2)
     1    0.12    0.61    0.67    1.43 ^ _1941_/X (sky130_fd_sc_hd__mux4_2)
                                         _0423_ (net)
                  0.63    0.08    1.51 ^ _1942_/A (sky130_fd_sc_hd__buf_12)
     1    0.24    0.20    0.29    1.80 ^ _1942_/X (sky130_fd_sc_hd__buf_12)
                                         _0015_ (net)
                  0.57    0.27    2.07 ^ _2321_/D (sky130_fd_sc_hd__dfxtp_1)
                                  2.07   data arrival time

                  0.00    0.00    0.00   clock core_clock (rise edge)
                          0.00    0.00   clock network delay (ideal)
                          0.00    0.00   clock reconvergence pessimism
                                  0.00 ^ _2321_/CLK (sky130_fd_sc_hd__dfxtp_1)
                         -0.14   -0.14   library hold time
                                 -0.14   data required time
-----------------------------------------------------------------------------
                                 -0.14   data required time
                                 -2.07   data arrival time
-----------------------------------------------------------------------------
                                  2.21   slack (MET)


Startpoint: _2360_ (rising edge-triggered flip-flop clocked by core_clock)
Endpoint: _2328_ (rising edge-triggered flip-flop clocked by core_clock)
Path Group: core_clock
Path Type: min

Fanout     Cap    Slew   Delay    Time   Description
-----------------------------------------------------------------------------
                  0.00    0.00    0.00   clock core_clock (rise edge)
                          0.00    0.00   clock network delay (ideal)
                  0.00    0.00    0.00 ^ _2360_/CLK (sky130_fd_sc_hd__dfxtp_4)
     2    0.09    0.25    0.46    0.46 ^ _2360_/Q (sky130_fd_sc_hd__dfxtp_4)
                                         rf.registers[0][30] (net)
                  0.26    0.04    0.50 ^ wire1244/A (sky130_fd_sc_hd__buf_12)
     2    0.20    0.17    0.22    0.72 ^ wire1244/X (sky130_fd_sc_hd__buf_12)
                                         net1244 (net)
                  0.39    0.17    0.89 ^ _1955_/A0 (sky130_fd_sc_hd__mux4_2)
     1    0.08    0.42    0.58    1.47 ^ _1955_/X (sky130_fd_sc_hd__mux4_2)
                                         _0430_ (net)
                  0.42    0.04    1.51 ^ wire1055/A (sky130_fd_sc_hd__buf_12)
     1    0.14    0.14    0.23    1.74 ^ wire1055/X (sky130_fd_sc_hd__buf_12)
                                         net1055 (net)
                  0.24    0.10    1.84 ^ _1956_/A (sky130_fd_sc_hd__clkbuf_16)
     1    0.11    0.12    0.24    2.08 ^ _1956_/X (sky130_fd_sc_hd__clkbuf_16)
                                         _0023_ (net)
                  0.17    0.07    2.14 ^ _2328_/D (sky130_fd_sc_hd__dfxtp_4)
                                  2.14   data arrival time

                  0.00    0.00    0.00   clock core_clock (rise edge)
                          0.00    0.00   clock network delay (ideal)
                          0.00    0.00   clock reconvergence pessimism
                                  0.00 ^ _2328_/CLK (sky130_fd_sc_hd__dfxtp_4)
                         -0.06   -0.06   library hold time
                                 -0.06   data required time
-----------------------------------------------------------------------------
                                 -0.06   data required time
                                 -2.14   data arrival time
-----------------------------------------------------------------------------
                                  2.21   slack (MET)


Startpoint: _2367_ (rising edge-triggered flip-flop clocked by core_clock)
Endpoint: _2239_ (rising edge-triggered flip-flop clocked by core_clock)
Path Group: core_clock
Path Type: min

Fanout     Cap    Slew   Delay    Time   Description
-----------------------------------------------------------------------------
                  0.00    0.00    0.00   clock core_clock (rise edge)
                          0.00    0.00   clock network delay (ideal)
                  0.00    0.00    0.00 ^ _2367_/CLK (sky130_fd_sc_hd__dfxtp_4)
     2    0.10    0.28    0.48    0.48 ^ _2367_/Q (sky130_fd_sc_hd__dfxtp_4)
                                         rf.registers[1][5] (net)
                  0.28    0.00    0.48 ^ wire1232/A (sky130_fd_sc_hd__buf_12)
     2    0.19    0.16    0.22    0.70 ^ wire1232/X (sky130_fd_sc_hd__buf_12)
                                         net1232 (net)
                  0.38    0.17    0.87 ^ _1831_/A1 (sky130_fd_sc_hd__mux4_2)
     1    0.09    0.46    0.63    1.50 ^ _1831_/X (sky130_fd_sc_hd__mux4_2)
                                         _0363_ (net)
                  0.47    0.05    1.55 ^ wire1099/A (sky130_fd_sc_hd__buf_12)
     1    0.14    0.15    0.24    1.79 ^ wire1099/X (sky130_fd_sc_hd__buf_12)
                                         net1099 (net)
                  0.24    0.10    1.88 ^ _1832_/A (sky130_fd_sc_hd__clkbuf_4)
     1    0.04    0.13    0.26    2.15 ^ _1832_/X (sky130_fd_sc_hd__clkbuf_4)
                                         _0059_ (net)
                  0.13    0.01    2.16 ^ _2239_/D (sky130_fd_sc_hd__dfxtp_1)
                                  2.16   data arrival time

                  0.00    0.00    0.00   clock core_clock (rise edge)
                          0.00    0.00   clock network delay (ideal)
                          0.00    0.00   clock reconvergence pessimism
                                  0.00 ^ _2239_/CLK (sky130_fd_sc_hd__dfxtp_1)
                         -0.06   -0.06   library hold time
                                 -0.06   data required time
-----------------------------------------------------------------------------
                                 -0.06   data required time
                                 -2.16   data arrival time
-----------------------------------------------------------------------------
                                  2.21   slack (MET)


Startpoint: _2285_ (rising edge-triggered flip-flop clocked by core_clock)
Endpoint: _2285_ (rising edge-triggered flip-flop clocked by core_clock)
Path Group: core_clock
Path Type: min

Fanout     Cap    Slew   Delay    Time   Description
-----------------------------------------------------------------------------
                  0.00    0.00    0.00   clock core_clock (rise edge)
                          0.00    0.00   clock network delay (ideal)
                  0.00    0.00    0.00 ^ _2285_/CLK (sky130_fd_sc_hd__dfxtp_4)
     1    0.04    0.13    0.39    0.39 ^ _2285_/Q (sky130_fd_sc_hd__dfxtp_4)
                                         rf.registers[3][19] (net)
                  0.13    0.01    0.39 ^ wire1368/A (sky130_fd_sc_hd__buf_12)
     2    0.24    0.17    0.19    0.59 ^ wire1368/X (sky130_fd_sc_hd__buf_12)
                                         net1368 (net)
                  0.51    0.23    0.82 ^ load_slew1367/A (sky130_fd_sc_hd__buf_12)
     2    0.12    0.14    0.23    1.05 ^ load_slew1367/X (sky130_fd_sc_hd__buf_12)
                                         net1367 (net)
                  0.17    0.05    1.09 ^ _2000_/A0 (sky130_fd_sc_hd__mux2_8)
     1    0.21    0.29    0.36    1.45 ^ _2000_/X (sky130_fd_sc_hd__mux2_8)
                                         _0454_ (net)
                  0.53    0.22    1.67 ^ _2001_/A (sky130_fd_sc_hd__buf_12)
     1    0.19    0.18    0.27    1.93 ^ _2001_/X (sky130_fd_sc_hd__buf_12)
                                         _0083_ (net)
                  0.40    0.18    2.11 ^ _2285_/D (sky130_fd_sc_hd__dfxtp_4)
                                  2.11   data arrival time

                  0.00    0.00    0.00   clock core_clock (rise edge)
                          0.00    0.00   clock network delay (ideal)
                          0.00    0.00   clock reconvergence pessimism
                                  0.00 ^ _2285_/CLK (sky130_fd_sc_hd__dfxtp_4)
                         -0.11   -0.11   library hold time
                                 -0.11   data required time
-----------------------------------------------------------------------------
                                 -0.11   data required time
                                 -2.11   data arrival time
-----------------------------------------------------------------------------
                                  2.22   slack (MET)


Startpoint: _2331_ (rising edge-triggered flip-flop clocked by core_clock)
Endpoint: _2331_ (rising edge-triggered flip-flop clocked by core_clock)
Path Group: core_clock
Path Type: min

Fanout     Cap    Slew   Delay    Time   Description
-----------------------------------------------------------------------------
                  0.00    0.00    0.00   clock core_clock (rise edge)
                          0.00    0.00   clock network delay (ideal)
                  0.00    0.00    0.00 ^ _2331_/CLK (sky130_fd_sc_hd__dfxtp_1)
     1    0.01    0.10    0.33    0.33 ^ _2331_/Q (sky130_fd_sc_hd__dfxtp_1)
                                         rf.registers[0][1] (net)
                  0.10    0.00    0.33 ^ wire1278/A (sky130_fd_sc_hd__buf_12)
     2    0.23    0.19    0.18    0.51 ^ wire1278/X (sky130_fd_sc_hd__buf_12)
                                         net1278 (net)
                  0.34    0.13    0.64 ^ wire1277/A (sky130_fd_sc_hd__buf_12)
     2    0.18    0.16    0.23    0.86 ^ wire1277/X (sky130_fd_sc_hd__buf_12)
                                         net1277 (net)
                  0.34    0.15    1.01 ^ _2032_/A1 (sky130_fd_sc_hd__mux2_8)
     1    0.29    0.35    0.45    1.46 ^ _2032_/X (sky130_fd_sc_hd__mux2_8)
                                         _0472_ (net)
                  0.87    0.40    1.86 ^ _2033_/A (sky130_fd_sc_hd__buf_8)
     1    0.09    0.15    0.26    2.12 ^ _2033_/X (sky130_fd_sc_hd__buf_8)
                                         _0097_ (net)
                  0.18    0.05    2.17 ^ _2331_/D (sky130_fd_sc_hd__dfxtp_1)
                                  2.17   data arrival time

                  0.00    0.00    0.00   clock core_clock (rise edge)
                          0.00    0.00   clock network delay (ideal)
                          0.00    0.00   clock reconvergence pessimism
                                  0.00 ^ _2331_/CLK (sky130_fd_sc_hd__dfxtp_1)
                         -0.06   -0.06   library hold time
                                 -0.06   data required time
-----------------------------------------------------------------------------
                                 -0.06   data required time
                                 -2.17   data arrival time
-----------------------------------------------------------------------------
                                  2.23   slack (MET)


Startpoint: _2266_ (rising edge-triggered flip-flop clocked by core_clock)
Endpoint: _2266_ (rising edge-triggered flip-flop clocked by core_clock)
Path Group: core_clock
Path Type: min

Fanout     Cap    Slew   Delay    Time   Description
-----------------------------------------------------------------------------
                  0.00    0.00    0.00   clock core_clock (rise edge)
                          0.00    0.00   clock network delay (ideal)
                  0.00    0.00    0.00 ^ _2266_/CLK (sky130_fd_sc_hd__dfxtp_1)
     1    0.01    0.10    0.33    0.33 ^ _2266_/Q (sky130_fd_sc_hd__dfxtp_1)
                                         rf.registers[3][0] (net)
                  0.10    0.00    0.33 ^ wire1396/A (sky130_fd_sc_hd__buf_12)
     2    0.19    0.17    0.19    0.53 ^ wire1396/X (sky130_fd_sc_hd__buf_12)
                                         net1396 (net)
                  0.37    0.17    0.69 ^ wire1395/A (sky130_fd_sc_hd__buf_12)
     2    0.21    0.19    0.22    0.92 ^ wire1395/X (sky130_fd_sc_hd__buf_12)
                                         net1395 (net)
                  0.35    0.14    1.05 ^ _1961_/A0 (sky130_fd_sc_hd__mux2_8)
     1    0.26    0.33    0.44    1.49 ^ _1961_/X (sky130_fd_sc_hd__mux2_8)
                                         _0434_ (net)
                  0.72    0.32    1.81 ^ _1962_/A (sky130_fd_sc_hd__buf_4)
     1    0.06    0.18    0.34    2.14 ^ _1962_/X (sky130_fd_sc_hd__buf_4)
                                         _0064_ (net)
                  0.18    0.02    2.17 ^ _2266_/D (sky130_fd_sc_hd__dfxtp_1)
                                  2.17   data arrival time

                  0.00    0.00    0.00   clock core_clock (rise edge)
                          0.00    0.00   clock network delay (ideal)
                          0.00    0.00   clock reconvergence pessimism
                                  0.00 ^ _2266_/CLK (sky130_fd_sc_hd__dfxtp_1)
                         -0.07   -0.07   library hold time
                                 -0.07   data required time
-----------------------------------------------------------------------------
                                 -0.07   data required time
                                 -2.17   data arrival time
-----------------------------------------------------------------------------
                                  2.23   slack (MET)


Startpoint: _2380_ (rising edge-triggered flip-flop clocked by core_clock)
Endpoint: _2380_ (rising edge-triggered flip-flop clocked by core_clock)
Path Group: core_clock
Path Type: min

Fanout     Cap    Slew   Delay    Time   Description
-----------------------------------------------------------------------------
                  0.00    0.00    0.00   clock core_clock (rise edge)
                          0.00    0.00   clock network delay (ideal)
                  0.00    0.00    0.00 ^ _2380_/CLK (sky130_fd_sc_hd__dfxtp_4)
     2    0.13    0.35    0.54    0.54 ^ _2380_/Q (sky130_fd_sc_hd__dfxtp_4)
                                         rf.registers[1][18] (net)
                  0.35    0.01    0.54 ^ wire1215/A (sky130_fd_sc_hd__buf_12)
     2    0.24    0.21    0.23    0.77 ^ wire1215/X (sky130_fd_sc_hd__buf_12)
                                         net1215 (net)
                  0.50    0.22    0.99 ^ _2136_/A0 (sky130_fd_sc_hd__mux2_8)
     1    0.27    0.34    0.47    1.47 ^ _2136_/X (sky130_fd_sc_hd__mux2_8)
                                         _0527_ (net)
                  0.78    0.35    1.82 ^ _2137_/A (sky130_fd_sc_hd__clkbuf_8)
     1    0.07    0.14    0.35    2.17 ^ _2137_/X (sky130_fd_sc_hd__clkbuf_8)
                                         _0146_ (net)
                  0.15    0.03    2.19 ^ _2380_/D (sky130_fd_sc_hd__dfxtp_4)
                                  2.19   data arrival time

                  0.00    0.00    0.00   clock core_clock (rise edge)
                          0.00    0.00   clock network delay (ideal)
                          0.00    0.00   clock reconvergence pessimism
                                  0.00 ^ _2380_/CLK (sky130_fd_sc_hd__dfxtp_4)
                         -0.06   -0.06   library hold time
                                 -0.06   data required time
-----------------------------------------------------------------------------
                                 -0.06   data required time
                                 -2.19   data arrival time
-----------------------------------------------------------------------------
                                  2.25   slack (MET)


Startpoint: _2356_ (rising edge-triggered flip-flop clocked by core_clock)
Endpoint: _2356_ (rising edge-triggered flip-flop clocked by core_clock)
Path Group: core_clock
Path Type: min

Fanout     Cap    Slew   Delay    Time   Description
-----------------------------------------------------------------------------
                  0.00    0.00    0.00   clock core_clock (rise edge)
                          0.00    0.00   clock network delay (ideal)
                  0.00    0.00    0.00 ^ _2356_/CLK (sky130_fd_sc_hd__dfxtp_4)
     2    0.08    0.22    0.45    0.45 ^ _2356_/Q (sky130_fd_sc_hd__dfxtp_4)
                                         rf.registers[0][26] (net)
                  0.23    0.03    0.48 ^ _2084_/A1 (sky130_fd_sc_hd__mux2_8)
     1    0.28    0.35    0.41    0.89 ^ _2084_/X (sky130_fd_sc_hd__mux2_8)
                                         _0499_ (net)
                  0.83    0.37    1.27 ^ _2085_/A (sky130_fd_sc_hd__buf_12)
     1    0.33    0.25    0.33    1.60 ^ _2085_/X (sky130_fd_sc_hd__buf_12)
                                         _0122_ (net)
                  1.01    0.49    2.09 ^ _2356_/D (sky130_fd_sc_hd__dfxtp_4)
                                  2.09   data arrival time

                  0.00    0.00    0.00   clock core_clock (rise edge)
                          0.00    0.00   clock network delay (ideal)
                          0.00    0.00   clock reconvergence pessimism
                                  0.00 ^ _2356_/CLK (sky130_fd_sc_hd__dfxtp_4)
                         -0.16   -0.16   library hold time
                                 -0.16   data required time
-----------------------------------------------------------------------------
                                 -0.16   data required time
                                 -2.09   data arrival time
-----------------------------------------------------------------------------
                                  2.25   slack (MET)


Startpoint: _2330_ (rising edge-triggered flip-flop clocked by core_clock)
Endpoint: _2234_ (rising edge-triggered flip-flop clocked by core_clock)
Path Group: core_clock
Path Type: min

Fanout     Cap    Slew   Delay    Time   Description
-----------------------------------------------------------------------------
                  0.00    0.00    0.00   clock core_clock (rise edge)
                          0.00    0.00   clock network delay (ideal)
                  0.00    0.00    0.00 ^ _2330_/CLK (sky130_fd_sc_hd__dfxtp_4)
     3    0.13    0.38    0.54    0.54 ^ _2330_/Q (sky130_fd_sc_hd__dfxtp_4)
                                         rf.registers[0][0] (net)
                  0.40    0.07    0.61 ^ _1821_/A0 (sky130_fd_sc_hd__mux4_2)
     1    0.12    0.58    0.69    1.30 ^ _1821_/X (sky130_fd_sc_hd__mux4_2)
                                         _0358_ (net)
                  0.60    0.07    1.37 ^ wire1104/A (sky130_fd_sc_hd__buf_12)
     1    0.14    0.15    0.25    1.62 ^ wire1104/X (sky130_fd_sc_hd__buf_12)
                                         net1104 (net)
                  0.25    0.10    1.72 ^ _1822_/A (sky130_fd_sc_hd__buf_12)
     1    0.20    0.18    0.24    1.96 ^ _1822_/X (sky130_fd_sc_hd__buf_12)
                                         _0032_ (net)
                  0.42    0.19    2.14 ^ _2234_/D (sky130_fd_sc_hd__dfxtp_4)
                                  2.14   data arrival time

                  0.00    0.00    0.00   clock core_clock (rise edge)
                          0.00    0.00   clock network delay (ideal)
                          0.00    0.00   clock reconvergence pessimism
                                  0.00 ^ _2234_/CLK (sky130_fd_sc_hd__dfxtp_4)
                         -0.12   -0.12   library hold time
                                 -0.12   data required time
-----------------------------------------------------------------------------
                                 -0.12   data required time
                                 -2.14   data arrival time
-----------------------------------------------------------------------------
                                  2.26   slack (MET)


Startpoint: _2354_ (rising edge-triggered flip-flop clocked by core_clock)
Endpoint: _2354_ (rising edge-triggered flip-flop clocked by core_clock)
Path Group: core_clock
Path Type: min

Fanout     Cap    Slew   Delay    Time   Description
-----------------------------------------------------------------------------
                  0.00    0.00    0.00   clock core_clock (rise edge)
                          0.00    0.00   clock network delay (ideal)
                  0.00    0.00    0.00 ^ _2354_/CLK (sky130_fd_sc_hd__dfxtp_4)
     2    0.11    0.32    0.51    0.51 ^ _2354_/Q (sky130_fd_sc_hd__dfxtp_4)
                                         rf.registers[0][24] (net)
                  0.32    0.00    0.51 ^ load_slew1249/A (sky130_fd_sc_hd__buf_12)
     2    0.14    0.15    0.22    0.73 ^ load_slew1249/X (sky130_fd_sc_hd__buf_12)
                                         net1249 (net)
                  0.22    0.08    0.82 ^ _2080_/A1 (sky130_fd_sc_hd__mux2_8)
     1    0.22    0.30    0.38    1.19 ^ _2080_/X (sky130_fd_sc_hd__mux2_8)
                                         _0497_ (net)
                  0.56    0.24    1.43 ^ _2081_/A (sky130_fd_sc_hd__buf_12)
     1    0.29    0.23    0.31    1.74 ^ _2081_/X (sky130_fd_sc_hd__buf_12)
                                         _0120_ (net)
                  0.80    0.39    2.12 ^ _2354_/D (sky130_fd_sc_hd__dfxtp_4)
                                  2.12   data arrival time

                  0.00    0.00    0.00   clock core_clock (rise edge)
                          0.00    0.00   clock network delay (ideal)
                          0.00    0.00   clock reconvergence pessimism
                                  0.00 ^ _2354_/CLK (sky130_fd_sc_hd__dfxtp_4)
                         -0.15   -0.15   library hold time
                                 -0.15   data required time
-----------------------------------------------------------------------------
                                 -0.15   data required time
                                 -2.12   data arrival time
-----------------------------------------------------------------------------
                                  2.27   slack (MET)


Startpoint: _2276_ (rising edge-triggered flip-flop clocked by core_clock)
Endpoint: _2276_ (rising edge-triggered flip-flop clocked by core_clock)
Path Group: core_clock
Path Type: min

Fanout     Cap    Slew   Delay    Time   Description
-----------------------------------------------------------------------------
                  0.00    0.00    0.00   clock core_clock (rise edge)
                          0.00    0.00   clock network delay (ideal)
                  0.00    0.00    0.00 ^ _2276_/CLK (sky130_fd_sc_hd__dfxtp_4)
     2    0.07    0.19    0.43    0.43 ^ _2276_/Q (sky130_fd_sc_hd__dfxtp_4)
                                         rf.registers[3][10] (net)
                  0.20    0.02    0.45 ^ wire1382/A (sky130_fd_sc_hd__buf_12)
     2    0.22    0.21    0.20    0.66 ^ wire1382/X (sky130_fd_sc_hd__buf_12)
                                         net1382 (net)
                  0.45    0.20    0.86 ^ _1982_/A0 (sky130_fd_sc_hd__mux2_8)
     1    0.26    0.34    0.46    1.31 ^ _1982_/X (sky130_fd_sc_hd__mux2_8)
                                         _0445_ (net)
                  0.75    0.33    1.64 ^ _1983_/A (sky130_fd_sc_hd__buf_12)
     1    0.21    0.19    0.29    1.93 ^ _1983_/X (sky130_fd_sc_hd__buf_12)
                                         _0074_ (net)
                  0.47    0.22    2.15 ^ _2276_/D (sky130_fd_sc_hd__dfxtp_4)
                                  2.15   data arrival time

                  0.00    0.00    0.00   clock core_clock (rise edge)
                          0.00    0.00   clock network delay (ideal)
                          0.00    0.00   clock reconvergence pessimism
                                  0.00 ^ _2276_/CLK (sky130_fd_sc_hd__dfxtp_4)
                         -0.13   -0.13   library hold time
                                 -0.13   data required time
-----------------------------------------------------------------------------
                                 -0.13   data required time
                                 -2.15   data arrival time
-----------------------------------------------------------------------------
                                  2.28   slack (MET)


Startpoint: _2293_ (rising edge-triggered flip-flop clocked by core_clock)
Endpoint: _2325_ (rising edge-triggered flip-flop clocked by core_clock)
Path Group: core_clock
Path Type: min

Fanout     Cap    Slew   Delay    Time   Description
-----------------------------------------------------------------------------
                  0.00    0.00    0.00   clock core_clock (rise edge)
                          0.00    0.00   clock network delay (ideal)
                  0.00    0.00    0.00 ^ _2293_/CLK (sky130_fd_sc_hd__dfxtp_1)
     1    0.01    0.11    0.33    0.33 ^ _2293_/Q (sky130_fd_sc_hd__dfxtp_1)
                                         rf.registers[3][27] (net)
                  0.11    0.00    0.33 ^ wire1359/A (sky130_fd_sc_hd__buf_12)
     2    0.18    0.16    0.18    0.51 ^ wire1359/X (sky130_fd_sc_hd__buf_12)
                                         net1359 (net)
                  0.35    0.15    0.66 ^ _1949_/A3 (sky130_fd_sc_hd__mux4_2)
     1    0.14    0.70    0.76    1.42 ^ _1949_/X (sky130_fd_sc_hd__mux4_2)
                                         _0427_ (net)
                  0.73    0.11    1.53 ^ _1950_/A (sky130_fd_sc_hd__buf_12)
     1    0.26    0.21    0.31    1.83 ^ _1950_/X (sky130_fd_sc_hd__buf_12)
                                         _0019_ (net)
                  0.67    0.32    2.15 ^ _2325_/D (sky130_fd_sc_hd__dfxtp_1)
                                  2.15   data arrival time

                  0.00    0.00    0.00   clock core_clock (rise edge)
                          0.00    0.00   clock network delay (ideal)
                          0.00    0.00   clock reconvergence pessimism
                                  0.00 ^ _2325_/CLK (sky130_fd_sc_hd__dfxtp_1)
                         -0.14   -0.14   library hold time
                                 -0.14   data required time
-----------------------------------------------------------------------------
                                 -0.14   data required time
                                 -2.15   data arrival time
-----------------------------------------------------------------------------
                                  2.30   slack (MET)


Startpoint: _2375_ (rising edge-triggered flip-flop clocked by core_clock)
Endpoint: _2311_ (rising edge-triggered flip-flop clocked by core_clock)
Path Group: core_clock
Path Type: min

Fanout     Cap    Slew   Delay    Time   Description
-----------------------------------------------------------------------------
                  0.00    0.00    0.00   clock core_clock (rise edge)
                          0.00    0.00   clock network delay (ideal)
                  0.00    0.00    0.00 ^ _2375_/CLK (sky130_fd_sc_hd__dfxtp_1)
     1    0.01    0.10    0.33    0.33 ^ _2375_/Q (sky130_fd_sc_hd__dfxtp_1)
                                         rf.registers[1][13] (net)
                  0.10    0.00    0.33 ^ wire1222/A (sky130_fd_sc_hd__buf_12)
     2    0.18    0.18    0.17    0.50 ^ wire1222/X (sky130_fd_sc_hd__buf_12)
                                         net1222 (net)
                  0.34    0.15    0.65 ^ _1919_/A1 (sky130_fd_sc_hd__mux4_2)
     1    0.09    0.46    0.61    1.26 ^ _1919_/X (sky130_fd_sc_hd__mux4_2)
                                         _0411_ (net)
                  0.46    0.04    1.31 ^ wire1069/A (sky130_fd_sc_hd__buf_12)
     1    0.14    0.14    0.24    1.55 ^ wire1069/X (sky130_fd_sc_hd__buf_12)
                                         net1069 (net)
                  0.24    0.10    1.64 ^ _1920_/A (sky130_fd_sc_hd__buf_12)
     1    0.24    0.20    0.25    1.89 ^ _1920_/X (sky130_fd_sc_hd__buf_12)
                                         _0004_ (net)
                  0.57    0.27    2.16 ^ _2311_/D (sky130_fd_sc_hd__dfxtp_4)
                                  2.16   data arrival time

                  0.00    0.00    0.00   clock core_clock (rise edge)
                          0.00    0.00   clock network delay (ideal)
                          0.00    0.00   clock reconvergence pessimism
                                  0.00 ^ _2311_/CLK (sky130_fd_sc_hd__dfxtp_4)
                         -0.14   -0.14   library hold time
                                 -0.14   data required time
-----------------------------------------------------------------------------
                                 -0.14   data required time
                                 -2.16   data arrival time
-----------------------------------------------------------------------------
                                  2.30   slack (MET)


Startpoint: _2388_ (rising edge-triggered flip-flop clocked by core_clock)
Endpoint: _2324_ (rising edge-triggered flip-flop clocked by core_clock)
Path Group: core_clock
Path Type: min

Fanout     Cap    Slew   Delay    Time   Description
-----------------------------------------------------------------------------
                  0.00    0.00    0.00   clock core_clock (rise edge)
                          0.00    0.00   clock network delay (ideal)
                  0.00    0.00    0.00 ^ _2388_/CLK (sky130_fd_sc_hd__dfxtp_1)
     1    0.01    0.10    0.33    0.33 ^ _2388_/Q (sky130_fd_sc_hd__dfxtp_1)
                                         rf.registers[1][26] (net)
                  0.10    0.00    0.33 ^ wire1206/A (sky130_fd_sc_hd__buf_12)
     2    0.18    0.18    0.18    0.51 ^ wire1206/X (sky130_fd_sc_hd__buf_12)
                                         net1206 (net)
                  0.34    0.15    0.66 ^ _1947_/A1 (sky130_fd_sc_hd__mux4_2)
     1    0.09    0.48    0.63    1.29 ^ _1947_/X (sky130_fd_sc_hd__mux4_2)
                                         _0426_ (net)
                  0.48    0.05    1.33 ^ wire1058/A (sky130_fd_sc_hd__buf_12)
     1    0.14    0.14    0.24    1.57 ^ wire1058/X (sky130_fd_sc_hd__buf_12)
                                         net1058 (net)
                  0.24    0.10    1.67 ^ _1948_/A (sky130_fd_sc_hd__buf_12)
     1    0.23    0.19    0.25    1.92 ^ _1948_/X (sky130_fd_sc_hd__buf_12)
                                         _0018_ (net)
                  0.53    0.25    2.17 ^ _2324_/D (sky130_fd_sc_hd__dfxtp_4)
                                  2.17   data arrival time

                  0.00    0.00    0.00   clock core_clock (rise edge)
                          0.00    0.00   clock network delay (ideal)
                          0.00    0.00   clock reconvergence pessimism
                                  0.00 ^ _2324_/CLK (sky130_fd_sc_hd__dfxtp_4)
                         -0.13   -0.13   library hold time
                                 -0.13   data required time
-----------------------------------------------------------------------------
                                 -0.13   data required time
                                 -2.17   data arrival time
-----------------------------------------------------------------------------
                                  2.30   slack (MET)


Startpoint: _2383_ (rising edge-triggered flip-flop clocked by core_clock)
Endpoint: _2383_ (rising edge-triggered flip-flop clocked by core_clock)
Path Group: core_clock
Path Type: min

Fanout     Cap    Slew   Delay    Time   Description
-----------------------------------------------------------------------------
                  0.00    0.00    0.00   clock core_clock (rise edge)
                          0.00    0.00   clock network delay (ideal)
                  0.00    0.00    0.00 ^ _2383_/CLK (sky130_fd_sc_hd__dfxtp_1)
     1    0.01    0.10    0.33    0.33 ^ _2383_/Q (sky130_fd_sc_hd__dfxtp_1)
                                         rf.registers[1][21] (net)
                  0.10    0.00    0.33 ^ wire1212/A (sky130_fd_sc_hd__buf_12)
     2    0.20    0.22    0.19    0.53 ^ wire1212/X (sky130_fd_sc_hd__buf_12)
                                         net1212 (net)
                  0.31    0.11    0.64 ^ wire1211/A (sky130_fd_sc_hd__buf_12)
     2    0.24    0.18    0.22    0.86 ^ wire1211/X (sky130_fd_sc_hd__buf_12)
                                         net1211 (net)
                  0.59    0.28    1.14 ^ _2143_/A0 (sky130_fd_sc_hd__mux2_8)
     1    0.08    0.15    0.37    1.51 ^ _2143_/X (sky130_fd_sc_hd__mux2_8)
                                         _0531_ (net)
                  0.16    0.04    1.55 ^ _2144_/A (sky130_fd_sc_hd__buf_12)
     1    0.28    0.22    0.25    1.80 ^ _2144_/X (sky130_fd_sc_hd__buf_12)
                                         _0149_ (net)
                  0.75    0.36    2.16 ^ _2383_/D (sky130_fd_sc_hd__dfxtp_1)
                                  2.16   data arrival time

                  0.00    0.00    0.00   clock core_clock (rise edge)
                          0.00    0.00   clock network delay (ideal)
                          0.00    0.00   clock reconvergence pessimism
                                  0.00 ^ _2383_/CLK (sky130_fd_sc_hd__dfxtp_1)
                         -0.15   -0.15   library hold time
                                 -0.15   data required time
-----------------------------------------------------------------------------
                                 -0.15   data required time
                                 -2.16   data arrival time
-----------------------------------------------------------------------------
                                  2.30   slack (MET)


Startpoint: _2267_ (rising edge-triggered flip-flop clocked by core_clock)
Endpoint: _2299_ (rising edge-triggered flip-flop clocked by core_clock)
Path Group: core_clock
Path Type: min

Fanout     Cap    Slew   Delay    Time   Description
-----------------------------------------------------------------------------
                  0.00    0.00    0.00   clock core_clock (rise edge)
                          0.00    0.00   clock network delay (ideal)
                  0.00    0.00    0.00 ^ _2267_/CLK (sky130_fd_sc_hd__dfxtp_4)
     2    0.15    0.40    0.55    0.55 ^ _2267_/Q (sky130_fd_sc_hd__dfxtp_4)
                                         rf.registers[3][1] (net)
                  0.44    0.10    0.65 ^ _1893_/A3 (sky130_fd_sc_hd__mux4_2)
     1    0.14    0.72    0.79    1.44 ^ _1893_/X (sky130_fd_sc_hd__mux4_2)
                                         _0397_ (net)
                  0.75    0.11    1.56 ^ wire1078/A (sky130_fd_sc_hd__buf_12)
     1    0.14    0.15    0.26    1.81 ^ wire1078/X (sky130_fd_sc_hd__buf_12)
                                         net1078 (net)
                  0.25    0.10    1.91 ^ _1894_/A (sky130_fd_sc_hd__buf_12)
     1    0.14    0.14    0.21    2.13 ^ _1894_/X (sky130_fd_sc_hd__buf_12)
                                         _0011_ (net)
                  0.25    0.10    2.23 ^ _2299_/D (sky130_fd_sc_hd__dfxtp_1)
                                  2.23   data arrival time

                  0.00    0.00    0.00   clock core_clock (rise edge)
                          0.00    0.00   clock network delay (ideal)
                          0.00    0.00   clock reconvergence pessimism
                                  0.00 ^ _2299_/CLK (sky130_fd_sc_hd__dfxtp_1)
                         -0.08   -0.08   library hold time
                                 -0.08   data required time
-----------------------------------------------------------------------------
                                 -0.08   data required time
                                 -2.23   data arrival time
-----------------------------------------------------------------------------
                                  2.31   slack (MET)


Startpoint: _2366_ (rising edge-triggered flip-flop clocked by core_clock)
Endpoint: _2366_ (rising edge-triggered flip-flop clocked by core_clock)
Path Group: core_clock
Path Type: min

Fanout     Cap    Slew   Delay    Time   Description
-----------------------------------------------------------------------------
                  0.00    0.00    0.00   clock core_clock (rise edge)
                          0.00    0.00   clock network delay (ideal)
                  0.00    0.00    0.00 ^ _2366_/CLK (sky130_fd_sc_hd__dfxtp_4)
     2    0.07    0.20    0.44    0.44 ^ _2366_/Q (sky130_fd_sc_hd__dfxtp_4)
                                         rf.registers[1][4] (net)
                  0.20    0.02    0.46 ^ wire1233/A (sky130_fd_sc_hd__buf_12)
     2    0.24    0.18    0.21    0.66 ^ wire1233/X (sky130_fd_sc_hd__buf_12)
                                         net1233 (net)
                  0.60    0.28    0.95 ^ _2107_/A0 (sky130_fd_sc_hd__mux2_8)
     1    0.12    0.20    0.40    1.35 ^ _2107_/X (sky130_fd_sc_hd__mux2_8)
                                         _0512_ (net)
                  0.25    0.08    1.43 ^ wire874/A (sky130_fd_sc_hd__buf_12)
     1    0.23    0.19    0.25    1.68 ^ wire874/X (sky130_fd_sc_hd__buf_12)
                                         net874 (net)
                  0.54    0.25    1.93 ^ _2108_/A (sky130_fd_sc_hd__buf_4)
     1    0.06    0.17    0.31    2.24 ^ _2108_/X (sky130_fd_sc_hd__buf_4)
                                         _0132_ (net)
                  0.17    0.02    2.26 ^ _2366_/D (sky130_fd_sc_hd__dfxtp_4)
                                  2.26   data arrival time

                  0.00    0.00    0.00   clock core_clock (rise edge)
                          0.00    0.00   clock network delay (ideal)
                          0.00    0.00   clock reconvergence pessimism
                                  0.00 ^ _2366_/CLK (sky130_fd_sc_hd__dfxtp_4)
                         -0.06   -0.06   library hold time
                                 -0.06   data required time
-----------------------------------------------------------------------------
                                 -0.06   data required time
                                 -2.26   data arrival time
-----------------------------------------------------------------------------
                                  2.32   slack (MET)


Startpoint: _2273_ (rising edge-triggered flip-flop clocked by core_clock)
Endpoint: _2273_ (rising edge-triggered flip-flop clocked by core_clock)
Path Group: core_clock
Path Type: min

Fanout     Cap    Slew   Delay    Time   Description
-----------------------------------------------------------------------------
                  0.00    0.00    0.00   clock core_clock (rise edge)
                          0.00    0.00   clock network delay (ideal)
                  0.00    0.00    0.00 ^ _2273_/CLK (sky130_fd_sc_hd__dfxtp_1)
     1    0.01    0.10    0.33    0.33 ^ _2273_/Q (sky130_fd_sc_hd__dfxtp_1)
                                         rf.registers[3][7] (net)
                  0.10    0.00    0.33 ^ wire1386/A (sky130_fd_sc_hd__buf_12)
     2    0.20    0.19    0.18    0.51 ^ wire1386/X (sky130_fd_sc_hd__buf_12)
                                         net1386 (net)
                  0.41    0.18    0.69 ^ _1975_/A0 (sky130_fd_sc_hd__mux2_8)
     1    0.26    0.33    0.45    1.14 ^ _1975_/X (sky130_fd_sc_hd__mux2_8)
                                         _0441_ (net)
                  0.73    0.32    1.46 ^ _1976_/A (sky130_fd_sc_hd__buf_12)
     1    0.30    0.23    0.32    1.78 ^ _1976_/X (sky130_fd_sc_hd__buf_12)
                                         _0071_ (net)
                  0.85    0.41    2.19 ^ _2273_/D (sky130_fd_sc_hd__dfxtp_1)
                                  2.19   data arrival time

                  0.00    0.00    0.00   clock core_clock (rise edge)
                          0.00    0.00   clock network delay (ideal)
                          0.00    0.00   clock reconvergence pessimism
                                  0.00 ^ _2273_/CLK (sky130_fd_sc_hd__dfxtp_1)
                         -0.15   -0.15   library hold time
                                 -0.15   data required time
-----------------------------------------------------------------------------
                                 -0.15   data required time
                                 -2.19   data arrival time
-----------------------------------------------------------------------------
                                  2.34   slack (MET)


Startpoint: _2361_ (rising edge-triggered flip-flop clocked by core_clock)
Endpoint: _2361_ (rising edge-triggered flip-flop clocked by core_clock)
Path Group: core_clock
Path Type: min

Fanout     Cap    Slew   Delay    Time   Description
-----------------------------------------------------------------------------
                  0.00    0.00    0.00   clock core_clock (rise edge)
                          0.00    0.00   clock network delay (ideal)
                  0.00    0.00    0.00 ^ _2361_/CLK (sky130_fd_sc_hd__dfxtp_1)
     1    0.01    0.10    0.33    0.33 ^ _2361_/Q (sky130_fd_sc_hd__dfxtp_1)
                                         rf.registers[0][31] (net)
                  0.10    0.00    0.33 ^ wire1243/A (sky130_fd_sc_hd__buf_12)
     3    0.19    0.17    0.17    0.50 ^ wire1243/X (sky130_fd_sc_hd__buf_12)
                                         net1243 (net)
                  0.39    0.17    0.67 ^ _2094_/A1 (sky130_fd_sc_hd__mux2_8)
     1    0.25    0.33    0.44    1.11 ^ _2094_/X (sky130_fd_sc_hd__mux2_8)
                                         _0504_ (net)
                  0.69    0.30    1.41 ^ _2095_/A (sky130_fd_sc_hd__buf_12)
     1    0.19    0.18    0.28    1.69 ^ _2095_/X (sky130_fd_sc_hd__buf_12)
                                         _0127_ (net)
                  0.41    0.18    1.87 ^ wire876/A (sky130_fd_sc_hd__buf_12)
     1    0.17    0.16    0.24    2.11 ^ wire876/X (sky130_fd_sc_hd__buf_12)
                                         net876 (net)
                  0.32    0.14    2.25 ^ _2361_/D (sky130_fd_sc_hd__dfxtp_1)
                                  2.25   data arrival time

                  0.00    0.00    0.00   clock core_clock (rise edge)
                          0.00    0.00   clock network delay (ideal)
                          0.00    0.00   clock reconvergence pessimism
                                  0.00 ^ _2361_/CLK (sky130_fd_sc_hd__dfxtp_1)
                         -0.10   -0.10   library hold time
                                 -0.10   data required time
-----------------------------------------------------------------------------
                                 -0.10   data required time
                                 -2.25   data arrival time
-----------------------------------------------------------------------------
                                  2.35   slack (MET)


Startpoint: _2277_ (rising edge-triggered flip-flop clocked by core_clock)
Endpoint: _2277_ (rising edge-triggered flip-flop clocked by core_clock)
Path Group: core_clock
Path Type: min

Fanout     Cap    Slew   Delay    Time   Description
-----------------------------------------------------------------------------
                  0.00    0.00    0.00   clock core_clock (rise edge)
                          0.00    0.00   clock network delay (ideal)
                  0.00    0.00    0.00 ^ _2277_/CLK (sky130_fd_sc_hd__dfxtp_4)
     2    0.17    0.49    0.63    0.63 ^ _2277_/Q (sky130_fd_sc_hd__dfxtp_4)
                                         rf.registers[3][11] (net)
                  0.50    0.07    0.69 ^ wire1381/A (sky130_fd_sc_hd__buf_12)
     2    0.24    0.20    0.24    0.94 ^ wire1381/X (sky130_fd_sc_hd__buf_12)
                                         net1381 (net)
                  0.45    0.19    1.13 ^ _1984_/A0 (sky130_fd_sc_hd__mux2_8)
     1    0.27    0.34    0.46    1.59 ^ _1984_/X (sky130_fd_sc_hd__mux2_8)
                                         _0446_ (net)
                  0.80    0.36    1.95 ^ _1985_/A (sky130_fd_sc_hd__buf_12)
     1    0.12    0.14    0.25    2.20 ^ _1985_/X (sky130_fd_sc_hd__buf_12)
                                         _0075_ (net)
                  0.20    0.08    2.28 ^ _2277_/D (sky130_fd_sc_hd__dfxtp_4)
                                  2.28   data arrival time

                  0.00    0.00    0.00   clock core_clock (rise edge)
                          0.00    0.00   clock network delay (ideal)
                          0.00    0.00   clock reconvergence pessimism
                                  0.00 ^ _2277_/CLK (sky130_fd_sc_hd__dfxtp_4)
                         -0.07   -0.07   library hold time
                                 -0.07   data required time
-----------------------------------------------------------------------------
                                 -0.07   data required time
                                 -2.28   data arrival time
-----------------------------------------------------------------------------
                                  2.35   slack (MET)


Startpoint: _2411_ (rising edge-triggered flip-flop clocked by core_clock)
Endpoint: _2251_ (rising edge-triggered flip-flop clocked by core_clock)
Path Group: core_clock
Path Type: min

Fanout     Cap    Slew   Delay    Time   Description
-----------------------------------------------------------------------------
                  0.00    0.00    0.00   clock core_clock (rise edge)
                          0.00    0.00   clock network delay (ideal)
                  0.00    0.00    0.00 ^ _2411_/CLK (sky130_fd_sc_hd__dfxtp_4)
     3    0.06    0.18    0.43    0.43 ^ _2411_/Q (sky130_fd_sc_hd__dfxtp_4)
                                         rf.registers[2][17] (net)
                  0.19    0.01    0.44 ^ _1857_/A2 (sky130_fd_sc_hd__mux4_2)
     1    0.09    0.48    0.58    1.02 ^ _1857_/X (sky130_fd_sc_hd__mux4_2)
                                         _0377_ (net)
                  0.49    0.05    1.07 ^ wire1091/A (sky130_fd_sc_hd__buf_12)
     1    0.14    0.14    0.24    1.31 ^ wire1091/X (sky130_fd_sc_hd__buf_12)
                                         net1091 (net)
                  0.24    0.10    1.41 ^ wire1090/A (sky130_fd_sc_hd__clkbuf_16)
     1    0.14    0.13    0.25    1.66 ^ wire1090/X (sky130_fd_sc_hd__clkbuf_16)
                                         net1090 (net)
                  0.23    0.10    1.75 ^ _1858_/A (sky130_fd_sc_hd__buf_12)
     1    0.22    0.19    0.24    2.00 ^ _1858_/X (sky130_fd_sc_hd__buf_12)
                                         _0040_ (net)
                  0.51    0.24    2.23 ^ _2251_/D (sky130_fd_sc_hd__dfxtp_4)
                                  2.23   data arrival time

                  0.00    0.00    0.00   clock core_clock (rise edge)
                          0.00    0.00   clock network delay (ideal)
                          0.00    0.00   clock reconvergence pessimism
                                  0.00 ^ _2251_/CLK (sky130_fd_sc_hd__dfxtp_4)
                         -0.13   -0.13   library hold time
                                 -0.13   data required time
-----------------------------------------------------------------------------
                                 -0.13   data required time
                                 -2.23   data arrival time
-----------------------------------------------------------------------------
                                  2.37   slack (MET)


Startpoint: _2278_ (rising edge-triggered flip-flop clocked by core_clock)
Endpoint: _2246_ (rising edge-triggered flip-flop clocked by core_clock)
Path Group: core_clock
Path Type: min

Fanout     Cap    Slew   Delay    Time   Description
-----------------------------------------------------------------------------
                  0.00    0.00    0.00   clock core_clock (rise edge)
                          0.00    0.00   clock network delay (ideal)
                  0.00    0.00    0.00 ^ _2278_/CLK (sky130_fd_sc_hd__dfxtp_4)
     2    0.10    0.27    0.48    0.48 ^ _2278_/Q (sky130_fd_sc_hd__dfxtp_4)
                                         rf.registers[3][12] (net)
                  0.29    0.04    0.52 ^ _1847_/A3 (sky130_fd_sc_hd__mux4_2)
     1    0.14    0.70    0.74    1.27 ^ _1847_/X (sky130_fd_sc_hd__mux4_2)
                                         _0372_ (net)
                  0.73    0.11    1.38 ^ wire1094/A (sky130_fd_sc_hd__buf_12)
     1    0.14    0.15    0.26    1.64 ^ wire1094/X (sky130_fd_sc_hd__buf_12)
                                         net1094 (net)
                  0.25    0.10    1.73 ^ _1848_/A (sky130_fd_sc_hd__buf_12)
     1    0.23    0.19    0.25    1.98 ^ _1848_/X (sky130_fd_sc_hd__buf_12)
                                         _0035_ (net)
                  0.54    0.25    2.24 ^ _2246_/D (sky130_fd_sc_hd__dfxtp_1)
                                  2.24   data arrival time

                  0.00    0.00    0.00   clock core_clock (rise edge)
                          0.00    0.00   clock network delay (ideal)
                          0.00    0.00   clock reconvergence pessimism
                                  0.00 ^ _2246_/CLK (sky130_fd_sc_hd__dfxtp_1)
                         -0.14   -0.14   library hold time
                                 -0.14   data required time
-----------------------------------------------------------------------------
                                 -0.14   data required time
                                 -2.24   data arrival time
-----------------------------------------------------------------------------
                                  2.37   slack (MET)


Startpoint: _2338_ (rising edge-triggered flip-flop clocked by core_clock)
Endpoint: _2306_ (rising edge-triggered flip-flop clocked by core_clock)
Path Group: core_clock
Path Type: min

Fanout     Cap    Slew   Delay    Time   Description
-----------------------------------------------------------------------------
                  0.00    0.00    0.00   clock core_clock (rise edge)
                          0.00    0.00   clock network delay (ideal)
                  0.00    0.00    0.00 ^ _2338_/CLK (sky130_fd_sc_hd__dfxtp_1)
     2    0.02    0.19    0.39    0.39 ^ _2338_/Q (sky130_fd_sc_hd__dfxtp_1)
                                         rf.registers[0][8] (net)
                  0.19    0.00    0.39 ^ max_cap1271/A (sky130_fd_sc_hd__buf_12)
     2    0.16    0.17    0.20    0.59 ^ max_cap1271/X (sky130_fd_sc_hd__buf_12)
                                         net1271 (net)
                  0.22    0.06    0.65 ^ _1907_/A0 (sky130_fd_sc_hd__mux4_2)
     1    0.04    0.23    0.42    1.08 ^ _1907_/X (sky130_fd_sc_hd__mux4_2)
                                         _0404_ (net)
                  0.23    0.01    1.08 ^ wire1072/A (sky130_fd_sc_hd__buf_12)
     1    0.14    0.14    0.21    1.29 ^ wire1072/X (sky130_fd_sc_hd__buf_12)
                                         net1072 (net)
                  0.24    0.10    1.39 ^ wire1071/A (sky130_fd_sc_hd__buf_12)
     1    0.14    0.14    0.21    1.60 ^ wire1071/X (sky130_fd_sc_hd__buf_12)
                                         net1071 (net)
                  0.24    0.10    1.70 ^ _1908_/A (sky130_fd_sc_hd__buf_12)
     1    0.25    0.20    0.25    1.96 ^ _1908_/X (sky130_fd_sc_hd__buf_12)
                                         _0030_ (net)
                  0.61    0.29    2.25 ^ _2306_/D (sky130_fd_sc_hd__dfxtp_4)
                                  2.25   data arrival time

                  0.00    0.00    0.00   clock core_clock (rise edge)
                          0.00    0.00   clock network delay (ideal)
                          0.00    0.00   clock reconvergence pessimism
                                  0.00 ^ _2306_/CLK (sky130_fd_sc_hd__dfxtp_4)
                         -0.14   -0.14   library hold time
                                 -0.14   data required time
-----------------------------------------------------------------------------
                                 -0.14   data required time
                                 -2.25   data arrival time
-----------------------------------------------------------------------------
                                  2.39   slack (MET)


Startpoint: _2379_ (rising edge-triggered flip-flop clocked by core_clock)
Endpoint: _2379_ (rising edge-triggered flip-flop clocked by core_clock)
Path Group: core_clock
Path Type: min

Fanout     Cap    Slew   Delay    Time   Description
-----------------------------------------------------------------------------
                  0.00    0.00    0.00   clock core_clock (rise edge)
                          0.00    0.00   clock network delay (ideal)
                  0.00    0.00    0.00 ^ _2379_/CLK (sky130_fd_sc_hd__dfxtp_4)
     2    0.17    0.20    0.42    0.42 v _2379_/Q (sky130_fd_sc_hd__dfxtp_4)
                                         rf.registers[1][17] (net)
                  0.26    0.08    0.50 v load_slew1217/A (sky130_fd_sc_hd__clkbuf_16)
     2    0.13    0.08    0.28    0.78 v load_slew1217/X (sky130_fd_sc_hd__clkbuf_16)
                                         net1217 (net)
                  0.11    0.03    0.81 v wire1216/A (sky130_fd_sc_hd__buf_12)
     1    0.20    0.07    0.19    1.00 v wire1216/X (sky130_fd_sc_hd__buf_12)
                                         net1216 (net)
                  0.36    0.18    1.18 v _2134_/A0 (sky130_fd_sc_hd__mux2_8)
     1    0.11    0.12    0.51    1.69 v _2134_/X (sky130_fd_sc_hd__mux2_8)
                                         _0526_ (net)
                  0.16    0.06    1.75 v _2135_/A (sky130_fd_sc_hd__buf_12)
     1    0.22    0.08    0.23    1.97 v _2135_/X (sky130_fd_sc_hd__buf_12)
                                         _0145_ (net)
                  0.42    0.21    2.18 v _2379_/D (sky130_fd_sc_hd__dfxtp_4)
                                  2.18   data arrival time

                  0.00    0.00    0.00   clock core_clock (rise edge)
                          0.00    0.00   clock network delay (ideal)
                          0.00    0.00   clock reconvergence pessimism
                                  0.00 ^ _2379_/CLK (sky130_fd_sc_hd__dfxtp_4)
                         -0.21   -0.21   library hold time
                                 -0.21   data required time
-----------------------------------------------------------------------------
                                 -0.21   data required time
                                 -2.18   data arrival time
-----------------------------------------------------------------------------
                                  2.39   slack (MET)


Startpoint: _2339_ (rising edge-triggered flip-flop clocked by core_clock)
Endpoint: _2339_ (rising edge-triggered flip-flop clocked by core_clock)
Path Group: core_clock
Path Type: min

Fanout     Cap    Slew   Delay    Time   Description
-----------------------------------------------------------------------------
                  0.00    0.00    0.00   clock core_clock (rise edge)
                          0.00    0.00   clock network delay (ideal)
                  0.00    0.00    0.00 ^ _2339_/CLK (sky130_fd_sc_hd__dfxtp_4)
     2    0.14    0.39    0.54    0.54 ^ _2339_/Q (sky130_fd_sc_hd__dfxtp_4)
                                         rf.registers[0][9] (net)
                  0.44    0.11    0.64 ^ wire1269/A (sky130_fd_sc_hd__buf_12)
     2    0.18    0.19    0.23    0.87 ^ wire1269/X (sky130_fd_sc_hd__buf_12)
                                         net1269 (net)
                  0.32    0.13    1.01 ^ _2048_/A1 (sky130_fd_sc_hd__mux2_8)
     1    0.14    0.23    0.36    1.37 ^ _2048_/X (sky130_fd_sc_hd__mux2_8)
                                         _0480_ (net)
                  0.31    0.10    1.47 ^ _2049_/A (sky130_fd_sc_hd__buf_12)
     1    0.32    0.24    0.29    1.76 ^ _2049_/X (sky130_fd_sc_hd__buf_12)
                                         _0105_ (net)
                  0.97    0.47    2.23 ^ _2339_/D (sky130_fd_sc_hd__dfxtp_4)
                                  2.23   data arrival time

                  0.00    0.00    0.00   clock core_clock (rise edge)
                          0.00    0.00   clock network delay (ideal)
                          0.00    0.00   clock reconvergence pessimism
                                  0.00 ^ _2339_/CLK (sky130_fd_sc_hd__dfxtp_4)
                         -0.16   -0.16   library hold time
                                 -0.16   data required time
-----------------------------------------------------------------------------
                                 -0.16   data required time
                                 -2.23   data arrival time
-----------------------------------------------------------------------------
                                  2.39   slack (MET)


Startpoint: _2386_ (rising edge-triggered flip-flop clocked by core_clock)
Endpoint: _2386_ (rising edge-triggered flip-flop clocked by core_clock)
Path Group: core_clock
Path Type: min

Fanout     Cap    Slew   Delay    Time   Description
-----------------------------------------------------------------------------
                  0.00    0.00    0.00   clock core_clock (rise edge)
                          0.00    0.00   clock network delay (ideal)
                  0.00    0.00    0.00 ^ _2386_/CLK (sky130_fd_sc_hd__dfxtp_4)
     2    0.07    0.21    0.44    0.44 ^ _2386_/Q (sky130_fd_sc_hd__dfxtp_4)
                                         rf.registers[1][24] (net)
                  0.21    0.01    0.45 ^ wire1209/A (sky130_fd_sc_hd__buf_12)
     2    0.25    0.18    0.22    0.67 ^ wire1209/X (sky130_fd_sc_hd__buf_12)
                                         net1209 (net)
                  0.57    0.26    0.93 ^ load_slew1208/A (sky130_fd_sc_hd__buf_12)
     1    0.16    0.16    0.26    1.19 ^ load_slew1208/X (sky130_fd_sc_hd__buf_12)
                                         net1208 (net)
                  0.30    0.13    1.32 ^ _2149_/A0 (sky130_fd_sc_hd__mux2_8)
     1    0.24    0.32    0.41    1.73 ^ _2149_/X (sky130_fd_sc_hd__mux2_8)
                                         _0534_ (net)
                  0.64    0.28    2.01 ^ _2150_/A (sky130_fd_sc_hd__buf_8)
     1    0.10    0.17    0.27    2.27 ^ _2150_/X (sky130_fd_sc_hd__buf_8)
                                         _0152_ (net)
                  0.20    0.06    2.33 ^ _2386_/D (sky130_fd_sc_hd__dfxtp_4)
                                  2.33   data arrival time

                  0.00    0.00    0.00   clock core_clock (rise edge)
                          0.00    0.00   clock network delay (ideal)
                          0.00    0.00   clock reconvergence pessimism
                                  0.00 ^ _2386_/CLK (sky130_fd_sc_hd__dfxtp_4)
                         -0.07   -0.07   library hold time
                                 -0.07   data required time
-----------------------------------------------------------------------------
                                 -0.07   data required time
                                 -2.33   data arrival time
-----------------------------------------------------------------------------
                                  2.40   slack (MET)


Startpoint: _2415_ (rising edge-triggered flip-flop clocked by core_clock)
Endpoint: _2319_ (rising edge-triggered flip-flop clocked by core_clock)
Path Group: core_clock
Path Type: min

Fanout     Cap    Slew   Delay    Time   Description
-----------------------------------------------------------------------------
                  0.00    0.00    0.00   clock core_clock (rise edge)
                          0.00    0.00   clock network delay (ideal)
                  0.00    0.00    0.00 ^ _2415_/CLK (sky130_fd_sc_hd__dfxtp_1)
     1    0.01    0.11    0.33    0.33 ^ _2415_/Q (sky130_fd_sc_hd__dfxtp_1)
                                         rf.registers[2][21] (net)
                  0.11    0.00    0.33 ^ wire1161/A (sky130_fd_sc_hd__buf_12)
     2    0.20    0.17    0.19    0.52 ^ wire1161/X (sky130_fd_sc_hd__buf_12)
                                         net1161 (net)
                  0.43    0.19    0.71 ^ _1937_/A2 (sky130_fd_sc_hd__mux4_2)
     1    0.15    0.73    0.79    1.50 ^ _1937_/X (sky130_fd_sc_hd__mux4_2)
                                         _0421_ (net)
                  0.76    0.12    1.61 ^ wire1063/A (sky130_fd_sc_hd__buf_12)
     1    0.14    0.15    0.26    1.87 ^ wire1063/X (sky130_fd_sc_hd__buf_12)
                                         net1063 (net)
                  0.25    0.10    1.97 ^ _1938_/A (sky130_fd_sc_hd__buf_12)
     1    0.16    0.15    0.22    2.19 ^ _1938_/X (sky130_fd_sc_hd__buf_12)
                                         _0013_ (net)
                  0.29    0.12    2.31 ^ _2319_/D (sky130_fd_sc_hd__dfxtp_4)
                                  2.31   data arrival time

                  0.00    0.00    0.00   clock core_clock (rise edge)
                          0.00    0.00   clock network delay (ideal)
                          0.00    0.00   clock reconvergence pessimism
                                  0.00 ^ _2319_/CLK (sky130_fd_sc_hd__dfxtp_4)
                         -0.09   -0.09   library hold time
                                 -0.09   data required time
-----------------------------------------------------------------------------
                                 -0.09   data required time
                                 -2.31   data arrival time
-----------------------------------------------------------------------------
                                  2.40   slack (MET)


Startpoint: _2348_ (rising edge-triggered flip-flop clocked by core_clock)
Endpoint: _2348_ (rising edge-triggered flip-flop clocked by core_clock)
Path Group: core_clock
Path Type: min

Fanout     Cap    Slew   Delay    Time   Description
-----------------------------------------------------------------------------
                  0.00    0.00    0.00   clock core_clock (rise edge)
                          0.00    0.00   clock network delay (ideal)
                  0.00    0.00    0.00 ^ _2348_/CLK (sky130_fd_sc_hd__dfxtp_4)
     2    0.05    0.16    0.41    0.41 ^ _2348_/Q (sky130_fd_sc_hd__dfxtp_4)
                                         rf.registers[0][18] (net)
                  0.16    0.01    0.42 ^ wire1258/A (sky130_fd_sc_hd__buf_12)
     2    0.22    0.17    0.21    0.63 ^ wire1258/X (sky130_fd_sc_hd__buf_12)
                                         net1258 (net)
                  0.49    0.22    0.86 ^ load_slew1257/A (sky130_fd_sc_hd__buf_12)
     1    0.17    0.16    0.25    1.11 ^ load_slew1257/X (sky130_fd_sc_hd__buf_12)
                                         net1257 (net)
                  0.31    0.13    1.24 ^ _2067_/A1 (sky130_fd_sc_hd__mux2_8)
     1    0.23    0.31    0.41    1.65 ^ _2067_/X (sky130_fd_sc_hd__mux2_8)
                                         _0490_ (net)
                  0.61    0.26    1.91 ^ _2068_/A (sky130_fd_sc_hd__buf_12)
     1    0.17    0.16    0.27    2.18 ^ _2068_/X (sky130_fd_sc_hd__buf_12)
                                         _0114_ (net)
                  0.32    0.14    2.32 ^ _2348_/D (sky130_fd_sc_hd__dfxtp_4)
                                  2.32   data arrival time

                  0.00    0.00    0.00   clock core_clock (rise edge)
                          0.00    0.00   clock network delay (ideal)
                          0.00    0.00   clock reconvergence pessimism
                                  0.00 ^ _2348_/CLK (sky130_fd_sc_hd__dfxtp_4)
                         -0.10   -0.10   library hold time
                                 -0.10   data required time
-----------------------------------------------------------------------------
                                 -0.10   data required time
                                 -2.32   data arrival time
-----------------------------------------------------------------------------
                                  2.41   slack (MET)


Startpoint: _2271_ (rising edge-triggered flip-flop clocked by core_clock)
Endpoint: _2271_ (rising edge-triggered flip-flop clocked by core_clock)
Path Group: core_clock
Path Type: min

Fanout     Cap    Slew   Delay    Time   Description
-----------------------------------------------------------------------------
                  0.00    0.00    0.00   clock core_clock (rise edge)
                          0.00    0.00   clock network delay (ideal)
                  0.00    0.00    0.00 ^ _2271_/CLK (sky130_fd_sc_hd__dfxtp_2)
     1    0.03    0.13    0.37    0.37 ^ _2271_/Q (sky130_fd_sc_hd__dfxtp_2)
                                         rf.registers[3][5] (net)
                  0.13    0.00    0.37 ^ wire1389/A (sky130_fd_sc_hd__buf_12)
     2    0.24    0.18    0.19    0.56 ^ wire1389/X (sky130_fd_sc_hd__buf_12)
                                         net1389 (net)
                  0.50    0.23    0.79 ^ wire1388/A (sky130_fd_sc_hd__buf_12)
     2    0.18    0.17    0.24    1.03 ^ wire1388/X (sky130_fd_sc_hd__buf_12)
                                         net1388 (net)
                  0.37    0.16    1.19 ^ _1971_/A0 (sky130_fd_sc_hd__mux2_8)
     1    0.19    0.27    0.40    1.59 ^ _1971_/X (sky130_fd_sc_hd__mux2_8)
                                         _0439_ (net)
                  0.46    0.18    1.78 ^ _1972_/A (sky130_fd_sc_hd__buf_12)
     1    0.23    0.19    0.27    2.05 ^ _1972_/X (sky130_fd_sc_hd__buf_12)
                                         _0069_ (net)
                  0.52    0.24    2.29 ^ _2271_/D (sky130_fd_sc_hd__dfxtp_2)
                                  2.29   data arrival time

                  0.00    0.00    0.00   clock core_clock (rise edge)
                          0.00    0.00   clock network delay (ideal)
                          0.00    0.00   clock reconvergence pessimism
                                  0.00 ^ _2271_/CLK (sky130_fd_sc_hd__dfxtp_2)
                         -0.13   -0.13   library hold time
                                 -0.13   data required time
-----------------------------------------------------------------------------
                                 -0.13   data required time
                                 -2.29   data arrival time
-----------------------------------------------------------------------------
                                  2.42   slack (MET)


Startpoint: _2416_ (rising edge-triggered flip-flop clocked by core_clock)
Endpoint: _2416_ (rising edge-triggered flip-flop clocked by core_clock)
Path Group: core_clock
Path Type: min

Fanout     Cap    Slew   Delay    Time   Description
-----------------------------------------------------------------------------
                  0.00    0.00    0.00   clock core_clock (rise edge)
                          0.00    0.00   clock network delay (ideal)
                  0.00    0.00    0.00 ^ _2416_/CLK (sky130_fd_sc_hd__dfxtp_4)
     3    0.16    0.44    0.58    0.58 ^ _2416_/Q (sky130_fd_sc_hd__dfxtp_4)
                                         rf.registers[2][22] (net)
                  0.45    0.06    0.64 ^ wire1159/A (sky130_fd_sc_hd__buf_12)
     1    0.23    0.19    0.27    0.91 ^ wire1159/X (sky130_fd_sc_hd__buf_12)
                                         net1159 (net)
                  0.52    0.24    1.15 ^ _2214_/A0 (sky130_fd_sc_hd__mux2_8)
     1    0.17    0.25    0.42    1.57 ^ _2214_/X (sky130_fd_sc_hd__mux2_8)
                                         _0569_ (net)
                  0.38    0.14    1.71 ^ _2215_/A (sky130_fd_sc_hd__buf_12)
     1    0.25    0.21    0.27    1.98 ^ _2215_/X (sky130_fd_sc_hd__buf_12)
                                         _0182_ (net)
                  0.64    0.30    2.28 ^ _2416_/D (sky130_fd_sc_hd__dfxtp_4)
                                  2.28   data arrival time

                  0.00    0.00    0.00   clock core_clock (rise edge)
                          0.00    0.00   clock network delay (ideal)
                          0.00    0.00   clock reconvergence pessimism
                                  0.00 ^ _2416_/CLK (sky130_fd_sc_hd__dfxtp_4)
                         -0.14   -0.14   library hold time
                                 -0.14   data required time
-----------------------------------------------------------------------------
                                 -0.14   data required time
                                 -2.28   data arrival time
-----------------------------------------------------------------------------
                                  2.42   slack (MET)


Startpoint: _2382_ (rising edge-triggered flip-flop clocked by core_clock)
Endpoint: _2382_ (rising edge-triggered flip-flop clocked by core_clock)
Path Group: core_clock
Path Type: min

Fanout     Cap    Slew   Delay    Time   Description
-----------------------------------------------------------------------------
                  0.00    0.00    0.00   clock core_clock (rise edge)
                          0.00    0.00   clock network delay (ideal)
                  0.00    0.00    0.00 ^ _2382_/CLK (sky130_fd_sc_hd__dfxtp_1)
     1    0.01    0.10    0.33    0.33 ^ _2382_/Q (sky130_fd_sc_hd__dfxtp_1)
                                         rf.registers[1][20] (net)
                  0.10    0.00    0.33 ^ wire1214/A (sky130_fd_sc_hd__buf_12)
     2    0.21    0.18    0.20    0.53 ^ wire1214/X (sky130_fd_sc_hd__buf_12)
                                         net1214 (net)
                  0.45    0.21    0.74 ^ wire1213/A (sky130_fd_sc_hd__buf_12)
     2    0.23    0.18    0.25    0.99 ^ wire1213/X (sky130_fd_sc_hd__buf_12)
                                         net1213 (net)
                  0.52    0.23    1.22 ^ _2141_/A0 (sky130_fd_sc_hd__mux2_8)
     1    0.16    0.24    0.41    1.63 ^ _2141_/X (sky130_fd_sc_hd__mux2_8)
                                         _0530_ (net)
                  0.35    0.13    1.76 ^ _2142_/A (sky130_fd_sc_hd__buf_12)
     1    0.24    0.20    0.26    2.02 ^ _2142_/X (sky130_fd_sc_hd__buf_12)
                                         _0148_ (net)
                  0.57    0.27    2.29 ^ _2382_/D (sky130_fd_sc_hd__dfxtp_1)
                                  2.29   data arrival time

                  0.00    0.00    0.00   clock core_clock (rise edge)
                          0.00    0.00   clock network delay (ideal)
                          0.00    0.00   clock reconvergence pessimism
                                  0.00 ^ _2382_/CLK (sky130_fd_sc_hd__dfxtp_1)
                         -0.14   -0.14   library hold time
                                 -0.14   data required time
-----------------------------------------------------------------------------
                                 -0.14   data required time
                                 -2.29   data arrival time
-----------------------------------------------------------------------------
                                  2.43   slack (MET)


Startpoint: _2392_ (rising edge-triggered flip-flop clocked by core_clock)
Endpoint: _2392_ (rising edge-triggered flip-flop clocked by core_clock)
Path Group: core_clock
Path Type: min

Fanout     Cap    Slew   Delay    Time   Description
-----------------------------------------------------------------------------
                  0.00    0.00    0.00   clock core_clock (rise edge)
                          0.00    0.00   clock network delay (ideal)
                  0.00    0.00    0.00 ^ _2392_/CLK (sky130_fd_sc_hd__dfxtp_4)
     1    0.09    0.26    0.47    0.47 ^ _2392_/Q (sky130_fd_sc_hd__dfxtp_4)
                                         rf.registers[1][30] (net)
                  0.27    0.05    0.51 ^ wire1198/A (sky130_fd_sc_hd__buf_12)
     2    0.24    0.18    0.24    0.75 ^ wire1198/X (sky130_fd_sc_hd__buf_12)
                                         net1198 (net)
                  0.57    0.27    1.02 ^ _2161_/A0 (sky130_fd_sc_hd__mux2_8)
     1    0.31    0.37    0.51    1.53 ^ _2161_/X (sky130_fd_sc_hd__mux2_8)
                                         _0540_ (net)
                  1.00    0.46    1.99 ^ _2162_/A (sky130_fd_sc_hd__buf_12)
     1    0.15    0.16    0.27    2.26 ^ _2162_/X (sky130_fd_sc_hd__buf_12)
                                         _0158_ (net)
                  0.27    0.11    2.37 ^ _2392_/D (sky130_fd_sc_hd__dfxtp_4)
                                  2.37   data arrival time

                  0.00    0.00    0.00   clock core_clock (rise edge)
                          0.00    0.00   clock network delay (ideal)
                          0.00    0.00   clock reconvergence pessimism
                                  0.00 ^ _2392_/CLK (sky130_fd_sc_hd__dfxtp_4)
                         -0.08   -0.08   library hold time
                                 -0.08   data required time
-----------------------------------------------------------------------------
                                 -0.08   data required time
                                 -2.37   data arrival time
-----------------------------------------------------------------------------
                                  2.45   slack (MET)


Startpoint: _2415_ (rising edge-triggered flip-flop clocked by core_clock)
Endpoint: _2415_ (rising edge-triggered flip-flop clocked by core_clock)
Path Group: core_clock
Path Type: min

Fanout     Cap    Slew   Delay    Time   Description
-----------------------------------------------------------------------------
                  0.00    0.00    0.00   clock core_clock (rise edge)
                          0.00    0.00   clock network delay (ideal)
                  0.00    0.00    0.00 ^ _2415_/CLK (sky130_fd_sc_hd__dfxtp_1)
     1    0.01    0.11    0.33    0.33 ^ _2415_/Q (sky130_fd_sc_hd__dfxtp_1)
                                         rf.registers[2][21] (net)
                  0.11    0.00    0.33 ^ wire1161/A (sky130_fd_sc_hd__buf_12)
     2    0.20    0.17    0.19    0.52 ^ wire1161/X (sky130_fd_sc_hd__buf_12)
                                         net1161 (net)
                  0.41    0.18    0.70 ^ wire1160/A (sky130_fd_sc_hd__buf_12)
     2    0.23    0.18    0.25    0.94 ^ wire1160/X (sky130_fd_sc_hd__buf_12)
                                         net1160 (net)
                  0.51    0.23    1.17 ^ _2212_/A0 (sky130_fd_sc_hd__mux2_8)
     1    0.28    0.35    0.48    1.65 ^ _2212_/X (sky130_fd_sc_hd__mux2_8)
                                         _0568_ (net)
                  0.81    0.36    2.02 ^ _2213_/A (sky130_fd_sc_hd__clkbuf_8)
     1    0.07    0.15    0.35    2.37 ^ _2213_/X (sky130_fd_sc_hd__clkbuf_8)
                                         _0181_ (net)
                  0.16    0.03    2.40 ^ _2415_/D (sky130_fd_sc_hd__dfxtp_1)
                                  2.40   data arrival time

                  0.00    0.00    0.00   clock core_clock (rise edge)
                          0.00    0.00   clock network delay (ideal)
                          0.00    0.00   clock reconvergence pessimism
                                  0.00 ^ _2415_/CLK (sky130_fd_sc_hd__dfxtp_1)
                         -0.06   -0.06   library hold time
                                 -0.06   data required time
-----------------------------------------------------------------------------
                                 -0.06   data required time
                                 -2.40   data arrival time
-----------------------------------------------------------------------------
                                  2.46   slack (MET)


Startpoint: _2381_ (rising edge-triggered flip-flop clocked by core_clock)
Endpoint: _2317_ (rising edge-triggered flip-flop clocked by core_clock)
Path Group: core_clock
Path Type: min

Fanout     Cap    Slew   Delay    Time   Description
-----------------------------------------------------------------------------
                  0.00    0.00    0.00   clock core_clock (rise edge)
                          0.00    0.00   clock network delay (ideal)
                  0.00    0.00    0.00 ^ _2381_/CLK (sky130_fd_sc_hd__dfxtp_4)
     3    0.26    0.31    0.52    0.52 v _2381_/Q (sky130_fd_sc_hd__dfxtp_4)
                                         rf.registers[1][19] (net)
                  0.32    0.03    0.55 v _1931_/A1 (sky130_fd_sc_hd__mux4_2)
     1    0.07    0.23    0.72    1.27 v _1931_/X (sky130_fd_sc_hd__mux4_2)
                                         _0417_ (net)
                  0.23    0.02    1.30 v wire1066/A (sky130_fd_sc_hd__buf_12)
     1    0.14    0.06    0.24    1.54 v wire1066/X (sky130_fd_sc_hd__buf_12)
                                         net1066 (net)
                  0.19    0.09    1.63 v wire1065/A (sky130_fd_sc_hd__buf_12)
     1    0.14    0.06    0.22    1.85 v wire1065/X (sky130_fd_sc_hd__buf_12)
                                         net1065 (net)
                  0.19    0.09    1.94 v _1932_/A (sky130_fd_sc_hd__buf_12)
     1    0.18    0.07    0.23    2.17 v _1932_/X (sky130_fd_sc_hd__buf_12)
                                         _0010_ (net)
                  0.29    0.14    2.31 v _2317_/D (sky130_fd_sc_hd__dfxtp_4)
                                  2.31   data arrival time

                  0.00    0.00    0.00   clock core_clock (rise edge)
                          0.00    0.00   clock network delay (ideal)
                          0.00    0.00   clock reconvergence pessimism
                                  0.00 ^ _2317_/CLK (sky130_fd_sc_hd__dfxtp_4)
                         -0.15   -0.15   library hold time
                                 -0.15   data required time
-----------------------------------------------------------------------------
                                 -0.15   data required time
                                 -2.31   data arrival time
-----------------------------------------------------------------------------
                                  2.46   slack (MET)


Startpoint: _2398_ (rising edge-triggered flip-flop clocked by core_clock)
Endpoint: _2398_ (rising edge-triggered flip-flop clocked by core_clock)
Path Group: core_clock
Path Type: min

Fanout     Cap    Slew   Delay    Time   Description
-----------------------------------------------------------------------------
                  0.00    0.00    0.00   clock core_clock (rise edge)
                          0.00    0.00   clock network delay (ideal)
                  0.00    0.00    0.00 ^ _2398_/CLK (sky130_fd_sc_hd__dfxtp_2)
     1    0.03    0.15    0.38    0.38 ^ _2398_/Q (sky130_fd_sc_hd__dfxtp_2)
                                         rf.registers[2][4] (net)
                  0.15    0.00    0.39 ^ wire1187/A (sky130_fd_sc_hd__buf_12)
     2    0.24    0.18    0.20    0.58 ^ wire1187/X (sky130_fd_sc_hd__buf_12)
                                         net1187 (net)
                  0.48    0.21    0.79 ^ max_cap1186/A (sky130_fd_sc_hd__buf_12)
     2    0.17    0.17    0.24    1.03 ^ max_cap1186/X (sky130_fd_sc_hd__buf_12)
                                         net1186 (net)
                  0.30    0.12    1.15 ^ _2176_/A0 (sky130_fd_sc_hd__mux2_8)
     1    0.21    0.30    0.40    1.55 ^ _2176_/X (sky130_fd_sc_hd__mux2_8)
                                         _0549_ (net)
                  0.55    0.23    1.77 ^ _2177_/A (sky130_fd_sc_hd__buf_12)
     1    0.24    0.20    0.29    2.06 ^ _2177_/X (sky130_fd_sc_hd__buf_12)
                                         _0164_ (net)
                  0.59    0.28    2.34 ^ _2398_/D (sky130_fd_sc_hd__dfxtp_2)
                                  2.34   data arrival time

                  0.00    0.00    0.00   clock core_clock (rise edge)
                          0.00    0.00   clock network delay (ideal)
                          0.00    0.00   clock reconvergence pessimism
                                  0.00 ^ _2398_/CLK (sky130_fd_sc_hd__dfxtp_2)
                         -0.14   -0.14   library hold time
                                 -0.14   data required time
-----------------------------------------------------------------------------
                                 -0.14   data required time
                                 -2.34   data arrival time
-----------------------------------------------------------------------------
                                  2.48   slack (MET)


Startpoint: _2346_ (rising edge-triggered flip-flop clocked by core_clock)
Endpoint: _2346_ (rising edge-triggered flip-flop clocked by core_clock)
Path Group: core_clock
Path Type: min

Fanout     Cap    Slew   Delay    Time   Description
-----------------------------------------------------------------------------
                  0.00    0.00    0.00   clock core_clock (rise edge)
                          0.00    0.00   clock network delay (ideal)
                  0.00    0.00    0.00 ^ _2346_/CLK (sky130_fd_sc_hd__dfxtp_4)
     1    0.04    0.13    0.39    0.39 ^ _2346_/Q (sky130_fd_sc_hd__dfxtp_4)
                                         rf.registers[0][16] (net)
                  0.13    0.01    0.40 ^ wire1262/A (sky130_fd_sc_hd__buf_12)
     2    0.24    0.19    0.19    0.59 ^ wire1262/X (sky130_fd_sc_hd__buf_12)
                                         net1262 (net)
                  0.60    0.28    0.87 ^ _2063_/A1 (sky130_fd_sc_hd__mux2_8)
     1    0.27    0.34    0.49    1.36 ^ _2063_/X (sky130_fd_sc_hd__mux2_8)
                                         _0488_ (net)
                  0.79    0.35    1.71 ^ _2064_/A (sky130_fd_sc_hd__buf_12)
     1    0.26    0.21    0.31    2.02 ^ _2064_/X (sky130_fd_sc_hd__buf_12)
                                         _0112_ (net)
                  0.67    0.32    2.34 ^ _2346_/D (sky130_fd_sc_hd__dfxtp_4)
                                  2.34   data arrival time

                  0.00    0.00    0.00   clock core_clock (rise edge)
                          0.00    0.00   clock network delay (ideal)
                          0.00    0.00   clock reconvergence pessimism
                                  0.00 ^ _2346_/CLK (sky130_fd_sc_hd__dfxtp_4)
                         -0.14   -0.14   library hold time
                                 -0.14   data required time
-----------------------------------------------------------------------------
                                 -0.14   data required time
                                 -2.34   data arrival time
-----------------------------------------------------------------------------
                                  2.48   slack (MET)


Startpoint: _2296_ (rising edge-triggered flip-flop clocked by core_clock)
Endpoint: _2296_ (rising edge-triggered flip-flop clocked by core_clock)
Path Group: core_clock
Path Type: min

Fanout     Cap    Slew   Delay    Time   Description
-----------------------------------------------------------------------------
                  0.00    0.00    0.00   clock core_clock (rise edge)
                          0.00    0.00   clock network delay (ideal)
                  0.00    0.00    0.00 ^ _2296_/CLK (sky130_fd_sc_hd__dfxtp_4)
     2    0.15    0.43    0.59    0.59 ^ _2296_/Q (sky130_fd_sc_hd__dfxtp_4)
                                         rf.registers[3][30] (net)
                  0.43    0.03    0.62 ^ _2023_/A0 (sky130_fd_sc_hd__mux2_8)
     1    0.20    0.28    0.42    1.04 ^ _2023_/X (sky130_fd_sc_hd__mux2_8)
                                         _0466_ (net)
                  0.49    0.20    1.23 ^ wire1041/A (sky130_fd_sc_hd__buf_12)
     1    0.18    0.17    0.25    1.49 ^ wire1041/X (sky130_fd_sc_hd__buf_12)
                                         net1041 (net)
                  0.36    0.16    1.64 ^ _2024_/A (sky130_fd_sc_hd__buf_12)
     1    0.30    0.23    0.29    1.93 ^ _2024_/X (sky130_fd_sc_hd__buf_12)
                                         _0094_ (net)
                  0.84    0.40    2.33 ^ _2296_/D (sky130_fd_sc_hd__dfxtp_4)
                                  2.33   data arrival time

                  0.00    0.00    0.00   clock core_clock (rise edge)
                          0.00    0.00   clock network delay (ideal)
                          0.00    0.00   clock reconvergence pessimism
                                  0.00 ^ _2296_/CLK (sky130_fd_sc_hd__dfxtp_4)
                         -0.15   -0.15   library hold time
                                 -0.15   data required time
-----------------------------------------------------------------------------
                                 -0.15   data required time
                                 -2.33   data arrival time
-----------------------------------------------------------------------------
                                  2.48   slack (MET)


Startpoint: _2288_ (rising edge-triggered flip-flop clocked by core_clock)
Endpoint: _2288_ (rising edge-triggered flip-flop clocked by core_clock)
Path Group: core_clock
Path Type: min

Fanout     Cap    Slew   Delay    Time   Description
-----------------------------------------------------------------------------
                  0.00    0.00    0.00   clock core_clock (rise edge)
                          0.00    0.00   clock network delay (ideal)
                  0.00    0.00    0.00 ^ _2288_/CLK (sky130_fd_sc_hd__dfxtp_2)
     2    0.03    0.17    0.39    0.39 ^ _2288_/Q (sky130_fd_sc_hd__dfxtp_2)
                                         rf.registers[3][22] (net)
                  0.17    0.01    0.40 ^ wire1362/A (sky130_fd_sc_hd__buf_12)
     2    0.22    0.23    0.20    0.60 ^ wire1362/X (sky130_fd_sc_hd__buf_12)
                                         net1362 (net)
                  0.36    0.14    0.74 ^ wire1361/A (sky130_fd_sc_hd__buf_12)
     1    0.23    0.19    0.26    1.00 ^ wire1361/X (sky130_fd_sc_hd__buf_12)
                                         net1361 (net)
                  0.54    0.25    1.25 ^ _2007_/A0 (sky130_fd_sc_hd__mux2_8)
     1    0.10    0.17    0.37    1.63 ^ _2007_/X (sky130_fd_sc_hd__mux2_8)
                                         _0458_ (net)
                  0.19    0.05    1.68 ^ _2008_/A (sky130_fd_sc_hd__buf_12)
     1    0.30    0.23    0.26    1.94 ^ _2008_/X (sky130_fd_sc_hd__buf_12)
                                         _0086_ (net)
                  0.83    0.40    2.34 ^ _2288_/D (sky130_fd_sc_hd__dfxtp_2)
                                  2.34   data arrival time

                  0.00    0.00    0.00   clock core_clock (rise edge)
                          0.00    0.00   clock network delay (ideal)
                          0.00    0.00   clock reconvergence pessimism
                                  0.00 ^ _2288_/CLK (sky130_fd_sc_hd__dfxtp_2)
                         -0.15   -0.15   library hold time
                                 -0.15   data required time
-----------------------------------------------------------------------------
                                 -0.15   data required time
                                 -2.34   data arrival time
-----------------------------------------------------------------------------
                                  2.49   slack (MET)


Startpoint: _2371_ (rising edge-triggered flip-flop clocked by core_clock)
Endpoint: _2371_ (rising edge-triggered flip-flop clocked by core_clock)
Path Group: core_clock
Path Type: min

Fanout     Cap    Slew   Delay    Time   Description
-----------------------------------------------------------------------------
                  0.00    0.00    0.00   clock core_clock (rise edge)
                          0.00    0.00   clock network delay (ideal)
                  0.00    0.00    0.00 ^ _2371_/CLK (sky130_fd_sc_hd__dfxtp_4)
     3    0.23    0.64    0.67    0.67 ^ _2371_/Q (sky130_fd_sc_hd__dfxtp_4)
                                         rf.registers[1][9] (net)
                  0.73    0.18    0.85 ^ _2117_/A0 (sky130_fd_sc_hd__mux2_8)
     1    0.20    0.28    0.47    1.32 ^ _2117_/X (sky130_fd_sc_hd__mux2_8)
                                         _0517_ (net)
                  0.49    0.20    1.52 ^ wire873/A (sky130_fd_sc_hd__buf_12)
     1    0.18    0.17    0.25    1.77 ^ wire873/X (sky130_fd_sc_hd__buf_12)
                                         net873 (net)
                  0.36    0.16    1.93 ^ _2118_/A (sky130_fd_sc_hd__buf_12)
     1    0.22    0.19    0.26    2.18 ^ _2118_/X (sky130_fd_sc_hd__buf_12)
                                         _0137_ (net)
                  0.48    0.22    2.41 ^ _2371_/D (sky130_fd_sc_hd__dfxtp_4)
                                  2.41   data arrival time

                  0.00    0.00    0.00   clock core_clock (rise edge)
                          0.00    0.00   clock network delay (ideal)
                          0.00    0.00   clock reconvergence pessimism
                                  0.00 ^ _2371_/CLK (sky130_fd_sc_hd__dfxtp_4)
                         -0.13   -0.13   library hold time
                                 -0.13   data required time
-----------------------------------------------------------------------------
                                 -0.13   data required time
                                 -2.41   data arrival time
-----------------------------------------------------------------------------
                                  2.53   slack (MET)


Startpoint: _2364_ (rising edge-triggered flip-flop clocked by core_clock)
Endpoint: _2364_ (rising edge-triggered flip-flop clocked by core_clock)
Path Group: core_clock
Path Type: min

Fanout     Cap    Slew   Delay    Time   Description
-----------------------------------------------------------------------------
                  0.00    0.00    0.00   clock core_clock (rise edge)
                          0.00    0.00   clock network delay (ideal)
                  0.00    0.00    0.00 ^ _2364_/CLK (sky130_fd_sc_hd__dfxtp_2)
     1    0.02    0.13    0.36    0.36 ^ _2364_/Q (sky130_fd_sc_hd__dfxtp_2)
                                         rf.registers[1][2] (net)
                  0.13    0.00    0.37 ^ wire1237/A (sky130_fd_sc_hd__buf_12)
     2    0.24    0.17    0.20    0.56 ^ wire1237/X (sky130_fd_sc_hd__buf_12)
                                         net1237 (net)
                  0.53    0.24    0.80 ^ load_slew1236/A (sky130_fd_sc_hd__buf_12)
     2    0.15    0.16    0.24    1.04 ^ load_slew1236/X (sky130_fd_sc_hd__buf_12)
                                         net1236 (net)
                  0.27    0.11    1.15 ^ _2103_/A0 (sky130_fd_sc_hd__mux2_8)
     1    0.20    0.28    0.39    1.54 ^ _2103_/X (sky130_fd_sc_hd__mux2_8)
                                         _0510_ (net)
                  0.50    0.20    1.74 ^ wire875/A (sky130_fd_sc_hd__clkbuf_16)
     1    0.18    0.15    0.32    2.06 ^ wire875/X (sky130_fd_sc_hd__clkbuf_16)
                                         net875 (net)
                  0.34    0.15    2.21 ^ _2104_/A (sky130_fd_sc_hd__clkbuf_8)
     1    0.06    0.12    0.27    2.48 ^ _2104_/X (sky130_fd_sc_hd__clkbuf_8)
                                         _0130_ (net)
                  0.13    0.02    2.50 ^ _2364_/D (sky130_fd_sc_hd__dfxtp_2)
                                  2.50   data arrival time

                  0.00    0.00    0.00   clock core_clock (rise edge)
                          0.00    0.00   clock network delay (ideal)
                          0.00    0.00   clock reconvergence pessimism
                                  0.00 ^ _2364_/CLK (sky130_fd_sc_hd__dfxtp_2)
                         -0.05   -0.05   library hold time
                                 -0.05   data required time
-----------------------------------------------------------------------------
                                 -0.05   data required time
                                 -2.50   data arrival time
-----------------------------------------------------------------------------
                                  2.55   slack (MET)


Startpoint: _2347_ (rising edge-triggered flip-flop clocked by core_clock)
Endpoint: _2347_ (rising edge-triggered flip-flop clocked by core_clock)
Path Group: core_clock
Path Type: min

Fanout     Cap    Slew   Delay    Time   Description
-----------------------------------------------------------------------------
                  0.00    0.00    0.00   clock core_clock (rise edge)
                          0.00    0.00   clock network delay (ideal)
                  0.00    0.00    0.00 ^ _2347_/CLK (sky130_fd_sc_hd__dfxtp_4)
     3    0.09    0.24    0.47    0.47 ^ _2347_/Q (sky130_fd_sc_hd__dfxtp_4)
                                         rf.registers[0][17] (net)
                  0.25    0.02    0.48 ^ wire1259/A (sky130_fd_sc_hd__buf_12)
     1    0.18    0.17    0.23    0.71 ^ wire1259/X (sky130_fd_sc_hd__buf_12)
                                         net1259 (net)
                  0.37    0.16    0.87 ^ _2065_/A1 (sky130_fd_sc_hd__mux2_8)
     1    0.21    0.29    0.41    1.28 ^ _2065_/X (sky130_fd_sc_hd__mux2_8)
                                         _0489_ (net)
                  0.52    0.22    1.50 ^ _2066_/A (sky130_fd_sc_hd__buf_12)
     1    0.21    0.19    0.27    1.77 ^ _2066_/X (sky130_fd_sc_hd__buf_12)
                                         _0113_ (net)
                  0.48    0.22    1.99 ^ wire815/A (sky130_fd_sc_hd__clkbuf_16)
     1    0.19    0.16    0.32    2.30 ^ wire815/X (sky130_fd_sc_hd__clkbuf_16)
                                         net815 (net)
                  0.37    0.17    2.47 ^ _2347_/D (sky130_fd_sc_hd__dfxtp_4)
                                  2.47   data arrival time

                  0.00    0.00    0.00   clock core_clock (rise edge)
                          0.00    0.00   clock network delay (ideal)
                          0.00    0.00   clock reconvergence pessimism
                                  0.00 ^ _2347_/CLK (sky130_fd_sc_hd__dfxtp_4)
                         -0.11   -0.11   library hold time
                                 -0.11   data required time
-----------------------------------------------------------------------------
                                 -0.11   data required time
                                 -2.47   data arrival time
-----------------------------------------------------------------------------
                                  2.58   slack (MET)


Startpoint: _2297_ (rising edge-triggered flip-flop clocked by core_clock)
Endpoint: _2265_ (rising edge-triggered flip-flop clocked by core_clock)
Path Group: core_clock
Path Type: min

Fanout     Cap    Slew   Delay    Time   Description
-----------------------------------------------------------------------------
                  0.00    0.00    0.00   clock core_clock (rise edge)
                          0.00    0.00   clock network delay (ideal)
                  0.00    0.00    0.00 ^ _2297_/CLK (sky130_fd_sc_hd__dfxtp_2)
     2    0.02    0.12    0.36    0.36 ^ _2297_/Q (sky130_fd_sc_hd__dfxtp_2)
                                         rf.registers[3][31] (net)
                  0.12    0.00    0.36 ^ wire1351/A (sky130_fd_sc_hd__buf_12)
     1    0.19    0.17    0.21    0.57 ^ wire1351/X (sky130_fd_sc_hd__buf_12)
                                         net1351 (net)
                  0.40    0.18    0.75 ^ _1887_/A3 (sky130_fd_sc_hd__mux4_2)
     1    0.10    0.50    0.65    1.39 ^ _1887_/X (sky130_fd_sc_hd__mux4_2)
                                         _0393_ (net)
                  0.51    0.05    1.45 ^ _1888_/A (sky130_fd_sc_hd__buf_12)
     1    0.22    0.19    0.27    1.72 ^ _1888_/X (sky130_fd_sc_hd__buf_12)
                                         _0056_ (net)
                  0.51    0.24    1.96 ^ wire985/A (sky130_fd_sc_hd__clkbuf_16)
     1    0.20    0.16    0.33    2.28 ^ wire985/X (sky130_fd_sc_hd__clkbuf_16)
                                         net985 (net)
                  0.40    0.18    2.47 ^ _2265_/D (sky130_fd_sc_hd__dfxtp_4)
                                  2.47   data arrival time

                  0.00    0.00    0.00   clock core_clock (rise edge)
                          0.00    0.00   clock network delay (ideal)
                          0.00    0.00   clock reconvergence pessimism
                                  0.00 ^ _2265_/CLK (sky130_fd_sc_hd__dfxtp_4)
                         -0.11   -0.11   library hold time
                                 -0.11   data required time
-----------------------------------------------------------------------------
                                 -0.11   data required time
                                 -2.47   data arrival time
-----------------------------------------------------------------------------
                                  2.58   slack (MET)


Startpoint: _2395_ (rising edge-triggered flip-flop clocked by core_clock)
Endpoint: _2395_ (rising edge-triggered flip-flop clocked by core_clock)
Path Group: core_clock
Path Type: min

Fanout     Cap    Slew   Delay    Time   Description
-----------------------------------------------------------------------------
                  0.00    0.00    0.00   clock core_clock (rise edge)
                          0.00    0.00   clock network delay (ideal)
                  0.00    0.00    0.00 ^ _2395_/CLK (sky130_fd_sc_hd__dfxtp_4)
     2    0.10    0.28    0.48    0.48 ^ _2395_/Q (sky130_fd_sc_hd__dfxtp_4)
                                         rf.registers[2][1] (net)
                  0.28    0.00    0.48 ^ wire1193/A (sky130_fd_sc_hd__buf_12)
     2    0.19    0.16    0.22    0.71 ^ wire1193/X (sky130_fd_sc_hd__buf_12)
                                         net1193 (net)
                  0.37    0.16    0.87 ^ _2170_/A0 (sky130_fd_sc_hd__mux2_8)
     1    0.31    0.37    0.47    1.34 ^ _2170_/X (sky130_fd_sc_hd__mux2_8)
                                         _0546_ (net)
                  1.00    0.46    1.80 ^ _2171_/A (sky130_fd_sc_hd__buf_12)
     1    0.26    0.21    0.31    2.12 ^ _2171_/X (sky130_fd_sc_hd__buf_12)
                                         _0161_ (net)
                  0.67    0.32    2.44 ^ _2395_/D (sky130_fd_sc_hd__dfxtp_4)
                                  2.44   data arrival time

                  0.00    0.00    0.00   clock core_clock (rise edge)
                          0.00    0.00   clock network delay (ideal)
                          0.00    0.00   clock reconvergence pessimism
                                  0.00 ^ _2395_/CLK (sky130_fd_sc_hd__dfxtp_4)
                         -0.14   -0.14   library hold time
                                 -0.14   data required time
-----------------------------------------------------------------------------
                                 -0.14   data required time
                                 -2.44   data arrival time
-----------------------------------------------------------------------------
                                  2.58   slack (MET)


Startpoint: _2278_ (rising edge-triggered flip-flop clocked by core_clock)
Endpoint: _2310_ (rising edge-triggered flip-flop clocked by core_clock)
Path Group: core_clock
Path Type: min

Fanout     Cap    Slew   Delay    Time   Description
-----------------------------------------------------------------------------
                  0.00    0.00    0.00   clock core_clock (rise edge)
                          0.00    0.00   clock network delay (ideal)
                  0.00    0.00    0.00 ^ _2278_/CLK (sky130_fd_sc_hd__dfxtp_4)
     2    0.10    0.27    0.48    0.48 ^ _2278_/Q (sky130_fd_sc_hd__dfxtp_4)
                                         rf.registers[3][12] (net)
                  0.27    0.00    0.48 ^ load_slew1380/A (sky130_fd_sc_hd__buf_12)
     2    0.12    0.13    0.20    0.68 ^ load_slew1380/X (sky130_fd_sc_hd__buf_12)
                                         net1380 (net)
                  0.19    0.07    0.75 ^ _1917_/A3 (sky130_fd_sc_hd__mux4_2)
     1    0.15    0.74    0.74    1.49 ^ _1917_/X (sky130_fd_sc_hd__mux4_2)
                                         _0410_ (net)
                  0.77    0.12    1.61 ^ _1918_/A (sky130_fd_sc_hd__buf_12)
     1    0.33    0.24    0.33    1.94 ^ _1918_/X (sky130_fd_sc_hd__buf_12)
                                         _0003_ (net)
                  0.98    0.48    2.42 ^ _2310_/D (sky130_fd_sc_hd__dfxtp_4)
                                  2.42   data arrival time

                  0.00    0.00    0.00   clock core_clock (rise edge)
                          0.00    0.00   clock network delay (ideal)
                          0.00    0.00   clock reconvergence pessimism
                                  0.00 ^ _2310_/CLK (sky130_fd_sc_hd__dfxtp_4)
                         -0.16   -0.16   library hold time
                                 -0.16   data required time
-----------------------------------------------------------------------------
                                 -0.16   data required time
                                 -2.42   data arrival time
-----------------------------------------------------------------------------
                                  2.58   slack (MET)


Startpoint: _2275_ (rising edge-triggered flip-flop clocked by core_clock)
Endpoint: _2275_ (rising edge-triggered flip-flop clocked by core_clock)
Path Group: core_clock
Path Type: min

Fanout     Cap    Slew   Delay    Time   Description
-----------------------------------------------------------------------------
                  0.00    0.00    0.00   clock core_clock (rise edge)
                          0.00    0.00   clock network delay (ideal)
                  0.00    0.00    0.00 ^ _2275_/CLK (sky130_fd_sc_hd__dfxtp_2)
     1    0.04    0.18    0.40    0.40 ^ _2275_/Q (sky130_fd_sc_hd__dfxtp_2)
                                         rf.registers[3][9] (net)
                  0.18    0.01    0.41 ^ wire1383/A (sky130_fd_sc_hd__buf_12)
     3    0.24    0.17    0.20    0.61 ^ wire1383/X (sky130_fd_sc_hd__buf_12)
                                         net1383 (net)
                  0.59    0.28    0.89 ^ _1979_/A0 (sky130_fd_sc_hd__mux2_8)
     1    0.29    0.35    0.50    1.38 ^ _1979_/X (sky130_fd_sc_hd__mux2_8)
                                         _0443_ (net)
                  0.87    0.39    1.78 ^ _1980_/A (sky130_fd_sc_hd__buf_12)
     1    0.28    0.22    0.32    2.09 ^ _1980_/X (sky130_fd_sc_hd__buf_12)
                                         _0073_ (net)
                  0.75    0.36    2.45 ^ _2275_/D (sky130_fd_sc_hd__dfxtp_2)
                                  2.45   data arrival time

                  0.00    0.00    0.00   clock core_clock (rise edge)
                          0.00    0.00   clock network delay (ideal)
                          0.00    0.00   clock reconvergence pessimism
                                  0.00 ^ _2275_/CLK (sky130_fd_sc_hd__dfxtp_2)
                         -0.15   -0.15   library hold time
                                 -0.15   data required time
-----------------------------------------------------------------------------
                                 -0.15   data required time
                                 -2.45   data arrival time
-----------------------------------------------------------------------------
                                  2.60   slack (MET)


Startpoint: _2281_ (rising edge-triggered flip-flop clocked by core_clock)
Endpoint: _2281_ (rising edge-triggered flip-flop clocked by core_clock)
Path Group: core_clock
Path Type: min

Fanout     Cap    Slew   Delay    Time   Description
-----------------------------------------------------------------------------
                  0.00    0.00    0.00   clock core_clock (rise edge)
                          0.00    0.00   clock network delay (ideal)
                  0.00    0.00    0.00 ^ _2281_/CLK (sky130_fd_sc_hd__dfxtp_1)
     1    0.01    0.10    0.33    0.33 ^ _2281_/Q (sky130_fd_sc_hd__dfxtp_1)
                                         rf.registers[3][15] (net)
                  0.10    0.00    0.33 ^ wire1375/A (sky130_fd_sc_hd__buf_12)
     2    0.18    0.18    0.18    0.51 ^ wire1375/X (sky130_fd_sc_hd__buf_12)
                                         net1375 (net)
                  0.35    0.15    0.66 ^ _1992_/A0 (sky130_fd_sc_hd__mux2_8)
     1    0.24    0.31    0.42    1.08 ^ _1992_/X (sky130_fd_sc_hd__mux2_8)
                                         _0450_ (net)
                  0.63    0.27    1.35 ^ wire983/A (sky130_fd_sc_hd__buf_12)
     1    0.21    0.19    0.28    1.64 ^ wire983/X (sky130_fd_sc_hd__buf_12)
                                         net983 (net)
                  0.47    0.22    1.85 ^ _1993_/A (sky130_fd_sc_hd__buf_12)
     1    0.27    0.21    0.29    2.14 ^ _1993_/X (sky130_fd_sc_hd__buf_12)
                                         _0079_ (net)
                  0.68    0.33    2.46 ^ _2281_/D (sky130_fd_sc_hd__dfxtp_1)
                                  2.46   data arrival time

                  0.00    0.00    0.00   clock core_clock (rise edge)
                          0.00    0.00   clock network delay (ideal)
                          0.00    0.00   clock reconvergence pessimism
                                  0.00 ^ _2281_/CLK (sky130_fd_sc_hd__dfxtp_1)
                         -0.14   -0.14   library hold time
                                 -0.14   data required time
-----------------------------------------------------------------------------
                                 -0.14   data required time
                                 -2.46   data arrival time
-----------------------------------------------------------------------------
                                  2.61   slack (MET)


Startpoint: _2295_ (rising edge-triggered flip-flop clocked by core_clock)
Endpoint: _2295_ (rising edge-triggered flip-flop clocked by core_clock)
Path Group: core_clock
Path Type: min

Fanout     Cap    Slew   Delay    Time   Description
-----------------------------------------------------------------------------
                  0.00    0.00    0.00   clock core_clock (rise edge)
                          0.00    0.00   clock network delay (ideal)
                  0.00    0.00    0.00 ^ _2295_/CLK (sky130_fd_sc_hd__dfxtp_4)
     1    0.09    0.26    0.47    0.47 ^ _2295_/Q (sky130_fd_sc_hd__dfxtp_4)
                                         rf.registers[3][29] (net)
                  0.27    0.04    0.51 ^ wire1355/A (sky130_fd_sc_hd__buf_12)
     3    0.24    0.18    0.21    0.72 ^ wire1355/X (sky130_fd_sc_hd__buf_12)
                                         net1355 (net)
                  0.58    0.27    0.99 ^ load_slew1354/A (sky130_fd_sc_hd__buf_12)
     1    0.16    0.16    0.26    1.25 ^ load_slew1354/X (sky130_fd_sc_hd__buf_12)
                                         net1354 (net)
                  0.29    0.12    1.37 ^ _2021_/A0 (sky130_fd_sc_hd__mux2_8)
     1    0.15    0.24    0.36    1.73 ^ _2021_/X (sky130_fd_sc_hd__mux2_8)
                                         _0465_ (net)
                  0.34    0.12    1.85 ^ _2022_/A (sky130_fd_sc_hd__buf_12)
     1    0.27    0.21    0.27    2.13 ^ _2022_/X (sky130_fd_sc_hd__buf_12)
                                         _0093_ (net)
                  0.71    0.34    2.47 ^ _2295_/D (sky130_fd_sc_hd__dfxtp_4)
                                  2.47   data arrival time

                  0.00    0.00    0.00   clock core_clock (rise edge)
                          0.00    0.00   clock network delay (ideal)
                          0.00    0.00   clock reconvergence pessimism
                                  0.00 ^ _2295_/CLK (sky130_fd_sc_hd__dfxtp_4)
                         -0.14   -0.14   library hold time
                                 -0.14   data required time
-----------------------------------------------------------------------------
                                 -0.14   data required time
                                 -2.47   data arrival time
-----------------------------------------------------------------------------
                                  2.61   slack (MET)


Startpoint: _2404_ (rising edge-triggered flip-flop clocked by core_clock)
Endpoint: _2404_ (rising edge-triggered flip-flop clocked by core_clock)
Path Group: core_clock
Path Type: min

Fanout     Cap    Slew   Delay    Time   Description
-----------------------------------------------------------------------------
                  0.00    0.00    0.00   clock core_clock (rise edge)
                          0.00    0.00   clock network delay (ideal)
                  0.00    0.00    0.00 ^ _2404_/CLK (sky130_fd_sc_hd__dfxtp_4)
     1    0.08    0.24    0.46    0.46 ^ _2404_/Q (sky130_fd_sc_hd__dfxtp_4)
                                         rf.registers[2][10] (net)
                  0.25    0.04    0.50 ^ wire1179/A (sky130_fd_sc_hd__buf_12)
     2    0.24    0.19    0.21    0.71 ^ wire1179/X (sky130_fd_sc_hd__buf_12)
                                         net1179 (net)
                  0.60    0.28    0.99 ^ _2189_/A0 (sky130_fd_sc_hd__mux2_8)
     1    0.30    0.36    0.51    1.50 ^ _2189_/X (sky130_fd_sc_hd__mux2_8)
                                         _0556_ (net)
                  0.92    0.42    1.92 ^ _2190_/A (sky130_fd_sc_hd__buf_12)
     1    0.24    0.20    0.30    2.22 ^ _2190_/X (sky130_fd_sc_hd__buf_12)
                                         _0170_ (net)
                  0.55    0.26    2.48 ^ _2404_/D (sky130_fd_sc_hd__dfxtp_4)
                                  2.48   data arrival time

                  0.00    0.00    0.00   clock core_clock (rise edge)
                          0.00    0.00   clock network delay (ideal)
                          0.00    0.00   clock reconvergence pessimism
                                  0.00 ^ _2404_/CLK (sky130_fd_sc_hd__dfxtp_4)
                         -0.14   -0.14   library hold time
                                 -0.14   data required time
-----------------------------------------------------------------------------
                                 -0.14   data required time
                                 -2.48   data arrival time
-----------------------------------------------------------------------------
                                  2.62   slack (MET)


Startpoint: _2350_ (rising edge-triggered flip-flop clocked by core_clock)
Endpoint: _2254_ (rising edge-triggered flip-flop clocked by core_clock)
Path Group: core_clock
Path Type: min

Fanout     Cap    Slew   Delay    Time   Description
-----------------------------------------------------------------------------
                  0.00    0.00    0.00   clock core_clock (rise edge)
                          0.00    0.00   clock network delay (ideal)
                  0.00    0.00    0.00 ^ _2350_/CLK (sky130_fd_sc_hd__dfxtp_1)
     1    0.01    0.10    0.33    0.33 ^ _2350_/Q (sky130_fd_sc_hd__dfxtp_1)
                                         rf.registers[0][20] (net)
                  0.10    0.00    0.33 ^ wire1255/A (sky130_fd_sc_hd__buf_12)
     2    0.19    0.18    0.18    0.51 ^ wire1255/X (sky130_fd_sc_hd__buf_12)
                                         net1255 (net)
                  0.38    0.17    0.68 ^ _1865_/A0 (sky130_fd_sc_hd__mux4_2)
     1    0.13    0.65    0.72    1.40 ^ _1865_/X (sky130_fd_sc_hd__mux4_2)
                                         _0382_ (net)
                  0.67    0.09    1.50 ^ wire1088/A (sky130_fd_sc_hd__buf_12)
     1    0.14    0.15    0.26    1.75 ^ wire1088/X (sky130_fd_sc_hd__buf_12)
                                         net1088 (net)
                  0.25    0.10    1.85 ^ wire1087/A (sky130_fd_sc_hd__clkbuf_16)
     1    0.14    0.13    0.25    2.10 ^ wire1087/X (sky130_fd_sc_hd__clkbuf_16)
                                         net1087 (net)
                  0.23    0.10    2.20 ^ _1866_/A (sky130_fd_sc_hd__buf_12)
     1    0.16    0.15    0.22    2.42 ^ _1866_/X (sky130_fd_sc_hd__buf_12)
                                         _0044_ (net)
                  0.29    0.12    2.54 ^ _2254_/D (sky130_fd_sc_hd__dfxtp_4)
                                  2.54   data arrival time

                  0.00    0.00    0.00   clock core_clock (rise edge)
                          0.00    0.00   clock network delay (ideal)
                          0.00    0.00   clock reconvergence pessimism
                                  0.00 ^ _2254_/CLK (sky130_fd_sc_hd__dfxtp_4)
                         -0.09   -0.09   library hold time
                                 -0.09   data required time
-----------------------------------------------------------------------------
                                 -0.09   data required time
                                 -2.54   data arrival time
-----------------------------------------------------------------------------
                                  2.63   slack (MET)


Startpoint: _2360_ (rising edge-triggered flip-flop clocked by core_clock)
Endpoint: _2264_ (rising edge-triggered flip-flop clocked by core_clock)
Path Group: core_clock
Path Type: min

Fanout     Cap    Slew   Delay    Time   Description
-----------------------------------------------------------------------------
                  0.00    0.00    0.00   clock core_clock (rise edge)
                          0.00    0.00   clock network delay (ideal)
                  0.00    0.00    0.00 ^ _2360_/CLK (sky130_fd_sc_hd__dfxtp_4)
     2    0.09    0.25    0.46    0.46 ^ _2360_/Q (sky130_fd_sc_hd__dfxtp_4)
                                         rf.registers[0][30] (net)
                  0.26    0.04    0.50 ^ wire1244/A (sky130_fd_sc_hd__buf_12)
     2    0.20    0.17    0.22    0.72 ^ wire1244/X (sky130_fd_sc_hd__buf_12)
                                         net1244 (net)
                  0.42    0.19    0.91 ^ _1885_/A0 (sky130_fd_sc_hd__mux4_2)
     1    0.06    0.32    0.53    1.44 ^ _1885_/X (sky130_fd_sc_hd__mux4_2)
                                         _0392_ (net)
                  0.32    0.02    1.46 ^ wire1081/A (sky130_fd_sc_hd__buf_12)
     1    0.14    0.14    0.22    1.68 ^ wire1081/X (sky130_fd_sc_hd__buf_12)
                                         net1081 (net)
                  0.24    0.10    1.78 ^ _1886_/A (sky130_fd_sc_hd__buf_12)
     1    0.32    0.24    0.28    2.06 ^ _1886_/X (sky130_fd_sc_hd__buf_12)
                                         _0055_ (net)
                  0.95    0.46    2.52 ^ _2264_/D (sky130_fd_sc_hd__dfxtp_4)
                                  2.52   data arrival time

                  0.00    0.00    0.00   clock core_clock (rise edge)
                          0.00    0.00   clock network delay (ideal)
                          0.00    0.00   clock reconvergence pessimism
                                  0.00 ^ _2264_/CLK (sky130_fd_sc_hd__dfxtp_4)
                         -0.16   -0.16   library hold time
                                 -0.16   data required time
-----------------------------------------------------------------------------
                                 -0.16   data required time
                                 -2.52   data arrival time
-----------------------------------------------------------------------------
                                  2.67   slack (MET)


Startpoint: _2416_ (rising edge-triggered flip-flop clocked by core_clock)
Endpoint: _2320_ (rising edge-triggered flip-flop clocked by core_clock)
Path Group: core_clock
Path Type: min

Fanout     Cap    Slew   Delay    Time   Description
-----------------------------------------------------------------------------
                  0.00    0.00    0.00   clock core_clock (rise edge)
                          0.00    0.00   clock network delay (ideal)
                  0.00    0.00    0.00 ^ _2416_/CLK (sky130_fd_sc_hd__dfxtp_4)
     3    0.16    0.44    0.58    0.58 ^ _2416_/Q (sky130_fd_sc_hd__dfxtp_4)
                                         rf.registers[2][22] (net)
                  0.44    0.01    0.59 ^ _1939_/A2 (sky130_fd_sc_hd__mux4_2)
     1    0.13    0.65    0.74    1.33 ^ _1939_/X (sky130_fd_sc_hd__mux4_2)
                                         _0422_ (net)
                  0.67    0.09    1.42 ^ wire1062/A (sky130_fd_sc_hd__buf_12)
     1    0.14    0.15    0.26    1.68 ^ wire1062/X (sky130_fd_sc_hd__buf_12)
                                         net1062 (net)
                  0.25    0.10    1.78 ^ wire1061/A (sky130_fd_sc_hd__clkbuf_16)
     1    0.14    0.13    0.25    2.03 ^ wire1061/X (sky130_fd_sc_hd__clkbuf_16)
                                         net1061 (net)
                  0.23    0.10    2.12 ^ _1940_/A (sky130_fd_sc_hd__buf_12)
     1    0.21    0.18    0.24    2.36 ^ _1940_/X (sky130_fd_sc_hd__buf_12)
                                         _0014_ (net)
                  0.44    0.20    2.56 ^ _2320_/D (sky130_fd_sc_hd__dfxtp_1)
                                  2.56   data arrival time

                  0.00    0.00    0.00   clock core_clock (rise edge)
                          0.00    0.00   clock network delay (ideal)
                          0.00    0.00   clock reconvergence pessimism
                                  0.00 ^ _2320_/CLK (sky130_fd_sc_hd__dfxtp_1)
                         -0.12   -0.12   library hold time
                                 -0.12   data required time
-----------------------------------------------------------------------------
                                 -0.12   data required time
                                 -2.56   data arrival time
-----------------------------------------------------------------------------
                                  2.68   slack (MET)


Startpoint: _2384_ (rising edge-triggered flip-flop clocked by core_clock)
Endpoint: _2384_ (rising edge-triggered flip-flop clocked by core_clock)
Path Group: core_clock
Path Type: min

Fanout     Cap    Slew   Delay    Time   Description
-----------------------------------------------------------------------------
                  0.00    0.00    0.00   clock core_clock (rise edge)
                          0.00    0.00   clock network delay (ideal)
                  0.00    0.00    0.00 ^ _2384_/CLK (sky130_fd_sc_hd__dfxtp_4)
     3    0.16    0.44    0.60    0.60 ^ _2384_/Q (sky130_fd_sc_hd__dfxtp_4)
                                         rf.registers[1][22] (net)
                  0.44    0.04    0.63 ^ wire1210/A (sky130_fd_sc_hd__buf_12)
     1    0.19    0.17    0.26    0.89 ^ wire1210/X (sky130_fd_sc_hd__buf_12)
                                         net1210 (net)
                  0.40    0.18    1.07 ^ _2145_/A0 (sky130_fd_sc_hd__mux2_8)
     1    0.16    0.24    0.39    1.46 ^ _2145_/X (sky130_fd_sc_hd__mux2_8)
                                         _0532_ (net)
                  0.36    0.13    1.59 ^ _2146_/A (sky130_fd_sc_hd__buf_12)
     1    0.22    0.19    0.25    1.84 ^ _2146_/X (sky130_fd_sc_hd__buf_12)
                                         _0150_ (net)
                  0.50    0.23    2.07 ^ wire814/A (sky130_fd_sc_hd__clkbuf_16)
     1    0.20    0.16    0.32    2.40 ^ wire814/X (sky130_fd_sc_hd__clkbuf_16)
                                         net814 (net)
                  0.39    0.18    2.58 ^ _2384_/D (sky130_fd_sc_hd__dfxtp_4)
                                  2.58   data arrival time

                  0.00    0.00    0.00   clock core_clock (rise edge)
                          0.00    0.00   clock network delay (ideal)
                          0.00    0.00   clock reconvergence pessimism
                                  0.00 ^ _2384_/CLK (sky130_fd_sc_hd__dfxtp_4)
                         -0.11   -0.11   library hold time
                                 -0.11   data required time
-----------------------------------------------------------------------------
                                 -0.11   data required time
                                 -2.58   data arrival time
-----------------------------------------------------------------------------
                                  2.69   slack (MET)


Startpoint: _2388_ (rising edge-triggered flip-flop clocked by core_clock)
Endpoint: _2388_ (rising edge-triggered flip-flop clocked by core_clock)
Path Group: core_clock
Path Type: min

Fanout     Cap    Slew   Delay    Time   Description
-----------------------------------------------------------------------------
                  0.00    0.00    0.00   clock core_clock (rise edge)
                          0.00    0.00   clock network delay (ideal)
                  0.00    0.00    0.00 ^ _2388_/CLK (sky130_fd_sc_hd__dfxtp_1)
     1    0.01    0.10    0.33    0.33 ^ _2388_/Q (sky130_fd_sc_hd__dfxtp_1)
                                         rf.registers[1][26] (net)
                  0.10    0.00    0.33 ^ wire1206/A (sky130_fd_sc_hd__buf_12)
     2    0.18    0.18    0.18    0.51 ^ wire1206/X (sky130_fd_sc_hd__buf_12)
                                         net1206 (net)
                  0.21    0.05    0.57 ^ max_cap1205/A (sky130_fd_sc_hd__buf_12)
     2    0.16    0.16    0.20    0.76 ^ max_cap1205/X (sky130_fd_sc_hd__buf_12)
                                         net1205 (net)
                  0.29    0.12    0.89 ^ wire1204/A (sky130_fd_sc_hd__buf_12)
     1    0.23    0.19    0.25    1.14 ^ wire1204/X (sky130_fd_sc_hd__buf_12)
                                         net1204 (net)
                  0.54    0.25    1.39 ^ _2153_/A0 (sky130_fd_sc_hd__mux2_8)
     1    0.11    0.18    0.38    1.78 ^ _2153_/X (sky130_fd_sc_hd__mux2_8)
                                         _0536_ (net)
                  0.22    0.06    1.84 ^ wire872/A (sky130_fd_sc_hd__buf_12)
     1    0.23    0.19    0.24    2.08 ^ wire872/X (sky130_fd_sc_hd__buf_12)
                                         net872 (net)
                  0.54    0.25    2.34 ^ _2154_/A (sky130_fd_sc_hd__clkbuf_8)
     1    0.08    0.14    0.32    2.66 ^ _2154_/X (sky130_fd_sc_hd__clkbuf_8)
                                         _0154_ (net)
                  0.15    0.03    2.69 ^ _2388_/D (sky130_fd_sc_hd__dfxtp_1)
                                  2.69   data arrival time

                  0.00    0.00    0.00   clock core_clock (rise edge)
                          0.00    0.00   clock network delay (ideal)
                          0.00    0.00   clock reconvergence pessimism
                                  0.00 ^ _2388_/CLK (sky130_fd_sc_hd__dfxtp_1)
                         -0.06   -0.06   library hold time
                                 -0.06   data required time
-----------------------------------------------------------------------------
                                 -0.06   data required time
                                 -2.69   data arrival time
-----------------------------------------------------------------------------
                                  2.75   slack (MET)


Startpoint: _2361_ (rising edge-triggered flip-flop clocked by core_clock)
Endpoint: _2329_ (rising edge-triggered flip-flop clocked by core_clock)
Path Group: core_clock
Path Type: min

Fanout     Cap    Slew   Delay    Time   Description
-----------------------------------------------------------------------------
                  0.00    0.00    0.00   clock core_clock (rise edge)
                          0.00    0.00   clock network delay (ideal)
                  0.00    0.00    0.00 ^ _2361_/CLK (sky130_fd_sc_hd__dfxtp_1)
     1    0.01    0.10    0.33    0.33 ^ _2361_/Q (sky130_fd_sc_hd__dfxtp_1)
                                         rf.registers[0][31] (net)
                  0.10    0.00    0.33 ^ wire1243/A (sky130_fd_sc_hd__buf_12)
     3    0.19    0.17    0.17    0.50 ^ wire1243/X (sky130_fd_sc_hd__buf_12)
                                         net1243 (net)
                  0.27    0.09    0.59 ^ _1957_/A0 (sky130_fd_sc_hd__mux4_2)
     1    0.03    0.18    0.40    0.99 ^ _1957_/X (sky130_fd_sc_hd__mux4_2)
                                         _0431_ (net)
                  0.18    0.01    1.00 ^ wire1054/A (sky130_fd_sc_hd__buf_12)
     1    0.14    0.14    0.20    1.19 ^ wire1054/X (sky130_fd_sc_hd__buf_12)
                                         net1054 (net)
                  0.24    0.10    1.29 ^ wire1053/A (sky130_fd_sc_hd__buf_12)
     1    0.14    0.14    0.21    1.50 ^ wire1053/X (sky130_fd_sc_hd__buf_12)
                                         net1053 (net)
                  0.24    0.10    1.60 ^ wire1052/A (sky130_fd_sc_hd__clkbuf_16)
     1    0.14    0.13    0.25    1.85 ^ wire1052/X (sky130_fd_sc_hd__clkbuf_16)
                                         net1052 (net)
                  0.23    0.10    1.95 ^ _1958_/A (sky130_fd_sc_hd__buf_12)
     1    0.29    0.22    0.27    2.22 ^ _1958_/X (sky130_fd_sc_hd__buf_12)
                                         _0024_ (net)
                  0.79    0.38    2.60 ^ _2329_/D (sky130_fd_sc_hd__dfxtp_4)
                                  2.60   data arrival time

                  0.00    0.00    0.00   clock core_clock (rise edge)
                          0.00    0.00   clock network delay (ideal)
                          0.00    0.00   clock reconvergence pessimism
                                  0.00 ^ _2329_/CLK (sky130_fd_sc_hd__dfxtp_4)
                         -0.15   -0.15   library hold time
                                 -0.15   data required time
-----------------------------------------------------------------------------
                                 -0.15   data required time
                                 -2.60   data arrival time
-----------------------------------------------------------------------------
                                  2.75   slack (MET)


Startpoint: _2286_ (rising edge-triggered flip-flop clocked by core_clock)
Endpoint: _2318_ (rising edge-triggered flip-flop clocked by core_clock)
Path Group: core_clock
Path Type: min

Fanout     Cap    Slew   Delay    Time   Description
-----------------------------------------------------------------------------
                  0.00    0.00    0.00   clock core_clock (rise edge)
                          0.00    0.00   clock network delay (ideal)
                  0.00    0.00    0.00 ^ _2286_/CLK (sky130_fd_sc_hd__dfxtp_1)
     1    0.01    0.10    0.33    0.33 ^ _2286_/Q (sky130_fd_sc_hd__dfxtp_1)
                                         rf.registers[3][20] (net)
                  0.10    0.00    0.33 ^ wire1366/A (sky130_fd_sc_hd__buf_12)
     3    0.18    0.19    0.18    0.51 ^ wire1366/X (sky130_fd_sc_hd__buf_12)
                                         net1366 (net)
                  0.27    0.09    0.60 ^ _1935_/A3 (sky130_fd_sc_hd__mux4_2)
     1    0.14    0.68    0.72    1.33 ^ _1935_/X (sky130_fd_sc_hd__mux4_2)
                                         _0420_ (net)
                  0.70    0.10    1.43 ^ wire1064/A (sky130_fd_sc_hd__buf_12)
     1    0.14    0.15    0.26    1.69 ^ wire1064/X (sky130_fd_sc_hd__buf_12)
                                         net1064 (net)
                  0.25    0.10    1.78 ^ _1936_/A (sky130_fd_sc_hd__buf_12)
     1    0.34    0.25    0.29    2.07 ^ _1936_/X (sky130_fd_sc_hd__buf_12)
                                         _0012_ (net)
                  1.07    0.52    2.60 ^ _2318_/D (sky130_fd_sc_hd__dfxtp_2)
                                  2.60   data arrival time

                  0.00    0.00    0.00   clock core_clock (rise edge)
                          0.00    0.00   clock network delay (ideal)
                          0.00    0.00   clock reconvergence pessimism
                                  0.00 ^ _2318_/CLK (sky130_fd_sc_hd__dfxtp_2)
                         -0.16   -0.16   library hold time
                                 -0.16   data required time
-----------------------------------------------------------------------------
                                 -0.16   data required time
                                 -2.60   data arrival time
-----------------------------------------------------------------------------
                                  2.76   slack (MET)


Startpoint: _2423_ (rising edge-triggered flip-flop clocked by core_clock)
Endpoint: _2423_ (rising edge-triggered flip-flop clocked by core_clock)
Path Group: core_clock
Path Type: min

Fanout     Cap    Slew   Delay    Time   Description
-----------------------------------------------------------------------------
                  0.00    0.00    0.00   clock core_clock (rise edge)
                          0.00    0.00   clock network delay (ideal)
                  0.00    0.00    0.00 ^ _2423_/CLK (sky130_fd_sc_hd__dfxtp_4)
     1    0.11    0.32    0.50    0.50 ^ _2423_/Q (sky130_fd_sc_hd__dfxtp_4)
                                         rf.registers[2][29] (net)
                  0.35    0.07    0.57 ^ wire1151/A (sky130_fd_sc_hd__buf_12)
     3    0.24    0.18    0.22    0.80 ^ wire1151/X (sky130_fd_sc_hd__buf_12)
                                         net1151 (net)
                  0.58    0.27    1.07 ^ load_slew1150/A (sky130_fd_sc_hd__buf_12)
     1    0.16    0.15    0.26    1.32 ^ load_slew1150/X (sky130_fd_sc_hd__buf_12)
                                         net1150 (net)
                  0.28    0.12    1.44 ^ _2228_/A0 (sky130_fd_sc_hd__mux2_8)
     1    0.30    0.36    0.44    1.88 ^ _2228_/X (sky130_fd_sc_hd__mux2_8)
                                         _0576_ (net)
                  0.91    0.42    2.30 ^ _2229_/A (sky130_fd_sc_hd__buf_12)
     1    0.15    0.16    0.27    2.57 ^ _2229_/X (sky130_fd_sc_hd__buf_12)
                                         _0189_ (net)
                  0.28    0.11    2.68 ^ _2423_/D (sky130_fd_sc_hd__dfxtp_4)
                                  2.68   data arrival time

                  0.00    0.00    0.00   clock core_clock (rise edge)
                          0.00    0.00   clock network delay (ideal)
                          0.00    0.00   clock reconvergence pessimism
                                  0.00 ^ _2423_/CLK (sky130_fd_sc_hd__dfxtp_4)
                         -0.09   -0.09   library hold time
                                 -0.09   data required time
-----------------------------------------------------------------------------
                                 -0.09   data required time
                                 -2.68   data arrival time
-----------------------------------------------------------------------------
                                  2.77   slack (MET)


Startpoint: _2351_ (rising edge-triggered flip-flop clocked by core_clock)
Endpoint: _2351_ (rising edge-triggered flip-flop clocked by core_clock)
Path Group: core_clock
Path Type: min

Fanout     Cap    Slew   Delay    Time   Description
-----------------------------------------------------------------------------
                  0.00    0.00    0.00   clock core_clock (rise edge)
                          0.00    0.00   clock network delay (ideal)
                  0.00    0.00    0.00 ^ _2351_/CLK (sky130_fd_sc_hd__dfxtp_4)
     1    0.07    0.20    0.43    0.43 ^ _2351_/Q (sky130_fd_sc_hd__dfxtp_4)
                                         rf.registers[0][21] (net)
                  0.21    0.03    0.46 ^ wire1253/A (sky130_fd_sc_hd__buf_12)
     2    0.24    0.23    0.21    0.67 ^ wire1253/X (sky130_fd_sc_hd__buf_12)
                                         net1253 (net)
                  0.43    0.18    0.85 ^ wire1252/A (sky130_fd_sc_hd__buf_12)
     2    0.24    0.18    0.24    1.08 ^ wire1252/X (sky130_fd_sc_hd__buf_12)
                                         net1252 (net)
                  0.59    0.28    1.36 ^ _2074_/A1 (sky130_fd_sc_hd__mux2_8)
     1    0.21    0.29    0.46    1.82 ^ _2074_/X (sky130_fd_sc_hd__mux2_8)
                                         _0494_ (net)
                  0.53    0.22    2.03 ^ wire877/A (sky130_fd_sc_hd__clkbuf_16)
     1    0.18    0.16    0.33    2.36 ^ wire877/X (sky130_fd_sc_hd__clkbuf_16)
                                         net877 (net)
                  0.36    0.16    2.52 ^ _2075_/A (sky130_fd_sc_hd__clkbuf_4)
     1    0.04    0.12    0.28    2.81 ^ _2075_/X (sky130_fd_sc_hd__clkbuf_4)
                                         _0117_ (net)
                  0.12    0.01    2.81 ^ _2351_/D (sky130_fd_sc_hd__dfxtp_4)
                                  2.81   data arrival time

                  0.00    0.00    0.00   clock core_clock (rise edge)
                          0.00    0.00   clock network delay (ideal)
                          0.00    0.00   clock reconvergence pessimism
                                  0.00 ^ _2351_/CLK (sky130_fd_sc_hd__dfxtp_4)
                         -0.05   -0.05   library hold time
                                 -0.05   data required time
-----------------------------------------------------------------------------
                                 -0.05   data required time
                                 -2.81   data arrival time
-----------------------------------------------------------------------------
                                  2.87   slack (MET)


Startpoint: _2366_ (rising edge-triggered flip-flop clocked by core_clock)
Endpoint: _2302_ (rising edge-triggered flip-flop clocked by core_clock)
Path Group: core_clock
Path Type: min

Fanout     Cap    Slew   Delay    Time   Description
-----------------------------------------------------------------------------
                  0.00    0.00    0.00   clock core_clock (rise edge)
                          0.00    0.00   clock network delay (ideal)
                  0.00    0.00    0.00 ^ _2366_/CLK (sky130_fd_sc_hd__dfxtp_4)
     2    0.07    0.20    0.44    0.44 ^ _2366_/Q (sky130_fd_sc_hd__dfxtp_4)
                                         rf.registers[1][4] (net)
                  0.20    0.02    0.46 ^ wire1233/A (sky130_fd_sc_hd__buf_12)
     2    0.24    0.18    0.21    0.66 ^ wire1233/X (sky130_fd_sc_hd__buf_12)
                                         net1233 (net)
                  0.40    0.16    0.83 ^ _1899_/A1 (sky130_fd_sc_hd__mux4_2)
     1    0.12    0.61    0.72    1.55 ^ _1899_/X (sky130_fd_sc_hd__mux4_2)
                                         _0400_ (net)
                  0.63    0.08    1.63 ^ wire1074/A (sky130_fd_sc_hd__buf_12)
     1    0.14    0.15    0.26    1.89 ^ wire1074/X (sky130_fd_sc_hd__buf_12)
                                         net1074 (net)
                  0.25    0.10    1.98 ^ _1900_/A (sky130_fd_sc_hd__buf_12)
     1    0.20    0.17    0.23    2.22 ^ _1900_/X (sky130_fd_sc_hd__buf_12)
                                         _0026_ (net)
                  0.41    0.18    2.40 ^ wire984/A (sky130_fd_sc_hd__buf_12)
     1    0.17    0.16    0.24    2.64 ^ wire984/X (sky130_fd_sc_hd__buf_12)
                                         net984 (net)
                  0.32    0.14    2.78 ^ _2302_/D (sky130_fd_sc_hd__dfxtp_1)
                                  2.78   data arrival time

                  0.00    0.00    0.00   clock core_clock (rise edge)
                          0.00    0.00   clock network delay (ideal)
                          0.00    0.00   clock reconvergence pessimism
                                  0.00 ^ _2302_/CLK (sky130_fd_sc_hd__dfxtp_1)
                         -0.10   -0.10   library hold time
                                 -0.10   data required time
-----------------------------------------------------------------------------
                                 -0.10   data required time
                                 -2.78   data arrival time
-----------------------------------------------------------------------------
                                  2.88   slack (MET)


Startpoint: _2362_ (rising edge-triggered flip-flop clocked by core_clock)
Endpoint: _2298_ (rising edge-triggered flip-flop clocked by core_clock)
Path Group: core_clock
Path Type: min

Fanout     Cap    Slew   Delay    Time   Description
-----------------------------------------------------------------------------
                  0.00    0.00    0.00   clock core_clock (rise edge)
                          0.00    0.00   clock network delay (ideal)
                  0.00    0.00    0.00 ^ _2362_/CLK (sky130_fd_sc_hd__dfxtp_1)
     1    0.01    0.10    0.33    0.33 ^ _2362_/Q (sky130_fd_sc_hd__dfxtp_1)
                                         rf.registers[1][0] (net)
                  0.10    0.00    0.33 ^ wire1241/A (sky130_fd_sc_hd__buf_12)
     3    0.19    0.17    0.18    0.51 ^ wire1241/X (sky130_fd_sc_hd__buf_12)
                                         net1241 (net)
                  0.34    0.14    0.65 ^ load_slew1240/A (sky130_fd_sc_hd__buf_12)
     1    0.12    0.13    0.22    0.86 ^ load_slew1240/X (sky130_fd_sc_hd__buf_12)
                                         net1240 (net)
                  0.19    0.07    0.93 ^ _1891_/A1 (sky130_fd_sc_hd__mux4_2)
     1    0.12    0.61    0.67    1.61 ^ _1891_/X (sky130_fd_sc_hd__mux4_2)
                                         _0396_ (net)
                  0.63    0.08    1.69 ^ wire1080/A (sky130_fd_sc_hd__buf_12)
     1    0.14    0.15    0.26    1.95 ^ wire1080/X (sky130_fd_sc_hd__buf_12)
                                         net1080 (net)
                  0.25    0.10    2.04 ^ wire1079/A (sky130_fd_sc_hd__clkbuf_16)
     1    0.14    0.13    0.25    2.29 ^ wire1079/X (sky130_fd_sc_hd__clkbuf_16)
                                         net1079 (net)
                  0.23    0.10    2.39 ^ _1892_/A (sky130_fd_sc_hd__buf_12)
     1    0.19    0.17    0.23    2.62 ^ _1892_/X (sky130_fd_sc_hd__buf_12)
                                         _0000_ (net)
                  0.39    0.17    2.79 ^ _2298_/D (sky130_fd_sc_hd__dfxtp_1)
                                  2.79   data arrival time

                  0.00    0.00    0.00   clock core_clock (rise edge)
                          0.00    0.00   clock network delay (ideal)
                          0.00    0.00   clock reconvergence pessimism
                                  0.00 ^ _2298_/CLK (sky130_fd_sc_hd__dfxtp_1)
                         -0.11   -0.11   library hold time
                                 -0.11   data required time
-----------------------------------------------------------------------------
                                 -0.11   data required time
                                 -2.79   data arrival time
-----------------------------------------------------------------------------
                                  2.90   slack (MET)


Startpoint: _2390_ (rising edge-triggered flip-flop clocked by core_clock)
Endpoint: _2262_ (rising edge-triggered flip-flop clocked by core_clock)
Path Group: core_clock
Path Type: min

Fanout     Cap    Slew   Delay    Time   Description
-----------------------------------------------------------------------------
                  0.00    0.00    0.00   clock core_clock (rise edge)
                          0.00    0.00   clock network delay (ideal)
                  0.00    0.00    0.00 ^ _2390_/CLK (sky130_fd_sc_hd__dfxtp_1)
     1    0.01    0.10    0.33    0.33 ^ _2390_/Q (sky130_fd_sc_hd__dfxtp_1)
                                         rf.registers[1][28] (net)
                  0.10    0.00    0.33 ^ wire1202/A (sky130_fd_sc_hd__buf_12)
     3    0.19    0.19    0.19    0.52 ^ wire1202/X (sky130_fd_sc_hd__buf_12)
                                         net1202 (net)
                  0.34    0.14    0.66 ^ _1881_/A1 (sky130_fd_sc_hd__mux4_2)
     1    0.14    0.71    0.77    1.42 ^ _1881_/X (sky130_fd_sc_hd__mux4_2)
                                         _0390_ (net)
                  0.74    0.11    1.53 ^ wire1084/A (sky130_fd_sc_hd__buf_12)
     1    0.14    0.15    0.26    1.79 ^ wire1084/X (sky130_fd_sc_hd__buf_12)
                                         net1084 (net)
                  0.25    0.10    1.89 ^ wire1083/A (sky130_fd_sc_hd__clkbuf_16)
     1    0.14    0.13    0.25    2.14 ^ wire1083/X (sky130_fd_sc_hd__clkbuf_16)
                                         net1083 (net)
                  0.23    0.10    2.24 ^ _1882_/A (sky130_fd_sc_hd__buf_12)
     1    0.25    0.20    0.25    2.49 ^ _1882_/X (sky130_fd_sc_hd__buf_12)
                                         _0052_ (net)
                  0.60    0.28    2.77 ^ _2262_/D (sky130_fd_sc_hd__dfxtp_4)
                                  2.77   data arrival time

                  0.00    0.00    0.00   clock core_clock (rise edge)
                          0.00    0.00   clock network delay (ideal)
                          0.00    0.00   clock reconvergence pessimism
                                  0.00 ^ _2262_/CLK (sky130_fd_sc_hd__dfxtp_4)
                         -0.14   -0.14   library hold time
                                 -0.14   data required time
-----------------------------------------------------------------------------
                                 -0.14   data required time
                                 -2.77   data arrival time
-----------------------------------------------------------------------------
                                  2.91   slack (MET)


Startpoint: _2278_ (rising edge-triggered flip-flop clocked by core_clock)
Endpoint: _2278_ (rising edge-triggered flip-flop clocked by core_clock)
Path Group: core_clock
Path Type: min

Fanout     Cap    Slew   Delay    Time   Description
-----------------------------------------------------------------------------
                  0.00    0.00    0.00   clock core_clock (rise edge)
                          0.00    0.00   clock network delay (ideal)
                  0.00    0.00    0.00 ^ _2278_/CLK (sky130_fd_sc_hd__dfxtp_4)
     2    0.10    0.27    0.48    0.48 ^ _2278_/Q (sky130_fd_sc_hd__dfxtp_4)
                                         rf.registers[3][12] (net)
                  0.27    0.00    0.48 ^ load_slew1380/A (sky130_fd_sc_hd__buf_12)
     2    0.12    0.13    0.20    0.68 ^ load_slew1380/X (sky130_fd_sc_hd__buf_12)
                                         net1380 (net)
                  0.17    0.05    0.74 ^ wire1379/A (sky130_fd_sc_hd__buf_12)
     1    0.20    0.18    0.22    0.96 ^ wire1379/X (sky130_fd_sc_hd__buf_12)
                                         net1379 (net)
                  0.42    0.19    1.15 ^ _1986_/A0 (sky130_fd_sc_hd__mux2_8)
     1    0.24    0.32    0.44    1.59 ^ _1986_/X (sky130_fd_sc_hd__mux2_8)
                                         _0447_ (net)
                  0.67    0.29    1.88 ^ _1987_/A (sky130_fd_sc_hd__buf_12)
     1    0.21    0.19    0.28    2.16 ^ _1987_/X (sky130_fd_sc_hd__buf_12)
                                         _0076_ (net)
                  0.47    0.22    2.38 ^ wire878/A (sky130_fd_sc_hd__clkbuf_16)
     1    0.19    0.16    0.32    2.69 ^ wire878/X (sky130_fd_sc_hd__clkbuf_16)
                                         net878 (net)
                  0.36    0.16    2.86 ^ _2278_/D (sky130_fd_sc_hd__dfxtp_4)
                                  2.86   data arrival time

                  0.00    0.00    0.00   clock core_clock (rise edge)
                          0.00    0.00   clock network delay (ideal)
                          0.00    0.00   clock reconvergence pessimism
                                  0.00 ^ _2278_/CLK (sky130_fd_sc_hd__dfxtp_4)
                         -0.10   -0.10   library hold time
                                 -0.10   data required time
-----------------------------------------------------------------------------
                                 -0.10   data required time
                                 -2.86   data arrival time
-----------------------------------------------------------------------------
                                  2.96   slack (MET)


Startpoint: _2390_ (rising edge-triggered flip-flop clocked by core_clock)
Endpoint: _2390_ (rising edge-triggered flip-flop clocked by core_clock)
Path Group: core_clock
Path Type: min

Fanout     Cap    Slew   Delay    Time   Description
-----------------------------------------------------------------------------
                  0.00    0.00    0.00   clock core_clock (rise edge)
                          0.00    0.00   clock network delay (ideal)
                  0.00    0.00    0.00 ^ _2390_/CLK (sky130_fd_sc_hd__dfxtp_1)
     1    0.01    0.10    0.33    0.33 ^ _2390_/Q (sky130_fd_sc_hd__dfxtp_1)
                                         rf.registers[1][28] (net)
                  0.10    0.00    0.33 ^ wire1202/A (sky130_fd_sc_hd__buf_12)
     3    0.19    0.19    0.19    0.52 ^ wire1202/X (sky130_fd_sc_hd__buf_12)
                                         net1202 (net)
                  0.23    0.06    0.57 ^ wire1200/A (sky130_fd_sc_hd__buf_12)
     1    0.23    0.19    0.25    0.82 ^ wire1200/X (sky130_fd_sc_hd__buf_12)
                                         net1200 (net)
                  0.54    0.25    1.07 ^ _2157_/A0 (sky130_fd_sc_hd__mux2_8)
     1    0.29    0.36    0.49    1.57 ^ _2157_/X (sky130_fd_sc_hd__mux2_8)
                                         _0538_ (net)
                  0.90    0.41    1.97 ^ _2158_/A (sky130_fd_sc_hd__clkbuf_16)
     1    0.13    0.13    0.35    2.32 ^ _2158_/X (sky130_fd_sc_hd__clkbuf_16)
                                         _0156_ (net)
                  0.21    0.08    2.40 ^ wire813/A (sky130_fd_sc_hd__buf_12)
     1    0.23    0.19    0.24    2.65 ^ wire813/X (sky130_fd_sc_hd__buf_12)
                                         net813 (net)
                  0.54    0.25    2.90 ^ _2390_/D (sky130_fd_sc_hd__dfxtp_1)
                                  2.90   data arrival time

                  0.00    0.00    0.00   clock core_clock (rise edge)
                          0.00    0.00   clock network delay (ideal)
                          0.00    0.00   clock reconvergence pessimism
                                  0.00 ^ _2390_/CLK (sky130_fd_sc_hd__dfxtp_1)
                         -0.14   -0.14   library hold time
                                 -0.14   data required time
-----------------------------------------------------------------------------
                                 -0.14   data required time
                                 -2.90   data arrival time
-----------------------------------------------------------------------------
                                  3.03   slack (MET)


Startpoint: _2282_ (rising edge-triggered flip-flop clocked by core_clock)
Endpoint: _2282_ (rising edge-triggered flip-flop clocked by core_clock)
Path Group: core_clock
Path Type: min

Fanout     Cap    Slew   Delay    Time   Description
-----------------------------------------------------------------------------
                  0.00    0.00    0.00   clock core_clock (rise edge)
                          0.00    0.00   clock network delay (ideal)
                  0.00    0.00    0.00 ^ _2282_/CLK (sky130_fd_sc_hd__dfxtp_1)
     1    0.01    0.10    0.33    0.33 ^ _2282_/Q (sky130_fd_sc_hd__dfxtp_1)
                                         rf.registers[3][16] (net)
                  0.10    0.00    0.33 ^ wire1373/A (sky130_fd_sc_hd__buf_12)
     3    0.22    0.18    0.18    0.51 ^ wire1373/X (sky130_fd_sc_hd__buf_12)
                                         net1373 (net)
                  0.52    0.24    0.75 ^ load_slew1372/A (sky130_fd_sc_hd__buf_12)
     1    0.16    0.16    0.25    1.00 ^ load_slew1372/X (sky130_fd_sc_hd__buf_12)
                                         net1372 (net)
                  0.30    0.12    1.12 ^ _1994_/A0 (sky130_fd_sc_hd__mux2_2)
     1    0.03    0.14    0.30    1.42 ^ _1994_/X (sky130_fd_sc_hd__mux2_2)
                                         _0451_ (net)
                  0.14    0.00    1.43 ^ wire982/A (sky130_fd_sc_hd__buf_12)
     1    0.23    0.19    0.22    1.65 ^ wire982/X (sky130_fd_sc_hd__buf_12)
                                         net982 (net)
                  0.55    0.26    1.91 ^ wire981/A (sky130_fd_sc_hd__clkbuf_16)
     1    0.23    0.17    0.34    2.25 ^ wire981/X (sky130_fd_sc_hd__clkbuf_16)
                                         net981 (net)
                  0.51    0.24    2.49 ^ _1995_/A (sky130_fd_sc_hd__buf_12)
     1    0.19    0.17    0.26    2.75 ^ _1995_/X (sky130_fd_sc_hd__buf_12)
                                         _0080_ (net)
                  0.38    0.17    2.92 ^ _2282_/D (sky130_fd_sc_hd__dfxtp_1)
                                  2.92   data arrival time

                  0.00    0.00    0.00   clock core_clock (rise edge)
                          0.00    0.00   clock network delay (ideal)
                          0.00    0.00   clock reconvergence pessimism
                                  0.00 ^ _2282_/CLK (sky130_fd_sc_hd__dfxtp_1)
                         -0.11   -0.11   library hold time
                                 -0.11   data required time
-----------------------------------------------------------------------------
                                 -0.11   data required time
                                 -2.92   data arrival time
-----------------------------------------------------------------------------
                                  3.03   slack (MET)


Startpoint: _2397_ (rising edge-triggered flip-flop clocked by core_clock)
Endpoint: _2397_ (rising edge-triggered flip-flop clocked by core_clock)
Path Group: core_clock
Path Type: min

Fanout     Cap    Slew   Delay    Time   Description
-----------------------------------------------------------------------------
                  0.00    0.00    0.00   clock core_clock (rise edge)
                          0.00    0.00   clock network delay (ideal)
                  0.00    0.00    0.00 ^ _2397_/CLK (sky130_fd_sc_hd__dfxtp_4)
     2    0.05    0.16    0.41    0.41 ^ _2397_/Q (sky130_fd_sc_hd__dfxtp_4)
                                         rf.registers[2][3] (net)
                  0.16    0.01    0.42 ^ wire1188/A (sky130_fd_sc_hd__buf_12)
     2    0.24    0.17    0.20    0.62 ^ wire1188/X (sky130_fd_sc_hd__buf_12)
                                         net1188 (net)
                  0.58    0.27    0.89 ^ _2174_/A0 (sky130_fd_sc_hd__mux2_4)
     1    0.05    0.14    0.35    1.25 ^ _2174_/X (sky130_fd_sc_hd__mux2_4)
                                         _0548_ (net)
                  0.15    0.01    1.26 ^ wire871/A (sky130_fd_sc_hd__buf_12)
     1    0.23    0.19    0.22    1.48 ^ wire871/X (sky130_fd_sc_hd__buf_12)
                                         net871 (net)
                  0.55    0.26    1.74 ^ wire870/A (sky130_fd_sc_hd__clkbuf_16)
     1    0.25    0.18    0.35    2.08 ^ wire870/X (sky130_fd_sc_hd__clkbuf_16)
                                         net870 (net)
                  0.59    0.28    2.36 ^ _2175_/A (sky130_fd_sc_hd__buf_12)
     1    0.23    0.20    0.29    2.65 ^ _2175_/X (sky130_fd_sc_hd__buf_12)
                                         _0163_ (net)
                  0.55    0.26    2.91 ^ _2397_/D (sky130_fd_sc_hd__dfxtp_4)
                                  2.91   data arrival time

                  0.00    0.00    0.00   clock core_clock (rise edge)
                          0.00    0.00   clock network delay (ideal)
                          0.00    0.00   clock reconvergence pessimism
                                  0.00 ^ _2397_/CLK (sky130_fd_sc_hd__dfxtp_4)
                         -0.14   -0.14   library hold time
                                 -0.14   data required time
-----------------------------------------------------------------------------
                                 -0.14   data required time
                                 -2.91   data arrival time
-----------------------------------------------------------------------------
                                  3.04   slack (MET)



worst slack corner Typical: 1.0246
min_report_end
max_report

===========================================================================
report_checks -path_delay max (Setup)
============================================================================
======================= Typical Corner ===================================

Startpoint: _2294_ (rising edge-triggered flip-flop clocked by core_clock)
Endpoint: _2262_ (rising edge-triggered flip-flop clocked by core_clock)
Path Group: core_clock
Path Type: max

Fanout     Cap    Slew   Delay    Time   Description
-----------------------------------------------------------------------------
                  0.00    0.00    0.00   clock core_clock (rise edge)
                          0.00    0.00   clock network delay (ideal)
                  0.00    0.00    0.00 ^ _2294_/CLK (sky130_fd_sc_hd__dfxtp_1)
     1    0.01    0.05    0.30    0.30 v _2294_/Q (sky130_fd_sc_hd__dfxtp_1)
                                         rf.registers[3][28] (net)
                  0.05    0.00    0.30 v wire1357/A (sky130_fd_sc_hd__buf_12)
     3    0.20    0.06    0.15    0.46 v wire1357/X (sky130_fd_sc_hd__buf_12)
                                         net1357 (net)
                  0.33    0.16    0.61 v wire1356/A (sky130_fd_sc_hd__buf_12)
     1    0.18    0.07    0.29    0.90 v wire1356/X (sky130_fd_sc_hd__buf_12)
                                         net1356 (net)
                  0.31    0.15    1.05 v _1881_/A3 (sky130_fd_sc_hd__mux4_2)
     1    0.14    0.38    0.87    1.92 v _1881_/X (sky130_fd_sc_hd__mux4_2)
                                         _0390_ (net)
                  0.43    0.11    2.03 v wire1084/A (sky130_fd_sc_hd__buf_12)
     1    0.14    0.07    0.32    2.34 v wire1084/X (sky130_fd_sc_hd__buf_12)
                                         net1084 (net)
                  0.19    0.09    2.43 v wire1083/A (sky130_fd_sc_hd__clkbuf_16)
     1    0.14    0.08    0.25    2.69 v wire1083/X (sky130_fd_sc_hd__clkbuf_16)
                                         net1083 (net)
                  0.20    0.09    2.78 v _1882_/A (sky130_fd_sc_hd__buf_12)
     1    0.25    0.08    0.25    3.02 v _1882_/X (sky130_fd_sc_hd__buf_12)
                                         _0052_ (net)
                  0.52    0.26    3.28 v _2262_/D (sky130_fd_sc_hd__dfxtp_4)
                                  3.28   data arrival time

                  0.00   10.00   10.00   clock core_clock (rise edge)
                          0.00   10.00   clock network delay (ideal)
                          0.00   10.00   clock reconvergence pessimism
                                 10.00 ^ _2262_/CLK (sky130_fd_sc_hd__dfxtp_4)
                         -0.33    9.67   library setup time
                                  9.67   data required time
-----------------------------------------------------------------------------
                                  9.67   data required time
                                 -3.28   data arrival time
-----------------------------------------------------------------------------
                                  6.39   slack (MET)


Startpoint: _2392_ (rising edge-triggered flip-flop clocked by core_clock)
Endpoint: _2264_ (rising edge-triggered flip-flop clocked by core_clock)
Path Group: core_clock
Path Type: max

Fanout     Cap    Slew   Delay    Time   Description
-----------------------------------------------------------------------------
                  0.00    0.00    0.00   clock core_clock (rise edge)
                          0.00    0.00   clock network delay (ideal)
                  0.00    0.00    0.00 ^ _2392_/CLK (sky130_fd_sc_hd__dfxtp_4)
     1    0.09    0.12    0.40    0.40 v _2392_/Q (sky130_fd_sc_hd__dfxtp_4)
                                         rf.registers[1][30] (net)
                  0.15    0.04    0.44 v wire1198/A (sky130_fd_sc_hd__buf_12)
     2    0.24    0.07    0.21    0.65 v wire1198/X (sky130_fd_sc_hd__buf_12)
                                         net1198 (net)
                  0.47    0.23    0.88 v load_slew1197/A (sky130_fd_sc_hd__buf_12)
     2    0.15    0.07    0.32    1.21 v load_slew1197/X (sky130_fd_sc_hd__buf_12)
                                         net1197 (net)
                  0.22    0.10    1.31 v _1885_/A1 (sky130_fd_sc_hd__mux4_2)
     1    0.06    0.22    0.68    1.99 v _1885_/X (sky130_fd_sc_hd__mux4_2)
                                         _0392_ (net)
                  0.22    0.02    2.01 v wire1081/A (sky130_fd_sc_hd__buf_12)
     1    0.14    0.06    0.24    2.25 v wire1081/X (sky130_fd_sc_hd__buf_12)
                                         net1081 (net)
                  0.19    0.09    2.34 v _1886_/A (sky130_fd_sc_hd__buf_12)
     1    0.32    0.10    0.26    2.60 v _1886_/X (sky130_fd_sc_hd__buf_12)
                                         _0055_ (net)
                  0.86    0.43    3.03 v _2264_/D (sky130_fd_sc_hd__dfxtp_4)
                                  3.03   data arrival time

                  0.00   10.00   10.00   clock core_clock (rise edge)
                          0.00   10.00   clock network delay (ideal)
                          0.00   10.00   clock reconvergence pessimism
                                 10.00 ^ _2264_/CLK (sky130_fd_sc_hd__dfxtp_4)
                         -0.43    9.57   library setup time
                                  9.57   data required time
-----------------------------------------------------------------------------
                                  9.57   data required time
                                 -3.03   data arrival time
-----------------------------------------------------------------------------
                                  6.55   slack (MET)


Startpoint: _2382_ (rising edge-triggered flip-flop clocked by core_clock)
Endpoint: _2254_ (rising edge-triggered flip-flop clocked by core_clock)
Path Group: core_clock
Path Type: max

Fanout     Cap    Slew   Delay    Time   Description
-----------------------------------------------------------------------------
                  0.00    0.00    0.00   clock core_clock (rise edge)
                          0.00    0.00   clock network delay (ideal)
                  0.00    0.00    0.00 ^ _2382_/CLK (sky130_fd_sc_hd__dfxtp_1)
     1    0.01    0.05    0.30    0.30 v _2382_/Q (sky130_fd_sc_hd__dfxtp_1)
                                         rf.registers[1][20] (net)
                  0.05    0.00    0.30 v wire1214/A (sky130_fd_sc_hd__buf_12)
     2    0.21    0.07    0.17    0.47 v wire1214/X (sky130_fd_sc_hd__buf_12)
                                         net1214 (net)
                  0.39    0.19    0.66 v wire1213/A (sky130_fd_sc_hd__buf_12)
     2    0.23    0.07    0.30    0.96 v wire1213/X (sky130_fd_sc_hd__buf_12)
                                         net1213 (net)
                  0.47    0.23    1.20 v _1865_/A1 (sky130_fd_sc_hd__mux4_2)
     1    0.13    0.35    0.88    2.08 v _1865_/X (sky130_fd_sc_hd__mux4_2)
                                         _0382_ (net)
                  0.39    0.09    2.17 v wire1088/A (sky130_fd_sc_hd__buf_12)
     1    0.14    0.07    0.30    2.47 v wire1088/X (sky130_fd_sc_hd__buf_12)
                                         net1088 (net)
                  0.19    0.09    2.56 v wire1087/A (sky130_fd_sc_hd__clkbuf_16)
     1    0.14    0.08    0.25    2.81 v wire1087/X (sky130_fd_sc_hd__clkbuf_16)
                                         net1087 (net)
                  0.20    0.09    2.90 v _1866_/A (sky130_fd_sc_hd__buf_12)
     1    0.16    0.07    0.23    3.13 v _1866_/X (sky130_fd_sc_hd__buf_12)
                                         _0044_ (net)
                  0.23    0.11    3.24 v _2254_/D (sky130_fd_sc_hd__dfxtp_4)
                                  3.24   data arrival time

                  0.00   10.00   10.00   clock core_clock (rise edge)
                          0.00   10.00   clock network delay (ideal)
                          0.00   10.00   clock reconvergence pessimism
                                 10.00 ^ _2254_/CLK (sky130_fd_sc_hd__dfxtp_4)
                         -0.20    9.80   library setup time
                                  9.80   data required time
-----------------------------------------------------------------------------
                                  9.80   data required time
                                 -3.24   data arrival time
-----------------------------------------------------------------------------
                                  6.55   slack (MET)


Startpoint: _2350_ (rising edge-triggered flip-flop clocked by core_clock)
Endpoint: _2318_ (rising edge-triggered flip-flop clocked by core_clock)
Path Group: core_clock
Path Type: max

Fanout     Cap    Slew   Delay    Time   Description
-----------------------------------------------------------------------------
                  0.00    0.00    0.00   clock core_clock (rise edge)
                          0.00    0.00   clock network delay (ideal)
                  0.00    0.00    0.00 ^ _2350_/CLK (sky130_fd_sc_hd__dfxtp_1)
     1    0.01    0.05    0.30    0.30 v _2350_/Q (sky130_fd_sc_hd__dfxtp_1)
                                         rf.registers[0][20] (net)
                  0.05    0.00    0.30 v wire1255/A (sky130_fd_sc_hd__buf_12)
     2    0.19    0.06    0.16    0.46 v wire1255/X (sky130_fd_sc_hd__buf_12)
                                         net1255 (net)
                  0.15    0.06    0.52 v wire1254/A (sky130_fd_sc_hd__buf_12)
     2    0.24    0.06    0.20    0.72 v wire1254/X (sky130_fd_sc_hd__buf_12)
                                         net1254 (net)
                  0.32    0.15    0.87 v _1935_/A0 (sky130_fd_sc_hd__mux4_2)
     1    0.13    0.37    0.85    1.73 v _1935_/X (sky130_fd_sc_hd__mux4_2)
                                         _0420_ (net)
                  0.41    0.10    1.82 v wire1064/A (sky130_fd_sc_hd__buf_12)
     1    0.14    0.07    0.31    2.13 v wire1064/X (sky130_fd_sc_hd__buf_12)
                                         net1064 (net)
                  0.19    0.09    2.22 v _1936_/A (sky130_fd_sc_hd__buf_12)
     1    0.34    0.10    0.26    2.48 v _1936_/X (sky130_fd_sc_hd__buf_12)
                                         _0012_ (net)
                  0.98    0.49    2.97 v _2318_/D (sky130_fd_sc_hd__dfxtp_2)
                                  2.97   data arrival time

                  0.00   10.00   10.00   clock core_clock (rise edge)
                          0.00   10.00   clock network delay (ideal)
                          0.00   10.00   clock reconvergence pessimism
                                 10.00 ^ _2318_/CLK (sky130_fd_sc_hd__dfxtp_2)
                         -0.47    9.53   library setup time
                                  9.53   data required time
-----------------------------------------------------------------------------
                                  9.53   data required time
                                 -2.97   data arrival time
-----------------------------------------------------------------------------
                                  6.56   slack (MET)


Startpoint: _2372_ (rising edge-triggered flip-flop clocked by core_clock)
Endpoint: _2308_ (rising edge-triggered flip-flop clocked by core_clock)
Path Group: core_clock
Path Type: max

Fanout     Cap    Slew   Delay    Time   Description
-----------------------------------------------------------------------------
                  0.00    0.00    0.00   clock core_clock (rise edge)
                          0.00    0.00   clock network delay (ideal)
                  0.00    0.00    0.00 ^ _2372_/CLK (sky130_fd_sc_hd__dfxtp_4)
     1    0.05    0.09    0.37    0.37 v _2372_/Q (sky130_fd_sc_hd__dfxtp_4)
                                         rf.registers[1][10] (net)
                  0.09    0.01    0.39 v wire1228/A (sky130_fd_sc_hd__buf_12)
     2    0.23    0.08    0.19    0.58 v wire1228/X (sky130_fd_sc_hd__buf_12)
                                         net1228 (net)
                  0.48    0.24    0.82 v wire1227/A (sky130_fd_sc_hd__buf_12)
     2    0.23    0.07    0.33    1.15 v wire1227/X (sky130_fd_sc_hd__buf_12)
                                         net1227 (net)
                  0.39    0.19    1.33 v _1913_/A1 (sky130_fd_sc_hd__mux4_2)
     1    0.05    0.19    0.71    2.04 v _1913_/X (sky130_fd_sc_hd__mux4_2)
                                         _0408_ (net)
                  0.19    0.01    2.06 v wire1070/A (sky130_fd_sc_hd__buf_12)
     1    0.14    0.06    0.22    2.28 v wire1070/X (sky130_fd_sc_hd__buf_12)
                                         net1070 (net)
                  0.19    0.09    2.37 v _1914_/A (sky130_fd_sc_hd__buf_12)
     1    0.31    0.09    0.25    2.62 v _1914_/X (sky130_fd_sc_hd__buf_12)
                                         _0001_ (net)
                  0.79    0.40    3.02 v _2308_/D (sky130_fd_sc_hd__dfxtp_4)
                                  3.02   data arrival time

                  0.00   10.00   10.00   clock core_clock (rise edge)
                          0.00   10.00   clock network delay (ideal)
                          0.00   10.00   clock reconvergence pessimism
                                 10.00 ^ _2308_/CLK (sky130_fd_sc_hd__dfxtp_4)
                         -0.41    9.59   library setup time
                                  9.59   data required time
-----------------------------------------------------------------------------
                                  9.59   data required time
                                 -3.02   data arrival time
-----------------------------------------------------------------------------
                                  6.58   slack (MET)


Startpoint: _2266_ (rising edge-triggered flip-flop clocked by core_clock)
Endpoint: _2298_ (rising edge-triggered flip-flop clocked by core_clock)
Path Group: core_clock
Path Type: max

Fanout     Cap    Slew   Delay    Time   Description
-----------------------------------------------------------------------------
                  0.00    0.00    0.00   clock core_clock (rise edge)
                          0.00    0.00   clock network delay (ideal)
                  0.00    0.00    0.00 ^ _2266_/CLK (sky130_fd_sc_hd__dfxtp_1)
     1    0.01    0.05    0.30    0.30 v _2266_/Q (sky130_fd_sc_hd__dfxtp_1)
                                         rf.registers[3][0] (net)
                  0.05    0.00    0.30 v wire1396/A (sky130_fd_sc_hd__buf_12)
     2    0.18    0.07    0.17    0.47 v wire1396/X (sky130_fd_sc_hd__buf_12)
                                         net1396 (net)
                  0.31    0.15    0.62 v wire1395/A (sky130_fd_sc_hd__buf_12)
     2    0.21    0.06    0.27    0.89 v wire1395/X (sky130_fd_sc_hd__buf_12)
                                         net1395 (net)
                  0.39    0.19    1.08 v _1891_/A3 (sky130_fd_sc_hd__mux4_2)
     1    0.12    0.34    0.88    1.96 v _1891_/X (sky130_fd_sc_hd__mux4_2)
                                         _0396_ (net)
                  0.37    0.08    2.04 v wire1080/A (sky130_fd_sc_hd__buf_12)
     1    0.14    0.07    0.29    2.33 v wire1080/X (sky130_fd_sc_hd__buf_12)
                                         net1080 (net)
                  0.19    0.09    2.42 v wire1079/A (sky130_fd_sc_hd__clkbuf_16)
     1    0.14    0.08    0.25    2.67 v wire1079/X (sky130_fd_sc_hd__clkbuf_16)
                                         net1079 (net)
                  0.20    0.09    2.77 v _1892_/A (sky130_fd_sc_hd__buf_12)
     1    0.19    0.07    0.24    3.00 v _1892_/X (sky130_fd_sc_hd__buf_12)
                                         _0000_ (net)
                  0.33    0.16    3.16 v _2298_/D (sky130_fd_sc_hd__dfxtp_1)
                                  3.16   data arrival time

                  0.00   10.00   10.00   clock core_clock (rise edge)
                          0.00   10.00   clock network delay (ideal)
                          0.00   10.00   clock reconvergence pessimism
                                 10.00 ^ _2298_/CLK (sky130_fd_sc_hd__dfxtp_1)
                         -0.24    9.76   library setup time
                                  9.76   data required time
-----------------------------------------------------------------------------
                                  9.76   data required time
                                 -3.16   data arrival time
-----------------------------------------------------------------------------
                                  6.60   slack (MET)


Startpoint: _2397_ (rising edge-triggered flip-flop clocked by core_clock)
Endpoint: _2397_ (rising edge-triggered flip-flop clocked by core_clock)
Path Group: core_clock
Path Type: max

Fanout     Cap    Slew   Delay    Time   Description
-----------------------------------------------------------------------------
                  0.00    0.00    0.00   clock core_clock (rise edge)
                          0.00    0.00   clock network delay (ideal)
                  0.00    0.00    0.00 ^ _2397_/CLK (sky130_fd_sc_hd__dfxtp_4)
     2    0.05    0.09    0.37    0.37 v _2397_/Q (sky130_fd_sc_hd__dfxtp_4)
                                         rf.registers[2][3] (net)
                  0.09    0.01    0.38 v wire1188/A (sky130_fd_sc_hd__buf_12)
     2    0.24    0.06    0.18    0.56 v wire1188/X (sky130_fd_sc_hd__buf_12)
                                         net1188 (net)
                  0.50    0.25    0.81 v _2174_/A0 (sky130_fd_sc_hd__mux2_4)
     1    0.04    0.11    0.52    1.33 v _2174_/X (sky130_fd_sc_hd__mux2_4)
                                         _0548_ (net)
                  0.11    0.01    1.34 v wire871/A (sky130_fd_sc_hd__buf_12)
     1    0.23    0.08    0.20    1.54 v wire871/X (sky130_fd_sc_hd__buf_12)
                                         net871 (net)
                  0.47    0.23    1.77 v wire870/A (sky130_fd_sc_hd__clkbuf_16)
     1    0.25    0.11    0.39    2.16 v wire870/X (sky130_fd_sc_hd__clkbuf_16)
                                         net870 (net)
                  0.54    0.27    2.43 v _2175_/A (sky130_fd_sc_hd__buf_12)
     1    0.23    0.09    0.37    2.80 v _2175_/X (sky130_fd_sc_hd__buf_12)
                                         _0163_ (net)
                  0.48    0.24    3.04 v _2397_/D (sky130_fd_sc_hd__dfxtp_4)
                                  3.04   data arrival time

                  0.00   10.00   10.00   clock core_clock (rise edge)
                          0.00   10.00   clock network delay (ideal)
                          0.00   10.00   clock reconvergence pessimism
                                 10.00 ^ _2397_/CLK (sky130_fd_sc_hd__dfxtp_4)
                         -0.31    9.69   library setup time
                                  9.69   data required time
-----------------------------------------------------------------------------
                                  9.69   data required time
                                 -3.04   data arrival time
-----------------------------------------------------------------------------
                                  6.65   slack (MET)


Startpoint: _2352_ (rising edge-triggered flip-flop clocked by core_clock)
Endpoint: _2320_ (rising edge-triggered flip-flop clocked by core_clock)
Path Group: core_clock
Path Type: max

Fanout     Cap    Slew   Delay    Time   Description
-----------------------------------------------------------------------------
                  0.00    0.00    0.00   clock core_clock (rise edge)
                          0.00    0.00   clock network delay (ideal)
                  0.00    0.00    0.00 ^ _2352_/CLK (sky130_fd_sc_hd__dfxtp_4)
     2    0.13    0.17    0.43    0.43 v _2352_/Q (sky130_fd_sc_hd__dfxtp_4)
                                         rf.registers[0][22] (net)
                  0.22    0.07    0.50 v wire1251/A (sky130_fd_sc_hd__buf_12)
     2    0.24    0.06    0.23    0.73 v wire1251/X (sky130_fd_sc_hd__buf_12)
                                         net1251 (net)
                  0.41    0.20    0.93 v _1939_/A0 (sky130_fd_sc_hd__mux4_2)
     1    0.13    0.35    0.87    1.81 v _1939_/X (sky130_fd_sc_hd__mux4_2)
                                         _0422_ (net)
                  0.39    0.09    1.90 v wire1062/A (sky130_fd_sc_hd__buf_12)
     1    0.14    0.07    0.30    2.20 v wire1062/X (sky130_fd_sc_hd__buf_12)
                                         net1062 (net)
                  0.19    0.09    2.29 v wire1061/A (sky130_fd_sc_hd__clkbuf_16)
     1    0.14    0.08    0.26    2.54 v wire1061/X (sky130_fd_sc_hd__clkbuf_16)
                                         net1061 (net)
                  0.20    0.09    2.63 v _1940_/A (sky130_fd_sc_hd__buf_12)
     1    0.21    0.08    0.24    2.87 v _1940_/X (sky130_fd_sc_hd__buf_12)
                                         _0014_ (net)
                  0.38    0.19    3.06 v _2320_/D (sky130_fd_sc_hd__dfxtp_1)
                                  3.06   data arrival time

                  0.00   10.00   10.00   clock core_clock (rise edge)
                          0.00   10.00   clock network delay (ideal)
                          0.00   10.00   clock reconvergence pessimism
                                 10.00 ^ _2320_/CLK (sky130_fd_sc_hd__dfxtp_1)
                         -0.27    9.73   library setup time
                                  9.73   data required time
-----------------------------------------------------------------------------
                                  9.73   data required time
                                 -3.06   data arrival time
-----------------------------------------------------------------------------
                                  6.67   slack (MET)


Startpoint: _2393_ (rising edge-triggered flip-flop clocked by core_clock)
Endpoint: _2329_ (rising edge-triggered flip-flop clocked by core_clock)
Path Group: core_clock
Path Type: max

Fanout     Cap    Slew   Delay    Time   Description
-----------------------------------------------------------------------------
                  0.00    0.00    0.00   clock core_clock (rise edge)
                          0.00    0.00   clock network delay (ideal)
                  0.00    0.00    0.00 ^ _2393_/CLK (sky130_fd_sc_hd__dfxtp_4)
     2    0.05    0.09    0.37    0.37 v _2393_/Q (sky130_fd_sc_hd__dfxtp_4)
                                         rf.registers[1][31] (net)
                  0.09    0.01    0.38 v wire1195/A (sky130_fd_sc_hd__buf_12)
     1    0.19    0.07    0.19    0.57 v wire1195/X (sky130_fd_sc_hd__buf_12)
                                         net1195 (net)
                  0.32    0.16    0.73 v _1957_/A1 (sky130_fd_sc_hd__mux4_2)
     1    0.03    0.16    0.64    1.37 v _1957_/X (sky130_fd_sc_hd__mux4_2)
                                         _0431_ (net)
                  0.16    0.00    1.38 v wire1054/A (sky130_fd_sc_hd__buf_12)
     1    0.14    0.06    0.21    1.58 v wire1054/X (sky130_fd_sc_hd__buf_12)
                                         net1054 (net)
                  0.19    0.09    1.67 v wire1053/A (sky130_fd_sc_hd__buf_12)
     1    0.14    0.06    0.22    1.90 v wire1053/X (sky130_fd_sc_hd__buf_12)
                                         net1053 (net)
                  0.19    0.09    1.99 v wire1052/A (sky130_fd_sc_hd__clkbuf_16)
     1    0.14    0.08    0.25    2.24 v wire1052/X (sky130_fd_sc_hd__clkbuf_16)
                                         net1052 (net)
                  0.20    0.09    2.33 v _1958_/A (sky130_fd_sc_hd__buf_12)
     1    0.29    0.09    0.25    2.58 v _1958_/X (sky130_fd_sc_hd__buf_12)
                                         _0024_ (net)
                  0.71    0.35    2.94 v _2329_/D (sky130_fd_sc_hd__dfxtp_4)
                                  2.94   data arrival time

                  0.00   10.00   10.00   clock core_clock (rise edge)
                          0.00   10.00   clock network delay (ideal)
                          0.00   10.00   clock reconvergence pessimism
                                 10.00 ^ _2329_/CLK (sky130_fd_sc_hd__dfxtp_4)
                         -0.38    9.62   library setup time
                                  9.62   data required time
-----------------------------------------------------------------------------
                                  9.62   data required time
                                 -2.94   data arrival time
-----------------------------------------------------------------------------
                                  6.68   slack (MET)


Startpoint: _2282_ (rising edge-triggered flip-flop clocked by core_clock)
Endpoint: _2282_ (rising edge-triggered flip-flop clocked by core_clock)
Path Group: core_clock
Path Type: max

Fanout     Cap    Slew   Delay    Time   Description
-----------------------------------------------------------------------------
                  0.00    0.00    0.00   clock core_clock (rise edge)
                          0.00    0.00   clock network delay (ideal)
                  0.00    0.00    0.00 ^ _2282_/CLK (sky130_fd_sc_hd__dfxtp_1)
     1    0.01    0.05    0.30    0.30 v _2282_/Q (sky130_fd_sc_hd__dfxtp_1)
                                         rf.registers[3][16] (net)
                  0.05    0.00    0.30 v wire1373/A (sky130_fd_sc_hd__buf_12)
     3    0.22    0.06    0.15    0.46 v wire1373/X (sky130_fd_sc_hd__buf_12)
                                         net1373 (net)
                  0.44    0.22    0.67 v load_slew1372/A (sky130_fd_sc_hd__buf_12)
     1    0.16    0.07    0.32    1.00 v load_slew1372/X (sky130_fd_sc_hd__buf_12)
                                         net1372 (net)
                  0.24    0.12    1.11 v _1994_/A0 (sky130_fd_sc_hd__mux2_2)
     1    0.02    0.10    0.41    1.52 v _1994_/X (sky130_fd_sc_hd__mux2_2)
                                         _0451_ (net)
                  0.10    0.00    1.52 v wire982/A (sky130_fd_sc_hd__buf_12)
     1    0.23    0.08    0.20    1.72 v wire982/X (sky130_fd_sc_hd__buf_12)
                                         net982 (net)
                  0.47    0.23    1.95 v wire981/A (sky130_fd_sc_hd__clkbuf_16)
     1    0.23    0.11    0.39    2.34 v wire981/X (sky130_fd_sc_hd__clkbuf_16)
                                         net981 (net)
                  0.47    0.23    2.57 v _1995_/A (sky130_fd_sc_hd__buf_12)
     1    0.19    0.08    0.34    2.91 v _1995_/X (sky130_fd_sc_hd__buf_12)
                                         _0080_ (net)
                  0.33    0.16    3.07 v _2282_/D (sky130_fd_sc_hd__dfxtp_1)
                                  3.07   data arrival time

                  0.00   10.00   10.00   clock core_clock (rise edge)
                          0.00   10.00   clock network delay (ideal)
                          0.00   10.00   clock reconvergence pessimism
                                 10.00 ^ _2282_/CLK (sky130_fd_sc_hd__dfxtp_1)
                         -0.24    9.76   library setup time
                                  9.76   data required time
-----------------------------------------------------------------------------
                                  9.76   data required time
                                 -3.07   data arrival time
-----------------------------------------------------------------------------
                                  6.69   slack (MET)


Startpoint: _2361_ (rising edge-triggered flip-flop clocked by core_clock)
Endpoint: _2265_ (rising edge-triggered flip-flop clocked by core_clock)
Path Group: core_clock
Path Type: max

Fanout     Cap    Slew   Delay    Time   Description
-----------------------------------------------------------------------------
                  0.00    0.00    0.00   clock core_clock (rise edge)
                          0.00    0.00   clock network delay (ideal)
                  0.00    0.00    0.00 ^ _2361_/CLK (sky130_fd_sc_hd__dfxtp_1)
     1    0.01    0.05    0.30    0.30 v _2361_/Q (sky130_fd_sc_hd__dfxtp_1)
                                         rf.registers[0][31] (net)
                  0.05    0.00    0.30 v wire1243/A (sky130_fd_sc_hd__buf_12)
     3    0.18    0.06    0.15    0.45 v wire1243/X (sky130_fd_sc_hd__buf_12)
                                         net1243 (net)
                  0.31    0.15    0.60 v wire1242/A (sky130_fd_sc_hd__buf_12)
     1    0.22    0.08    0.29    0.89 v wire1242/X (sky130_fd_sc_hd__buf_12)
                                         net1242 (net)
                  0.42    0.21    1.10 v _1887_/A0 (sky130_fd_sc_hd__mux4_2)
     1    0.10    0.31    0.83    1.92 v _1887_/X (sky130_fd_sc_hd__mux4_2)
                                         _0393_ (net)
                  0.33    0.05    1.98 v _1888_/A (sky130_fd_sc_hd__buf_12)
     1    0.22    0.08    0.29    2.27 v _1888_/X (sky130_fd_sc_hd__buf_12)
                                         _0056_ (net)
                  0.44    0.22    2.49 v wire985/A (sky130_fd_sc_hd__clkbuf_16)
     1    0.20    0.10    0.37    2.86 v wire985/X (sky130_fd_sc_hd__clkbuf_16)
                                         net985 (net)
                  0.36    0.17    3.03 v _2265_/D (sky130_fd_sc_hd__dfxtp_4)
                                  3.03   data arrival time

                  0.00   10.00   10.00   clock core_clock (rise edge)
                          0.00   10.00   clock network delay (ideal)
                          0.00   10.00   clock reconvergence pessimism
                                 10.00 ^ _2265_/CLK (sky130_fd_sc_hd__dfxtp_4)
                         -0.26    9.74   library setup time
                                  9.74   data required time
-----------------------------------------------------------------------------
                                  9.74   data required time
                                 -3.03   data arrival time
-----------------------------------------------------------------------------
                                  6.71   slack (MET)


Startpoint: _2390_ (rising edge-triggered flip-flop clocked by core_clock)
Endpoint: _2390_ (rising edge-triggered flip-flop clocked by core_clock)
Path Group: core_clock
Path Type: max

Fanout     Cap    Slew   Delay    Time   Description
-----------------------------------------------------------------------------
                  0.00    0.00    0.00   clock core_clock (rise edge)
                          0.00    0.00   clock network delay (ideal)
                  0.00    0.00    0.00 ^ _2390_/CLK (sky130_fd_sc_hd__dfxtp_1)
     1    0.01    0.05    0.30    0.30 v _2390_/Q (sky130_fd_sc_hd__dfxtp_1)
                                         rf.registers[1][28] (net)
                  0.05    0.00    0.30 v wire1202/A (sky130_fd_sc_hd__buf_12)
     3    0.18    0.07    0.16    0.46 v wire1202/X (sky130_fd_sc_hd__buf_12)
                                         net1202 (net)
                  0.14    0.05    0.51 v wire1200/A (sky130_fd_sc_hd__buf_12)
     1    0.23    0.08    0.22    0.72 v wire1200/X (sky130_fd_sc_hd__buf_12)
                                         net1200 (net)
                  0.47    0.23    0.96 v _2157_/A0 (sky130_fd_sc_hd__mux2_8)
     1    0.29    0.17    0.62    1.57 v _2157_/X (sky130_fd_sc_hd__mux2_8)
                                         _0538_ (net)
                  0.76    0.37    1.95 v _2158_/A (sky130_fd_sc_hd__clkbuf_16)
     1    0.13    0.09    0.46    2.41 v _2158_/X (sky130_fd_sc_hd__clkbuf_16)
                                         _0156_ (net)
                  0.17    0.08    2.48 v wire813/A (sky130_fd_sc_hd__buf_12)
     1    0.23    0.08    0.23    2.72 v wire813/X (sky130_fd_sc_hd__buf_12)
                                         net813 (net)
                  0.47    0.23    2.95 v _2390_/D (sky130_fd_sc_hd__dfxtp_1)
                                  2.95   data arrival time

                  0.00   10.00   10.00   clock core_clock (rise edge)
                          0.00   10.00   clock network delay (ideal)
                          0.00   10.00   clock reconvergence pessimism
                                 10.00 ^ _2390_/CLK (sky130_fd_sc_hd__dfxtp_1)
                         -0.31    9.69   library setup time
                                  9.69   data required time
-----------------------------------------------------------------------------
                                  9.69   data required time
                                 -2.95   data arrival time
-----------------------------------------------------------------------------
                                  6.74   slack (MET)


Startpoint: _2406_ (rising edge-triggered flip-flop clocked by core_clock)
Endpoint: _2310_ (rising edge-triggered flip-flop clocked by core_clock)
Path Group: core_clock
Path Type: max

Fanout     Cap    Slew   Delay    Time   Description
-----------------------------------------------------------------------------
                  0.00    0.00    0.00   clock core_clock (rise edge)
                          0.00    0.00   clock network delay (ideal)
                  0.00    0.00    0.00 ^ _2406_/CLK (sky130_fd_sc_hd__dfxtp_1)
     1    0.01    0.05    0.30    0.30 v _2406_/Q (sky130_fd_sc_hd__dfxtp_1)
                                         rf.registers[2][12] (net)
                  0.05    0.00    0.30 v wire1175/A (sky130_fd_sc_hd__buf_12)
     2    0.25    0.06    0.16    0.46 v wire1175/X (sky130_fd_sc_hd__buf_12)
                                         net1175 (net)
                  0.44    0.22    0.68 v load_slew1174/A (sky130_fd_sc_hd__buf_12)
     2    0.16    0.07    0.31    0.99 v load_slew1174/X (sky130_fd_sc_hd__buf_12)
                                         net1174 (net)
                  0.18    0.08    1.07 v _1917_/A2 (sky130_fd_sc_hd__mux4_2)
     1    0.15    0.39    0.83    1.89 v _1917_/X (sky130_fd_sc_hd__mux4_2)
                                         _0410_ (net)
                  0.45    0.12    2.01 v _1918_/A (sky130_fd_sc_hd__buf_12)
     1    0.33    0.10    0.36    2.37 v _1918_/X (sky130_fd_sc_hd__buf_12)
                                         _0003_ (net)
                  0.89    0.45    2.81 v _2310_/D (sky130_fd_sc_hd__dfxtp_4)
                                  2.81   data arrival time

                  0.00   10.00   10.00   clock core_clock (rise edge)
                          0.00   10.00   clock network delay (ideal)
                          0.00   10.00   clock reconvergence pessimism
                                 10.00 ^ _2310_/CLK (sky130_fd_sc_hd__dfxtp_4)
                         -0.44    9.56   library setup time
                                  9.56   data required time
-----------------------------------------------------------------------------
                                  9.56   data required time
                                 -2.81   data arrival time
-----------------------------------------------------------------------------
                                  6.75   slack (MET)


Startpoint: _2406_ (rising edge-triggered flip-flop clocked by core_clock)
Endpoint: _2246_ (rising edge-triggered flip-flop clocked by core_clock)
Path Group: core_clock
Path Type: max

Fanout     Cap    Slew   Delay    Time   Description
-----------------------------------------------------------------------------
                  0.00    0.00    0.00   clock core_clock (rise edge)
                          0.00    0.00   clock network delay (ideal)
                  0.00    0.00    0.00 ^ _2406_/CLK (sky130_fd_sc_hd__dfxtp_1)
     1    0.01    0.05    0.30    0.30 v _2406_/Q (sky130_fd_sc_hd__dfxtp_1)
                                         rf.registers[2][12] (net)
                  0.05    0.00    0.30 v wire1175/A (sky130_fd_sc_hd__buf_12)
     2    0.25    0.06    0.16    0.46 v wire1175/X (sky130_fd_sc_hd__buf_12)
                                         net1175 (net)
                  0.44    0.22    0.68 v load_slew1174/A (sky130_fd_sc_hd__buf_12)
     2    0.16    0.07    0.31    0.99 v load_slew1174/X (sky130_fd_sc_hd__buf_12)
                                         net1174 (net)
                  0.25    0.12    1.11 v _1847_/A2 (sky130_fd_sc_hd__mux4_2)
     1    0.14    0.38    0.84    1.95 v _1847_/X (sky130_fd_sc_hd__mux4_2)
                                         _0372_ (net)
                  0.43    0.11    2.06 v wire1094/A (sky130_fd_sc_hd__buf_12)
     1    0.14    0.07    0.31    2.37 v wire1094/X (sky130_fd_sc_hd__buf_12)
                                         net1094 (net)
                  0.19    0.09    2.46 v _1848_/A (sky130_fd_sc_hd__buf_12)
     1    0.23    0.08    0.24    2.70 v _1848_/X (sky130_fd_sc_hd__buf_12)
                                         _0035_ (net)
                  0.47    0.23    2.93 v _2246_/D (sky130_fd_sc_hd__dfxtp_1)
                                  2.93   data arrival time

                  0.00   10.00   10.00   clock core_clock (rise edge)
                          0.00   10.00   clock network delay (ideal)
                          0.00   10.00   clock reconvergence pessimism
                                 10.00 ^ _2246_/CLK (sky130_fd_sc_hd__dfxtp_1)
                         -0.31    9.69   library setup time
                                  9.69   data required time
-----------------------------------------------------------------------------
                                  9.69   data required time
                                 -2.93   data arrival time
-----------------------------------------------------------------------------
                                  6.76   slack (MET)


Startpoint: _2270_ (rising edge-triggered flip-flop clocked by core_clock)
Endpoint: _2302_ (rising edge-triggered flip-flop clocked by core_clock)
Path Group: core_clock
Path Type: max

Fanout     Cap    Slew   Delay    Time   Description
-----------------------------------------------------------------------------
                  0.00    0.00    0.00   clock core_clock (rise edge)
                          0.00    0.00   clock network delay (ideal)
                  0.00    0.00    0.00 ^ _2270_/CLK (sky130_fd_sc_hd__dfxtp_4)
     3    0.10    0.13    0.40    0.40 v _2270_/Q (sky130_fd_sc_hd__dfxtp_4)
                                         rf.registers[3][4] (net)
                  0.13    0.00    0.40 v wire1390/A (sky130_fd_sc_hd__buf_12)
     1    0.21    0.08    0.21    0.61 v wire1390/X (sky130_fd_sc_hd__buf_12)
                                         net1390 (net)
                  0.39    0.19    0.81 v _1899_/A3 (sky130_fd_sc_hd__mux4_2)
     1    0.12    0.34    0.88    1.68 v _1899_/X (sky130_fd_sc_hd__mux4_2)
                                         _0400_ (net)
                  0.37    0.08    1.76 v wire1074/A (sky130_fd_sc_hd__buf_12)
     1    0.14    0.07    0.29    2.05 v wire1074/X (sky130_fd_sc_hd__buf_12)
                                         net1074 (net)
                  0.19    0.09    2.14 v _1900_/A (sky130_fd_sc_hd__buf_12)
     1    0.19    0.07    0.23    2.38 v _1900_/X (sky130_fd_sc_hd__buf_12)
                                         _0026_ (net)
                  0.34    0.17    2.54 v wire984/A (sky130_fd_sc_hd__buf_12)
     1    0.17    0.07    0.29    2.83 v wire984/X (sky130_fd_sc_hd__buf_12)
                                         net984 (net)
                  0.27    0.13    2.96 v _2302_/D (sky130_fd_sc_hd__dfxtp_1)
                                  2.96   data arrival time

                  0.00   10.00   10.00   clock core_clock (rise edge)
                          0.00   10.00   clock network delay (ideal)
                          0.00   10.00   clock reconvergence pessimism
                                 10.00 ^ _2302_/CLK (sky130_fd_sc_hd__dfxtp_1)
                         -0.22    9.78   library setup time
                                  9.78   data required time
-----------------------------------------------------------------------------
                                  9.78   data required time
                                 -2.96   data arrival time
-----------------------------------------------------------------------------
                                  6.82   slack (MET)


Startpoint: _2278_ (rising edge-triggered flip-flop clocked by core_clock)
Endpoint: _2278_ (rising edge-triggered flip-flop clocked by core_clock)
Path Group: core_clock
Path Type: max

Fanout     Cap    Slew   Delay    Time   Description
-----------------------------------------------------------------------------
                  0.00    0.00    0.00   clock core_clock (rise edge)
                          0.00    0.00   clock network delay (ideal)
                  0.00    0.00    0.00 ^ _2278_/CLK (sky130_fd_sc_hd__dfxtp_4)
     2    0.10    0.13    0.40    0.40 v _2278_/Q (sky130_fd_sc_hd__dfxtp_4)
                                         rf.registers[3][12] (net)
                  0.13    0.00    0.41 v load_slew1380/A (sky130_fd_sc_hd__buf_12)
     2    0.12    0.06    0.19    0.59 v load_slew1380/X (sky130_fd_sc_hd__buf_12)
                                         net1380 (net)
                  0.12    0.05    0.64 v wire1379/A (sky130_fd_sc_hd__buf_12)
     1    0.20    0.07    0.20    0.84 v wire1379/X (sky130_fd_sc_hd__buf_12)
                                         net1379 (net)
                  0.36    0.18    1.02 v _1986_/A0 (sky130_fd_sc_hd__mux2_8)
     1    0.24    0.17    0.55    1.57 v _1986_/X (sky130_fd_sc_hd__mux2_8)
                                         _0447_ (net)
                  0.56    0.27    1.84 v _1987_/A (sky130_fd_sc_hd__buf_12)
     1    0.21    0.09    0.38    2.22 v _1987_/X (sky130_fd_sc_hd__buf_12)
                                         _0076_ (net)
                  0.41    0.20    2.42 v wire878/A (sky130_fd_sc_hd__clkbuf_16)
     1    0.19    0.10    0.36    2.78 v wire878/X (sky130_fd_sc_hd__clkbuf_16)
                                         net878 (net)
                  0.32    0.16    2.93 v _2278_/D (sky130_fd_sc_hd__dfxtp_4)
                                  2.93   data arrival time

                  0.00   10.00   10.00   clock core_clock (rise edge)
                          0.00   10.00   clock network delay (ideal)
                          0.00   10.00   clock reconvergence pessimism
                                 10.00 ^ _2278_/CLK (sky130_fd_sc_hd__dfxtp_4)
                         -0.24    9.76   library setup time
                                  9.76   data required time
-----------------------------------------------------------------------------
                                  9.76   data required time
                                 -2.93   data arrival time
-----------------------------------------------------------------------------
                                  6.82   slack (MET)


Startpoint: _2283_ (rising edge-triggered flip-flop clocked by core_clock)
Endpoint: _2251_ (rising edge-triggered flip-flop clocked by core_clock)
Path Group: core_clock
Path Type: max

Fanout     Cap    Slew   Delay    Time   Description
-----------------------------------------------------------------------------
                  0.00    0.00    0.00   clock core_clock (rise edge)
                          0.00    0.00   clock network delay (ideal)
                  0.00    0.00    0.00 ^ _2283_/CLK (sky130_fd_sc_hd__dfxtp_4)
     3    0.13    0.17    0.44    0.44 v _2283_/Q (sky130_fd_sc_hd__dfxtp_4)
                                         rf.registers[3][17] (net)
                  0.19    0.04    0.47 v wire1371/A (sky130_fd_sc_hd__buf_12)
     1    0.19    0.07    0.23    0.70 v wire1371/X (sky130_fd_sc_hd__buf_12)
                                         net1371 (net)
                  0.32    0.15    0.86 v _1857_/A3 (sky130_fd_sc_hd__mux4_2)
     1    0.09    0.30    0.80    1.66 v _1857_/X (sky130_fd_sc_hd__mux4_2)
                                         _0377_ (net)
                  0.31    0.05    1.71 v wire1091/A (sky130_fd_sc_hd__buf_12)
     1    0.14    0.07    0.27    1.98 v wire1091/X (sky130_fd_sc_hd__buf_12)
                                         net1091 (net)
                  0.19    0.09    2.07 v wire1090/A (sky130_fd_sc_hd__clkbuf_16)
     1    0.14    0.08    0.25    2.32 v wire1090/X (sky130_fd_sc_hd__clkbuf_16)
                                         net1090 (net)
                  0.20    0.09    2.41 v _1858_/A (sky130_fd_sc_hd__buf_12)
     1    0.22    0.08    0.24    2.65 v _1858_/X (sky130_fd_sc_hd__buf_12)
                                         _0040_ (net)
                  0.45    0.22    2.88 v _2251_/D (sky130_fd_sc_hd__dfxtp_4)
                                  2.88   data arrival time

                  0.00   10.00   10.00   clock core_clock (rise edge)
                          0.00   10.00   clock network delay (ideal)
                          0.00   10.00   clock reconvergence pessimism
                                 10.00 ^ _2251_/CLK (sky130_fd_sc_hd__dfxtp_4)
                         -0.30    9.70   library setup time
                                  9.70   data required time
-----------------------------------------------------------------------------
                                  9.70   data required time
                                 -2.88   data arrival time
-----------------------------------------------------------------------------
                                  6.83   slack (MET)


Startpoint: _2351_ (rising edge-triggered flip-flop clocked by core_clock)
Endpoint: _2319_ (rising edge-triggered flip-flop clocked by core_clock)
Path Group: core_clock
Path Type: max

Fanout     Cap    Slew   Delay    Time   Description
-----------------------------------------------------------------------------
                  0.00    0.00    0.00   clock core_clock (rise edge)
                          0.00    0.00   clock network delay (ideal)
                  0.00    0.00    0.00 ^ _2351_/CLK (sky130_fd_sc_hd__dfxtp_4)
     1    0.07    0.10    0.38    0.38 v _2351_/Q (sky130_fd_sc_hd__dfxtp_4)
                                         rf.registers[0][21] (net)
                  0.11    0.03    0.41 v wire1253/A (sky130_fd_sc_hd__buf_12)
     2    0.24    0.06    0.18    0.59 v wire1253/X (sky130_fd_sc_hd__buf_12)
                                         net1253 (net)
                  0.33    0.16    0.75 v wire1252/A (sky130_fd_sc_hd__buf_12)
     2    0.24    0.06    0.28    1.02 v wire1252/X (sky130_fd_sc_hd__buf_12)
                                         net1252 (net)
                  0.38    0.18    1.21 v _1937_/A0 (sky130_fd_sc_hd__mux4_2)
     1    0.14    0.38    0.88    2.09 v _1937_/X (sky130_fd_sc_hd__mux4_2)
                                         _0421_ (net)
                  0.44    0.11    2.20 v wire1063/A (sky130_fd_sc_hd__buf_12)
     1    0.14    0.07    0.32    2.52 v wire1063/X (sky130_fd_sc_hd__buf_12)
                                         net1063 (net)
                  0.19    0.09    2.61 v _1938_/A (sky130_fd_sc_hd__buf_12)
     1    0.16    0.07    0.23    2.84 v _1938_/X (sky130_fd_sc_hd__buf_12)
                                         _0013_ (net)
                  0.23    0.11    2.95 v _2319_/D (sky130_fd_sc_hd__dfxtp_4)
                                  2.95   data arrival time

                  0.00   10.00   10.00   clock core_clock (rise edge)
                          0.00   10.00   clock network delay (ideal)
                          0.00   10.00   clock reconvergence pessimism
                                 10.00 ^ _2319_/CLK (sky130_fd_sc_hd__dfxtp_4)
                         -0.20    9.80   library setup time
                                  9.80   data required time
-----------------------------------------------------------------------------
                                  9.80   data required time
                                 -2.95   data arrival time
-----------------------------------------------------------------------------
                                  6.84   slack (MET)


Startpoint: _2284_ (rising edge-triggered flip-flop clocked by core_clock)
Endpoint: _2316_ (rising edge-triggered flip-flop clocked by core_clock)
Path Group: core_clock
Path Type: max

Fanout     Cap    Slew   Delay    Time   Description
-----------------------------------------------------------------------------
                  0.00    0.00    0.00   clock core_clock (rise edge)
                          0.00    0.00   clock network delay (ideal)
                  0.00    0.00    0.00 ^ _2284_/CLK (sky130_fd_sc_hd__dfxtp_1)
     1    0.01    0.05    0.30    0.30 v _2284_/Q (sky130_fd_sc_hd__dfxtp_1)
                                         rf.registers[3][18] (net)
                  0.05    0.00    0.30 v wire1370/A (sky130_fd_sc_hd__buf_12)
     2    0.23    0.08    0.17    0.47 v wire1370/X (sky130_fd_sc_hd__buf_12)
                                         net1370 (net)
                  0.47    0.23    0.70 v wire1369/A (sky130_fd_sc_hd__buf_12)
     2    0.24    0.07    0.33    1.03 v wire1369/X (sky130_fd_sc_hd__buf_12)
                                         net1369 (net)
                  0.47    0.23    1.26 v _1929_/A3 (sky130_fd_sc_hd__mux4_2)
     1    0.09    0.28    0.84    2.10 v _1929_/X (sky130_fd_sc_hd__mux4_2)
                                         _0416_ (net)
                  0.29    0.04    2.14 v _1930_/A (sky130_fd_sc_hd__buf_12)
     1    0.27    0.09    0.29    2.43 v _1930_/X (sky130_fd_sc_hd__buf_12)
                                         _0009_ (net)
                  0.64    0.32    2.75 v _2316_/D (sky130_fd_sc_hd__dfxtp_4)
                                  2.75   data arrival time

                  0.00   10.00   10.00   clock core_clock (rise edge)
                          0.00   10.00   clock network delay (ideal)
                          0.00   10.00   clock reconvergence pessimism
                                 10.00 ^ _2316_/CLK (sky130_fd_sc_hd__dfxtp_4)
                         -0.36    9.64   library setup time
                                  9.64   data required time
-----------------------------------------------------------------------------
                                  9.64   data required time
                                 -2.75   data arrival time
-----------------------------------------------------------------------------
                                  6.89   slack (MET)


Startpoint: _2413_ (rising edge-triggered flip-flop clocked by core_clock)
Endpoint: _2317_ (rising edge-triggered flip-flop clocked by core_clock)
Path Group: core_clock
Path Type: max

Fanout     Cap    Slew   Delay    Time   Description
-----------------------------------------------------------------------------
                  0.00    0.00    0.00   clock core_clock (rise edge)
                          0.00    0.00   clock network delay (ideal)
                  0.00    0.00    0.00 ^ _2413_/CLK (sky130_fd_sc_hd__dfxtp_1)
     1    0.01    0.05    0.30    0.30 v _2413_/Q (sky130_fd_sc_hd__dfxtp_1)
                                         rf.registers[2][19] (net)
                  0.05    0.00    0.30 v wire1164/A (sky130_fd_sc_hd__buf_12)
     3    0.25    0.06    0.16    0.46 v wire1164/X (sky130_fd_sc_hd__buf_12)
                                         net1164 (net)
                  0.48    0.24    0.69 v load_slew1163/A (sky130_fd_sc_hd__buf_12)
     1    0.15    0.07    0.34    1.03 v load_slew1163/X (sky130_fd_sc_hd__buf_12)
                                         net1163 (net)
                  0.21    0.10    1.13 v _1931_/A2 (sky130_fd_sc_hd__mux4_2)
     1    0.07    0.23    0.71    1.83 v _1931_/X (sky130_fd_sc_hd__mux4_2)
                                         _0417_ (net)
                  0.24    0.02    1.86 v wire1066/A (sky130_fd_sc_hd__buf_12)
     1    0.14    0.06    0.24    2.10 v wire1066/X (sky130_fd_sc_hd__buf_12)
                                         net1066 (net)
                  0.19    0.09    2.19 v wire1065/A (sky130_fd_sc_hd__buf_12)
     1    0.14    0.06    0.22    2.41 v wire1065/X (sky130_fd_sc_hd__buf_12)
                                         net1065 (net)
                  0.19    0.09    2.50 v _1932_/A (sky130_fd_sc_hd__buf_12)
     1    0.18    0.07    0.23    2.73 v _1932_/X (sky130_fd_sc_hd__buf_12)
                                         _0010_ (net)
                  0.29    0.14    2.87 v _2317_/D (sky130_fd_sc_hd__dfxtp_4)
                                  2.87   data arrival time

                  0.00   10.00   10.00   clock core_clock (rise edge)
                          0.00   10.00   clock network delay (ideal)
                          0.00   10.00   clock reconvergence pessimism
                                 10.00 ^ _2317_/CLK (sky130_fd_sc_hd__dfxtp_4)
                         -0.23    9.77   library setup time
                                  9.77   data required time
-----------------------------------------------------------------------------
                                  9.77   data required time
                                 -2.87   data arrival time
-----------------------------------------------------------------------------
                                  6.90   slack (MET)


Startpoint: _2402_ (rising edge-triggered flip-flop clocked by core_clock)
Endpoint: _2306_ (rising edge-triggered flip-flop clocked by core_clock)
Path Group: core_clock
Path Type: max

Fanout     Cap    Slew   Delay    Time   Description
-----------------------------------------------------------------------------
                  0.00    0.00    0.00   clock core_clock (rise edge)
                          0.00    0.00   clock network delay (ideal)
                  0.00    0.00    0.00 ^ _2402_/CLK (sky130_fd_sc_hd__dfxtp_4)
     1    0.08    0.11    0.39    0.39 v _2402_/Q (sky130_fd_sc_hd__dfxtp_4)
                                         rf.registers[2][8] (net)
                  0.13    0.03    0.42 v wire1182/A (sky130_fd_sc_hd__buf_12)
     3    0.24    0.06    0.19    0.61 v wire1182/X (sky130_fd_sc_hd__buf_12)
                                         net1182 (net)
                  0.51    0.25    0.87 v _1907_/A2 (sky130_fd_sc_hd__mux4_2)
     1    0.04    0.18    0.75    1.62 v _1907_/X (sky130_fd_sc_hd__mux4_2)
                                         _0404_ (net)
                  0.18    0.01    1.63 v wire1072/A (sky130_fd_sc_hd__buf_12)
     1    0.14    0.06    0.22    1.85 v wire1072/X (sky130_fd_sc_hd__buf_12)
                                         net1072 (net)
                  0.19    0.09    1.93 v wire1071/A (sky130_fd_sc_hd__buf_12)
     1    0.14    0.06    0.22    2.16 v wire1071/X (sky130_fd_sc_hd__buf_12)
                                         net1071 (net)
                  0.19    0.09    2.25 v _1908_/A (sky130_fd_sc_hd__buf_12)
     1    0.25    0.08    0.24    2.49 v _1908_/X (sky130_fd_sc_hd__buf_12)
                                         _0030_ (net)
                  0.54    0.27    2.76 v _2306_/D (sky130_fd_sc_hd__dfxtp_4)
                                  2.76   data arrival time

                  0.00   10.00   10.00   clock core_clock (rise edge)
                          0.00   10.00   clock network delay (ideal)
                          0.00   10.00   clock reconvergence pessimism
                                 10.00 ^ _2306_/CLK (sky130_fd_sc_hd__dfxtp_4)
                         -0.33    9.67   library setup time
                                  9.67   data required time
-----------------------------------------------------------------------------
                                  9.67   data required time
                                 -2.76   data arrival time
-----------------------------------------------------------------------------
                                  6.91   slack (MET)


Startpoint: _2372_ (rising edge-triggered flip-flop clocked by core_clock)
Endpoint: _2244_ (rising edge-triggered flip-flop clocked by core_clock)
Path Group: core_clock
Path Type: max

Fanout     Cap    Slew   Delay    Time   Description
-----------------------------------------------------------------------------
                  0.00    0.00    0.00   clock core_clock (rise edge)
                          0.00    0.00   clock network delay (ideal)
                  0.00    0.00    0.00 ^ _2372_/CLK (sky130_fd_sc_hd__dfxtp_4)
     1    0.05    0.09    0.37    0.37 v _2372_/Q (sky130_fd_sc_hd__dfxtp_4)
                                         rf.registers[1][10] (net)
                  0.09    0.01    0.39 v wire1228/A (sky130_fd_sc_hd__buf_12)
     2    0.23    0.08    0.19    0.58 v wire1228/X (sky130_fd_sc_hd__buf_12)
                                         net1228 (net)
                  0.48    0.24    0.82 v wire1227/A (sky130_fd_sc_hd__buf_12)
     2    0.23    0.07    0.33    1.15 v wire1227/X (sky130_fd_sc_hd__buf_12)
                                         net1227 (net)
                  0.39    0.19    1.33 v _1843_/A1 (sky130_fd_sc_hd__mux4_2)
     1    0.03    0.15    0.65    1.98 v _1843_/X (sky130_fd_sc_hd__mux4_2)
                                         _0370_ (net)
                  0.15    0.00    1.98 v wire1096/A (sky130_fd_sc_hd__buf_12)
     1    0.14    0.06    0.20    2.19 v wire1096/X (sky130_fd_sc_hd__buf_12)
                                         net1096 (net)
                  0.19    0.09    2.28 v wire1095/A (sky130_fd_sc_hd__buf_12)
     1    0.14    0.06    0.22    2.50 v wire1095/X (sky130_fd_sc_hd__buf_12)
                                         net1095 (net)
                  0.19    0.09    2.59 v _1844_/A (sky130_fd_sc_hd__clkbuf_16)
     1    0.13    0.08    0.25    2.84 v _1844_/X (sky130_fd_sc_hd__clkbuf_16)
                                         _0033_ (net)
                  0.16    0.07    2.91 v _2244_/D (sky130_fd_sc_hd__dfxtp_4)
                                  2.91   data arrival time

                  0.00   10.00   10.00   clock core_clock (rise edge)
                          0.00   10.00   clock network delay (ideal)
                          0.00   10.00   clock reconvergence pessimism
                                 10.00 ^ _2244_/CLK (sky130_fd_sc_hd__dfxtp_4)
                         -0.17    9.83   library setup time
                                  9.83   data required time
-----------------------------------------------------------------------------
                                  9.83   data required time
                                 -2.91   data arrival time
-----------------------------------------------------------------------------
                                  6.91   slack (MET)


Startpoint: _2363_ (rising edge-triggered flip-flop clocked by core_clock)
Endpoint: _2299_ (rising edge-triggered flip-flop clocked by core_clock)
Path Group: core_clock
Path Type: max

Fanout     Cap    Slew   Delay    Time   Description
-----------------------------------------------------------------------------
                  0.00    0.00    0.00   clock core_clock (rise edge)
                          0.00    0.00   clock network delay (ideal)
                  0.00    0.00    0.00 ^ _2363_/CLK (sky130_fd_sc_hd__dfxtp_4)
     2    0.12    0.15    0.41    0.41 v _2363_/Q (sky130_fd_sc_hd__dfxtp_4)
                                         rf.registers[1][1] (net)
                  0.15    0.01    0.42 v max_cap1239/A (sky130_fd_sc_hd__buf_12)
     2    0.17    0.06    0.20    0.62 v max_cap1239/X (sky130_fd_sc_hd__buf_12)
                                         net1239 (net)
                  0.19    0.09    0.71 v wire1238/A (sky130_fd_sc_hd__buf_12)
     1    0.23    0.08    0.24    0.95 v wire1238/X (sky130_fd_sc_hd__buf_12)
                                         net1238 (net)
                  0.45    0.22    1.17 v _1893_/A1 (sky130_fd_sc_hd__mux4_2)
     1    0.14    0.38    0.89    2.06 v _1893_/X (sky130_fd_sc_hd__mux4_2)
                                         _0397_ (net)
                  0.44    0.11    2.17 v wire1078/A (sky130_fd_sc_hd__buf_12)
     1    0.14    0.07    0.32    2.49 v wire1078/X (sky130_fd_sc_hd__buf_12)
                                         net1078 (net)
                  0.19    0.09    2.58 v _1894_/A (sky130_fd_sc_hd__buf_12)
     1    0.14    0.06    0.23    2.80 v _1894_/X (sky130_fd_sc_hd__buf_12)
                                         _0011_ (net)
                  0.20    0.10    2.90 v _2299_/D (sky130_fd_sc_hd__dfxtp_1)
                                  2.90   data arrival time

                  0.00   10.00   10.00   clock core_clock (rise edge)
                          0.00   10.00   clock network delay (ideal)
                          0.00   10.00   clock reconvergence pessimism
                                 10.00 ^ _2299_/CLK (sky130_fd_sc_hd__dfxtp_1)
                         -0.19    9.81   library setup time
                                  9.81   data required time
-----------------------------------------------------------------------------
                                  9.81   data required time
                                 -2.90   data arrival time
-----------------------------------------------------------------------------
                                  6.91   slack (MET)


Startpoint: _2290_ (rising edge-triggered flip-flop clocked by core_clock)
Endpoint: _2322_ (rising edge-triggered flip-flop clocked by core_clock)
Path Group: core_clock
Path Type: max

Fanout     Cap    Slew   Delay    Time   Description
-----------------------------------------------------------------------------
                  0.00    0.00    0.00   clock core_clock (rise edge)
                          0.00    0.00   clock network delay (ideal)
                  0.00    0.00    0.00 ^ _2290_/CLK (sky130_fd_sc_hd__dfxtp_4)
     2    0.10    0.13    0.41    0.41 v _2290_/Q (sky130_fd_sc_hd__dfxtp_4)
                                         rf.registers[3][24] (net)
                  0.13    0.00    0.41 v wire1360/A (sky130_fd_sc_hd__buf_12)
     2    0.24    0.07    0.20    0.61 v wire1360/X (sky130_fd_sc_hd__buf_12)
                                         net1360 (net)
                  0.49    0.24    0.85 v _1943_/A3 (sky130_fd_sc_hd__mux4_2)
     1    0.06    0.22    0.79    1.64 v _1943_/X (sky130_fd_sc_hd__mux4_2)
                                         _0424_ (net)
                  0.22    0.02    1.66 v wire1060/A (sky130_fd_sc_hd__buf_12)
     1    0.14    0.06    0.24    1.90 v wire1060/X (sky130_fd_sc_hd__buf_12)
                                         net1060 (net)
                  0.19    0.09    1.98 v _1944_/A (sky130_fd_sc_hd__buf_12)
     1    0.31    0.09    0.25    2.24 v _1944_/X (sky130_fd_sc_hd__buf_12)
                                         _0016_ (net)
                  0.84    0.42    2.66 v _2322_/D (sky130_fd_sc_hd__dfxtp_4)
                                  2.66   data arrival time

                  0.00   10.00   10.00   clock core_clock (rise edge)
                          0.00   10.00   clock network delay (ideal)
                          0.00   10.00   clock reconvergence pessimism
                                 10.00 ^ _2322_/CLK (sky130_fd_sc_hd__dfxtp_4)
                         -0.42    9.58   library setup time
                                  9.58   data required time
-----------------------------------------------------------------------------
                                  9.58   data required time
                                 -2.66   data arrival time
-----------------------------------------------------------------------------
                                  6.92   slack (MET)


Startpoint: _2351_ (rising edge-triggered flip-flop clocked by core_clock)
Endpoint: _2351_ (rising edge-triggered flip-flop clocked by core_clock)
Path Group: core_clock
Path Type: max

Fanout     Cap    Slew   Delay    Time   Description
-----------------------------------------------------------------------------
                  0.00    0.00    0.00   clock core_clock (rise edge)
                          0.00    0.00   clock network delay (ideal)
                  0.00    0.00    0.00 ^ _2351_/CLK (sky130_fd_sc_hd__dfxtp_4)
     1    0.07    0.10    0.38    0.38 v _2351_/Q (sky130_fd_sc_hd__dfxtp_4)
                                         rf.registers[0][21] (net)
                  0.11    0.03    0.41 v wire1253/A (sky130_fd_sc_hd__buf_12)
     2    0.24    0.06    0.18    0.59 v wire1253/X (sky130_fd_sc_hd__buf_12)
                                         net1253 (net)
                  0.33    0.16    0.75 v wire1252/A (sky130_fd_sc_hd__buf_12)
     2    0.24    0.06    0.28    1.02 v wire1252/X (sky130_fd_sc_hd__buf_12)
                                         net1252 (net)
                  0.51    0.25    1.28 v _2074_/A1 (sky130_fd_sc_hd__mux2_8)
     1    0.21    0.16    0.60    1.88 v _2074_/X (sky130_fd_sc_hd__mux2_8)
                                         _0494_ (net)
                  0.43    0.20    2.08 v wire877/A (sky130_fd_sc_hd__clkbuf_16)
     1    0.18    0.10    0.37    2.44 v wire877/X (sky130_fd_sc_hd__clkbuf_16)
                                         net877 (net)
                  0.32    0.15    2.60 v _2075_/A (sky130_fd_sc_hd__clkbuf_4)
     1    0.04    0.09    0.30    2.90 v _2075_/X (sky130_fd_sc_hd__clkbuf_4)
                                         _0117_ (net)
                  0.09    0.01    2.91 v _2351_/D (sky130_fd_sc_hd__dfxtp_4)
                                  2.91   data arrival time

                  0.00   10.00   10.00   clock core_clock (rise edge)
                          0.00   10.00   clock network delay (ideal)
                          0.00   10.00   clock reconvergence pessimism
                                 10.00 ^ _2351_/CLK (sky130_fd_sc_hd__dfxtp_4)
                         -0.14    9.86   library setup time
                                  9.86   data required time
-----------------------------------------------------------------------------
                                  9.86   data required time
                                 -2.91   data arrival time
-----------------------------------------------------------------------------
                                  6.95   slack (MET)


Startpoint: _2285_ (rising edge-triggered flip-flop clocked by core_clock)
Endpoint: _2253_ (rising edge-triggered flip-flop clocked by core_clock)
Path Group: core_clock
Path Type: max

Fanout     Cap    Slew   Delay    Time   Description
-----------------------------------------------------------------------------
                  0.00    0.00    0.00   clock core_clock (rise edge)
                          0.00    0.00   clock network delay (ideal)
                  0.00    0.00    0.00 ^ _2285_/CLK (sky130_fd_sc_hd__dfxtp_4)
     1    0.04    0.07    0.36    0.36 v _2285_/Q (sky130_fd_sc_hd__dfxtp_4)
                                         rf.registers[3][19] (net)
                  0.07    0.01    0.37 v wire1368/A (sky130_fd_sc_hd__buf_12)
     2    0.24    0.06    0.17    0.54 v wire1368/X (sky130_fd_sc_hd__buf_12)
                                         net1368 (net)
                  0.42    0.21    0.75 v load_slew1367/A (sky130_fd_sc_hd__buf_12)
     2    0.12    0.07    0.30    1.05 v load_slew1367/X (sky130_fd_sc_hd__buf_12)
                                         net1367 (net)
                  0.15    0.07    1.12 v _1861_/A3 (sky130_fd_sc_hd__mux4_2)
     1    0.08    0.26    0.72    1.83 v _1861_/X (sky130_fd_sc_hd__mux4_2)
                                         _0379_ (net)
                  0.27    0.03    1.87 v wire1089/A (sky130_fd_sc_hd__buf_12)
     1    0.14    0.06    0.26    2.12 v wire1089/X (sky130_fd_sc_hd__buf_12)
                                         net1089 (net)
                  0.19    0.09    2.21 v _1862_/A (sky130_fd_sc_hd__buf_12)
     1    0.24    0.08    0.24    2.45 v _1862_/X (sky130_fd_sc_hd__buf_12)
                                         _0042_ (net)
                  0.49    0.24    2.70 v _2253_/D (sky130_fd_sc_hd__dfxtp_4)
                                  2.70   data arrival time

                  0.00   10.00   10.00   clock core_clock (rise edge)
                          0.00   10.00   clock network delay (ideal)
                          0.00   10.00   clock reconvergence pessimism
                                 10.00 ^ _2253_/CLK (sky130_fd_sc_hd__dfxtp_4)
                         -0.32    9.68   library setup time
                                  9.68   data required time
-----------------------------------------------------------------------------
                                  9.68   data required time
                                 -2.70   data arrival time
-----------------------------------------------------------------------------
                                  6.98   slack (MET)


Startpoint: _2423_ (rising edge-triggered flip-flop clocked by core_clock)
Endpoint: _2423_ (rising edge-triggered flip-flop clocked by core_clock)
Path Group: core_clock
Path Type: max

Fanout     Cap    Slew   Delay    Time   Description
-----------------------------------------------------------------------------
                  0.00    0.00    0.00   clock core_clock (rise edge)
                          0.00    0.00   clock network delay (ideal)
                  0.00    0.00    0.00 ^ _2423_/CLK (sky130_fd_sc_hd__dfxtp_4)
     1    0.11    0.14    0.41    0.41 v _2423_/Q (sky130_fd_sc_hd__dfxtp_4)
                                         rf.registers[2][29] (net)
                  0.20    0.07    0.48 v wire1151/A (sky130_fd_sc_hd__buf_12)
     3    0.24    0.06    0.22    0.70 v wire1151/X (sky130_fd_sc_hd__buf_12)
                                         net1151 (net)
                  0.49    0.24    0.94 v load_slew1150/A (sky130_fd_sc_hd__buf_12)
     1    0.15    0.07    0.34    1.28 v load_slew1150/X (sky130_fd_sc_hd__buf_12)
                                         net1150 (net)
                  0.23    0.11    1.39 v _2228_/A0 (sky130_fd_sc_hd__mux2_8)
     1    0.30    0.17    0.51    1.90 v _2228_/X (sky130_fd_sc_hd__mux2_8)
                                         _0576_ (net)
                  0.78    0.38    2.28 v _2229_/A (sky130_fd_sc_hd__buf_12)
     1    0.15    0.08    0.43    2.71 v _2229_/X (sky130_fd_sc_hd__buf_12)
                                         _0189_ (net)
                  0.22    0.11    2.82 v _2423_/D (sky130_fd_sc_hd__dfxtp_4)
                                  2.82   data arrival time

                  0.00   10.00   10.00   clock core_clock (rise edge)
                          0.00   10.00   clock network delay (ideal)
                          0.00   10.00   clock reconvergence pessimism
                                 10.00 ^ _2423_/CLK (sky130_fd_sc_hd__dfxtp_4)
                         -0.20    9.80   library setup time
                                  9.80   data required time
-----------------------------------------------------------------------------
                                  9.80   data required time
                                 -2.82   data arrival time
-----------------------------------------------------------------------------
                                  6.98   slack (MET)


Startpoint: _2405_ (rising edge-triggered flip-flop clocked by core_clock)
Endpoint: _2245_ (rising edge-triggered flip-flop clocked by core_clock)
Path Group: core_clock
Path Type: max

Fanout     Cap    Slew   Delay    Time   Description
-----------------------------------------------------------------------------
                  0.00    0.00    0.00   clock core_clock (rise edge)
                          0.00    0.00   clock network delay (ideal)
                  0.00    0.00    0.00 ^ _2405_/CLK (sky130_fd_sc_hd__dfxtp_4)
     3    0.08    0.11    0.39    0.39 v _2405_/Q (sky130_fd_sc_hd__dfxtp_4)
                                         rf.registers[2][11] (net)
                  0.12    0.02    0.41 v wire1177/A (sky130_fd_sc_hd__buf_12)
     1    0.20    0.07    0.20    0.61 v wire1177/X (sky130_fd_sc_hd__buf_12)
                                         net1177 (net)
                  0.36    0.18    0.79 v wire1176/A (sky130_fd_sc_hd__clkbuf_16)
     1    0.18    0.09    0.34    1.13 v wire1176/X (sky130_fd_sc_hd__clkbuf_16)
                                         net1176 (net)
                  0.29    0.14    1.26 v _1845_/A2 (sky130_fd_sc_hd__mux4_2)
     1    0.03    0.15    0.64    1.91 v _1845_/X (sky130_fd_sc_hd__mux4_2)
                                         _0371_ (net)
                  0.15    0.00    1.91 v _1846_/A (sky130_fd_sc_hd__buf_12)
     1    0.20    0.07    0.21    2.12 v _1846_/X (sky130_fd_sc_hd__buf_12)
                                         _0034_ (net)
                  0.35    0.17    2.30 v wire986/A (sky130_fd_sc_hd__clkbuf_16)
     1    0.18    0.09    0.33    2.63 v wire986/X (sky130_fd_sc_hd__clkbuf_16)
                                         net986 (net)
                  0.29    0.14    2.77 v _2245_/D (sky130_fd_sc_hd__dfxtp_4)
                                  2.77   data arrival time

                  0.00   10.00   10.00   clock core_clock (rise edge)
                          0.00   10.00   clock network delay (ideal)
                          0.00   10.00   clock reconvergence pessimism
                                 10.00 ^ _2245_/CLK (sky130_fd_sc_hd__dfxtp_4)
                         -0.23    9.77   library setup time
                                  9.77   data required time
-----------------------------------------------------------------------------
                                  9.77   data required time
                                 -2.77   data arrival time
-----------------------------------------------------------------------------
                                  7.00   slack (MET)


Startpoint: _2279_ (rising edge-triggered flip-flop clocked by core_clock)
Endpoint: _2311_ (rising edge-triggered flip-flop clocked by core_clock)
Path Group: core_clock
Path Type: max

Fanout     Cap    Slew   Delay    Time   Description
-----------------------------------------------------------------------------
                  0.00    0.00    0.00   clock core_clock (rise edge)
                          0.00    0.00   clock network delay (ideal)
                  0.00    0.00    0.00 ^ _2279_/CLK (sky130_fd_sc_hd__dfxtp_4)
     3    0.15    0.20    0.43    0.43 v _2279_/Q (sky130_fd_sc_hd__dfxtp_4)
                                         rf.registers[3][13] (net)
                  0.20    0.03    0.45 v wire1378/A (sky130_fd_sc_hd__buf_12)
     1    0.23    0.08    0.25    0.70 v wire1378/X (sky130_fd_sc_hd__buf_12)
                                         net1378 (net)
                  0.47    0.23    0.93 v _1919_/A3 (sky130_fd_sc_hd__mux4_2)
     1    0.09    0.29    0.84    1.78 v _1919_/X (sky130_fd_sc_hd__mux4_2)
                                         _0411_ (net)
                  0.30    0.04    1.82 v wire1069/A (sky130_fd_sc_hd__buf_12)
     1    0.14    0.06    0.27    2.09 v wire1069/X (sky130_fd_sc_hd__buf_12)
                                         net1069 (net)
                  0.19    0.09    2.18 v _1920_/A (sky130_fd_sc_hd__buf_12)
     1    0.24    0.08    0.24    2.42 v _1920_/X (sky130_fd_sc_hd__buf_12)
                                         _0004_ (net)
                  0.49    0.25    2.66 v _2311_/D (sky130_fd_sc_hd__dfxtp_4)
                                  2.66   data arrival time

                  0.00   10.00   10.00   clock core_clock (rise edge)
                          0.00   10.00   clock network delay (ideal)
                          0.00   10.00   clock reconvergence pessimism
                                 10.00 ^ _2311_/CLK (sky130_fd_sc_hd__dfxtp_4)
                         -0.32    9.68   library setup time
                                  9.68   data required time
-----------------------------------------------------------------------------
                                  9.68   data required time
                                 -2.66   data arrival time
-----------------------------------------------------------------------------
                                  7.02   slack (MET)


Startpoint: _2388_ (rising edge-triggered flip-flop clocked by core_clock)
Endpoint: _2388_ (rising edge-triggered flip-flop clocked by core_clock)
Path Group: core_clock
Path Type: max

Fanout     Cap    Slew   Delay    Time   Description
-----------------------------------------------------------------------------
                  0.00    0.00    0.00   clock core_clock (rise edge)
                          0.00    0.00   clock network delay (ideal)
                  0.00    0.00    0.00 ^ _2388_/CLK (sky130_fd_sc_hd__dfxtp_1)
     1    0.01    0.05    0.30    0.30 v _2388_/Q (sky130_fd_sc_hd__dfxtp_1)
                                         rf.registers[1][26] (net)
                  0.05    0.00    0.30 v wire1206/A (sky130_fd_sc_hd__buf_12)
     2    0.18    0.06    0.16    0.46 v wire1206/X (sky130_fd_sc_hd__buf_12)
                                         net1206 (net)
                  0.13    0.05    0.51 v max_cap1205/A (sky130_fd_sc_hd__buf_12)
     2    0.16    0.06    0.19    0.69 v max_cap1205/X (sky130_fd_sc_hd__buf_12)
                                         net1205 (net)
                  0.23    0.11    0.81 v wire1204/A (sky130_fd_sc_hd__buf_12)
     1    0.23    0.08    0.26    1.06 v wire1204/X (sky130_fd_sc_hd__buf_12)
                                         net1204 (net)
                  0.47    0.23    1.30 v _2153_/A0 (sky130_fd_sc_hd__mux2_8)
     1    0.11    0.12    0.56    1.86 v _2153_/X (sky130_fd_sc_hd__mux2_8)
                                         _0536_ (net)
                  0.17    0.06    1.92 v wire872/A (sky130_fd_sc_hd__buf_12)
     1    0.23    0.08    0.23    2.15 v wire872/X (sky130_fd_sc_hd__buf_12)
                                         net872 (net)
                  0.47    0.23    2.38 v _2154_/A (sky130_fd_sc_hd__clkbuf_8)
     1    0.08    0.09    0.36    2.74 v _2154_/X (sky130_fd_sc_hd__clkbuf_8)
                                         _0154_ (net)
                  0.11    0.03    2.77 v _2388_/D (sky130_fd_sc_hd__dfxtp_1)
                                  2.77   data arrival time

                  0.00   10.00   10.00   clock core_clock (rise edge)
                          0.00   10.00   clock network delay (ideal)
                          0.00   10.00   clock reconvergence pessimism
                                 10.00 ^ _2388_/CLK (sky130_fd_sc_hd__dfxtp_1)
                         -0.15    9.85   library setup time
                                  9.85   data required time
-----------------------------------------------------------------------------
                                  9.85   data required time
                                 -2.77   data arrival time
-----------------------------------------------------------------------------
                                  7.08   slack (MET)


Startpoint: _2389_ (rising edge-triggered flip-flop clocked by core_clock)
Endpoint: _2325_ (rising edge-triggered flip-flop clocked by core_clock)
Path Group: core_clock
Path Type: max

Fanout     Cap    Slew   Delay    Time   Description
-----------------------------------------------------------------------------
                  0.00    0.00    0.00   clock core_clock (rise edge)
                          0.00    0.00   clock network delay (ideal)
                  0.00    0.00    0.00 ^ _2389_/CLK (sky130_fd_sc_hd__dfxtp_4)
     2    0.14    0.18    0.41    0.41 v _2389_/Q (sky130_fd_sc_hd__dfxtp_4)
                                         rf.registers[1][27] (net)
                  0.24    0.08    0.49 v wire1203/A (sky130_fd_sc_hd__buf_12)
     2    0.24    0.07    0.25    0.74 v wire1203/X (sky130_fd_sc_hd__buf_12)
                                         net1203 (net)
                  0.44    0.21    0.95 v _1949_/A1 (sky130_fd_sc_hd__mux4_2)
     1    0.14    0.37    0.88    1.83 v _1949_/X (sky130_fd_sc_hd__mux4_2)
                                         _0427_ (net)
                  0.42    0.10    1.94 v _1950_/A (sky130_fd_sc_hd__buf_12)
     1    0.26    0.09    0.34    2.28 v _1950_/X (sky130_fd_sc_hd__buf_12)
                                         _0019_ (net)
                  0.60    0.30    2.57 v _2325_/D (sky130_fd_sc_hd__dfxtp_1)
                                  2.57   data arrival time

                  0.00   10.00   10.00   clock core_clock (rise edge)
                          0.00   10.00   clock network delay (ideal)
                          0.00   10.00   clock reconvergence pessimism
                                 10.00 ^ _2325_/CLK (sky130_fd_sc_hd__dfxtp_1)
                         -0.35    9.65   library setup time
                                  9.65   data required time
-----------------------------------------------------------------------------
                                  9.65   data required time
                                 -2.57   data arrival time
-----------------------------------------------------------------------------
                                  7.08   slack (MET)


Startpoint: _2281_ (rising edge-triggered flip-flop clocked by core_clock)
Endpoint: _2281_ (rising edge-triggered flip-flop clocked by core_clock)
Path Group: core_clock
Path Type: max

Fanout     Cap    Slew   Delay    Time   Description
-----------------------------------------------------------------------------
                  0.00    0.00    0.00   clock core_clock (rise edge)
                          0.00    0.00   clock network delay (ideal)
                  0.00    0.00    0.00 ^ _2281_/CLK (sky130_fd_sc_hd__dfxtp_1)
     1    0.01    0.05    0.30    0.30 v _2281_/Q (sky130_fd_sc_hd__dfxtp_1)
                                         rf.registers[3][15] (net)
                  0.05    0.00    0.30 v wire1375/A (sky130_fd_sc_hd__buf_12)
     2    0.18    0.06    0.16    0.46 v wire1375/X (sky130_fd_sc_hd__buf_12)
                                         net1375 (net)
                  0.28    0.14    0.59 v _1992_/A0 (sky130_fd_sc_hd__mux2_8)
     1    0.23    0.16    0.52    1.11 v _1992_/X (sky130_fd_sc_hd__mux2_8)
                                         _0450_ (net)
                  0.53    0.25    1.36 v wire983/A (sky130_fd_sc_hd__buf_12)
     1    0.21    0.08    0.37    1.73 v wire983/X (sky130_fd_sc_hd__buf_12)
                                         net983 (net)
                  0.41    0.20    1.93 v _1993_/A (sky130_fd_sc_hd__buf_12)
     1    0.27    0.09    0.33    2.26 v _1993_/X (sky130_fd_sc_hd__buf_12)
                                         _0079_ (net)
                  0.61    0.30    2.56 v _2281_/D (sky130_fd_sc_hd__dfxtp_1)
                                  2.56   data arrival time

                  0.00   10.00   10.00   clock core_clock (rise edge)
                          0.00   10.00   clock network delay (ideal)
                          0.00   10.00   clock reconvergence pessimism
                                 10.00 ^ _2281_/CLK (sky130_fd_sc_hd__dfxtp_1)
                         -0.35    9.65   library setup time
                                  9.65   data required time
-----------------------------------------------------------------------------
                                  9.65   data required time
                                 -2.56   data arrival time
-----------------------------------------------------------------------------
                                  7.08   slack (MET)


Startpoint: _2275_ (rising edge-triggered flip-flop clocked by core_clock)
Endpoint: _2275_ (rising edge-triggered flip-flop clocked by core_clock)
Path Group: core_clock
Path Type: max

Fanout     Cap    Slew   Delay    Time   Description
-----------------------------------------------------------------------------
                  0.00    0.00    0.00   clock core_clock (rise edge)
                          0.00    0.00   clock network delay (ideal)
                  0.00    0.00    0.00 ^ _2275_/CLK (sky130_fd_sc_hd__dfxtp_2)
     1    0.04    0.09    0.35    0.35 v _2275_/Q (sky130_fd_sc_hd__dfxtp_2)
                                         rf.registers[3][9] (net)
                  0.09    0.01    0.36 v wire1383/A (sky130_fd_sc_hd__buf_12)
     3    0.24    0.06    0.17    0.53 v wire1383/X (sky130_fd_sc_hd__buf_12)
                                         net1383 (net)
                  0.50    0.25    0.78 v _1979_/A0 (sky130_fd_sc_hd__mux2_8)
     1    0.29    0.17    0.63    1.41 v _1979_/X (sky130_fd_sc_hd__mux2_8)
                                         _0443_ (net)
                  0.73    0.36    1.76 v _1980_/A (sky130_fd_sc_hd__buf_12)
     1    0.28    0.10    0.44    2.21 v _1980_/X (sky130_fd_sc_hd__buf_12)
                                         _0073_ (net)
                  0.67    0.33    2.54 v _2275_/D (sky130_fd_sc_hd__dfxtp_2)
                                  2.54   data arrival time

                  0.00   10.00   10.00   clock core_clock (rise edge)
                          0.00   10.00   clock network delay (ideal)
                          0.00   10.00   clock reconvergence pessimism
                                 10.00 ^ _2275_/CLK (sky130_fd_sc_hd__dfxtp_2)
                         -0.37    9.63   library setup time
                                  9.63   data required time
-----------------------------------------------------------------------------
                                  9.63   data required time
                                 -2.54   data arrival time
-----------------------------------------------------------------------------
                                  7.09   slack (MET)


Startpoint: _2404_ (rising edge-triggered flip-flop clocked by core_clock)
Endpoint: _2404_ (rising edge-triggered flip-flop clocked by core_clock)
Path Group: core_clock
Path Type: max

Fanout     Cap    Slew   Delay    Time   Description
-----------------------------------------------------------------------------
                  0.00    0.00    0.00   clock core_clock (rise edge)
                          0.00    0.00   clock network delay (ideal)
                  0.00    0.00    0.00 ^ _2404_/CLK (sky130_fd_sc_hd__dfxtp_4)
     1    0.08    0.11    0.39    0.39 v _2404_/Q (sky130_fd_sc_hd__dfxtp_4)
                                         rf.registers[2][10] (net)
                  0.13    0.04    0.43 v wire1179/A (sky130_fd_sc_hd__buf_12)
     2    0.24    0.06    0.19    0.62 v wire1179/X (sky130_fd_sc_hd__buf_12)
                                         net1179 (net)
                  0.51    0.25    0.88 v _2189_/A0 (sky130_fd_sc_hd__mux2_8)
     1    0.30    0.17    0.63    1.51 v _2189_/X (sky130_fd_sc_hd__mux2_8)
                                         _0556_ (net)
                  0.78    0.39    1.89 v _2190_/A (sky130_fd_sc_hd__buf_12)
     1    0.24    0.09    0.45    2.34 v _2190_/X (sky130_fd_sc_hd__buf_12)
                                         _0170_ (net)
                  0.48    0.24    2.58 v _2404_/D (sky130_fd_sc_hd__dfxtp_4)
                                  2.58   data arrival time

                  0.00   10.00   10.00   clock core_clock (rise edge)
                          0.00   10.00   clock network delay (ideal)
                          0.00   10.00   clock reconvergence pessimism
                                 10.00 ^ _2404_/CLK (sky130_fd_sc_hd__dfxtp_4)
                         -0.31    9.69   library setup time
                                  9.69   data required time
-----------------------------------------------------------------------------
                                  9.69   data required time
                                 -2.58   data arrival time
-----------------------------------------------------------------------------
                                  7.11   slack (MET)


Startpoint: _2423_ (rising edge-triggered flip-flop clocked by core_clock)
Endpoint: _2263_ (rising edge-triggered flip-flop clocked by core_clock)
Path Group: core_clock
Path Type: max

Fanout     Cap    Slew   Delay    Time   Description
-----------------------------------------------------------------------------
                  0.00    0.00    0.00   clock core_clock (rise edge)
                          0.00    0.00   clock network delay (ideal)
                  0.00    0.00    0.00 ^ _2423_/CLK (sky130_fd_sc_hd__dfxtp_4)
     1    0.11    0.14    0.41    0.41 v _2423_/Q (sky130_fd_sc_hd__dfxtp_4)
                                         rf.registers[2][29] (net)
                  0.20    0.07    0.48 v wire1151/A (sky130_fd_sc_hd__buf_12)
     3    0.24    0.06    0.22    0.70 v wire1151/X (sky130_fd_sc_hd__buf_12)
                                         net1151 (net)
                  0.51    0.25    0.95 v _1883_/A2 (sky130_fd_sc_hd__mux4_2)
     1    0.09    0.30    0.85    1.80 v _1883_/X (sky130_fd_sc_hd__mux4_2)
                                         _0391_ (net)
                  0.31    0.05    1.85 v wire1082/A (sky130_fd_sc_hd__buf_12)
     1    0.14    0.06    0.27    2.12 v wire1082/X (sky130_fd_sc_hd__buf_12)
                                         net1082 (net)
                  0.19    0.09    2.21 v _1884_/A (sky130_fd_sc_hd__buf_12)
     1    0.20    0.07    0.23    2.44 v _1884_/X (sky130_fd_sc_hd__buf_12)
                                         _0053_ (net)
                  0.36    0.18    2.62 v _2263_/D (sky130_fd_sc_hd__dfxtp_4)
                                  2.62   data arrival time

                  0.00   10.00   10.00   clock core_clock (rise edge)
                          0.00   10.00   clock network delay (ideal)
                          0.00   10.00   clock reconvergence pessimism
                                 10.00 ^ _2263_/CLK (sky130_fd_sc_hd__dfxtp_4)
                         -0.26    9.74   library setup time
                                  9.74   data required time
-----------------------------------------------------------------------------
                                  9.74   data required time
                                 -2.62   data arrival time
-----------------------------------------------------------------------------
                                  7.12   slack (MET)


Startpoint: _2295_ (rising edge-triggered flip-flop clocked by core_clock)
Endpoint: _2295_ (rising edge-triggered flip-flop clocked by core_clock)
Path Group: core_clock
Path Type: max

Fanout     Cap    Slew   Delay    Time   Description
-----------------------------------------------------------------------------
                  0.00    0.00    0.00   clock core_clock (rise edge)
                          0.00    0.00   clock network delay (ideal)
                  0.00    0.00    0.00 ^ _2295_/CLK (sky130_fd_sc_hd__dfxtp_4)
     1    0.09    0.12    0.40    0.40 v _2295_/Q (sky130_fd_sc_hd__dfxtp_4)
                                         rf.registers[3][29] (net)
                  0.15    0.04    0.44 v wire1355/A (sky130_fd_sc_hd__buf_12)
     3    0.24    0.06    0.20    0.64 v wire1355/X (sky130_fd_sc_hd__buf_12)
                                         net1355 (net)
                  0.49    0.24    0.88 v load_slew1354/A (sky130_fd_sc_hd__buf_12)
     1    0.16    0.07    0.34    1.22 v load_slew1354/X (sky130_fd_sc_hd__buf_12)
                                         net1354 (net)
                  0.23    0.11    1.33 v _2021_/A0 (sky130_fd_sc_hd__mux2_8)
     1    0.15    0.14    0.47    1.80 v _2021_/X (sky130_fd_sc_hd__mux2_8)
                                         _0465_ (net)
                  0.26    0.11    1.92 v _2022_/A (sky130_fd_sc_hd__buf_12)
     1    0.27    0.09    0.28    2.19 v _2022_/X (sky130_fd_sc_hd__buf_12)
                                         _0093_ (net)
                  0.63    0.31    2.51 v _2295_/D (sky130_fd_sc_hd__dfxtp_4)
                                  2.51   data arrival time

                  0.00   10.00   10.00   clock core_clock (rise edge)
                          0.00   10.00   clock network delay (ideal)
                          0.00   10.00   clock reconvergence pessimism
                                 10.00 ^ _2295_/CLK (sky130_fd_sc_hd__dfxtp_4)
                         -0.36    9.64   library setup time
                                  9.64   data required time
-----------------------------------------------------------------------------
                                  9.64   data required time
                                 -2.51   data arrival time
-----------------------------------------------------------------------------
                                  7.14   slack (MET)


Startpoint: _2392_ (rising edge-triggered flip-flop clocked by core_clock)
Endpoint: _2328_ (rising edge-triggered flip-flop clocked by core_clock)
Path Group: core_clock
Path Type: max

Fanout     Cap    Slew   Delay    Time   Description
-----------------------------------------------------------------------------
                  0.00    0.00    0.00   clock core_clock (rise edge)
                          0.00    0.00   clock network delay (ideal)
                  0.00    0.00    0.00 ^ _2392_/CLK (sky130_fd_sc_hd__dfxtp_4)
     1    0.09    0.12    0.40    0.40 v _2392_/Q (sky130_fd_sc_hd__dfxtp_4)
                                         rf.registers[1][30] (net)
                  0.15    0.04    0.44 v wire1198/A (sky130_fd_sc_hd__buf_12)
     2    0.24    0.07    0.21    0.65 v wire1198/X (sky130_fd_sc_hd__buf_12)
                                         net1198 (net)
                  0.47    0.23    0.88 v load_slew1197/A (sky130_fd_sc_hd__buf_12)
     2    0.15    0.07    0.32    1.21 v load_slew1197/X (sky130_fd_sc_hd__buf_12)
                                         net1197 (net)
                  0.18    0.08    1.29 v _1955_/A1 (sky130_fd_sc_hd__mux4_2)
     1    0.08    0.27    0.71    2.00 v _1955_/X (sky130_fd_sc_hd__mux4_2)
                                         _0430_ (net)
                  0.28    0.04    2.04 v wire1055/A (sky130_fd_sc_hd__buf_12)
     1    0.14    0.06    0.26    2.29 v wire1055/X (sky130_fd_sc_hd__buf_12)
                                         net1055 (net)
                  0.19    0.09    2.38 v _1956_/A (sky130_fd_sc_hd__clkbuf_16)
     1    0.11    0.07    0.25    2.63 v _1956_/X (sky130_fd_sc_hd__clkbuf_16)
                                         _0023_ (net)
                  0.14    0.06    2.69 v _2328_/D (sky130_fd_sc_hd__dfxtp_4)
                                  2.69   data arrival time

                  0.00   10.00   10.00   clock core_clock (rise edge)
                          0.00   10.00   clock network delay (ideal)
                          0.00   10.00   clock reconvergence pessimism
                                 10.00 ^ _2328_/CLK (sky130_fd_sc_hd__dfxtp_4)
                         -0.16    9.84   library setup time
                                  9.84   data required time
-----------------------------------------------------------------------------
                                  9.84   data required time
                                 -2.69   data arrival time
-----------------------------------------------------------------------------
                                  7.14   slack (MET)


Startpoint: _2402_ (rising edge-triggered flip-flop clocked by core_clock)
Endpoint: _2242_ (rising edge-triggered flip-flop clocked by core_clock)
Path Group: core_clock
Path Type: max

Fanout     Cap    Slew   Delay    Time   Description
-----------------------------------------------------------------------------
                  0.00    0.00    0.00   clock core_clock (rise edge)
                          0.00    0.00   clock network delay (ideal)
                  0.00    0.00    0.00 ^ _2402_/CLK (sky130_fd_sc_hd__dfxtp_4)
     1    0.08    0.11    0.39    0.39 v _2402_/Q (sky130_fd_sc_hd__dfxtp_4)
                                         rf.registers[2][8] (net)
                  0.13    0.03    0.42 v wire1182/A (sky130_fd_sc_hd__buf_12)
     3    0.24    0.06    0.19    0.61 v wire1182/X (sky130_fd_sc_hd__buf_12)
                                         net1182 (net)
                  0.44    0.22    0.83 v load_slew1181/A (sky130_fd_sc_hd__clkbuf_16)
     1    0.13    0.08    0.36    1.19 v load_slew1181/X (sky130_fd_sc_hd__clkbuf_16)
                                         net1181 (net)
                  0.18    0.08    1.27 v _1837_/A2 (sky130_fd_sc_hd__mux4_2)
     1    0.02    0.13    0.58    1.85 v _1837_/X (sky130_fd_sc_hd__mux4_2)
                                         _0366_ (net)
                  0.13    0.00    1.85 v wire1098/A (sky130_fd_sc_hd__buf_12)
     1    0.14    0.06    0.20    2.05 v wire1098/X (sky130_fd_sc_hd__buf_12)
                                         net1098 (net)
                  0.19    0.09    2.14 v wire1097/A (sky130_fd_sc_hd__buf_12)
     1    0.14    0.06    0.22    2.36 v wire1097/X (sky130_fd_sc_hd__buf_12)
                                         net1097 (net)
                  0.19    0.09    2.45 v _1838_/A (sky130_fd_sc_hd__buf_6)
     1    0.08    0.07    0.23    2.68 v _1838_/X (sky130_fd_sc_hd__buf_6)
                                         _0062_ (net)
                  0.10    0.04    2.71 v _2242_/D (sky130_fd_sc_hd__dfxtp_4)
                                  2.71   data arrival time

                  0.00   10.00   10.00   clock core_clock (rise edge)
                          0.00   10.00   clock network delay (ideal)
                          0.00   10.00   clock reconvergence pessimism
                                 10.00 ^ _2242_/CLK (sky130_fd_sc_hd__dfxtp_4)
                         -0.15    9.85   library setup time
                                  9.85   data required time
-----------------------------------------------------------------------------
                                  9.85   data required time
                                 -2.71   data arrival time
-----------------------------------------------------------------------------
                                  7.14   slack (MET)


Startpoint: _2417_ (rising edge-triggered flip-flop clocked by core_clock)
Endpoint: _2257_ (rising edge-triggered flip-flop clocked by core_clock)
Path Group: core_clock
Path Type: max

Fanout     Cap    Slew   Delay    Time   Description
-----------------------------------------------------------------------------
                  0.00    0.00    0.00   clock core_clock (rise edge)
                          0.00    0.00   clock network delay (ideal)
                  0.00    0.00    0.00 ^ _2417_/CLK (sky130_fd_sc_hd__dfxtp_4)
     2    0.13    0.16    0.42    0.42 v _2417_/Q (sky130_fd_sc_hd__dfxtp_4)
                                         rf.registers[2][23] (net)
                  0.24    0.09    0.50 v wire1158/A (sky130_fd_sc_hd__buf_12)
     2    0.20    0.06    0.24    0.74 v wire1158/X (sky130_fd_sc_hd__buf_12)
                                         net1158 (net)
                  0.31    0.15    0.89 v _1871_/A2 (sky130_fd_sc_hd__mux4_2)
     1    0.09    0.30    0.79    1.68 v _1871_/X (sky130_fd_sc_hd__mux4_2)
                                         _0385_ (net)
                  0.32    0.05    1.73 v _1872_/A (sky130_fd_sc_hd__buf_12)
     1    0.31    0.10    0.31    2.03 v _1872_/X (sky130_fd_sc_hd__buf_12)
                                         _0047_ (net)
                  0.82    0.41    2.44 v _2257_/D (sky130_fd_sc_hd__dfxtp_1)
                                  2.44   data arrival time

                  0.00   10.00   10.00   clock core_clock (rise edge)
                          0.00   10.00   clock network delay (ideal)
                          0.00   10.00   clock reconvergence pessimism
                                 10.00 ^ _2257_/CLK (sky130_fd_sc_hd__dfxtp_1)
                         -0.42    9.58   library setup time
                                  9.58   data required time
-----------------------------------------------------------------------------
                                  9.58   data required time
                                 -2.44   data arrival time
-----------------------------------------------------------------------------
                                  7.14   slack (MET)


Startpoint: _2415_ (rising edge-triggered flip-flop clocked by core_clock)
Endpoint: _2255_ (rising edge-triggered flip-flop clocked by core_clock)
Path Group: core_clock
Path Type: max

Fanout     Cap    Slew   Delay    Time   Description
-----------------------------------------------------------------------------
                  0.00    0.00    0.00   clock core_clock (rise edge)
                          0.00    0.00   clock network delay (ideal)
                  0.00    0.00    0.00 ^ _2415_/CLK (sky130_fd_sc_hd__dfxtp_1)
     1    0.01    0.05    0.30    0.30 v _2415_/Q (sky130_fd_sc_hd__dfxtp_1)
                                         rf.registers[2][21] (net)
                  0.05    0.00    0.30 v wire1161/A (sky130_fd_sc_hd__buf_12)
     2    0.20    0.06    0.16    0.46 v wire1161/X (sky130_fd_sc_hd__buf_12)
                                         net1161 (net)
                  0.34    0.16    0.62 v wire1160/A (sky130_fd_sc_hd__buf_12)
     2    0.23    0.07    0.29    0.91 v wire1160/X (sky130_fd_sc_hd__buf_12)
                                         net1160 (net)
                  0.46    0.22    1.14 v _1867_/A2 (sky130_fd_sc_hd__mux4_2)
     1    0.08    0.28    0.82    1.96 v _1867_/X (sky130_fd_sc_hd__mux4_2)
                                         _0383_ (net)
                  0.29    0.04    1.99 v _1868_/A (sky130_fd_sc_hd__buf_12)
     1    0.24    0.08    0.28    2.28 v _1868_/X (sky130_fd_sc_hd__buf_12)
                                         _0045_ (net)
                  0.51    0.25    2.53 v _2255_/D (sky130_fd_sc_hd__dfxtp_4)
                                  2.53   data arrival time

                  0.00   10.00   10.00   clock core_clock (rise edge)
                          0.00   10.00   clock network delay (ideal)
                          0.00   10.00   clock reconvergence pessimism
                                 10.00 ^ _2255_/CLK (sky130_fd_sc_hd__dfxtp_4)
                         -0.32    9.68   library setup time
                                  9.68   data required time
-----------------------------------------------------------------------------
                                  9.68   data required time
                                 -2.53   data arrival time
-----------------------------------------------------------------------------
                                  7.15   slack (MET)


Startpoint: _2395_ (rising edge-triggered flip-flop clocked by core_clock)
Endpoint: _2395_ (rising edge-triggered flip-flop clocked by core_clock)
Path Group: core_clock
Path Type: max

Fanout     Cap    Slew   Delay    Time   Description
-----------------------------------------------------------------------------
                  0.00    0.00    0.00   clock core_clock (rise edge)
                          0.00    0.00   clock network delay (ideal)
                  0.00    0.00    0.00 ^ _2395_/CLK (sky130_fd_sc_hd__dfxtp_4)
     2    0.10    0.13    0.40    0.40 v _2395_/Q (sky130_fd_sc_hd__dfxtp_4)
                                         rf.registers[2][1] (net)
                  0.13    0.00    0.40 v wire1193/A (sky130_fd_sc_hd__buf_12)
     2    0.18    0.06    0.20    0.60 v wire1193/X (sky130_fd_sc_hd__buf_12)
                                         net1193 (net)
                  0.31    0.15    0.75 v _2170_/A0 (sky130_fd_sc_hd__mux2_8)
     1    0.31    0.18    0.55    1.30 v _2170_/X (sky130_fd_sc_hd__mux2_8)
                                         _0546_ (net)
                  0.86    0.42    1.73 v _2171_/A (sky130_fd_sc_hd__buf_12)
     1    0.26    0.10    0.47    2.20 v _2171_/X (sky130_fd_sc_hd__buf_12)
                                         _0161_ (net)
                  0.60    0.30    2.49 v _2395_/D (sky130_fd_sc_hd__dfxtp_4)
                                  2.49   data arrival time

                  0.00   10.00   10.00   clock core_clock (rise edge)
                          0.00   10.00   clock network delay (ideal)
                          0.00   10.00   clock reconvergence pessimism
                                 10.00 ^ _2395_/CLK (sky130_fd_sc_hd__dfxtp_4)
                         -0.35    9.65   library setup time
                                  9.65   data required time
-----------------------------------------------------------------------------
                                  9.65   data required time
                                 -2.49   data arrival time
-----------------------------------------------------------------------------
                                  7.16   slack (MET)


Startpoint: _2341_ (rising edge-triggered flip-flop clocked by core_clock)
Endpoint: _2309_ (rising edge-triggered flip-flop clocked by core_clock)
Path Group: core_clock
Path Type: max

Fanout     Cap    Slew   Delay    Time   Description
-----------------------------------------------------------------------------
                  0.00    0.00    0.00   clock core_clock (rise edge)
                          0.00    0.00   clock network delay (ideal)
                  0.00    0.00    0.00 ^ _2341_/CLK (sky130_fd_sc_hd__dfxtp_4)
     2    0.07    0.11    0.39    0.39 v _2341_/Q (sky130_fd_sc_hd__dfxtp_4)
                                         rf.registers[0][11] (net)
                  0.12    0.03    0.41 v wire1267/A (sky130_fd_sc_hd__buf_12)
     2    0.20    0.06    0.18    0.60 v wire1267/X (sky130_fd_sc_hd__buf_12)
                                         net1267 (net)
                  0.38    0.19    0.79 v _1915_/A0 (sky130_fd_sc_hd__mux4_2)
     1    0.12    0.33    0.85    1.64 v _1915_/X (sky130_fd_sc_hd__mux4_2)
                                         _0409_ (net)
                  0.36    0.07    1.71 v _1916_/A (sky130_fd_sc_hd__buf_12)
     1    0.31    0.10    0.32    2.03 v _1916_/X (sky130_fd_sc_hd__buf_12)
                                         _0002_ (net)
                  0.79    0.39    2.43 v _2309_/D (sky130_fd_sc_hd__dfxtp_4)
                                  2.43   data arrival time

                  0.00   10.00   10.00   clock core_clock (rise edge)
                          0.00   10.00   clock network delay (ideal)
                          0.00   10.00   clock reconvergence pessimism
                                 10.00 ^ _2309_/CLK (sky130_fd_sc_hd__dfxtp_4)
                         -0.41    9.59   library setup time
                                  9.59   data required time
-----------------------------------------------------------------------------
                                  9.59   data required time
                                 -2.43   data arrival time
-----------------------------------------------------------------------------
                                  7.17   slack (MET)


Startpoint: _2384_ (rising edge-triggered flip-flop clocked by core_clock)
Endpoint: _2384_ (rising edge-triggered flip-flop clocked by core_clock)
Path Group: core_clock
Path Type: max

Fanout     Cap    Slew   Delay    Time   Description
-----------------------------------------------------------------------------
                  0.00    0.00    0.00   clock core_clock (rise edge)
                          0.00    0.00   clock network delay (ideal)
                  0.00    0.00    0.00 ^ _2384_/CLK (sky130_fd_sc_hd__dfxtp_4)
     3    0.15    0.20    0.46    0.46 v _2384_/Q (sky130_fd_sc_hd__dfxtp_4)
                                         rf.registers[1][22] (net)
                  0.21    0.03    0.49 v wire1210/A (sky130_fd_sc_hd__buf_12)
     1    0.19    0.07    0.24    0.73 v wire1210/X (sky130_fd_sc_hd__buf_12)
                                         net1210 (net)
                  0.34    0.17    0.90 v _2145_/A0 (sky130_fd_sc_hd__mux2_8)
     1    0.16    0.14    0.52    1.42 v _2145_/X (sky130_fd_sc_hd__mux2_8)
                                         _0532_ (net)
                  0.28    0.12    1.54 v _2146_/A (sky130_fd_sc_hd__buf_12)
     1    0.22    0.08    0.27    1.81 v _2146_/X (sky130_fd_sc_hd__buf_12)
                                         _0150_ (net)
                  0.43    0.21    2.03 v wire814/A (sky130_fd_sc_hd__clkbuf_16)
     1    0.20    0.10    0.37    2.40 v wire814/X (sky130_fd_sc_hd__clkbuf_16)
                                         net814 (net)
                  0.35    0.17    2.57 v _2384_/D (sky130_fd_sc_hd__dfxtp_4)
                                  2.57   data arrival time

                  0.00   10.00   10.00   clock core_clock (rise edge)
                          0.00   10.00   clock network delay (ideal)
                          0.00   10.00   clock reconvergence pessimism
                                 10.00 ^ _2384_/CLK (sky130_fd_sc_hd__dfxtp_4)
                         -0.26    9.74   library setup time
                                  9.74   data required time
-----------------------------------------------------------------------------
                                  9.74   data required time
                                 -2.57   data arrival time
-----------------------------------------------------------------------------
                                  7.18   slack (MET)


Startpoint: _2346_ (rising edge-triggered flip-flop clocked by core_clock)
Endpoint: _2346_ (rising edge-triggered flip-flop clocked by core_clock)
Path Group: core_clock
Path Type: max

Fanout     Cap    Slew   Delay    Time   Description
-----------------------------------------------------------------------------
                  0.00    0.00    0.00   clock core_clock (rise edge)
                          0.00    0.00   clock network delay (ideal)
                  0.00    0.00    0.00 ^ _2346_/CLK (sky130_fd_sc_hd__dfxtp_4)
     1    0.04    0.08    0.36    0.36 v _2346_/Q (sky130_fd_sc_hd__dfxtp_4)
                                         rf.registers[0][16] (net)
                  0.08    0.01    0.37 v wire1262/A (sky130_fd_sc_hd__buf_12)
     2    0.24    0.06    0.17    0.54 v wire1262/X (sky130_fd_sc_hd__buf_12)
                                         net1262 (net)
                  0.50    0.25    0.79 v _2063_/A1 (sky130_fd_sc_hd__mux2_8)
     1    0.27    0.17    0.62    1.41 v _2063_/X (sky130_fd_sc_hd__mux2_8)
                                         _0488_ (net)
                  0.65    0.32    1.73 v _2064_/A (sky130_fd_sc_hd__buf_12)
     1    0.26    0.10    0.42    2.15 v _2064_/X (sky130_fd_sc_hd__buf_12)
                                         _0112_ (net)
                  0.59    0.30    2.44 v _2346_/D (sky130_fd_sc_hd__dfxtp_4)
                                  2.44   data arrival time

                  0.00   10.00   10.00   clock core_clock (rise edge)
                          0.00   10.00   clock network delay (ideal)
                          0.00   10.00   clock reconvergence pessimism
                                 10.00 ^ _2346_/CLK (sky130_fd_sc_hd__dfxtp_4)
                         -0.35    9.65   library setup time
                                  9.65   data required time
-----------------------------------------------------------------------------
                                  9.65   data required time
                                 -2.44   data arrival time
-----------------------------------------------------------------------------
                                  7.21   slack (MET)


Startpoint: _2347_ (rising edge-triggered flip-flop clocked by core_clock)
Endpoint: _2347_ (rising edge-triggered flip-flop clocked by core_clock)
Path Group: core_clock
Path Type: max

Fanout     Cap    Slew   Delay    Time   Description
-----------------------------------------------------------------------------
                  0.00    0.00    0.00   clock core_clock (rise edge)
                          0.00    0.00   clock network delay (ideal)
                  0.00    0.00    0.00 ^ _2347_/CLK (sky130_fd_sc_hd__dfxtp_4)
     3    0.08    0.12    0.40    0.40 v _2347_/Q (sky130_fd_sc_hd__dfxtp_4)
                                         rf.registers[0][17] (net)
                  0.12    0.01    0.41 v wire1259/A (sky130_fd_sc_hd__buf_12)
     1    0.18    0.07    0.20    0.61 v wire1259/X (sky130_fd_sc_hd__buf_12)
                                         net1259 (net)
                  0.30    0.15    0.76 v _2065_/A1 (sky130_fd_sc_hd__mux2_8)
     1    0.21    0.16    0.51    1.27 v _2065_/X (sky130_fd_sc_hd__mux2_8)
                                         _0489_ (net)
                  0.43    0.20    1.48 v _2066_/A (sky130_fd_sc_hd__buf_12)
     1    0.21    0.08    0.33    1.80 v _2066_/X (sky130_fd_sc_hd__buf_12)
                                         _0113_ (net)
                  0.41    0.20    2.01 v wire815/A (sky130_fd_sc_hd__clkbuf_16)
     1    0.19    0.10    0.36    2.36 v wire815/X (sky130_fd_sc_hd__clkbuf_16)
                                         net815 (net)
                  0.33    0.16    2.52 v _2347_/D (sky130_fd_sc_hd__dfxtp_4)
                                  2.52   data arrival time

                  0.00   10.00   10.00   clock core_clock (rise edge)
                          0.00   10.00   clock network delay (ideal)
                          0.00   10.00   clock reconvergence pessimism
                                 10.00 ^ _2347_/CLK (sky130_fd_sc_hd__dfxtp_4)
                         -0.25    9.75   library setup time
                                  9.75   data required time
-----------------------------------------------------------------------------
                                  9.75   data required time
                                 -2.52   data arrival time
-----------------------------------------------------------------------------
                                  7.23   slack (MET)


Startpoint: _2288_ (rising edge-triggered flip-flop clocked by core_clock)
Endpoint: _2288_ (rising edge-triggered flip-flop clocked by core_clock)
Path Group: core_clock
Path Type: max

Fanout     Cap    Slew   Delay    Time   Description
-----------------------------------------------------------------------------
                  0.00    0.00    0.00   clock core_clock (rise edge)
                          0.00    0.00   clock network delay (ideal)
                  0.00    0.00    0.00 ^ _2288_/CLK (sky130_fd_sc_hd__dfxtp_2)
     2    0.03    0.08    0.35    0.35 v _2288_/Q (sky130_fd_sc_hd__dfxtp_2)
                                         rf.registers[3][22] (net)
                  0.08    0.00    0.35 v wire1362/A (sky130_fd_sc_hd__buf_12)
     2    0.22    0.07    0.17    0.52 v wire1362/X (sky130_fd_sc_hd__buf_12)
                                         net1362 (net)
                  0.28    0.13    0.65 v wire1361/A (sky130_fd_sc_hd__buf_12)
     1    0.23    0.08    0.28    0.93 v wire1361/X (sky130_fd_sc_hd__buf_12)
                                         net1361 (net)
                  0.47    0.23    1.16 v _2007_/A0 (sky130_fd_sc_hd__mux2_8)
     1    0.10    0.12    0.56    1.72 v _2007_/X (sky130_fd_sc_hd__mux2_8)
                                         _0458_ (net)
                  0.15    0.05    1.77 v _2008_/A (sky130_fd_sc_hd__buf_12)
     1    0.30    0.09    0.23    2.00 v _2008_/X (sky130_fd_sc_hd__buf_12)
                                         _0086_ (net)
                  0.74    0.37    2.37 v _2288_/D (sky130_fd_sc_hd__dfxtp_2)
                                  2.37   data arrival time

                  0.00   10.00   10.00   clock core_clock (rise edge)
                          0.00   10.00   clock network delay (ideal)
                          0.00   10.00   clock reconvergence pessimism
                                 10.00 ^ _2288_/CLK (sky130_fd_sc_hd__dfxtp_2)
                         -0.40    9.60   library setup time
                                  9.60   data required time
-----------------------------------------------------------------------------
                                  9.60   data required time
                                 -2.37   data arrival time
-----------------------------------------------------------------------------
                                  7.24   slack (MET)


Startpoint: _2364_ (rising edge-triggered flip-flop clocked by core_clock)
Endpoint: _2364_ (rising edge-triggered flip-flop clocked by core_clock)
Path Group: core_clock
Path Type: max

Fanout     Cap    Slew   Delay    Time   Description
-----------------------------------------------------------------------------
                  0.00    0.00    0.00   clock core_clock (rise edge)
                          0.00    0.00   clock network delay (ideal)
                  0.00    0.00    0.00 ^ _2364_/CLK (sky130_fd_sc_hd__dfxtp_2)
     1    0.02    0.07    0.33    0.33 v _2364_/Q (sky130_fd_sc_hd__dfxtp_2)
                                         rf.registers[1][2] (net)
                  0.07    0.00    0.33 v wire1237/A (sky130_fd_sc_hd__buf_12)
     2    0.24    0.06    0.17    0.50 v wire1237/X (sky130_fd_sc_hd__buf_12)
                                         net1237 (net)
                  0.44    0.22    0.72 v load_slew1236/A (sky130_fd_sc_hd__buf_12)
     2    0.15    0.07    0.31    1.03 v load_slew1236/X (sky130_fd_sc_hd__buf_12)
                                         net1236 (net)
                  0.22    0.10    1.13 v _2103_/A0 (sky130_fd_sc_hd__mux2_8)
     1    0.20    0.15    0.48    1.62 v _2103_/X (sky130_fd_sc_hd__mux2_8)
                                         _0510_ (net)
                  0.40    0.19    1.80 v wire875/A (sky130_fd_sc_hd__clkbuf_16)
     1    0.18    0.09    0.35    2.16 v wire875/X (sky130_fd_sc_hd__clkbuf_16)
                                         net875 (net)
                  0.30    0.14    2.30 v _2104_/A (sky130_fd_sc_hd__clkbuf_8)
     1    0.06    0.08    0.29    2.59 v _2104_/X (sky130_fd_sc_hd__clkbuf_8)
                                         _0130_ (net)
                  0.09    0.02    2.61 v _2364_/D (sky130_fd_sc_hd__dfxtp_2)
                                  2.61   data arrival time

                  0.00   10.00   10.00   clock core_clock (rise edge)
                          0.00   10.00   clock network delay (ideal)
                          0.00   10.00   clock reconvergence pessimism
                                 10.00 ^ _2364_/CLK (sky130_fd_sc_hd__dfxtp_2)
                         -0.14    9.86   library setup time
                                  9.86   data required time
-----------------------------------------------------------------------------
                                  9.86   data required time
                                 -2.61   data arrival time
-----------------------------------------------------------------------------
                                  7.24   slack (MET)


Startpoint: _2417_ (rising edge-triggered flip-flop clocked by core_clock)
Endpoint: _2321_ (rising edge-triggered flip-flop clocked by core_clock)
Path Group: core_clock
Path Type: max

Fanout     Cap    Slew   Delay    Time   Description
-----------------------------------------------------------------------------
                  0.00    0.00    0.00   clock core_clock (rise edge)
                          0.00    0.00   clock network delay (ideal)
                  0.00    0.00    0.00 ^ _2417_/CLK (sky130_fd_sc_hd__dfxtp_4)
     2    0.13    0.16    0.42    0.42 v _2417_/Q (sky130_fd_sc_hd__dfxtp_4)
                                         rf.registers[2][23] (net)
                  0.24    0.09    0.50 v wire1158/A (sky130_fd_sc_hd__buf_12)
     2    0.20    0.06    0.24    0.74 v wire1158/X (sky130_fd_sc_hd__buf_12)
                                         net1158 (net)
                  0.37    0.18    0.93 v _1941_/A2 (sky130_fd_sc_hd__mux4_2)
     1    0.12    0.34    0.86    1.79 v _1941_/X (sky130_fd_sc_hd__mux4_2)
                                         _0423_ (net)
                  0.37    0.08    1.86 v _1942_/A (sky130_fd_sc_hd__buf_12)
     1    0.24    0.08    0.31    2.18 v _1942_/X (sky130_fd_sc_hd__buf_12)
                                         _0015_ (net)
                  0.50    0.25    2.42 v _2321_/D (sky130_fd_sc_hd__dfxtp_1)
                                  2.42   data arrival time

                  0.00   10.00   10.00   clock core_clock (rise edge)
                          0.00   10.00   clock network delay (ideal)
                          0.00   10.00   clock reconvergence pessimism
                                 10.00 ^ _2321_/CLK (sky130_fd_sc_hd__dfxtp_1)
                         -0.32    9.68   library setup time
                                  9.68   data required time
-----------------------------------------------------------------------------
                                  9.68   data required time
                                 -2.42   data arrival time
-----------------------------------------------------------------------------
                                  7.26   slack (MET)


Startpoint: _2398_ (rising edge-triggered flip-flop clocked by core_clock)
Endpoint: _2398_ (rising edge-triggered flip-flop clocked by core_clock)
Path Group: core_clock
Path Type: max

Fanout     Cap    Slew   Delay    Time   Description
-----------------------------------------------------------------------------
                  0.00    0.00    0.00   clock core_clock (rise edge)
                          0.00    0.00   clock network delay (ideal)
                  0.00    0.00    0.00 ^ _2398_/CLK (sky130_fd_sc_hd__dfxtp_2)
     1    0.03    0.08    0.34    0.34 v _2398_/Q (sky130_fd_sc_hd__dfxtp_2)
                                         rf.registers[2][4] (net)
                  0.08    0.00    0.34 v wire1187/A (sky130_fd_sc_hd__buf_12)
     2    0.24    0.06    0.17    0.51 v wire1187/X (sky130_fd_sc_hd__buf_12)
                                         net1187 (net)
                  0.39    0.19    0.70 v max_cap1186/A (sky130_fd_sc_hd__buf_12)
     2    0.17    0.07    0.30    1.00 v max_cap1186/X (sky130_fd_sc_hd__buf_12)
                                         net1186 (net)
                  0.24    0.11    1.11 v _2176_/A0 (sky130_fd_sc_hd__mux2_8)
     1    0.21    0.16    0.49    1.60 v _2176_/X (sky130_fd_sc_hd__mux2_8)
                                         _0549_ (net)
                  0.45    0.21    1.81 v _2177_/A (sky130_fd_sc_hd__buf_12)
     1    0.24    0.09    0.34    2.16 v _2177_/X (sky130_fd_sc_hd__buf_12)
                                         _0164_ (net)
                  0.52    0.26    2.41 v _2398_/D (sky130_fd_sc_hd__dfxtp_2)
                                  2.41   data arrival time

                  0.00   10.00   10.00   clock core_clock (rise edge)
                          0.00   10.00   clock network delay (ideal)
                          0.00   10.00   clock reconvergence pessimism
                                 10.00 ^ _2398_/CLK (sky130_fd_sc_hd__dfxtp_2)
                         -0.33    9.67   library setup time
                                  9.67   data required time
-----------------------------------------------------------------------------
                                  9.67   data required time
                                 -2.41   data arrival time
-----------------------------------------------------------------------------
                                  7.26   slack (MET)


Startpoint: _2271_ (rising edge-triggered flip-flop clocked by core_clock)
Endpoint: _2239_ (rising edge-triggered flip-flop clocked by core_clock)
Path Group: core_clock
Path Type: max

Fanout     Cap    Slew   Delay    Time   Description
-----------------------------------------------------------------------------
                  0.00    0.00    0.00   clock core_clock (rise edge)
                          0.00    0.00   clock network delay (ideal)
                  0.00    0.00    0.00 ^ _2271_/CLK (sky130_fd_sc_hd__dfxtp_2)
     1    0.02    0.07    0.33    0.33 v _2271_/Q (sky130_fd_sc_hd__dfxtp_2)
                                         rf.registers[3][5] (net)
                  0.07    0.00    0.34 v wire1389/A (sky130_fd_sc_hd__buf_12)
     2    0.24    0.06    0.17    0.50 v wire1389/X (sky130_fd_sc_hd__buf_12)
                                         net1389 (net)
                  0.41    0.20    0.70 v wire1388/A (sky130_fd_sc_hd__buf_12)
     2    0.18    0.07    0.31    1.01 v wire1388/X (sky130_fd_sc_hd__buf_12)
                                         net1388 (net)
                  0.27    0.13    1.14 v _1831_/A3 (sky130_fd_sc_hd__mux4_2)
     1    0.09    0.30    0.78    1.92 v _1831_/X (sky130_fd_sc_hd__mux4_2)
                                         _0363_ (net)
                  0.31    0.04    1.97 v wire1099/A (sky130_fd_sc_hd__buf_12)
     1    0.14    0.07    0.27    2.24 v wire1099/X (sky130_fd_sc_hd__buf_12)
                                         net1099 (net)
                  0.19    0.09    2.33 v _1832_/A (sky130_fd_sc_hd__clkbuf_4)
     1    0.04    0.09    0.25    2.58 v _1832_/X (sky130_fd_sc_hd__clkbuf_4)
                                         _0059_ (net)
                  0.09    0.01    2.59 v _2239_/D (sky130_fd_sc_hd__dfxtp_1)
                                  2.59   data arrival time

                  0.00   10.00   10.00   clock core_clock (rise edge)
                          0.00   10.00   clock network delay (ideal)
                          0.00   10.00   clock reconvergence pessimism
                                 10.00 ^ _2239_/CLK (sky130_fd_sc_hd__dfxtp_1)
                         -0.14    9.86   library setup time
                                  9.86   data required time
-----------------------------------------------------------------------------
                                  9.86   data required time
                                 -2.59   data arrival time
-----------------------------------------------------------------------------
                                  7.27   slack (MET)


Startpoint: _2333_ (rising edge-triggered flip-flop clocked by core_clock)
Endpoint: _2301_ (rising edge-triggered flip-flop clocked by core_clock)
Path Group: core_clock
Path Type: max

Fanout     Cap    Slew   Delay    Time   Description
-----------------------------------------------------------------------------
                  0.00    0.00    0.00   clock core_clock (rise edge)
                          0.00    0.00   clock network delay (ideal)
                  0.00    0.00    0.00 ^ _2333_/CLK (sky130_fd_sc_hd__dfxtp_4)
     3    0.08    0.11    0.39    0.39 v _2333_/Q (sky130_fd_sc_hd__dfxtp_4)
                                         rf.registers[0][3] (net)
                  0.12    0.03    0.42 v wire1275/A (sky130_fd_sc_hd__buf_12)
     1    0.24    0.08    0.21    0.63 v wire1275/X (sky130_fd_sc_hd__buf_12)
                                         net1275 (net)
                  0.51    0.25    0.88 v _1897_/A0 (sky130_fd_sc_hd__mux4_2)
     1    0.03    0.15    0.71    1.59 v _1897_/X (sky130_fd_sc_hd__mux4_2)
                                         _0399_ (net)
                  0.15    0.00    1.60 v wire1076/A (sky130_fd_sc_hd__buf_12)
     1    0.14    0.06    0.20    1.80 v wire1076/X (sky130_fd_sc_hd__buf_12)
                                         net1076 (net)
                  0.19    0.09    1.89 v wire1075/A (sky130_fd_sc_hd__buf_12)
     1    0.14    0.06    0.22    2.11 v wire1075/X (sky130_fd_sc_hd__buf_12)
                                         net1075 (net)
                  0.19    0.09    2.20 v _1898_/A (sky130_fd_sc_hd__buf_12)
     1    0.15    0.06    0.23    2.42 v _1898_/X (sky130_fd_sc_hd__buf_12)
                                         _0025_ (net)
                  0.22    0.10    2.53 v _2301_/D (sky130_fd_sc_hd__dfxtp_1)
                                  2.53   data arrival time

                  0.00   10.00   10.00   clock core_clock (rise edge)
                          0.00   10.00   clock network delay (ideal)
                          0.00   10.00   clock reconvergence pessimism
                                 10.00 ^ _2301_/CLK (sky130_fd_sc_hd__dfxtp_1)
                         -0.20    9.80   library setup time
                                  9.80   data required time
-----------------------------------------------------------------------------
                                  9.80   data required time
                                 -2.53   data arrival time
-----------------------------------------------------------------------------
                                  7.27   slack (MET)


Startpoint: _2352_ (rising edge-triggered flip-flop clocked by core_clock)
Endpoint: _2256_ (rising edge-triggered flip-flop clocked by core_clock)
Path Group: core_clock
Path Type: max

Fanout     Cap    Slew   Delay    Time   Description
-----------------------------------------------------------------------------
                  0.00    0.00    0.00   clock core_clock (rise edge)
                          0.00    0.00   clock network delay (ideal)
                  0.00    0.00    0.00 ^ _2352_/CLK (sky130_fd_sc_hd__dfxtp_4)
     2    0.13    0.17    0.43    0.43 v _2352_/Q (sky130_fd_sc_hd__dfxtp_4)
                                         rf.registers[0][22] (net)
                  0.22    0.07    0.50 v wire1251/A (sky130_fd_sc_hd__buf_12)
     2    0.24    0.06    0.23    0.73 v wire1251/X (sky130_fd_sc_hd__buf_12)
                                         net1251 (net)
                  0.38    0.18    0.92 v _1869_/A0 (sky130_fd_sc_hd__mux4_2)
     1    0.10    0.31    0.81    1.73 v _1869_/X (sky130_fd_sc_hd__mux4_2)
                                         _0384_ (net)
                  0.33    0.05    1.78 v _1870_/A (sky130_fd_sc_hd__buf_12)
     1    0.26    0.09    0.30    2.08 v _1870_/X (sky130_fd_sc_hd__buf_12)
                                         _0046_ (net)
                  0.58    0.29    2.37 v _2256_/D (sky130_fd_sc_hd__dfxtp_4)
                                  2.37   data arrival time

                  0.00   10.00   10.00   clock core_clock (rise edge)
                          0.00   10.00   clock network delay (ideal)
                          0.00   10.00   clock reconvergence pessimism
                                 10.00 ^ _2256_/CLK (sky130_fd_sc_hd__dfxtp_4)
                         -0.35    9.65   library setup time
                                  9.65   data required time
-----------------------------------------------------------------------------
                                  9.65   data required time
                                 -2.37   data arrival time
-----------------------------------------------------------------------------
                                  7.28   slack (MET)


Startpoint: _2382_ (rising edge-triggered flip-flop clocked by core_clock)
Endpoint: _2382_ (rising edge-triggered flip-flop clocked by core_clock)
Path Group: core_clock
Path Type: max

Fanout     Cap    Slew   Delay    Time   Description
-----------------------------------------------------------------------------
                  0.00    0.00    0.00   clock core_clock (rise edge)
                          0.00    0.00   clock network delay (ideal)
                  0.00    0.00    0.00 ^ _2382_/CLK (sky130_fd_sc_hd__dfxtp_1)
     1    0.01    0.05    0.30    0.30 v _2382_/Q (sky130_fd_sc_hd__dfxtp_1)
                                         rf.registers[1][20] (net)
                  0.05    0.00    0.30 v wire1214/A (sky130_fd_sc_hd__buf_12)
     2    0.21    0.07    0.17    0.47 v wire1214/X (sky130_fd_sc_hd__buf_12)
                                         net1214 (net)
                  0.39    0.19    0.66 v wire1213/A (sky130_fd_sc_hd__buf_12)
     2    0.23    0.07    0.30    0.96 v wire1213/X (sky130_fd_sc_hd__buf_12)
                                         net1213 (net)
                  0.43    0.21    1.18 v _2141_/A0 (sky130_fd_sc_hd__mux2_8)
     1    0.16    0.14    0.56    1.74 v _2141_/X (sky130_fd_sc_hd__mux2_8)
                                         _0530_ (net)
                  0.28    0.12    1.86 v _2142_/A (sky130_fd_sc_hd__buf_12)
     1    0.24    0.08    0.28    2.13 v _2142_/X (sky130_fd_sc_hd__buf_12)
                                         _0148_ (net)
                  0.50    0.25    2.38 v _2382_/D (sky130_fd_sc_hd__dfxtp_1)
                                  2.38   data arrival time

                  0.00   10.00   10.00   clock core_clock (rise edge)
                          0.00   10.00   clock network delay (ideal)
                          0.00   10.00   clock reconvergence pessimism
                                 10.00 ^ _2382_/CLK (sky130_fd_sc_hd__dfxtp_1)
                         -0.32    9.68   library setup time
                                  9.68   data required time
-----------------------------------------------------------------------------
                                  9.68   data required time
                                 -2.38   data arrival time
-----------------------------------------------------------------------------
                                  7.30   slack (MET)


Startpoint: _2392_ (rising edge-triggered flip-flop clocked by core_clock)
Endpoint: _2392_ (rising edge-triggered flip-flop clocked by core_clock)
Path Group: core_clock
Path Type: max

Fanout     Cap    Slew   Delay    Time   Description
-----------------------------------------------------------------------------
                  0.00    0.00    0.00   clock core_clock (rise edge)
                          0.00    0.00   clock network delay (ideal)
                  0.00    0.00    0.00 ^ _2392_/CLK (sky130_fd_sc_hd__dfxtp_4)
     1    0.09    0.12    0.40    0.40 v _2392_/Q (sky130_fd_sc_hd__dfxtp_4)
                                         rf.registers[1][30] (net)
                  0.15    0.04    0.44 v wire1198/A (sky130_fd_sc_hd__buf_12)
     2    0.24    0.07    0.21    0.65 v wire1198/X (sky130_fd_sc_hd__buf_12)
                                         net1198 (net)
                  0.49    0.24    0.89 v _2161_/A0 (sky130_fd_sc_hd__mux2_8)
     1    0.31    0.18    0.63    1.52 v _2161_/X (sky130_fd_sc_hd__mux2_8)
                                         _0540_ (net)
                  0.86    0.42    1.95 v _2162_/A (sky130_fd_sc_hd__buf_12)
     1    0.15    0.08    0.45    2.40 v _2162_/X (sky130_fd_sc_hd__buf_12)
                                         _0158_ (net)
                  0.22    0.10    2.50 v _2392_/D (sky130_fd_sc_hd__dfxtp_4)
                                  2.50   data arrival time

                  0.00   10.00   10.00   clock core_clock (rise edge)
                          0.00   10.00   clock network delay (ideal)
                          0.00   10.00   clock reconvergence pessimism
                                 10.00 ^ _2392_/CLK (sky130_fd_sc_hd__dfxtp_4)
                         -0.20    9.80   library setup time
                                  9.80   data required time
-----------------------------------------------------------------------------
                                  9.80   data required time
                                 -2.50   data arrival time
-----------------------------------------------------------------------------
                                  7.31   slack (MET)


Startpoint: _2398_ (rising edge-triggered flip-flop clocked by core_clock)
Endpoint: _2238_ (rising edge-triggered flip-flop clocked by core_clock)
Path Group: core_clock
Path Type: max

Fanout     Cap    Slew   Delay    Time   Description
-----------------------------------------------------------------------------
                  0.00    0.00    0.00   clock core_clock (rise edge)
                          0.00    0.00   clock network delay (ideal)
                  0.00    0.00    0.00 ^ _2398_/CLK (sky130_fd_sc_hd__dfxtp_2)
     1    0.03    0.08    0.34    0.34 v _2398_/Q (sky130_fd_sc_hd__dfxtp_2)
                                         rf.registers[2][4] (net)
                  0.08    0.00    0.34 v wire1187/A (sky130_fd_sc_hd__buf_12)
     2    0.24    0.06    0.17    0.51 v wire1187/X (sky130_fd_sc_hd__buf_12)
                                         net1187 (net)
                  0.39    0.19    0.70 v max_cap1186/A (sky130_fd_sc_hd__buf_12)
     2    0.17    0.07    0.30    1.00 v max_cap1186/X (sky130_fd_sc_hd__buf_12)
                                         net1186 (net)
                  0.24    0.11    1.11 v _1829_/A2 (sky130_fd_sc_hd__mux4_2)
     1    0.06    0.21    0.70    1.81 v _1829_/X (sky130_fd_sc_hd__mux4_2)
                                         _0362_ (net)
                  0.21    0.02    1.83 v wire1100/A (sky130_fd_sc_hd__buf_12)
     1    0.14    0.06    0.23    2.06 v wire1100/X (sky130_fd_sc_hd__buf_12)
                                         net1100 (net)
                  0.19    0.09    2.15 v _1830_/A (sky130_fd_sc_hd__buf_12)
     1    0.16    0.07    0.23    2.38 v _1830_/X (sky130_fd_sc_hd__buf_12)
                                         _0058_ (net)
                  0.23    0.11    2.49 v _2238_/D (sky130_fd_sc_hd__dfxtp_4)
                                  2.49   data arrival time

                  0.00   10.00   10.00   clock core_clock (rise edge)
                          0.00   10.00   clock network delay (ideal)
                          0.00   10.00   clock reconvergence pessimism
                                 10.00 ^ _2238_/CLK (sky130_fd_sc_hd__dfxtp_4)
                         -0.20    9.80   library setup time
                                  9.80   data required time
-----------------------------------------------------------------------------
                                  9.80   data required time
                                 -2.49   data arrival time
-----------------------------------------------------------------------------
                                  7.31   slack (MET)


Startpoint: _2271_ (rising edge-triggered flip-flop clocked by core_clock)
Endpoint: _2271_ (rising edge-triggered flip-flop clocked by core_clock)
Path Group: core_clock
Path Type: max

Fanout     Cap    Slew   Delay    Time   Description
-----------------------------------------------------------------------------
                  0.00    0.00    0.00   clock core_clock (rise edge)
                          0.00    0.00   clock network delay (ideal)
                  0.00    0.00    0.00 ^ _2271_/CLK (sky130_fd_sc_hd__dfxtp_2)
     1    0.02    0.07    0.33    0.33 v _2271_/Q (sky130_fd_sc_hd__dfxtp_2)
                                         rf.registers[3][5] (net)
                  0.07    0.00    0.34 v wire1389/A (sky130_fd_sc_hd__buf_12)
     2    0.24    0.06    0.17    0.50 v wire1389/X (sky130_fd_sc_hd__buf_12)
                                         net1389 (net)
                  0.41    0.20    0.70 v wire1388/A (sky130_fd_sc_hd__buf_12)
     2    0.18    0.07    0.31    1.01 v wire1388/X (sky130_fd_sc_hd__buf_12)
                                         net1388 (net)
                  0.31    0.15    1.16 v _1971_/A0 (sky130_fd_sc_hd__mux2_8)
     1    0.19    0.15    0.52    1.68 v _1971_/X (sky130_fd_sc_hd__mux2_8)
                                         _0439_ (net)
                  0.37    0.17    1.85 v _1972_/A (sky130_fd_sc_hd__buf_12)
     1    0.23    0.08    0.31    2.16 v _1972_/X (sky130_fd_sc_hd__buf_12)
                                         _0069_ (net)
                  0.46    0.23    2.39 v _2271_/D (sky130_fd_sc_hd__dfxtp_2)
                                  2.39   data arrival time

                  0.00   10.00   10.00   clock core_clock (rise edge)
                          0.00   10.00   clock network delay (ideal)
                          0.00   10.00   clock reconvergence pessimism
                                 10.00 ^ _2271_/CLK (sky130_fd_sc_hd__dfxtp_2)
                         -0.30    9.70   library setup time
                                  9.70   data required time
-----------------------------------------------------------------------------
                                  9.70   data required time
                                 -2.39   data arrival time
-----------------------------------------------------------------------------
                                  7.31   slack (MET)


Startpoint: _2364_ (rising edge-triggered flip-flop clocked by core_clock)
Endpoint: _2300_ (rising edge-triggered flip-flop clocked by core_clock)
Path Group: core_clock
Path Type: max

Fanout     Cap    Slew   Delay    Time   Description
-----------------------------------------------------------------------------
                  0.00    0.00    0.00   clock core_clock (rise edge)
                          0.00    0.00   clock network delay (ideal)
                  0.00    0.00    0.00 ^ _2364_/CLK (sky130_fd_sc_hd__dfxtp_2)
     1    0.02    0.07    0.33    0.33 v _2364_/Q (sky130_fd_sc_hd__dfxtp_2)
                                         rf.registers[1][2] (net)
                  0.07    0.00    0.33 v wire1237/A (sky130_fd_sc_hd__buf_12)
     2    0.24    0.06    0.17    0.50 v wire1237/X (sky130_fd_sc_hd__buf_12)
                                         net1237 (net)
                  0.44    0.22    0.72 v load_slew1236/A (sky130_fd_sc_hd__buf_12)
     2    0.15    0.07    0.31    1.03 v load_slew1236/X (sky130_fd_sc_hd__buf_12)
                                         net1236 (net)
                  0.14    0.05    1.08 v _1895_/A1 (sky130_fd_sc_hd__mux4_2)
     1    0.10    0.31    0.73    1.81 v _1895_/X (sky130_fd_sc_hd__mux4_2)
                                         _0398_ (net)
                  0.33    0.05    1.86 v wire1077/A (sky130_fd_sc_hd__buf_12)
     1    0.14    0.07    0.28    2.14 v wire1077/X (sky130_fd_sc_hd__buf_12)
                                         net1077 (net)
                  0.19    0.09    2.23 v _1896_/A (sky130_fd_sc_hd__buf_12)
     1    0.12    0.06    0.22    2.45 v _1896_/X (sky130_fd_sc_hd__buf_12)
                                         _0022_ (net)
                  0.15    0.07    2.52 v _2300_/D (sky130_fd_sc_hd__dfxtp_4)
                                  2.52   data arrival time

                  0.00   10.00   10.00   clock core_clock (rise edge)
                          0.00   10.00   clock network delay (ideal)
                          0.00   10.00   clock reconvergence pessimism
                                 10.00 ^ _2300_/CLK (sky130_fd_sc_hd__dfxtp_4)
                         -0.17    9.83   library setup time
                                  9.83   data required time
-----------------------------------------------------------------------------
                                  9.83   data required time
                                 -2.52   data arrival time
-----------------------------------------------------------------------------
                                  7.32   slack (MET)


Startpoint: _2346_ (rising edge-triggered flip-flop clocked by core_clock)
Endpoint: _2314_ (rising edge-triggered flip-flop clocked by core_clock)
Path Group: core_clock
Path Type: max

Fanout     Cap    Slew   Delay    Time   Description
-----------------------------------------------------------------------------
                  0.00    0.00    0.00   clock core_clock (rise edge)
                          0.00    0.00   clock network delay (ideal)
                  0.00    0.00    0.00 ^ _2346_/CLK (sky130_fd_sc_hd__dfxtp_4)
     1    0.04    0.08    0.36    0.36 v _2346_/Q (sky130_fd_sc_hd__dfxtp_4)
                                         rf.registers[0][16] (net)
                  0.08    0.01    0.37 v wire1262/A (sky130_fd_sc_hd__buf_12)
     2    0.24    0.06    0.17    0.54 v wire1262/X (sky130_fd_sc_hd__buf_12)
                                         net1262 (net)
                  0.30    0.14    0.68 v max_cap1261/A (sky130_fd_sc_hd__buf_12)
     2    0.17    0.07    0.26    0.94 v max_cap1261/X (sky130_fd_sc_hd__buf_12)
                                         net1261 (net)
                  0.26    0.13    1.07 v _1925_/A0 (sky130_fd_sc_hd__mux4_2)
     1    0.02    0.14    0.61    1.68 v _1925_/X (sky130_fd_sc_hd__mux4_2)
                                         _0414_ (net)
                  0.14    0.00    1.68 v wire1067/A (sky130_fd_sc_hd__buf_12)
     1    0.14    0.06    0.20    1.88 v wire1067/X (sky130_fd_sc_hd__buf_12)
                                         net1067 (net)
                  0.19    0.09    1.97 v _1926_/A (sky130_fd_sc_hd__buf_12)
     1    0.21    0.08    0.24    2.21 v _1926_/X (sky130_fd_sc_hd__buf_12)
                                         _0007_ (net)
                  0.39    0.19    2.40 v _2314_/D (sky130_fd_sc_hd__dfxtp_4)
                                  2.40   data arrival time

                  0.00   10.00   10.00   clock core_clock (rise edge)
                          0.00   10.00   clock network delay (ideal)
                          0.00   10.00   clock reconvergence pessimism
                                 10.00 ^ _2314_/CLK (sky130_fd_sc_hd__dfxtp_4)
                         -0.27    9.73   library setup time
                                  9.73   data required time
-----------------------------------------------------------------------------
                                  9.73   data required time
                                 -2.40   data arrival time
-----------------------------------------------------------------------------
                                  7.33   slack (MET)


Startpoint: _2273_ (rising edge-triggered flip-flop clocked by core_clock)
Endpoint: _2273_ (rising edge-triggered flip-flop clocked by core_clock)
Path Group: core_clock
Path Type: max

Fanout     Cap    Slew   Delay    Time   Description
-----------------------------------------------------------------------------
                  0.00    0.00    0.00   clock core_clock (rise edge)
                          0.00    0.00   clock network delay (ideal)
                  0.00    0.00    0.00 ^ _2273_/CLK (sky130_fd_sc_hd__dfxtp_1)
     1    0.01    0.05    0.30    0.30 v _2273_/Q (sky130_fd_sc_hd__dfxtp_1)
                                         rf.registers[3][7] (net)
                  0.05    0.00    0.30 v wire1386/A (sky130_fd_sc_hd__buf_12)
     2    0.20    0.06    0.15    0.45 v wire1386/X (sky130_fd_sc_hd__buf_12)
                                         net1386 (net)
                  0.34    0.17    0.62 v _1975_/A0 (sky130_fd_sc_hd__mux2_8)
     1    0.26    0.17    0.55    1.17 v _1975_/X (sky130_fd_sc_hd__mux2_8)
                                         _0441_ (net)
                  0.63    0.30    1.47 v _1976_/A (sky130_fd_sc_hd__buf_12)
     1    0.30    0.10    0.42    1.89 v _1976_/X (sky130_fd_sc_hd__buf_12)
                                         _0071_ (net)
                  0.76    0.38    2.27 v _2273_/D (sky130_fd_sc_hd__dfxtp_1)
                                  2.27   data arrival time

                  0.00   10.00   10.00   clock core_clock (rise edge)
                          0.00   10.00   clock network delay (ideal)
                          0.00   10.00   clock reconvergence pessimism
                                 10.00 ^ _2273_/CLK (sky130_fd_sc_hd__dfxtp_1)
                         -0.40    9.60   library setup time
                                  9.60   data required time
-----------------------------------------------------------------------------
                                  9.60   data required time
                                 -2.27   data arrival time
-----------------------------------------------------------------------------
                                  7.33   slack (MET)


Startpoint: _2415_ (rising edge-triggered flip-flop clocked by core_clock)
Endpoint: _2415_ (rising edge-triggered flip-flop clocked by core_clock)
Path Group: core_clock
Path Type: max

Fanout     Cap    Slew   Delay    Time   Description
-----------------------------------------------------------------------------
                  0.00    0.00    0.00   clock core_clock (rise edge)
                          0.00    0.00   clock network delay (ideal)
                  0.00    0.00    0.00 ^ _2415_/CLK (sky130_fd_sc_hd__dfxtp_1)
     1    0.01    0.05    0.30    0.30 v _2415_/Q (sky130_fd_sc_hd__dfxtp_1)
                                         rf.registers[2][21] (net)
                  0.05    0.00    0.30 v wire1161/A (sky130_fd_sc_hd__buf_12)
     2    0.20    0.06    0.16    0.46 v wire1161/X (sky130_fd_sc_hd__buf_12)
                                         net1161 (net)
                  0.34    0.16    0.62 v wire1160/A (sky130_fd_sc_hd__buf_12)
     2    0.23    0.07    0.29    0.91 v wire1160/X (sky130_fd_sc_hd__buf_12)
                                         net1160 (net)
                  0.44    0.21    1.13 v _2212_/A0 (sky130_fd_sc_hd__mux2_8)
     1    0.28    0.17    0.60    1.72 v _2212_/X (sky130_fd_sc_hd__mux2_8)
                                         _0568_ (net)
                  0.68    0.33    2.06 v _2213_/A (sky130_fd_sc_hd__clkbuf_8)
     1    0.07    0.10    0.43    2.49 v _2213_/X (sky130_fd_sc_hd__clkbuf_8)
                                         _0181_ (net)
                  0.12    0.03    2.52 v _2415_/D (sky130_fd_sc_hd__dfxtp_1)
                                  2.52   data arrival time

                  0.00   10.00   10.00   clock core_clock (rise edge)
                          0.00   10.00   clock network delay (ideal)
                          0.00   10.00   clock reconvergence pessimism
                                 10.00 ^ _2415_/CLK (sky130_fd_sc_hd__dfxtp_1)
                         -0.15    9.85   library setup time
                                  9.85   data required time
-----------------------------------------------------------------------------
                                  9.85   data required time
                                 -2.52   data arrival time
-----------------------------------------------------------------------------
                                  7.33   slack (MET)


Startpoint: _2348_ (rising edge-triggered flip-flop clocked by core_clock)
Endpoint: _2348_ (rising edge-triggered flip-flop clocked by core_clock)
Path Group: core_clock
Path Type: max

Fanout     Cap    Slew   Delay    Time   Description
-----------------------------------------------------------------------------
                  0.00    0.00    0.00   clock core_clock (rise edge)
                          0.00    0.00   clock network delay (ideal)
                  0.00    0.00    0.00 ^ _2348_/CLK (sky130_fd_sc_hd__dfxtp_4)
     2    0.05    0.09    0.37    0.37 v _2348_/Q (sky130_fd_sc_hd__dfxtp_4)
                                         rf.registers[0][18] (net)
                  0.09    0.01    0.38 v wire1258/A (sky130_fd_sc_hd__buf_12)
     2    0.22    0.07    0.18    0.57 v wire1258/X (sky130_fd_sc_hd__buf_12)
                                         net1258 (net)
                  0.42    0.21    0.77 v load_slew1257/A (sky130_fd_sc_hd__buf_12)
     1    0.16    0.07    0.32    1.09 v load_slew1257/X (sky130_fd_sc_hd__buf_12)
                                         net1257 (net)
                  0.26    0.12    1.21 v _2067_/A1 (sky130_fd_sc_hd__mux2_8)
     1    0.23    0.16    0.50    1.71 v _2067_/X (sky130_fd_sc_hd__mux2_8)
                                         _0490_ (net)
                  0.52    0.24    1.95 v _2068_/A (sky130_fd_sc_hd__buf_12)
     1    0.17    0.08    0.35    2.31 v _2068_/X (sky130_fd_sc_hd__buf_12)
                                         _0114_ (net)
                  0.27    0.13    2.44 v _2348_/D (sky130_fd_sc_hd__dfxtp_4)
                                  2.44   data arrival time

                  0.00   10.00   10.00   clock core_clock (rise edge)
                          0.00   10.00   clock network delay (ideal)
                          0.00   10.00   clock reconvergence pessimism
                                 10.00 ^ _2348_/CLK (sky130_fd_sc_hd__dfxtp_4)
                         -0.22    9.78   library setup time
                                  9.78   data required time
-----------------------------------------------------------------------------
                                  9.78   data required time
                                 -2.44   data arrival time
-----------------------------------------------------------------------------
                                  7.34   slack (MET)


Startpoint: _2296_ (rising edge-triggered flip-flop clocked by core_clock)
Endpoint: _2296_ (rising edge-triggered flip-flop clocked by core_clock)
Path Group: core_clock
Path Type: max

Fanout     Cap    Slew   Delay    Time   Description
-----------------------------------------------------------------------------
                  0.00    0.00    0.00   clock core_clock (rise edge)
                          0.00    0.00   clock network delay (ideal)
                  0.00    0.00    0.00 ^ _2296_/CLK (sky130_fd_sc_hd__dfxtp_4)
     2    0.15    0.20    0.46    0.46 v _2296_/Q (sky130_fd_sc_hd__dfxtp_4)
                                         rf.registers[3][30] (net)
                  0.20    0.03    0.48 v _2023_/A0 (sky130_fd_sc_hd__mux2_8)
     1    0.20    0.15    0.47    0.95 v _2023_/X (sky130_fd_sc_hd__mux2_8)
                                         _0466_ (net)
                  0.39    0.18    1.13 v wire1041/A (sky130_fd_sc_hd__buf_12)
     1    0.18    0.07    0.31    1.44 v wire1041/X (sky130_fd_sc_hd__buf_12)
                                         net1041 (net)
                  0.30    0.14    1.59 v _2024_/A (sky130_fd_sc_hd__buf_12)
     1    0.30    0.09    0.30    1.88 v _2024_/X (sky130_fd_sc_hd__buf_12)
                                         _0094_ (net)
                  0.75    0.37    2.26 v _2296_/D (sky130_fd_sc_hd__dfxtp_4)
                                  2.26   data arrival time

                  0.00   10.00   10.00   clock core_clock (rise edge)
                          0.00   10.00   clock network delay (ideal)
                          0.00   10.00   clock reconvergence pessimism
                                 10.00 ^ _2296_/CLK (sky130_fd_sc_hd__dfxtp_4)
                         -0.40    9.60   library setup time
                                  9.60   data required time
-----------------------------------------------------------------------------
                                  9.60   data required time
                                 -2.26   data arrival time
-----------------------------------------------------------------------------
                                  7.35   slack (MET)


Startpoint: _2356_ (rising edge-triggered flip-flop clocked by core_clock)
Endpoint: _2324_ (rising edge-triggered flip-flop clocked by core_clock)
Path Group: core_clock
Path Type: max

Fanout     Cap    Slew   Delay    Time   Description
-----------------------------------------------------------------------------
                  0.00    0.00    0.00   clock core_clock (rise edge)
                          0.00    0.00   clock network delay (ideal)
                  0.00    0.00    0.00 ^ _2356_/CLK (sky130_fd_sc_hd__dfxtp_4)
     2    0.08    0.11    0.39    0.39 v _2356_/Q (sky130_fd_sc_hd__dfxtp_4)
                                         rf.registers[0][26] (net)
                  0.12    0.03    0.42 v wire1247/A (sky130_fd_sc_hd__buf_12)
     2    0.22    0.06    0.19    0.61 v wire1247/X (sky130_fd_sc_hd__buf_12)
                                         net1247 (net)
                  0.22    0.10    0.70 v _1947_/A0 (sky130_fd_sc_hd__mux4_2)
     1    0.09    0.30    0.75    1.46 v _1947_/X (sky130_fd_sc_hd__mux4_2)
                                         _0426_ (net)
                  0.31    0.05    1.50 v wire1058/A (sky130_fd_sc_hd__buf_12)
     1    0.14    0.06    0.27    1.78 v wire1058/X (sky130_fd_sc_hd__buf_12)
                                         net1058 (net)
                  0.19    0.09    1.87 v _1948_/A (sky130_fd_sc_hd__buf_12)
     1    0.23    0.08    0.24    2.11 v _1948_/X (sky130_fd_sc_hd__buf_12)
                                         _0018_ (net)
                  0.46    0.23    2.33 v _2324_/D (sky130_fd_sc_hd__dfxtp_4)
                                  2.33   data arrival time

                  0.00   10.00   10.00   clock core_clock (rise edge)
                          0.00   10.00   clock network delay (ideal)
                          0.00   10.00   clock reconvergence pessimism
                                 10.00 ^ _2324_/CLK (sky130_fd_sc_hd__dfxtp_4)
                         -0.31    9.69   library setup time
                                  9.69   data required time
-----------------------------------------------------------------------------
                                  9.69   data required time
                                 -2.33   data arrival time
-----------------------------------------------------------------------------
                                  7.36   slack (MET)


Startpoint: _2412_ (rising edge-triggered flip-flop clocked by core_clock)
Endpoint: _2252_ (rising edge-triggered flip-flop clocked by core_clock)
Path Group: core_clock
Path Type: max

Fanout     Cap    Slew   Delay    Time   Description
-----------------------------------------------------------------------------
                  0.00    0.00    0.00   clock core_clock (rise edge)
                          0.00    0.00   clock network delay (ideal)
                  0.00    0.00    0.00 ^ _2412_/CLK (sky130_fd_sc_hd__dfxtp_4)
     2    0.07    0.10    0.39    0.39 v _2412_/Q (sky130_fd_sc_hd__dfxtp_4)
                                         rf.registers[2][18] (net)
                  0.10    0.00    0.39 v load_slew1166/A (sky130_fd_sc_hd__clkbuf_16)
     2    0.12    0.07    0.20    0.59 v load_slew1166/X (sky130_fd_sc_hd__clkbuf_16)
                                         net1166 (net)
                  0.15    0.06    0.66 v wire1165/A (sky130_fd_sc_hd__buf_12)
     1    0.19    0.07    0.21    0.87 v wire1165/X (sky130_fd_sc_hd__buf_12)
                                         net1165 (net)
                  0.34    0.17    1.04 v _1859_/A2 (sky130_fd_sc_hd__mux4_2)
     1    0.14    0.38    0.88    1.91 v _1859_/X (sky130_fd_sc_hd__mux4_2)
                                         _0378_ (net)
                  0.43    0.11    2.02 v _1860_/A (sky130_fd_sc_hd__buf_12)
     1    0.15    0.07    0.32    2.34 v _1860_/X (sky130_fd_sc_hd__buf_12)
                                         _0041_ (net)
                  0.21    0.10    2.44 v _2252_/D (sky130_fd_sc_hd__dfxtp_4)
                                  2.44   data arrival time

                  0.00   10.00   10.00   clock core_clock (rise edge)
                          0.00   10.00   clock network delay (ideal)
                          0.00   10.00   clock reconvergence pessimism
                                 10.00 ^ _2252_/CLK (sky130_fd_sc_hd__dfxtp_4)
                         -0.19    9.81   library setup time
                                  9.81   data required time
-----------------------------------------------------------------------------
                                  9.81   data required time
                                 -2.44   data arrival time
-----------------------------------------------------------------------------
                                  7.36   slack (MET)


Startpoint: _2409_ (rising edge-triggered flip-flop clocked by core_clock)
Endpoint: _2249_ (rising edge-triggered flip-flop clocked by core_clock)
Path Group: core_clock
Path Type: max

Fanout     Cap    Slew   Delay    Time   Description
-----------------------------------------------------------------------------
                  0.00    0.00    0.00   clock core_clock (rise edge)
                          0.00    0.00   clock network delay (ideal)
                  0.00    0.00    0.00 ^ _2409_/CLK (sky130_fd_sc_hd__dfxtp_1)
     1    0.01    0.05    0.30    0.30 v _2409_/Q (sky130_fd_sc_hd__dfxtp_1)
                                         rf.registers[2][15] (net)
                  0.05    0.00    0.30 v wire1170/A (sky130_fd_sc_hd__buf_12)
     2    0.19    0.09    0.15    0.46 v wire1170/X (sky130_fd_sc_hd__buf_12)
                                         net1170 (net)
                  0.20    0.09    0.55 v wire1169/A (sky130_fd_sc_hd__buf_12)
     2    0.24    0.06    0.23    0.78 v wire1169/X (sky130_fd_sc_hd__buf_12)
                                         net1169 (net)
                  0.44    0.22    1.00 v _1853_/A2 (sky130_fd_sc_hd__mux4_2)
     1    0.09    0.29    0.82    1.82 v _1853_/X (sky130_fd_sc_hd__mux4_2)
                                         _0375_ (net)
                  0.30    0.04    1.86 v wire1092/A (sky130_fd_sc_hd__buf_12)
     1    0.14    0.06    0.27    2.13 v wire1092/X (sky130_fd_sc_hd__buf_12)
                                         net1092 (net)
                  0.19    0.09    2.22 v _1854_/A (sky130_fd_sc_hd__buf_8)
     1    0.09    0.07    0.22    2.44 v _1854_/X (sky130_fd_sc_hd__buf_8)
                                         _0038_ (net)
                  0.11    0.04    2.48 v _2249_/D (sky130_fd_sc_hd__dfxtp_4)
                                  2.48   data arrival time

                  0.00   10.00   10.00   clock core_clock (rise edge)
                          0.00   10.00   clock network delay (ideal)
                          0.00   10.00   clock reconvergence pessimism
                                 10.00 ^ _2249_/CLK (sky130_fd_sc_hd__dfxtp_4)
                         -0.15    9.85   library setup time
                                  9.85   data required time
-----------------------------------------------------------------------------
                                  9.85   data required time
                                 -2.48   data arrival time
-----------------------------------------------------------------------------
                                  7.37   slack (MET)


Startpoint: _2269_ (rising edge-triggered flip-flop clocked by core_clock)
Endpoint: _2237_ (rising edge-triggered flip-flop clocked by core_clock)
Path Group: core_clock
Path Type: max

Fanout     Cap    Slew   Delay    Time   Description
-----------------------------------------------------------------------------
                  0.00    0.00    0.00   clock core_clock (rise edge)
                          0.00    0.00   clock network delay (ideal)
                  0.00    0.00    0.00 ^ _2269_/CLK (sky130_fd_sc_hd__dfxtp_4)
     3    0.07    0.11    0.39    0.39 v _2269_/Q (sky130_fd_sc_hd__dfxtp_4)
                                         rf.registers[3][3] (net)
                  0.11    0.02    0.41 v wire1391/A (sky130_fd_sc_hd__buf_12)
     1    0.21    0.08    0.20    0.61 v wire1391/X (sky130_fd_sc_hd__buf_12)
                                         net1391 (net)
                  0.40    0.20    0.80 v _1827_/A3 (sky130_fd_sc_hd__mux4_2)
     1    0.14    0.37    0.90    1.70 v _1827_/X (sky130_fd_sc_hd__mux4_2)
                                         _0361_ (net)
                  0.42    0.10    1.80 v wire1101/A (sky130_fd_sc_hd__buf_12)
     1    0.14    0.07    0.31    2.11 v wire1101/X (sky130_fd_sc_hd__buf_12)
                                         net1101 (net)
                  0.19    0.09    2.20 v _1828_/A (sky130_fd_sc_hd__clkbuf_8)
     1    0.07    0.09    0.25    2.45 v _1828_/X (sky130_fd_sc_hd__clkbuf_8)
                                         _0057_ (net)
                  0.10    0.03    2.48 v _2237_/D (sky130_fd_sc_hd__dfxtp_2)
                                  2.48   data arrival time

                  0.00   10.00   10.00   clock core_clock (rise edge)
                          0.00   10.00   clock network delay (ideal)
                          0.00   10.00   clock reconvergence pessimism
                                 10.00 ^ _2237_/CLK (sky130_fd_sc_hd__dfxtp_2)
                         -0.15    9.85   library setup time
                                  9.85   data required time
-----------------------------------------------------------------------------
                                  9.85   data required time
                                 -2.48   data arrival time
-----------------------------------------------------------------------------
                                  7.37   slack (MET)


Startpoint: _2346_ (rising edge-triggered flip-flop clocked by core_clock)
Endpoint: _2250_ (rising edge-triggered flip-flop clocked by core_clock)
Path Group: core_clock
Path Type: max

Fanout     Cap    Slew   Delay    Time   Description
-----------------------------------------------------------------------------
                  0.00    0.00    0.00   clock core_clock (rise edge)
                          0.00    0.00   clock network delay (ideal)
                  0.00    0.00    0.00 ^ _2346_/CLK (sky130_fd_sc_hd__dfxtp_4)
     1    0.04    0.08    0.36    0.36 v _2346_/Q (sky130_fd_sc_hd__dfxtp_4)
                                         rf.registers[0][16] (net)
                  0.08    0.01    0.37 v wire1262/A (sky130_fd_sc_hd__buf_12)
     2    0.24    0.06    0.17    0.54 v wire1262/X (sky130_fd_sc_hd__buf_12)
                                         net1262 (net)
                  0.30    0.14    0.68 v max_cap1261/A (sky130_fd_sc_hd__buf_12)
     2    0.17    0.07    0.26    0.94 v max_cap1261/X (sky130_fd_sc_hd__buf_12)
                                         net1261 (net)
                  0.10    0.04    0.98 v _1855_/A0 (sky130_fd_sc_hd__mux4_2)
     1    0.13    0.35    0.77    1.75 v _1855_/X (sky130_fd_sc_hd__mux4_2)
                                         _0376_ (net)
                  0.38    0.09    1.83 v _1856_/A (sky130_fd_sc_hd__buf_12)
     1    0.21    0.08    0.31    2.15 v _1856_/X (sky130_fd_sc_hd__buf_12)
                                         _0039_ (net)
                  0.41    0.20    2.35 v _2250_/D (sky130_fd_sc_hd__dfxtp_4)
                                  2.35   data arrival time

                  0.00   10.00   10.00   clock core_clock (rise edge)
                          0.00   10.00   clock network delay (ideal)
                          0.00   10.00   clock reconvergence pessimism
                                 10.00 ^ _2250_/CLK (sky130_fd_sc_hd__dfxtp_4)
                         -0.28    9.72   library setup time
                                  9.72   data required time
-----------------------------------------------------------------------------
                                  9.72   data required time
                                 -2.35   data arrival time
-----------------------------------------------------------------------------
                                  7.37   slack (MET)


Startpoint: _2395_ (rising edge-triggered flip-flop clocked by core_clock)
Endpoint: _2235_ (rising edge-triggered flip-flop clocked by core_clock)
Path Group: core_clock
Path Type: max

Fanout     Cap    Slew   Delay    Time   Description
-----------------------------------------------------------------------------
                  0.00    0.00    0.00   clock core_clock (rise edge)
                          0.00    0.00   clock network delay (ideal)
                  0.00    0.00    0.00 ^ _2395_/CLK (sky130_fd_sc_hd__dfxtp_4)
     2    0.10    0.13    0.40    0.40 v _2395_/Q (sky130_fd_sc_hd__dfxtp_4)
                                         rf.registers[2][1] (net)
                  0.15    0.04    0.44 v wire1191/A (sky130_fd_sc_hd__buf_12)
     1    0.23    0.08    0.22    0.66 v wire1191/X (sky130_fd_sc_hd__buf_12)
                                         net1191 (net)
                  0.47    0.23    0.90 v _1823_/A2 (sky130_fd_sc_hd__mux4_2)
     1    0.02    0.14    0.69    1.58 v _1823_/X (sky130_fd_sc_hd__mux4_2)
                                         _0359_ (net)
                  0.14    0.00    1.59 v wire1103/A (sky130_fd_sc_hd__buf_12)
     1    0.14    0.06    0.20    1.78 v wire1103/X (sky130_fd_sc_hd__buf_12)
                                         net1103 (net)
                  0.19    0.09    1.87 v wire1102/A (sky130_fd_sc_hd__buf_12)
     1    0.14    0.06    0.22    2.10 v wire1102/X (sky130_fd_sc_hd__buf_12)
                                         net1102 (net)
                  0.19    0.09    2.19 v _1824_/A (sky130_fd_sc_hd__buf_8)
     1    0.10    0.07    0.22    2.41 v _1824_/X (sky130_fd_sc_hd__buf_8)
                                         _0043_ (net)
                  0.13    0.05    2.46 v _2235_/D (sky130_fd_sc_hd__dfxtp_4)
                                  2.46   data arrival time

                  0.00   10.00   10.00   clock core_clock (rise edge)
                          0.00   10.00   clock network delay (ideal)
                          0.00   10.00   clock reconvergence pessimism
                                 10.00 ^ _2235_/CLK (sky130_fd_sc_hd__dfxtp_4)
                         -0.16    9.84   library setup time
                                  9.84   data required time
-----------------------------------------------------------------------------
                                  9.84   data required time
                                 -2.46   data arrival time
-----------------------------------------------------------------------------
                                  7.38   slack (MET)


Startpoint: _2408_ (rising edge-triggered flip-flop clocked by core_clock)
Endpoint: _2312_ (rising edge-triggered flip-flop clocked by core_clock)
Path Group: core_clock
Path Type: max

Fanout     Cap    Slew   Delay    Time   Description
-----------------------------------------------------------------------------
                  0.00    0.00    0.00   clock core_clock (rise edge)
                          0.00    0.00   clock network delay (ideal)
                  0.00    0.00    0.00 ^ _2408_/CLK (sky130_fd_sc_hd__dfxtp_4)
     2    0.10    0.14    0.41    0.41 v _2408_/Q (sky130_fd_sc_hd__dfxtp_4)
                                         rf.registers[2][14] (net)
                  0.16    0.05    0.45 v wire1171/A (sky130_fd_sc_hd__buf_12)
     2    0.24    0.06    0.21    0.66 v wire1171/X (sky130_fd_sc_hd__buf_12)
                                         net1171 (net)
                  0.41    0.20    0.86 v _1921_/A2 (sky130_fd_sc_hd__mux4_2)
     1    0.04    0.17    0.71    1.57 v _1921_/X (sky130_fd_sc_hd__mux4_2)
                                         _0412_ (net)
                  0.17    0.01    1.58 v wire1068/A (sky130_fd_sc_hd__buf_12)
     1    0.14    0.06    0.21    1.79 v wire1068/X (sky130_fd_sc_hd__buf_12)
                                         net1068 (net)
                  0.19    0.09    1.88 v _1922_/A (sky130_fd_sc_hd__buf_12)
     1    0.22    0.08    0.24    2.11 v _1922_/X (sky130_fd_sc_hd__buf_12)
                                         _0005_ (net)
                  0.43    0.21    2.33 v _2312_/D (sky130_fd_sc_hd__dfxtp_4)
                                  2.33   data arrival time

                  0.00   10.00   10.00   clock core_clock (rise edge)
                          0.00   10.00   clock network delay (ideal)
                          0.00   10.00   clock reconvergence pessimism
                                 10.00 ^ _2312_/CLK (sky130_fd_sc_hd__dfxtp_4)
                         -0.29    9.71   library setup time
                                  9.71   data required time
-----------------------------------------------------------------------------
                                  9.71   data required time
                                 -2.33   data arrival time
-----------------------------------------------------------------------------
                                  7.38   slack (MET)


Startpoint: _2293_ (rising edge-triggered flip-flop clocked by core_clock)
Endpoint: _2261_ (rising edge-triggered flip-flop clocked by core_clock)
Path Group: core_clock
Path Type: max

Fanout     Cap    Slew   Delay    Time   Description
-----------------------------------------------------------------------------
                  0.00    0.00    0.00   clock core_clock (rise edge)
                          0.00    0.00   clock network delay (ideal)
                  0.00    0.00    0.00 ^ _2293_/CLK (sky130_fd_sc_hd__dfxtp_1)
     1    0.01    0.05    0.30    0.30 v _2293_/Q (sky130_fd_sc_hd__dfxtp_1)
                                         rf.registers[3][27] (net)
                  0.05    0.00    0.30 v wire1359/A (sky130_fd_sc_hd__buf_12)
     2    0.18    0.06    0.16    0.46 v wire1359/X (sky130_fd_sc_hd__buf_12)
                                         net1359 (net)
                  0.26    0.12    0.58 v wire1358/A (sky130_fd_sc_hd__buf_12)
     2    0.21    0.06    0.25    0.82 v wire1358/X (sky130_fd_sc_hd__buf_12)
                                         net1358 (net)
                  0.39    0.19    1.02 v _1879_/A3 (sky130_fd_sc_hd__mux4_2)
     1    0.08    0.27    0.80    1.82 v _1879_/X (sky130_fd_sc_hd__mux4_2)
                                         _0389_ (net)
                  0.28    0.04    1.86 v wire1085/A (sky130_fd_sc_hd__buf_12)
     1    0.14    0.06    0.26    2.12 v wire1085/X (sky130_fd_sc_hd__buf_12)
                                         net1085 (net)
                  0.19    0.09    2.21 v _1880_/A (sky130_fd_sc_hd__buf_4)
     1    0.06    0.08    0.25    2.46 v _1880_/X (sky130_fd_sc_hd__buf_4)
                                         _0051_ (net)
                  0.09    0.02    2.47 v _2261_/D (sky130_fd_sc_hd__dfxtp_4)
                                  2.47   data arrival time

                  0.00   10.00   10.00   clock core_clock (rise edge)
                          0.00   10.00   clock network delay (ideal)
                          0.00   10.00   clock reconvergence pessimism
                                 10.00 ^ _2261_/CLK (sky130_fd_sc_hd__dfxtp_4)
                         -0.14    9.86   library setup time
                                  9.86   data required time
-----------------------------------------------------------------------------
                                  9.86   data required time
                                 -2.47   data arrival time
-----------------------------------------------------------------------------
                                  7.39   slack (MET)


Startpoint: _2371_ (rising edge-triggered flip-flop clocked by core_clock)
Endpoint: _2371_ (rising edge-triggered flip-flop clocked by core_clock)
Path Group: core_clock
Path Type: max

Fanout     Cap    Slew   Delay    Time   Description
-----------------------------------------------------------------------------
                  0.00    0.00    0.00   clock core_clock (rise edge)
                          0.00    0.00   clock network delay (ideal)
                  0.00    0.00    0.00 ^ _2371_/CLK (sky130_fd_sc_hd__dfxtp_4)
     3    0.23    0.26    0.46    0.46 v _2371_/Q (sky130_fd_sc_hd__dfxtp_4)
                                         rf.registers[1][9] (net)
                  0.43    0.18    0.63 v _2117_/A0 (sky130_fd_sc_hd__mux2_8)
     1    0.20    0.15    0.57    1.21 v _2117_/X (sky130_fd_sc_hd__mux2_8)
                                         _0517_ (net)
                  0.40    0.18    1.39 v wire873/A (sky130_fd_sc_hd__buf_12)
     1    0.18    0.07    0.31    1.70 v wire873/X (sky130_fd_sc_hd__buf_12)
                                         net873 (net)
                  0.30    0.15    1.84 v _2118_/A (sky130_fd_sc_hd__buf_12)
     1    0.22    0.08    0.28    2.12 v _2118_/X (sky130_fd_sc_hd__buf_12)
                                         _0137_ (net)
                  0.42    0.21    2.33 v _2371_/D (sky130_fd_sc_hd__dfxtp_4)
                                  2.33   data arrival time

                  0.00   10.00   10.00   clock core_clock (rise edge)
                          0.00   10.00   clock network delay (ideal)
                          0.00   10.00   clock reconvergence pessimism
                                 10.00 ^ _2371_/CLK (sky130_fd_sc_hd__dfxtp_4)
                         -0.28    9.72   library setup time
                                  9.72   data required time
-----------------------------------------------------------------------------
                                  9.72   data required time
                                 -2.33   data arrival time
-----------------------------------------------------------------------------
                                  7.39   slack (MET)


Startpoint: _2339_ (rising edge-triggered flip-flop clocked by core_clock)
Endpoint: _2339_ (rising edge-triggered flip-flop clocked by core_clock)
Path Group: core_clock
Path Type: max

Fanout     Cap    Slew   Delay    Time   Description
-----------------------------------------------------------------------------
                  0.00    0.00    0.00   clock core_clock (rise edge)
                          0.00    0.00   clock network delay (ideal)
                  0.00    0.00    0.00 ^ _2339_/CLK (sky130_fd_sc_hd__dfxtp_4)
     2    0.14    0.16    0.42    0.42 v _2339_/Q (sky130_fd_sc_hd__dfxtp_4)
                                         rf.registers[0][9] (net)
                  0.26    0.10    0.52 v wire1269/A (sky130_fd_sc_hd__buf_12)
     2    0.18    0.06    0.25    0.76 v wire1269/X (sky130_fd_sc_hd__buf_12)
                                         net1269 (net)
                  0.26    0.12    0.89 v _2048_/A1 (sky130_fd_sc_hd__mux2_8)
     1    0.14    0.14    0.47    1.36 v _2048_/X (sky130_fd_sc_hd__mux2_8)
                                         _0480_ (net)
                  0.24    0.10    1.46 v _2049_/A (sky130_fd_sc_hd__buf_12)
     1    0.32    0.10    0.28    1.74 v _2049_/X (sky130_fd_sc_hd__buf_12)
                                         _0105_ (net)
                  0.88    0.44    2.18 v _2339_/D (sky130_fd_sc_hd__dfxtp_4)
                                  2.18   data arrival time

                  0.00   10.00   10.00   clock core_clock (rise edge)
                          0.00   10.00   clock network delay (ideal)
                          0.00   10.00   clock reconvergence pessimism
                                 10.00 ^ _2339_/CLK (sky130_fd_sc_hd__dfxtp_4)
                         -0.43    9.57   library setup time
                                  9.57   data required time
-----------------------------------------------------------------------------
                                  9.57   data required time
                                 -2.18   data arrival time
-----------------------------------------------------------------------------
                                  7.39   slack (MET)


Startpoint: _2361_ (rising edge-triggered flip-flop clocked by core_clock)
Endpoint: _2361_ (rising edge-triggered flip-flop clocked by core_clock)
Path Group: core_clock
Path Type: max

Fanout     Cap    Slew   Delay    Time   Description
-----------------------------------------------------------------------------
                  0.00    0.00    0.00   clock core_clock (rise edge)
                          0.00    0.00   clock network delay (ideal)
                  0.00    0.00    0.00 ^ _2361_/CLK (sky130_fd_sc_hd__dfxtp_1)
     1    0.01    0.05    0.30    0.30 v _2361_/Q (sky130_fd_sc_hd__dfxtp_1)
                                         rf.registers[0][31] (net)
                  0.05    0.00    0.30 v wire1243/A (sky130_fd_sc_hd__buf_12)
     3    0.18    0.06    0.15    0.45 v wire1243/X (sky130_fd_sc_hd__buf_12)
                                         net1243 (net)
                  0.32    0.16    0.61 v _2094_/A1 (sky130_fd_sc_hd__mux2_8)
     1    0.25    0.17    0.53    1.14 v _2094_/X (sky130_fd_sc_hd__mux2_8)
                                         _0504_ (net)
                  0.59    0.28    1.42 v _2095_/A (sky130_fd_sc_hd__buf_12)
     1    0.19    0.08    0.38    1.80 v _2095_/X (sky130_fd_sc_hd__buf_12)
                                         _0127_ (net)
                  0.34    0.17    1.97 v wire876/A (sky130_fd_sc_hd__buf_12)
     1    0.17    0.07    0.29    2.26 v wire876/X (sky130_fd_sc_hd__buf_12)
                                         net876 (net)
                  0.27    0.13    2.39 v _2361_/D (sky130_fd_sc_hd__dfxtp_1)
                                  2.39   data arrival time

                  0.00   10.00   10.00   clock core_clock (rise edge)
                          0.00   10.00   clock network delay (ideal)
                          0.00   10.00   clock reconvergence pessimism
                                 10.00 ^ _2361_/CLK (sky130_fd_sc_hd__dfxtp_1)
                         -0.22    9.78   library setup time
                                  9.78   data required time
-----------------------------------------------------------------------------
                                  9.78   data required time
                                 -2.39   data arrival time
-----------------------------------------------------------------------------
                                  7.39   slack (MET)


Startpoint: _2423_ (rising edge-triggered flip-flop clocked by core_clock)
Endpoint: _2327_ (rising edge-triggered flip-flop clocked by core_clock)
Path Group: core_clock
Path Type: max

Fanout     Cap    Slew   Delay    Time   Description
-----------------------------------------------------------------------------
                  0.00    0.00    0.00   clock core_clock (rise edge)
                          0.00    0.00   clock network delay (ideal)
                  0.00    0.00    0.00 ^ _2423_/CLK (sky130_fd_sc_hd__dfxtp_4)
     1    0.11    0.14    0.41    0.41 v _2423_/Q (sky130_fd_sc_hd__dfxtp_4)
                                         rf.registers[2][29] (net)
                  0.20    0.07    0.48 v wire1151/A (sky130_fd_sc_hd__buf_12)
     3    0.24    0.06    0.22    0.70 v wire1151/X (sky130_fd_sc_hd__buf_12)
                                         net1151 (net)
                  0.37    0.18    0.88 v _1953_/A2 (sky130_fd_sc_hd__mux4_2)
     1    0.06    0.23    0.75    1.63 v _1953_/X (sky130_fd_sc_hd__mux4_2)
                                         _0429_ (net)
                  0.23    0.02    1.65 v wire1056/A (sky130_fd_sc_hd__buf_12)
     1    0.14    0.06    0.24    1.89 v wire1056/X (sky130_fd_sc_hd__buf_12)
                                         net1056 (net)
                  0.19    0.09    1.98 v _1954_/A (sky130_fd_sc_hd__buf_12)
     1    0.19    0.07    0.23    2.21 v _1954_/X (sky130_fd_sc_hd__buf_12)
                                         _0021_ (net)
                  0.32    0.15    2.37 v _2327_/D (sky130_fd_sc_hd__dfxtp_1)
                                  2.37   data arrival time

                  0.00   10.00   10.00   clock core_clock (rise edge)
                          0.00   10.00   clock network delay (ideal)
                          0.00   10.00   clock reconvergence pessimism
                                 10.00 ^ _2327_/CLK (sky130_fd_sc_hd__dfxtp_1)
                         -0.24    9.76   library setup time
                                  9.76   data required time
-----------------------------------------------------------------------------
                                  9.76   data required time
                                 -2.37   data arrival time
-----------------------------------------------------------------------------
                                  7.39   slack (MET)


Startpoint: _2386_ (rising edge-triggered flip-flop clocked by core_clock)
Endpoint: _2386_ (rising edge-triggered flip-flop clocked by core_clock)
Path Group: core_clock
Path Type: max

Fanout     Cap    Slew   Delay    Time   Description
-----------------------------------------------------------------------------
                  0.00    0.00    0.00   clock core_clock (rise edge)
                          0.00    0.00   clock network delay (ideal)
                  0.00    0.00    0.00 ^ _2386_/CLK (sky130_fd_sc_hd__dfxtp_4)
     2    0.07    0.10    0.39    0.39 v _2386_/Q (sky130_fd_sc_hd__dfxtp_4)
                                         rf.registers[1][24] (net)
                  0.10    0.01    0.39 v wire1209/A (sky130_fd_sc_hd__buf_12)
     2    0.24    0.07    0.19    0.58 v wire1209/X (sky130_fd_sc_hd__buf_12)
                                         net1209 (net)
                  0.48    0.24    0.82 v load_slew1208/A (sky130_fd_sc_hd__buf_12)
     1    0.16    0.07    0.34    1.16 v load_slew1208/X (sky130_fd_sc_hd__buf_12)
                                         net1208 (net)
                  0.25    0.12    1.28 v _2149_/A0 (sky130_fd_sc_hd__mux2_8)
     1    0.24    0.17    0.50    1.78 v _2149_/X (sky130_fd_sc_hd__mux2_8)
                                         _0534_ (net)
                  0.54    0.26    2.04 v _2150_/A (sky130_fd_sc_hd__buf_8)
     1    0.10    0.08    0.35    2.39 v _2150_/X (sky130_fd_sc_hd__buf_8)
                                         _0152_ (net)
                  0.13    0.05    2.44 v _2386_/D (sky130_fd_sc_hd__dfxtp_4)
                                  2.44   data arrival time

                  0.00   10.00   10.00   clock core_clock (rise edge)
                          0.00   10.00   clock network delay (ideal)
                          0.00   10.00   clock reconvergence pessimism
                                 10.00 ^ _2386_/CLK (sky130_fd_sc_hd__dfxtp_4)
                         -0.16    9.84   library setup time
                                  9.84   data required time
-----------------------------------------------------------------------------
                                  9.84   data required time
                                 -2.44   data arrival time
-----------------------------------------------------------------------------
                                  7.40   slack (MET)


Startpoint: _2416_ (rising edge-triggered flip-flop clocked by core_clock)
Endpoint: _2416_ (rising edge-triggered flip-flop clocked by core_clock)
Path Group: core_clock
Path Type: max

Fanout     Cap    Slew   Delay    Time   Description
-----------------------------------------------------------------------------
                  0.00    0.00    0.00   clock core_clock (rise edge)
                          0.00    0.00   clock network delay (ideal)
                  0.00    0.00    0.00 ^ _2416_/CLK (sky130_fd_sc_hd__dfxtp_4)
     3    0.15    0.20    0.44    0.44 v _2416_/Q (sky130_fd_sc_hd__dfxtp_4)
                                         rf.registers[2][22] (net)
                  0.23    0.06    0.50 v wire1159/A (sky130_fd_sc_hd__buf_12)
     1    0.22    0.08    0.26    0.76 v wire1159/X (sky130_fd_sc_hd__buf_12)
                                         net1159 (net)
                  0.45    0.22    0.98 v _2214_/A0 (sky130_fd_sc_hd__mux2_8)
     1    0.17    0.14    0.57    1.55 v _2214_/X (sky130_fd_sc_hd__mux2_8)
                                         _0569_ (net)
                  0.30    0.13    1.68 v _2215_/A (sky130_fd_sc_hd__buf_12)
     1    0.25    0.08    0.29    1.97 v _2215_/X (sky130_fd_sc_hd__buf_12)
                                         _0182_ (net)
                  0.56    0.28    2.25 v _2416_/D (sky130_fd_sc_hd__dfxtp_4)
                                  2.25   data arrival time

                  0.00   10.00   10.00   clock core_clock (rise edge)
                          0.00   10.00   clock network delay (ideal)
                          0.00   10.00   clock reconvergence pessimism
                                 10.00 ^ _2416_/CLK (sky130_fd_sc_hd__dfxtp_4)
                         -0.34    9.66   library setup time
                                  9.66   data required time
-----------------------------------------------------------------------------
                                  9.66   data required time
                                 -2.25   data arrival time
-----------------------------------------------------------------------------
                                  7.41   slack (MET)


Startpoint: _2383_ (rising edge-triggered flip-flop clocked by core_clock)
Endpoint: _2383_ (rising edge-triggered flip-flop clocked by core_clock)
Path Group: core_clock
Path Type: max

Fanout     Cap    Slew   Delay    Time   Description
-----------------------------------------------------------------------------
                  0.00    0.00    0.00   clock core_clock (rise edge)
                          0.00    0.00   clock network delay (ideal)
                  0.00    0.00    0.00 ^ _2383_/CLK (sky130_fd_sc_hd__dfxtp_1)
     1    0.01    0.05    0.30    0.30 v _2383_/Q (sky130_fd_sc_hd__dfxtp_1)
                                         rf.registers[1][21] (net)
                  0.05    0.00    0.30 v wire1212/A (sky130_fd_sc_hd__buf_12)
     2    0.20    0.09    0.16    0.46 v wire1212/X (sky130_fd_sc_hd__buf_12)
                                         net1212 (net)
                  0.23    0.11    0.56 v wire1211/A (sky130_fd_sc_hd__buf_12)
     2    0.24    0.06    0.24    0.81 v wire1211/X (sky130_fd_sc_hd__buf_12)
                                         net1211 (net)
                  0.50    0.25    1.06 v _2143_/A0 (sky130_fd_sc_hd__mux2_8)
     1    0.08    0.11    0.56    1.62 v _2143_/X (sky130_fd_sc_hd__mux2_8)
                                         _0531_ (net)
                  0.12    0.03    1.65 v _2144_/A (sky130_fd_sc_hd__buf_12)
     1    0.28    0.09    0.22    1.87 v _2144_/X (sky130_fd_sc_hd__buf_12)
                                         _0149_ (net)
                  0.67    0.33    2.21 v _2383_/D (sky130_fd_sc_hd__dfxtp_1)
                                  2.21   data arrival time

                  0.00   10.00   10.00   clock core_clock (rise edge)
                          0.00   10.00   clock network delay (ideal)
                          0.00   10.00   clock reconvergence pessimism
                                 10.00 ^ _2383_/CLK (sky130_fd_sc_hd__dfxtp_1)
                         -0.37    9.63   library setup time
                                  9.63   data required time
-----------------------------------------------------------------------------
                                  9.63   data required time
                                 -2.21   data arrival time
-----------------------------------------------------------------------------
                                  7.42   slack (MET)


Startpoint: _2396_ (rising edge-triggered flip-flop clocked by core_clock)
Endpoint: _2236_ (rising edge-triggered flip-flop clocked by core_clock)
Path Group: core_clock
Path Type: max

Fanout     Cap    Slew   Delay    Time   Description
-----------------------------------------------------------------------------
                  0.00    0.00    0.00   clock core_clock (rise edge)
                          0.00    0.00   clock network delay (ideal)
                  0.00    0.00    0.00 ^ _2396_/CLK (sky130_fd_sc_hd__dfxtp_4)
     2    0.06    0.10    0.38    0.38 v _2396_/Q (sky130_fd_sc_hd__dfxtp_4)
                                         rf.registers[2][2] (net)
                  0.10    0.02    0.40 v wire1190/A (sky130_fd_sc_hd__buf_12)
     2    0.24    0.06    0.18    0.58 v wire1190/X (sky130_fd_sc_hd__buf_12)
                                         net1190 (net)
                  0.50    0.25    0.83 v _1825_/A2 (sky130_fd_sc_hd__mux4_2)
     1    0.10    0.32    0.86    1.69 v _1825_/X (sky130_fd_sc_hd__mux4_2)
                                         _0360_ (net)
                  0.33    0.05    1.74 v _1826_/A (sky130_fd_sc_hd__buf_12)
     1    0.23    0.08    0.30    2.04 v _1826_/X (sky130_fd_sc_hd__buf_12)
                                         _0054_ (net)
                  0.47    0.23    2.27 v _2236_/D (sky130_fd_sc_hd__dfxtp_1)
                                  2.27   data arrival time

                  0.00   10.00   10.00   clock core_clock (rise edge)
                          0.00   10.00   clock network delay (ideal)
                          0.00   10.00   clock reconvergence pessimism
                                 10.00 ^ _2236_/CLK (sky130_fd_sc_hd__dfxtp_1)
                         -0.31    9.69   library setup time
                                  9.69   data required time
-----------------------------------------------------------------------------
                                  9.69   data required time
                                 -2.27   data arrival time
-----------------------------------------------------------------------------
                                  7.42   slack (MET)


Startpoint: _2266_ (rising edge-triggered flip-flop clocked by core_clock)
Endpoint: _2234_ (rising edge-triggered flip-flop clocked by core_clock)
Path Group: core_clock
Path Type: max

Fanout     Cap    Slew   Delay    Time   Description
-----------------------------------------------------------------------------
                  0.00    0.00    0.00   clock core_clock (rise edge)
                          0.00    0.00   clock network delay (ideal)
                  0.00    0.00    0.00 ^ _2266_/CLK (sky130_fd_sc_hd__dfxtp_1)
     1    0.01    0.05    0.30    0.30 v _2266_/Q (sky130_fd_sc_hd__dfxtp_1)
                                         rf.registers[3][0] (net)
                  0.05    0.00    0.30 v wire1396/A (sky130_fd_sc_hd__buf_12)
     2    0.18    0.07    0.17    0.47 v wire1396/X (sky130_fd_sc_hd__buf_12)
                                         net1396 (net)
                  0.31    0.15    0.62 v _1821_/A3 (sky130_fd_sc_hd__mux4_2)
     1    0.11    0.33    0.84    1.46 v _1821_/X (sky130_fd_sc_hd__mux4_2)
                                         _0358_ (net)
                  0.35    0.07    1.53 v wire1104/A (sky130_fd_sc_hd__buf_12)
     1    0.14    0.07    0.29    1.82 v wire1104/X (sky130_fd_sc_hd__buf_12)
                                         net1104 (net)
                  0.19    0.09    1.91 v _1822_/A (sky130_fd_sc_hd__buf_12)
     1    0.20    0.07    0.23    2.14 v _1822_/X (sky130_fd_sc_hd__buf_12)
                                         _0032_ (net)
                  0.35    0.17    2.32 v _2234_/D (sky130_fd_sc_hd__dfxtp_4)
                                  2.32   data arrival time

                  0.00   10.00   10.00   clock core_clock (rise edge)
                          0.00   10.00   clock network delay (ideal)
                          0.00   10.00   clock reconvergence pessimism
                                 10.00 ^ _2234_/CLK (sky130_fd_sc_hd__dfxtp_4)
                         -0.26    9.74   library setup time
                                  9.74   data required time
-----------------------------------------------------------------------------
                                  9.74   data required time
                                 -2.32   data arrival time
-----------------------------------------------------------------------------
                                  7.43   slack (MET)


Startpoint: _2356_ (rising edge-triggered flip-flop clocked by core_clock)
Endpoint: _2356_ (rising edge-triggered flip-flop clocked by core_clock)
Path Group: core_clock
Path Type: max

Fanout     Cap    Slew   Delay    Time   Description
-----------------------------------------------------------------------------
                  0.00    0.00    0.00   clock core_clock (rise edge)
                          0.00    0.00   clock network delay (ideal)
                  0.00    0.00    0.00 ^ _2356_/CLK (sky130_fd_sc_hd__dfxtp_4)
     2    0.08    0.11    0.39    0.39 v _2356_/Q (sky130_fd_sc_hd__dfxtp_4)
                                         rf.registers[0][26] (net)
                  0.12    0.03    0.42 v _2084_/A1 (sky130_fd_sc_hd__mux2_8)
     1    0.28    0.17    0.46    0.88 v _2084_/X (sky130_fd_sc_hd__mux2_8)
                                         _0499_ (net)
                  0.70    0.34    1.22 v _2085_/A (sky130_fd_sc_hd__buf_12)
     1    0.33    0.11    0.44    1.66 v _2085_/X (sky130_fd_sc_hd__buf_12)
                                         _0122_ (net)
                  0.92    0.46    2.12 v _2356_/D (sky130_fd_sc_hd__dfxtp_4)
                                  2.12   data arrival time

                  0.00   10.00   10.00   clock core_clock (rise edge)
                          0.00   10.00   clock network delay (ideal)
                          0.00   10.00   clock reconvergence pessimism
                                 10.00 ^ _2356_/CLK (sky130_fd_sc_hd__dfxtp_4)
                         -0.45    9.55   library setup time
                                  9.55   data required time
-----------------------------------------------------------------------------
                                  9.55   data required time
                                 -2.12   data arrival time
-----------------------------------------------------------------------------
                                  7.43   slack (MET)


Startpoint: _2276_ (rising edge-triggered flip-flop clocked by core_clock)
Endpoint: _2276_ (rising edge-triggered flip-flop clocked by core_clock)
Path Group: core_clock
Path Type: max

Fanout     Cap    Slew   Delay    Time   Description
-----------------------------------------------------------------------------
                  0.00    0.00    0.00   clock core_clock (rise edge)
                          0.00    0.00   clock network delay (ideal)
                  0.00    0.00    0.00 ^ _2276_/CLK (sky130_fd_sc_hd__dfxtp_4)
     2    0.07    0.10    0.38    0.38 v _2276_/Q (sky130_fd_sc_hd__dfxtp_4)
                                         rf.registers[3][10] (net)
                  0.11    0.02    0.41 v wire1382/A (sky130_fd_sc_hd__buf_12)
     2    0.22    0.06    0.18    0.58 v wire1382/X (sky130_fd_sc_hd__buf_12)
                                         net1382 (net)
                  0.37    0.18    0.77 v _1982_/A0 (sky130_fd_sc_hd__mux2_8)
     1    0.26    0.17    0.56    1.33 v _1982_/X (sky130_fd_sc_hd__mux2_8)
                                         _0445_ (net)
                  0.64    0.31    1.64 v _1983_/A (sky130_fd_sc_hd__buf_12)
     1    0.21    0.09    0.41    2.04 v _1983_/X (sky130_fd_sc_hd__buf_12)
                                         _0074_ (net)
                  0.41    0.20    2.25 v _2276_/D (sky130_fd_sc_hd__dfxtp_4)
                                  2.25   data arrival time

                  0.00   10.00   10.00   clock core_clock (rise edge)
                          0.00   10.00   clock network delay (ideal)
                          0.00   10.00   clock reconvergence pessimism
                                 10.00 ^ _2276_/CLK (sky130_fd_sc_hd__dfxtp_4)
                         -0.28    9.72   library setup time
                                  9.72   data required time
-----------------------------------------------------------------------------
                                  9.72   data required time
                                 -2.25   data arrival time
-----------------------------------------------------------------------------
                                  7.47   slack (MET)


Startpoint: _2409_ (rising edge-triggered flip-flop clocked by core_clock)
Endpoint: _2313_ (rising edge-triggered flip-flop clocked by core_clock)
Path Group: core_clock
Path Type: max

Fanout     Cap    Slew   Delay    Time   Description
-----------------------------------------------------------------------------
                  0.00    0.00    0.00   clock core_clock (rise edge)
                          0.00    0.00   clock network delay (ideal)
                  0.00    0.00    0.00 ^ _2409_/CLK (sky130_fd_sc_hd__dfxtp_1)
     1    0.01    0.05    0.30    0.30 v _2409_/Q (sky130_fd_sc_hd__dfxtp_1)
                                         rf.registers[2][15] (net)
                  0.05    0.00    0.30 v wire1170/A (sky130_fd_sc_hd__buf_12)
     2    0.19    0.09    0.15    0.46 v wire1170/X (sky130_fd_sc_hd__buf_12)
                                         net1170 (net)
                  0.20    0.09    0.55 v wire1169/A (sky130_fd_sc_hd__buf_12)
     2    0.24    0.06    0.23    0.78 v wire1169/X (sky130_fd_sc_hd__buf_12)
                                         net1169 (net)
                  0.40    0.20    0.97 v _1923_/A2 (sky130_fd_sc_hd__mux4_2)
     1    0.08    0.26    0.79    1.77 v _1923_/X (sky130_fd_sc_hd__mux4_2)
                                         _0413_ (net)
                  0.27    0.03    1.80 v _1924_/A (sky130_fd_sc_hd__buf_12)
     1    0.21    0.08    0.27    2.07 v _1924_/X (sky130_fd_sc_hd__buf_12)
                                         _0006_ (net)
                  0.38    0.19    2.25 v _2313_/D (sky130_fd_sc_hd__dfxtp_4)
                                  2.25   data arrival time

                  0.00   10.00   10.00   clock core_clock (rise edge)
                          0.00   10.00   clock network delay (ideal)
                          0.00   10.00   clock reconvergence pessimism
                                 10.00 ^ _2313_/CLK (sky130_fd_sc_hd__dfxtp_4)
                         -0.27    9.73   library setup time
                                  9.73   data required time
-----------------------------------------------------------------------------
                                  9.73   data required time
                                 -2.25   data arrival time
-----------------------------------------------------------------------------
                                  7.48   slack (MET)


Startpoint: _2375_ (rising edge-triggered flip-flop clocked by core_clock)
Endpoint: _2247_ (rising edge-triggered flip-flop clocked by core_clock)
Path Group: core_clock
Path Type: max

Fanout     Cap    Slew   Delay    Time   Description
-----------------------------------------------------------------------------
                  0.00    0.00    0.00   clock core_clock (rise edge)
                          0.00    0.00   clock network delay (ideal)
                  0.00    0.00    0.00 ^ _2375_/CLK (sky130_fd_sc_hd__dfxtp_1)
     1    0.01    0.05    0.30    0.30 v _2375_/Q (sky130_fd_sc_hd__dfxtp_1)
                                         rf.registers[1][13] (net)
                  0.05    0.00    0.30 v wire1222/A (sky130_fd_sc_hd__buf_12)
     2    0.18    0.06    0.15    0.45 v wire1222/X (sky130_fd_sc_hd__buf_12)
                                         net1222 (net)
                  0.24    0.11    0.56 v wire1221/A (sky130_fd_sc_hd__buf_12)
     2    0.23    0.07    0.25    0.82 v wire1221/X (sky130_fd_sc_hd__buf_12)
                                         net1221 (net)
                  0.46    0.23    1.04 v _1849_/A1 (sky130_fd_sc_hd__mux4_2)
     1    0.13    0.36    0.88    1.92 v _1849_/X (sky130_fd_sc_hd__mux4_2)
                                         _0373_ (net)
                  0.40    0.09    2.02 v _1850_/A (sky130_fd_sc_hd__buf_8)
     1    0.10    0.07    0.30    2.32 v _1850_/X (sky130_fd_sc_hd__buf_8)
                                         _0036_ (net)
                  0.12    0.05    2.37 v _2247_/D (sky130_fd_sc_hd__dfxtp_4)
                                  2.37   data arrival time

                  0.00   10.00   10.00   clock core_clock (rise edge)
                          0.00   10.00   clock network delay (ideal)
                          0.00   10.00   clock reconvergence pessimism
                                 10.00 ^ _2247_/CLK (sky130_fd_sc_hd__dfxtp_4)
                         -0.15    9.85   library setup time
                                  9.85   data required time
-----------------------------------------------------------------------------
                                  9.85   data required time
                                 -2.37   data arrival time
-----------------------------------------------------------------------------
                                  7.48   slack (MET)


Startpoint: _2366_ (rising edge-triggered flip-flop clocked by core_clock)
Endpoint: _2366_ (rising edge-triggered flip-flop clocked by core_clock)
Path Group: core_clock
Path Type: max

Fanout     Cap    Slew   Delay    Time   Description
-----------------------------------------------------------------------------
                  0.00    0.00    0.00   clock core_clock (rise edge)
                          0.00    0.00   clock network delay (ideal)
                  0.00    0.00    0.00 ^ _2366_/CLK (sky130_fd_sc_hd__dfxtp_4)
     2    0.07    0.10    0.39    0.39 v _2366_/Q (sky130_fd_sc_hd__dfxtp_4)
                                         rf.registers[1][4] (net)
                  0.11    0.02    0.41 v wire1233/A (sky130_fd_sc_hd__buf_12)
     2    0.24    0.06    0.18    0.59 v wire1233/X (sky130_fd_sc_hd__buf_12)
                                         net1233 (net)
                  0.51    0.25    0.84 v _2107_/A0 (sky130_fd_sc_hd__mux2_8)
     1    0.12    0.13    0.58    1.42 v _2107_/X (sky130_fd_sc_hd__mux2_8)
                                         _0512_ (net)
                  0.19    0.07    1.50 v wire874/A (sky130_fd_sc_hd__buf_12)
     1    0.23    0.08    0.24    1.74 v wire874/X (sky130_fd_sc_hd__buf_12)
                                         net874 (net)
                  0.47    0.23    1.97 v _2108_/A (sky130_fd_sc_hd__buf_4)
     1    0.06    0.09    0.37    2.34 v _2108_/X (sky130_fd_sc_hd__buf_4)
                                         _0132_ (net)
                  0.10    0.02    2.36 v _2366_/D (sky130_fd_sc_hd__dfxtp_4)
                                  2.36   data arrival time

                  0.00   10.00   10.00   clock core_clock (rise edge)
                          0.00   10.00   clock network delay (ideal)
                          0.00   10.00   clock reconvergence pessimism
                                 10.00 ^ _2366_/CLK (sky130_fd_sc_hd__dfxtp_4)
                         -0.14    9.86   library setup time
                                  9.86   data required time
-----------------------------------------------------------------------------
                                  9.86   data required time
                                 -2.36   data arrival time
-----------------------------------------------------------------------------
                                  7.50   slack (MET)


Startpoint: _2285_ (rising edge-triggered flip-flop clocked by core_clock)
Endpoint: _2285_ (rising edge-triggered flip-flop clocked by core_clock)
Path Group: core_clock
Path Type: max

Fanout     Cap    Slew   Delay    Time   Description
-----------------------------------------------------------------------------
                  0.00    0.00    0.00   clock core_clock (rise edge)
                          0.00    0.00   clock network delay (ideal)
                  0.00    0.00    0.00 ^ _2285_/CLK (sky130_fd_sc_hd__dfxtp_4)
     1    0.04    0.07    0.36    0.36 v _2285_/Q (sky130_fd_sc_hd__dfxtp_4)
                                         rf.registers[3][19] (net)
                  0.07    0.01    0.37 v wire1368/A (sky130_fd_sc_hd__buf_12)
     2    0.24    0.06    0.17    0.54 v wire1368/X (sky130_fd_sc_hd__buf_12)
                                         net1368 (net)
                  0.42    0.21    0.75 v load_slew1367/A (sky130_fd_sc_hd__buf_12)
     2    0.12    0.07    0.30    1.05 v load_slew1367/X (sky130_fd_sc_hd__buf_12)
                                         net1367 (net)
                  0.11    0.04    1.09 v _2000_/A0 (sky130_fd_sc_hd__mux2_8)
     1    0.21    0.16    0.44    1.53 v _2000_/X (sky130_fd_sc_hd__mux2_8)
                                         _0454_ (net)
                  0.44    0.20    1.74 v _2001_/A (sky130_fd_sc_hd__buf_12)
     1    0.19    0.08    0.33    2.06 v _2001_/X (sky130_fd_sc_hd__buf_12)
                                         _0083_ (net)
                  0.34    0.16    2.23 v _2285_/D (sky130_fd_sc_hd__dfxtp_4)
                                  2.23   data arrival time

                  0.00   10.00   10.00   clock core_clock (rise edge)
                          0.00   10.00   clock network delay (ideal)
                          0.00   10.00   clock reconvergence pessimism
                                 10.00 ^ _2285_/CLK (sky130_fd_sc_hd__dfxtp_4)
                         -0.25    9.75   library setup time
                                  9.75   data required time
-----------------------------------------------------------------------------
                                  9.75   data required time
                                 -2.23   data arrival time
-----------------------------------------------------------------------------
                                  7.52   slack (MET)


Startpoint: _2344_ (rising edge-triggered flip-flop clocked by core_clock)
Endpoint: _2248_ (rising edge-triggered flip-flop clocked by core_clock)
Path Group: core_clock
Path Type: max

Fanout     Cap    Slew   Delay    Time   Description
-----------------------------------------------------------------------------
                  0.00    0.00    0.00   clock core_clock (rise edge)
                          0.00    0.00   clock network delay (ideal)
                  0.00    0.00    0.00 ^ _2344_/CLK (sky130_fd_sc_hd__dfxtp_4)
     2    0.07    0.11    0.39    0.39 v _2344_/Q (sky130_fd_sc_hd__dfxtp_4)
                                         rf.registers[0][14] (net)
                  0.12    0.03    0.41 v wire1264/A (sky130_fd_sc_hd__buf_12)
     2    0.24    0.06    0.19    0.60 v wire1264/X (sky130_fd_sc_hd__buf_12)
                                         net1264 (net)
                  0.49    0.24    0.85 v _1851_/A0 (sky130_fd_sc_hd__mux4_2)
     1    0.09    0.29    0.84    1.68 v _1851_/X (sky130_fd_sc_hd__mux4_2)
                                         _0374_ (net)
                  0.30    0.04    1.73 v wire1093/A (sky130_fd_sc_hd__buf_12)
     1    0.14    0.07    0.27    1.99 v wire1093/X (sky130_fd_sc_hd__buf_12)
                                         net1093 (net)
                  0.19    0.09    2.09 v _1852_/A (sky130_fd_sc_hd__buf_2)
     1    0.03    0.09    0.24    2.33 v _1852_/X (sky130_fd_sc_hd__buf_2)
                                         _0037_ (net)
                  0.09    0.01    2.33 v _2248_/D (sky130_fd_sc_hd__dfxtp_4)
                                  2.33   data arrival time

                  0.00   10.00   10.00   clock core_clock (rise edge)
                          0.00   10.00   clock network delay (ideal)
                          0.00   10.00   clock reconvergence pessimism
                                 10.00 ^ _2248_/CLK (sky130_fd_sc_hd__dfxtp_4)
                         -0.14    9.86   library setup time
                                  9.86   data required time
-----------------------------------------------------------------------------
                                  9.86   data required time
                                 -2.33   data arrival time
-----------------------------------------------------------------------------
                                  7.52   slack (MET)


Startpoint: _2354_ (rising edge-triggered flip-flop clocked by core_clock)
Endpoint: _2354_ (rising edge-triggered flip-flop clocked by core_clock)
Path Group: core_clock
Path Type: max

Fanout     Cap    Slew   Delay    Time   Description
-----------------------------------------------------------------------------
                  0.00    0.00    0.00   clock core_clock (rise edge)
                          0.00    0.00   clock network delay (ideal)
                  0.00    0.00    0.00 ^ _2354_/CLK (sky130_fd_sc_hd__dfxtp_4)
     2    0.11    0.14    0.41    0.41 v _2354_/Q (sky130_fd_sc_hd__dfxtp_4)
                                         rf.registers[0][24] (net)
                  0.14    0.00    0.41 v load_slew1249/A (sky130_fd_sc_hd__buf_12)
     2    0.14    0.06    0.20    0.62 v load_slew1249/X (sky130_fd_sc_hd__buf_12)
                                         net1249 (net)
                  0.16    0.08    0.69 v _2080_/A1 (sky130_fd_sc_hd__mux2_8)
     1    0.22    0.16    0.46    1.15 v _2080_/X (sky130_fd_sc_hd__mux2_8)
                                         _0497_ (net)
                  0.47    0.22    1.37 v _2081_/A (sky130_fd_sc_hd__buf_12)
     1    0.29    0.10    0.36    1.73 v _2081_/X (sky130_fd_sc_hd__buf_12)
                                         _0120_ (net)
                  0.72    0.36    2.09 v _2354_/D (sky130_fd_sc_hd__dfxtp_4)
                                  2.09   data arrival time

                  0.00   10.00   10.00   clock core_clock (rise edge)
                          0.00   10.00   clock network delay (ideal)
                          0.00   10.00   clock reconvergence pessimism
                                 10.00 ^ _2354_/CLK (sky130_fd_sc_hd__dfxtp_4)
                         -0.39    9.61   library setup time
                                  9.61   data required time
-----------------------------------------------------------------------------
                                  9.61   data required time
                                 -2.09   data arrival time
-----------------------------------------------------------------------------
                                  7.53   slack (MET)


Startpoint: _2379_ (rising edge-triggered flip-flop clocked by core_clock)
Endpoint: _2379_ (rising edge-triggered flip-flop clocked by core_clock)
Path Group: core_clock
Path Type: max

Fanout     Cap    Slew   Delay    Time   Description
-----------------------------------------------------------------------------
                  0.00    0.00    0.00   clock core_clock (rise edge)
                          0.00    0.00   clock network delay (ideal)
                  0.00    0.00    0.00 ^ _2379_/CLK (sky130_fd_sc_hd__dfxtp_4)
     2    0.17    0.20    0.42    0.42 v _2379_/Q (sky130_fd_sc_hd__dfxtp_4)
                                         rf.registers[1][17] (net)
                  0.26    0.08    0.50 v load_slew1217/A (sky130_fd_sc_hd__clkbuf_16)
     2    0.13    0.08    0.28    0.78 v load_slew1217/X (sky130_fd_sc_hd__clkbuf_16)
                                         net1217 (net)
                  0.11    0.03    0.81 v wire1216/A (sky130_fd_sc_hd__buf_12)
     1    0.20    0.07    0.19    1.00 v wire1216/X (sky130_fd_sc_hd__buf_12)
                                         net1216 (net)
                  0.36    0.18    1.18 v _2134_/A0 (sky130_fd_sc_hd__mux2_8)
     1    0.11    0.12    0.51    1.69 v _2134_/X (sky130_fd_sc_hd__mux2_8)
                                         _0526_ (net)
                  0.16    0.06    1.75 v _2135_/A (sky130_fd_sc_hd__buf_12)
     1    0.22    0.08    0.23    1.97 v _2135_/X (sky130_fd_sc_hd__buf_12)
                                         _0145_ (net)
                  0.42    0.21    2.18 v _2379_/D (sky130_fd_sc_hd__dfxtp_4)
                                  2.18   data arrival time

                  0.00   10.00   10.00   clock core_clock (rise edge)
                          0.00   10.00   clock network delay (ideal)
                          0.00   10.00   clock reconvergence pessimism
                                 10.00 ^ _2379_/CLK (sky130_fd_sc_hd__dfxtp_4)
                         -0.29    9.71   library setup time
                                  9.71   data required time
-----------------------------------------------------------------------------
                                  9.71   data required time
                                 -2.18   data arrival time
-----------------------------------------------------------------------------
                                  7.53   slack (MET)


Startpoint: _2354_ (rising edge-triggered flip-flop clocked by core_clock)
Endpoint: _2258_ (rising edge-triggered flip-flop clocked by core_clock)
Path Group: core_clock
Path Type: max

Fanout     Cap    Slew   Delay    Time   Description
-----------------------------------------------------------------------------
                  0.00    0.00    0.00   clock core_clock (rise edge)
                          0.00    0.00   clock network delay (ideal)
                  0.00    0.00    0.00 ^ _2354_/CLK (sky130_fd_sc_hd__dfxtp_4)
     2    0.11    0.14    0.41    0.41 v _2354_/Q (sky130_fd_sc_hd__dfxtp_4)
                                         rf.registers[0][24] (net)
                  0.14    0.00    0.41 v load_slew1249/A (sky130_fd_sc_hd__buf_12)
     2    0.14    0.06    0.20    0.62 v load_slew1249/X (sky130_fd_sc_hd__buf_12)
                                         net1249 (net)
                  0.06    0.00    0.62 v wire1248/A (sky130_fd_sc_hd__buf_12)
     1    0.19    0.07    0.17    0.79 v wire1248/X (sky130_fd_sc_hd__buf_12)
                                         net1248 (net)
                  0.32    0.15    0.95 v _1873_/A0 (sky130_fd_sc_hd__mux4_2)
     1    0.07    0.25    0.75    1.70 v _1873_/X (sky130_fd_sc_hd__mux4_2)
                                         _0386_ (net)
                  0.26    0.03    1.73 v wire1086/A (sky130_fd_sc_hd__buf_12)
     1    0.14    0.06    0.25    1.98 v wire1086/X (sky130_fd_sc_hd__buf_12)
                                         net1086 (net)
                  0.19    0.09    2.07 v _1874_/A (sky130_fd_sc_hd__buf_4)
     1    0.05    0.08    0.25    2.32 v _1874_/X (sky130_fd_sc_hd__buf_4)
                                         _0048_ (net)
                  0.08    0.01    2.33 v _2258_/D (sky130_fd_sc_hd__dfxtp_4)
                                  2.33   data arrival time

                  0.00   10.00   10.00   clock core_clock (rise edge)
                          0.00   10.00   clock network delay (ideal)
                          0.00   10.00   clock reconvergence pessimism
                                 10.00 ^ _2258_/CLK (sky130_fd_sc_hd__dfxtp_4)
                         -0.14    9.86   library setup time
                                  9.86   data required time
-----------------------------------------------------------------------------
                                  9.86   data required time
                                 -2.33   data arrival time
-----------------------------------------------------------------------------
                                  7.53   slack (MET)


Startpoint: _2277_ (rising edge-triggered flip-flop clocked by core_clock)
Endpoint: _2277_ (rising edge-triggered flip-flop clocked by core_clock)
Path Group: core_clock
Path Type: max

Fanout     Cap    Slew   Delay    Time   Description
-----------------------------------------------------------------------------
                  0.00    0.00    0.00   clock core_clock (rise edge)
                          0.00    0.00   clock network delay (ideal)
                  0.00    0.00    0.00 ^ _2277_/CLK (sky130_fd_sc_hd__dfxtp_4)
     2    0.17    0.21    0.47    0.47 v _2277_/Q (sky130_fd_sc_hd__dfxtp_4)
                                         rf.registers[3][11] (net)
                  0.25    0.06    0.53 v wire1381/A (sky130_fd_sc_hd__buf_12)
     2    0.24    0.06    0.24    0.78 v wire1381/X (sky130_fd_sc_hd__buf_12)
                                         net1381 (net)
                  0.36    0.17    0.95 v _1984_/A0 (sky130_fd_sc_hd__mux2_8)
     1    0.27    0.17    0.56    1.51 v _1984_/X (sky130_fd_sc_hd__mux2_8)
                                         _0446_ (net)
                  0.67    0.33    1.83 v _1985_/A (sky130_fd_sc_hd__buf_12)
     1    0.12    0.07    0.40    2.23 v _1985_/X (sky130_fd_sc_hd__buf_12)
                                         _0075_ (net)
                  0.16    0.07    2.30 v _2277_/D (sky130_fd_sc_hd__dfxtp_4)
                                  2.30   data arrival time

                  0.00   10.00   10.00   clock core_clock (rise edge)
                          0.00   10.00   clock network delay (ideal)
                          0.00   10.00   clock reconvergence pessimism
                                 10.00 ^ _2277_/CLK (sky130_fd_sc_hd__dfxtp_4)
                         -0.17    9.83   library setup time
                                  9.83   data required time
-----------------------------------------------------------------------------
                                  9.83   data required time
                                 -2.30   data arrival time
-----------------------------------------------------------------------------
                                  7.53   slack (MET)


Startpoint: _2331_ (rising edge-triggered flip-flop clocked by core_clock)
Endpoint: _2331_ (rising edge-triggered flip-flop clocked by core_clock)
Path Group: core_clock
Path Type: max

Fanout     Cap    Slew   Delay    Time   Description
-----------------------------------------------------------------------------
                  0.00    0.00    0.00   clock core_clock (rise edge)
                          0.00    0.00   clock network delay (ideal)
                  0.00    0.00    0.00 ^ _2331_/CLK (sky130_fd_sc_hd__dfxtp_1)
     1    0.01    0.05    0.30    0.30 v _2331_/Q (sky130_fd_sc_hd__dfxtp_1)
                                         rf.registers[0][1] (net)
                  0.05    0.00    0.30 v wire1278/A (sky130_fd_sc_hd__buf_12)
     2    0.23    0.06    0.16    0.46 v wire1278/X (sky130_fd_sc_hd__buf_12)
                                         net1278 (net)
                  0.26    0.11    0.57 v wire1277/A (sky130_fd_sc_hd__buf_12)
     2    0.18    0.06    0.25    0.82 v wire1277/X (sky130_fd_sc_hd__buf_12)
                                         net1277 (net)
                  0.28    0.13    0.96 v _2032_/A1 (sky130_fd_sc_hd__mux2_8)
     1    0.29    0.17    0.53    1.48 v _2032_/X (sky130_fd_sc_hd__mux2_8)
                                         _0472_ (net)
                  0.74    0.36    1.85 v _2033_/A (sky130_fd_sc_hd__buf_8)
     1    0.09    0.08    0.41    2.25 v _2033_/X (sky130_fd_sc_hd__buf_8)
                                         _0097_ (net)
                  0.12    0.04    2.30 v _2331_/D (sky130_fd_sc_hd__dfxtp_1)
                                  2.30   data arrival time

                  0.00   10.00   10.00   clock core_clock (rise edge)
                          0.00   10.00   clock network delay (ideal)
                          0.00   10.00   clock reconvergence pessimism
                                 10.00 ^ _2331_/CLK (sky130_fd_sc_hd__dfxtp_1)
                         -0.15    9.85   library setup time
                                  9.85   data required time
-----------------------------------------------------------------------------
                                  9.85   data required time
                                 -2.30   data arrival time
-----------------------------------------------------------------------------
                                  7.55   slack (MET)


Startpoint: _2266_ (rising edge-triggered flip-flop clocked by core_clock)
Endpoint: _2266_ (rising edge-triggered flip-flop clocked by core_clock)
Path Group: core_clock
Path Type: max

Fanout     Cap    Slew   Delay    Time   Description
-----------------------------------------------------------------------------
                  0.00    0.00    0.00   clock core_clock (rise edge)
                          0.00    0.00   clock network delay (ideal)
                  0.00    0.00    0.00 ^ _2266_/CLK (sky130_fd_sc_hd__dfxtp_1)
     1    0.01    0.05    0.30    0.30 v _2266_/Q (sky130_fd_sc_hd__dfxtp_1)
                                         rf.registers[3][0] (net)
                  0.05    0.00    0.30 v wire1396/A (sky130_fd_sc_hd__buf_12)
     2    0.18    0.07    0.17    0.47 v wire1396/X (sky130_fd_sc_hd__buf_12)
                                         net1396 (net)
                  0.31    0.15    0.62 v wire1395/A (sky130_fd_sc_hd__buf_12)
     2    0.21    0.06    0.27    0.89 v wire1395/X (sky130_fd_sc_hd__buf_12)
                                         net1395 (net)
                  0.27    0.13    1.01 v _1961_/A0 (sky130_fd_sc_hd__mux2_8)
     1    0.26    0.17    0.52    1.53 v _1961_/X (sky130_fd_sc_hd__mux2_8)
                                         _0434_ (net)
                  0.62    0.30    1.83 v _1962_/A (sky130_fd_sc_hd__buf_4)
     1    0.06    0.10    0.42    2.25 v _1962_/X (sky130_fd_sc_hd__buf_4)
                                         _0064_ (net)
                  0.10    0.02    2.27 v _2266_/D (sky130_fd_sc_hd__dfxtp_1)
                                  2.27   data arrival time

                  0.00   10.00   10.00   clock core_clock (rise edge)
                          0.00   10.00   clock network delay (ideal)
                          0.00   10.00   clock reconvergence pessimism
                                 10.00 ^ _2266_/CLK (sky130_fd_sc_hd__dfxtp_1)
                         -0.15    9.85   library setup time
                                  9.85   data required time
-----------------------------------------------------------------------------
                                  9.85   data required time
                                 -2.27   data arrival time
-----------------------------------------------------------------------------
                                  7.58   slack (MET)


Startpoint: _2375_ (rising edge-triggered flip-flop clocked by core_clock)
Endpoint: _2375_ (rising edge-triggered flip-flop clocked by core_clock)
Path Group: core_clock
Path Type: max

Fanout     Cap    Slew   Delay    Time   Description
-----------------------------------------------------------------------------
                  0.00    0.00    0.00   clock core_clock (rise edge)
                          0.00    0.00   clock network delay (ideal)
                  0.00    0.00    0.00 ^ _2375_/CLK (sky130_fd_sc_hd__dfxtp_1)
     1    0.01    0.05    0.30    0.30 v _2375_/Q (sky130_fd_sc_hd__dfxtp_1)
                                         rf.registers[1][13] (net)
                  0.05    0.00    0.30 v wire1222/A (sky130_fd_sc_hd__buf_12)
     2    0.18    0.06    0.15    0.45 v wire1222/X (sky130_fd_sc_hd__buf_12)
                                         net1222 (net)
                  0.24    0.11    0.56 v wire1221/A (sky130_fd_sc_hd__buf_12)
     2    0.23    0.07    0.25    0.82 v wire1221/X (sky130_fd_sc_hd__buf_12)
                                         net1221 (net)
                  0.48    0.24    1.06 v _2126_/A0 (sky130_fd_sc_hd__mux2_8)
     1    0.19    0.16    0.59    1.65 v _2126_/X (sky130_fd_sc_hd__mux2_8)
                                         _0522_ (net)
                  0.38    0.17    1.82 v _2127_/A (sky130_fd_sc_hd__buf_12)
     1    0.14    0.07    0.30    2.12 v _2127_/X (sky130_fd_sc_hd__buf_12)
                                         _0141_ (net)
                  0.20    0.09    2.21 v _2375_/D (sky130_fd_sc_hd__dfxtp_1)
                                  2.21   data arrival time

                  0.00   10.00   10.00   clock core_clock (rise edge)
                          0.00   10.00   clock network delay (ideal)
                          0.00   10.00   clock reconvergence pessimism
                                 10.00 ^ _2375_/CLK (sky130_fd_sc_hd__dfxtp_1)
                         -0.19    9.81   library setup time
                                  9.81   data required time
-----------------------------------------------------------------------------
                                  9.81   data required time
                                 -2.21   data arrival time
-----------------------------------------------------------------------------
                                  7.60   slack (MET)


Startpoint: _2407_ (rising edge-triggered flip-flop clocked by core_clock)
Endpoint: _2407_ (rising edge-triggered flip-flop clocked by core_clock)
Path Group: core_clock
Path Type: max

Fanout     Cap    Slew   Delay    Time   Description
-----------------------------------------------------------------------------
                  0.00    0.00    0.00   clock core_clock (rise edge)
                          0.00    0.00   clock network delay (ideal)
                  0.00    0.00    0.00 ^ _2407_/CLK (sky130_fd_sc_hd__dfxtp_4)
     3    0.08    0.11    0.39    0.39 v _2407_/Q (sky130_fd_sc_hd__dfxtp_4)
                                         rf.registers[2][13] (net)
                  0.12    0.02    0.41 v _2195_/A0 (sky130_fd_sc_hd__mux2_8)
     1    0.30    0.18    0.47    0.88 v _2195_/X (sky130_fd_sc_hd__mux2_8)
                                         _0559_ (net)
                  0.78    0.39    1.27 v _2196_/A (sky130_fd_sc_hd__buf_12)
     1    0.27    0.10    0.45    1.72 v _2196_/X (sky130_fd_sc_hd__buf_12)
                                         _0173_ (net)
                  0.63    0.31    2.03 v _2407_/D (sky130_fd_sc_hd__dfxtp_4)
                                  2.03   data arrival time

                  0.00   10.00   10.00   clock core_clock (rise edge)
                          0.00   10.00   clock network delay (ideal)
                          0.00   10.00   clock reconvergence pessimism
                                 10.00 ^ _2407_/CLK (sky130_fd_sc_hd__dfxtp_4)
                         -0.36    9.64   library setup time
                                  9.64   data required time
-----------------------------------------------------------------------------
                                  9.64   data required time
                                 -2.03   data arrival time
-----------------------------------------------------------------------------
                                  7.61   slack (MET)


Startpoint: _2284_ (rising edge-triggered flip-flop clocked by core_clock)
Endpoint: _2284_ (rising edge-triggered flip-flop clocked by core_clock)
Path Group: core_clock
Path Type: max

Fanout     Cap    Slew   Delay    Time   Description
-----------------------------------------------------------------------------
                  0.00    0.00    0.00   clock core_clock (rise edge)
                          0.00    0.00   clock network delay (ideal)
                  0.00    0.00    0.00 ^ _2284_/CLK (sky130_fd_sc_hd__dfxtp_1)
     1    0.01    0.05    0.30    0.30 v _2284_/Q (sky130_fd_sc_hd__dfxtp_1)
                                         rf.registers[3][18] (net)
                  0.05    0.00    0.30 v wire1370/A (sky130_fd_sc_hd__buf_12)
     2    0.23    0.08    0.17    0.47 v wire1370/X (sky130_fd_sc_hd__buf_12)
                                         net1370 (net)
                  0.47    0.23    0.70 v wire1369/A (sky130_fd_sc_hd__buf_12)
     2    0.24    0.07    0.33    1.03 v wire1369/X (sky130_fd_sc_hd__buf_12)
                                         net1369 (net)
                  0.30    0.14    1.17 v _1998_/A0 (sky130_fd_sc_hd__mux2_8)
     1    0.14    0.14    0.50    1.66 v _1998_/X (sky130_fd_sc_hd__mux2_8)
                                         _0453_ (net)
                  0.23    0.09    1.76 v _1999_/A (sky130_fd_sc_hd__buf_12)
     1    0.18    0.07    0.25    2.00 v _1999_/X (sky130_fd_sc_hd__buf_12)
                                         _0082_ (net)
                  0.30    0.15    2.15 v _2284_/D (sky130_fd_sc_hd__dfxtp_1)
                                  2.15   data arrival time

                  0.00   10.00   10.00   clock core_clock (rise edge)
                          0.00   10.00   clock network delay (ideal)
                          0.00   10.00   clock reconvergence pessimism
                                 10.00 ^ _2284_/CLK (sky130_fd_sc_hd__dfxtp_1)
                         -0.23    9.77   library setup time
                                  9.77   data required time
-----------------------------------------------------------------------------
                                  9.77   data required time
                                 -2.15   data arrival time
-----------------------------------------------------------------------------
                                  7.61   slack (MET)


Startpoint: _2356_ (rising edge-triggered flip-flop clocked by core_clock)
Endpoint: _2260_ (rising edge-triggered flip-flop clocked by core_clock)
Path Group: core_clock
Path Type: max

Fanout     Cap    Slew   Delay    Time   Description
-----------------------------------------------------------------------------
                  0.00    0.00    0.00   clock core_clock (rise edge)
                          0.00    0.00   clock network delay (ideal)
                  0.00    0.00    0.00 ^ _2356_/CLK (sky130_fd_sc_hd__dfxtp_4)
     2    0.08    0.11    0.39    0.39 v _2356_/Q (sky130_fd_sc_hd__dfxtp_4)
                                         rf.registers[0][26] (net)
                  0.12    0.03    0.42 v wire1247/A (sky130_fd_sc_hd__buf_12)
     2    0.22    0.06    0.19    0.61 v wire1247/X (sky130_fd_sc_hd__buf_12)
                                         net1247 (net)
                  0.39    0.19    0.80 v _1877_/A0 (sky130_fd_sc_hd__mux4_2)
     1    0.14    0.38    0.89    1.68 v _1877_/X (sky130_fd_sc_hd__mux4_2)
                                         _0388_ (net)
                  0.43    0.11    1.79 v _1878_/A (sky130_fd_sc_hd__buf_12)
     1    0.14    0.07    0.32    2.11 v _1878_/X (sky130_fd_sc_hd__buf_12)
                                         _0050_ (net)
                  0.19    0.09    2.20 v _2260_/D (sky130_fd_sc_hd__dfxtp_1)
                                  2.20   data arrival time

                  0.00   10.00   10.00   clock core_clock (rise edge)
                          0.00   10.00   clock network delay (ideal)
                          0.00   10.00   clock reconvergence pessimism
                                 10.00 ^ _2260_/CLK (sky130_fd_sc_hd__dfxtp_1)
                         -0.19    9.81   library setup time
                                  9.81   data required time
-----------------------------------------------------------------------------
                                  9.81   data required time
                                 -2.20   data arrival time
-----------------------------------------------------------------------------
                                  7.62   slack (MET)


Startpoint: _2390_ (rising edge-triggered flip-flop clocked by core_clock)
Endpoint: _2326_ (rising edge-triggered flip-flop clocked by core_clock)
Path Group: core_clock
Path Type: max

Fanout     Cap    Slew   Delay    Time   Description
-----------------------------------------------------------------------------
                  0.00    0.00    0.00   clock core_clock (rise edge)
                          0.00    0.00   clock network delay (ideal)
                  0.00    0.00    0.00 ^ _2390_/CLK (sky130_fd_sc_hd__dfxtp_1)
     1    0.01    0.05    0.30    0.30 v _2390_/Q (sky130_fd_sc_hd__dfxtp_1)
                                         rf.registers[1][28] (net)
                  0.05    0.00    0.30 v wire1202/A (sky130_fd_sc_hd__buf_12)
     3    0.18    0.07    0.16    0.46 v wire1202/X (sky130_fd_sc_hd__buf_12)
                                         net1202 (net)
                  0.27    0.13    0.59 v wire1201/A (sky130_fd_sc_hd__buf_12)
     1    0.18    0.07    0.26    0.85 v wire1201/X (sky130_fd_sc_hd__buf_12)
                                         net1201 (net)
                  0.31    0.15    1.00 v _1951_/A1 (sky130_fd_sc_hd__mux4_2)
     1    0.02    0.12    0.59    1.59 v _1951_/X (sky130_fd_sc_hd__mux4_2)
                                         _0428_ (net)
                  0.12    0.00    1.59 v wire1057/A (sky130_fd_sc_hd__buf_12)
     1    0.14    0.06    0.19    1.78 v wire1057/X (sky130_fd_sc_hd__buf_12)
                                         net1057 (net)
                  0.19    0.09    1.87 v _1952_/A (sky130_fd_sc_hd__clkbuf_16)
     1    0.13    0.08    0.25    2.12 v _1952_/X (sky130_fd_sc_hd__clkbuf_16)
                                         _0020_ (net)
                  0.17    0.08    2.20 v _2326_/D (sky130_fd_sc_hd__dfxtp_2)
                                  2.20   data arrival time

                  0.00   10.00   10.00   clock core_clock (rise edge)
                          0.00   10.00   clock network delay (ideal)
                          0.00   10.00   clock reconvergence pessimism
                                 10.00 ^ _2326_/CLK (sky130_fd_sc_hd__dfxtp_2)
                         -0.18    9.82   library setup time
                                  9.82   data required time
-----------------------------------------------------------------------------
                                  9.82   data required time
                                 -2.20   data arrival time
-----------------------------------------------------------------------------
                                  7.62   slack (MET)


Startpoint: _2357_ (rising edge-triggered flip-flop clocked by core_clock)
Endpoint: _2357_ (rising edge-triggered flip-flop clocked by core_clock)
Path Group: core_clock
Path Type: max

Fanout     Cap    Slew   Delay    Time   Description
-----------------------------------------------------------------------------
                  0.00    0.00    0.00   clock core_clock (rise edge)
                          0.00    0.00   clock network delay (ideal)
                  0.00    0.00    0.00 ^ _2357_/CLK (sky130_fd_sc_hd__dfxtp_1)
     1    0.01    0.05    0.30    0.30 v _2357_/Q (sky130_fd_sc_hd__dfxtp_1)
                                         rf.registers[0][27] (net)
                  0.05    0.00    0.30 v wire1246/A (sky130_fd_sc_hd__buf_12)
     2    0.19    0.06    0.16    0.46 v wire1246/X (sky130_fd_sc_hd__buf_12)
                                         net1246 (net)
                  0.18    0.08    0.53 v wire1245/A (sky130_fd_sc_hd__buf_12)
     2    0.20    0.08    0.21    0.74 v wire1245/X (sky130_fd_sc_hd__buf_12)
                                         net1245 (net)
                  0.25    0.12    0.86 v _2086_/A1 (sky130_fd_sc_hd__mux2_8)
     1    0.17    0.14    0.48    1.34 v _2086_/X (sky130_fd_sc_hd__mux2_8)
                                         _0500_ (net)
                  0.31    0.14    1.48 v _2087_/A (sky130_fd_sc_hd__buf_12)
     1    0.25    0.08    0.29    1.77 v _2087_/X (sky130_fd_sc_hd__buf_12)
                                         _0123_ (net)
                  0.53    0.26    2.04 v _2357_/D (sky130_fd_sc_hd__dfxtp_1)
                                  2.04   data arrival time

                  0.00   10.00   10.00   clock core_clock (rise edge)
                          0.00   10.00   clock network delay (ideal)
                          0.00   10.00   clock reconvergence pessimism
                                 10.00 ^ _2357_/CLK (sky130_fd_sc_hd__dfxtp_1)
                         -0.33    9.67   library setup time
                                  9.67   data required time
-----------------------------------------------------------------------------
                                  9.67   data required time
                                 -2.04   data arrival time
-----------------------------------------------------------------------------
                                  7.63   slack (MET)


Startpoint: _2339_ (rising edge-triggered flip-flop clocked by core_clock)
Endpoint: _2243_ (rising edge-triggered flip-flop clocked by core_clock)
Path Group: core_clock
Path Type: max

Fanout     Cap    Slew   Delay    Time   Description
-----------------------------------------------------------------------------
                  0.00    0.00    0.00   clock core_clock (rise edge)
                          0.00    0.00   clock network delay (ideal)
                  0.00    0.00    0.00 ^ _2339_/CLK (sky130_fd_sc_hd__dfxtp_4)
     2    0.14    0.16    0.42    0.42 v _2339_/Q (sky130_fd_sc_hd__dfxtp_4)
                                         rf.registers[0][9] (net)
                  0.26    0.10    0.52 v wire1269/A (sky130_fd_sc_hd__buf_12)
     2    0.18    0.06    0.25    0.76 v wire1269/X (sky130_fd_sc_hd__buf_12)
                                         net1269 (net)
                  0.23    0.11    0.87 v _1839_/A0 (sky130_fd_sc_hd__mux4_2)
     1    0.10    0.33    0.77    1.65 v _1839_/X (sky130_fd_sc_hd__mux4_2)
                                         _0367_ (net)
                  0.34    0.06    1.70 v _1840_/A (sky130_fd_sc_hd__buf_12)
     1    0.18    0.07    0.29    1.99 v _1840_/X (sky130_fd_sc_hd__buf_12)
                                         _0063_ (net)
                  0.28    0.14    2.13 v _2243_/D (sky130_fd_sc_hd__dfxtp_1)
                                  2.13   data arrival time

                  0.00   10.00   10.00   clock core_clock (rise edge)
                          0.00   10.00   clock network delay (ideal)
                          0.00   10.00   clock reconvergence pessimism
                                 10.00 ^ _2243_/CLK (sky130_fd_sc_hd__dfxtp_1)
                         -0.23    9.77   library setup time
                                  9.77   data required time
-----------------------------------------------------------------------------
                                  9.77   data required time
                                 -2.13   data arrival time
-----------------------------------------------------------------------------
                                  7.64   slack (MET)


Startpoint: _2279_ (rising edge-triggered flip-flop clocked by core_clock)
Endpoint: _2279_ (rising edge-triggered flip-flop clocked by core_clock)
Path Group: core_clock
Path Type: max

Fanout     Cap    Slew   Delay    Time   Description
-----------------------------------------------------------------------------
                  0.00    0.00    0.00   clock core_clock (rise edge)
                          0.00    0.00   clock network delay (ideal)
                  0.00    0.00    0.00 ^ _2279_/CLK (sky130_fd_sc_hd__dfxtp_4)
     3    0.15    0.20    0.43    0.43 v _2279_/Q (sky130_fd_sc_hd__dfxtp_4)
                                         rf.registers[3][13] (net)
                  0.26    0.09    0.51 v _1988_/A0 (sky130_fd_sc_hd__mux2_8)
     1    0.25    0.17    0.51    1.02 v _1988_/X (sky130_fd_sc_hd__mux2_8)
                                         _0448_ (net)
                  0.58    0.28    1.30 v _1989_/A (sky130_fd_sc_hd__buf_12)
     1    0.27    0.09    0.40    1.70 v _1989_/X (sky130_fd_sc_hd__buf_12)
                                         _0077_ (net)
                  0.61    0.30    2.00 v _2279_/D (sky130_fd_sc_hd__dfxtp_4)
                                  2.00   data arrival time

                  0.00   10.00   10.00   clock core_clock (rise edge)
                          0.00   10.00   clock network delay (ideal)
                          0.00   10.00   clock reconvergence pessimism
                                 10.00 ^ _2279_/CLK (sky130_fd_sc_hd__dfxtp_4)
                         -0.35    9.65   library setup time
                                  9.65   data required time
-----------------------------------------------------------------------------
                                  9.65   data required time
                                 -2.00   data arrival time
-----------------------------------------------------------------------------
                                  7.65   slack (MET)


Startpoint: _2380_ (rising edge-triggered flip-flop clocked by core_clock)
Endpoint: _2380_ (rising edge-triggered flip-flop clocked by core_clock)
Path Group: core_clock
Path Type: max

Fanout     Cap    Slew   Delay    Time   Description
-----------------------------------------------------------------------------
                  0.00    0.00    0.00   clock core_clock (rise edge)
                          0.00    0.00   clock network delay (ideal)
                  0.00    0.00    0.00 ^ _2380_/CLK (sky130_fd_sc_hd__dfxtp_4)
     2    0.12    0.16    0.43    0.43 v _2380_/Q (sky130_fd_sc_hd__dfxtp_4)
                                         rf.registers[1][18] (net)
                  0.16    0.01    0.44 v wire1215/A (sky130_fd_sc_hd__buf_12)
     2    0.24    0.06    0.21    0.64 v wire1215/X (sky130_fd_sc_hd__buf_12)
                                         net1215 (net)
                  0.41    0.20    0.84 v _2136_/A0 (sky130_fd_sc_hd__mux2_8)
     1    0.27    0.17    0.58    1.42 v _2136_/X (sky130_fd_sc_hd__mux2_8)
                                         _0527_ (net)
                  0.65    0.32    1.74 v _2137_/A (sky130_fd_sc_hd__clkbuf_8)
     1    0.07    0.10    0.42    2.17 v _2137_/X (sky130_fd_sc_hd__clkbuf_8)
                                         _0146_ (net)
                  0.11    0.03    2.19 v _2380_/D (sky130_fd_sc_hd__dfxtp_4)
                                  2.19   data arrival time

                  0.00   10.00   10.00   clock core_clock (rise edge)
                          0.00   10.00   clock network delay (ideal)
                          0.00   10.00   clock reconvergence pessimism
                                 10.00 ^ _2380_/CLK (sky130_fd_sc_hd__dfxtp_4)
                         -0.15    9.85   library setup time
                                  9.85   data required time
-----------------------------------------------------------------------------
                                  9.85   data required time
                                 -2.19   data arrival time
-----------------------------------------------------------------------------
                                  7.66   slack (MET)


Startpoint: _2387_ (rising edge-triggered flip-flop clocked by core_clock)
Endpoint: _2323_ (rising edge-triggered flip-flop clocked by core_clock)
Path Group: core_clock
Path Type: max

Fanout     Cap    Slew   Delay    Time   Description
-----------------------------------------------------------------------------
                  0.00    0.00    0.00   clock core_clock (rise edge)
                          0.00    0.00   clock network delay (ideal)
                  0.00    0.00    0.00 ^ _2387_/CLK (sky130_fd_sc_hd__dfxtp_1)
     1    0.02    0.08    0.32    0.32 v _2387_/Q (sky130_fd_sc_hd__dfxtp_1)
                                         rf.registers[1][25] (net)
                  0.08    0.00    0.33 v wire1207/A (sky130_fd_sc_hd__buf_12)
     3    0.24    0.06    0.17    0.50 v wire1207/X (sky130_fd_sc_hd__buf_12)
                                         net1207 (net)
                  0.42    0.21    0.70 v _1945_/A1 (sky130_fd_sc_hd__mux4_2)
     1    0.03    0.15    0.66    1.36 v _1945_/X (sky130_fd_sc_hd__mux4_2)
                                         _0425_ (net)
                  0.15    0.00    1.37 v wire1059/A (sky130_fd_sc_hd__buf_12)
     1    0.14    0.06    0.20    1.57 v wire1059/X (sky130_fd_sc_hd__buf_12)
                                         net1059 (net)
                  0.19    0.09    1.66 v _1946_/A (sky130_fd_sc_hd__buf_12)
     1    0.20    0.07    0.23    1.89 v _1946_/X (sky130_fd_sc_hd__buf_12)
                                         _0017_ (net)
                  0.37    0.18    2.08 v _2323_/D (sky130_fd_sc_hd__dfxtp_1)
                                  2.08   data arrival time

                  0.00   10.00   10.00   clock core_clock (rise edge)
                          0.00   10.00   clock network delay (ideal)
                          0.00   10.00   clock reconvergence pessimism
                                 10.00 ^ _2323_/CLK (sky130_fd_sc_hd__dfxtp_1)
                         -0.26    9.74   library setup time
                                  9.74   data required time
-----------------------------------------------------------------------------
                                  9.74   data required time
                                 -2.08   data arrival time
-----------------------------------------------------------------------------
                                  7.66   slack (MET)


Startpoint: _2389_ (rising edge-triggered flip-flop clocked by core_clock)
Endpoint: _2389_ (rising edge-triggered flip-flop clocked by core_clock)
Path Group: core_clock
Path Type: max

Fanout     Cap    Slew   Delay    Time   Description
-----------------------------------------------------------------------------
                  0.00    0.00    0.00   clock core_clock (rise edge)
                          0.00    0.00   clock network delay (ideal)
                  0.00    0.00    0.00 ^ _2389_/CLK (sky130_fd_sc_hd__dfxtp_4)
     2    0.14    0.18    0.41    0.41 v _2389_/Q (sky130_fd_sc_hd__dfxtp_4)
                                         rf.registers[1][27] (net)
                  0.24    0.08    0.49 v wire1203/A (sky130_fd_sc_hd__buf_12)
     2    0.24    0.07    0.25    0.74 v wire1203/X (sky130_fd_sc_hd__buf_12)
                                         net1203 (net)
                  0.47    0.23    0.97 v _2155_/A0 (sky130_fd_sc_hd__mux2_8)
     1    0.13    0.13    0.57    1.54 v _2155_/X (sky130_fd_sc_hd__mux2_8)
                                         _0537_ (net)
                  0.20    0.08    1.62 v _2156_/A (sky130_fd_sc_hd__buf_12)
     1    0.21    0.08    0.24    1.86 v _2156_/X (sky130_fd_sc_hd__buf_12)
                                         _0155_ (net)
                  0.39    0.19    2.05 v _2389_/D (sky130_fd_sc_hd__dfxtp_4)
                                  2.05   data arrival time

                  0.00   10.00   10.00   clock core_clock (rise edge)
                          0.00   10.00   clock network delay (ideal)
                          0.00   10.00   clock reconvergence pessimism
                                 10.00 ^ _2389_/CLK (sky130_fd_sc_hd__dfxtp_4)
                         -0.27    9.73   library setup time
                                  9.73   data required time
-----------------------------------------------------------------------------
                                  9.73   data required time
                                 -2.05   data arrival time
-----------------------------------------------------------------------------
                                  7.68   slack (MET)


Startpoint: _2365_ (rising edge-triggered flip-flop clocked by core_clock)
Endpoint: _2365_ (rising edge-triggered flip-flop clocked by core_clock)
Path Group: core_clock
Path Type: max

Fanout     Cap    Slew   Delay    Time   Description
-----------------------------------------------------------------------------
                  0.00    0.00    0.00   clock core_clock (rise edge)
                          0.00    0.00   clock network delay (ideal)
                  0.00    0.00    0.00 ^ _2365_/CLK (sky130_fd_sc_hd__dfxtp_4)
     2    0.13    0.16    0.43    0.43 v _2365_/Q (sky130_fd_sc_hd__dfxtp_4)
                                         rf.registers[1][3] (net)
                  0.16    0.00    0.43 v wire1235/A (sky130_fd_sc_hd__buf_12)
     2    0.22    0.06    0.21    0.63 v wire1235/X (sky130_fd_sc_hd__buf_12)
                                         net1235 (net)
                  0.32    0.15    0.78 v _2105_/A0 (sky130_fd_sc_hd__mux2_8)
     1    0.27    0.17    0.54    1.32 v _2105_/X (sky130_fd_sc_hd__mux2_8)
                                         _0511_ (net)
                  0.64    0.31    1.64 v _2106_/A (sky130_fd_sc_hd__buf_12)
     1    0.14    0.08    0.39    2.03 v _2106_/X (sky130_fd_sc_hd__buf_12)
                                         _0131_ (net)
                  0.20    0.09    2.12 v _2365_/D (sky130_fd_sc_hd__dfxtp_4)
                                  2.12   data arrival time

                  0.00   10.00   10.00   clock core_clock (rise edge)
                          0.00   10.00   clock network delay (ideal)
                          0.00   10.00   clock reconvergence pessimism
                                 10.00 ^ _2365_/CLK (sky130_fd_sc_hd__dfxtp_4)
                         -0.19    9.81   library setup time
                                  9.81   data required time
-----------------------------------------------------------------------------
                                  9.81   data required time
                                 -2.12   data arrival time
-----------------------------------------------------------------------------
                                  7.69   slack (MET)


Startpoint: _2369_ (rising edge-triggered flip-flop clocked by core_clock)
Endpoint: _2369_ (rising edge-triggered flip-flop clocked by core_clock)
Path Group: core_clock
Path Type: max

Fanout     Cap    Slew   Delay    Time   Description
-----------------------------------------------------------------------------
                  0.00    0.00    0.00   clock core_clock (rise edge)
                          0.00    0.00   clock network delay (ideal)
                  0.00    0.00    0.00 ^ _2369_/CLK (sky130_fd_sc_hd__dfxtp_4)
     3    0.20    0.24    0.46    0.46 v _2369_/Q (sky130_fd_sc_hd__dfxtp_4)
                                         rf.registers[1][7] (net)
                  0.24    0.03    0.49 v _2113_/A0 (sky130_fd_sc_hd__mux2_8)
     1    0.23    0.16    0.50    0.99 v _2113_/X (sky130_fd_sc_hd__mux2_8)
                                         _0515_ (net)
                  0.52    0.25    1.23 v _2114_/A (sky130_fd_sc_hd__buf_12)
     1    0.28    0.09    0.38    1.61 v _2114_/X (sky130_fd_sc_hd__buf_12)
                                         _0135_ (net)
                  0.65    0.32    1.93 v _2369_/D (sky130_fd_sc_hd__dfxtp_4)
                                  1.93   data arrival time

                  0.00   10.00   10.00   clock core_clock (rise edge)
                          0.00   10.00   clock network delay (ideal)
                          0.00   10.00   clock reconvergence pessimism
                                 10.00 ^ _2369_/CLK (sky130_fd_sc_hd__dfxtp_4)
                         -0.37    9.63   library setup time
                                  9.63   data required time
-----------------------------------------------------------------------------
                                  9.63   data required time
                                 -1.93   data arrival time
-----------------------------------------------------------------------------
                                  7.70   slack (MET)


Startpoint: _2273_ (rising edge-triggered flip-flop clocked by core_clock)
Endpoint: _2305_ (rising edge-triggered flip-flop clocked by core_clock)
Path Group: core_clock
Path Type: max

Fanout     Cap    Slew   Delay    Time   Description
-----------------------------------------------------------------------------
                  0.00    0.00    0.00   clock core_clock (rise edge)
                          0.00    0.00   clock network delay (ideal)
                  0.00    0.00    0.00 ^ _2273_/CLK (sky130_fd_sc_hd__dfxtp_1)
     1    0.01    0.05    0.30    0.30 v _2273_/Q (sky130_fd_sc_hd__dfxtp_1)
                                         rf.registers[3][7] (net)
                  0.05    0.00    0.30 v wire1386/A (sky130_fd_sc_hd__buf_12)
     2    0.20    0.06    0.15    0.45 v wire1386/X (sky130_fd_sc_hd__buf_12)
                                         net1386 (net)
                  0.22    0.10    0.55 v wire1385/A (sky130_fd_sc_hd__buf_12)
     2    0.19    0.06    0.23    0.78 v wire1385/X (sky130_fd_sc_hd__buf_12)
                                         net1385 (net)
                  0.32    0.16    0.94 v _1905_/A3 (sky130_fd_sc_hd__mux4_1)
     1    0.01    0.12    0.62    1.56 v _1905_/X (sky130_fd_sc_hd__mux4_1)
                                         _0403_ (net)
                  0.12    0.00    1.56 v wire1073/A (sky130_fd_sc_hd__buf_12)
     1    0.14    0.06    0.19    1.76 v wire1073/X (sky130_fd_sc_hd__buf_12)
                                         net1073 (net)
                  0.18    0.09    1.84 v _1906_/A (sky130_fd_sc_hd__clkbuf_4)
     1    0.05    0.10    0.26    2.10 v _1906_/X (sky130_fd_sc_hd__clkbuf_4)
                                         _0029_ (net)
                  0.11    0.01    2.11 v _2305_/D (sky130_fd_sc_hd__dfxtp_4)
                                  2.11   data arrival time

                  0.00   10.00   10.00   clock core_clock (rise edge)
                          0.00   10.00   clock network delay (ideal)
                          0.00   10.00   clock reconvergence pessimism
                                 10.00 ^ _2305_/CLK (sky130_fd_sc_hd__dfxtp_4)
                         -0.15    9.85   library setup time
                                  9.85   data required time
-----------------------------------------------------------------------------
                                  9.85   data required time
                                 -2.11   data arrival time
-----------------------------------------------------------------------------
                                  7.74   slack (MET)


Startpoint: _2400_ (rising edge-triggered flip-flop clocked by core_clock)
Endpoint: _2304_ (rising edge-triggered flip-flop clocked by core_clock)
Path Group: core_clock
Path Type: max

Fanout     Cap    Slew   Delay    Time   Description
-----------------------------------------------------------------------------
                  0.00    0.00    0.00   clock core_clock (rise edge)
                          0.00    0.00   clock network delay (ideal)
                  0.00    0.00    0.00 ^ _2400_/CLK (sky130_fd_sc_hd__dfxtp_4)
     3    0.16    0.20    0.42    0.42 v _2400_/Q (sky130_fd_sc_hd__dfxtp_4)
                                         rf.registers[2][6] (net)
                  0.21    0.03    0.45 v load_slew1184/A (sky130_fd_sc_hd__buf_12)
     1    0.13    0.06    0.23    0.68 v load_slew1184/X (sky130_fd_sc_hd__buf_12)
                                         net1184 (net)
                  0.18    0.08    0.76 v _1903_/A2 (sky130_fd_sc_hd__mux4_2)
     1    0.13    0.36    0.81    1.57 v _1903_/X (sky130_fd_sc_hd__mux4_2)
                                         _0402_ (net)
                  0.41    0.10    1.67 v _1904_/A (sky130_fd_sc_hd__buf_12)
     1    0.14    0.07    0.31    1.98 v _1904_/X (sky130_fd_sc_hd__buf_12)
                                         _0028_ (net)
                  0.18    0.09    2.06 v _2304_/D (sky130_fd_sc_hd__dfxtp_1)
                                  2.06   data arrival time

                  0.00   10.00   10.00   clock core_clock (rise edge)
                          0.00   10.00   clock network delay (ideal)
                          0.00   10.00   clock reconvergence pessimism
                                 10.00 ^ _2304_/CLK (sky130_fd_sc_hd__dfxtp_1)
                         -0.18    9.82   library setup time
                                  9.82   data required time
-----------------------------------------------------------------------------
                                  9.82   data required time
                                 -2.06   data arrival time
-----------------------------------------------------------------------------
                                  7.76   slack (MET)


Startpoint: _2406_ (rising edge-triggered flip-flop clocked by core_clock)
Endpoint: _2406_ (rising edge-triggered flip-flop clocked by core_clock)
Path Group: core_clock
Path Type: max

Fanout     Cap    Slew   Delay    Time   Description
-----------------------------------------------------------------------------
                  0.00    0.00    0.00   clock core_clock (rise edge)
                          0.00    0.00   clock network delay (ideal)
                  0.00    0.00    0.00 ^ _2406_/CLK (sky130_fd_sc_hd__dfxtp_1)
     1    0.01    0.05    0.30    0.30 v _2406_/Q (sky130_fd_sc_hd__dfxtp_1)
                                         rf.registers[2][12] (net)
                  0.05    0.00    0.30 v wire1175/A (sky130_fd_sc_hd__buf_12)
     2    0.25    0.06    0.16    0.46 v wire1175/X (sky130_fd_sc_hd__buf_12)
                                         net1175 (net)
                  0.52    0.26    0.72 v _2193_/A0 (sky130_fd_sc_hd__mux2_8)
     1    0.24    0.16    0.62    1.34 v _2193_/X (sky130_fd_sc_hd__mux2_8)
                                         _0558_ (net)
                  0.54    0.26    1.60 v _2194_/A (sky130_fd_sc_hd__buf_12)
     1    0.14    0.07    0.36    1.96 v _2194_/X (sky130_fd_sc_hd__buf_12)
                                         _0172_ (net)
                  0.20    0.09    2.05 v _2406_/D (sky130_fd_sc_hd__dfxtp_1)
                                  2.05   data arrival time

                  0.00   10.00   10.00   clock core_clock (rise edge)
                          0.00   10.00   clock network delay (ideal)
                          0.00   10.00   clock reconvergence pessimism
                                 10.00 ^ _2406_/CLK (sky130_fd_sc_hd__dfxtp_1)
                         -0.19    9.81   library setup time
                                  9.81   data required time
-----------------------------------------------------------------------------
                                  9.81   data required time
                                 -2.05   data arrival time
-----------------------------------------------------------------------------
                                  7.77   slack (MET)


Startpoint: _2336_ (rising edge-triggered flip-flop clocked by core_clock)
Endpoint: _2240_ (rising edge-triggered flip-flop clocked by core_clock)
Path Group: core_clock
Path Type: max

Fanout     Cap    Slew   Delay    Time   Description
-----------------------------------------------------------------------------
                  0.00    0.00    0.00   clock core_clock (rise edge)
                          0.00    0.00   clock network delay (ideal)
                  0.00    0.00    0.00 ^ _2336_/CLK (sky130_fd_sc_hd__dfxtp_4)
     3    0.23    0.64    0.62    0.62 ^ _2336_/Q (sky130_fd_sc_hd__dfxtp_4)
                                         rf.registers[0][6] (net)
                  0.80    0.24    0.86 ^ _1833_/A0 (sky130_fd_sc_hd__mux4_2)
     1    0.14    0.68    0.82    1.68 ^ _1833_/X (sky130_fd_sc_hd__mux4_2)
                                         _0364_ (net)
                  0.70    0.10    1.78 ^ _1834_/A (sky130_fd_sc_hd__clkbuf_4)
     1    0.04    0.13    0.36    2.14 ^ _1834_/X (sky130_fd_sc_hd__clkbuf_4)
                                         _0060_ (net)
                  0.13    0.01    2.15 ^ _2240_/D (sky130_fd_sc_hd__dfxtp_4)
                                  2.15   data arrival time

                  0.00   10.00   10.00   clock core_clock (rise edge)
                          0.00   10.00   clock network delay (ideal)
                          0.00   10.00   clock reconvergence pessimism
                                 10.00 ^ _2240_/CLK (sky130_fd_sc_hd__dfxtp_4)
                         -0.09    9.91   library setup time
                                  9.91   data required time
-----------------------------------------------------------------------------
                                  9.91   data required time
                                 -2.15   data arrival time
-----------------------------------------------------------------------------
                                  7.77   slack (MET)


Startpoint: _2350_ (rising edge-triggered flip-flop clocked by core_clock)
Endpoint: _2350_ (rising edge-triggered flip-flop clocked by core_clock)
Path Group: core_clock
Path Type: max

Fanout     Cap    Slew   Delay    Time   Description
-----------------------------------------------------------------------------
                  0.00    0.00    0.00   clock core_clock (rise edge)
                          0.00    0.00   clock network delay (ideal)
                  0.00    0.00    0.00 ^ _2350_/CLK (sky130_fd_sc_hd__dfxtp_1)
     1    0.01    0.05    0.30    0.30 v _2350_/Q (sky130_fd_sc_hd__dfxtp_1)
                                         rf.registers[0][20] (net)
                  0.05    0.00    0.30 v wire1255/A (sky130_fd_sc_hd__buf_12)
     2    0.19    0.06    0.16    0.46 v wire1255/X (sky130_fd_sc_hd__buf_12)
                                         net1255 (net)
                  0.15    0.06    0.52 v wire1254/A (sky130_fd_sc_hd__buf_12)
     2    0.24    0.06    0.20    0.72 v wire1254/X (sky130_fd_sc_hd__buf_12)
                                         net1254 (net)
                  0.52    0.26    0.98 v _2072_/A1 (sky130_fd_sc_hd__mux2_4)
     1    0.03    0.09    0.50    1.48 v _2072_/X (sky130_fd_sc_hd__mux2_4)
                                         _0493_ (net)
                  0.09    0.01    1.49 v _2073_/A (sky130_fd_sc_hd__buf_12)
     1    0.23    0.08    0.19    1.68 v _2073_/X (sky130_fd_sc_hd__buf_12)
                                         _0116_ (net)
                  0.47    0.23    1.91 v _2350_/D (sky130_fd_sc_hd__dfxtp_1)
                                  1.91   data arrival time

                  0.00   10.00   10.00   clock core_clock (rise edge)
                          0.00   10.00   clock network delay (ideal)
                          0.00   10.00   clock reconvergence pessimism
                                 10.00 ^ _2350_/CLK (sky130_fd_sc_hd__dfxtp_1)
                         -0.31    9.69   library setup time
                                  9.69   data required time
-----------------------------------------------------------------------------
                                  9.69   data required time
                                 -1.91   data arrival time
-----------------------------------------------------------------------------
                                  7.78   slack (MET)


Startpoint: _2273_ (rising edge-triggered flip-flop clocked by core_clock)
Endpoint: _2241_ (rising edge-triggered flip-flop clocked by core_clock)
Path Group: core_clock
Path Type: max

Fanout     Cap    Slew   Delay    Time   Description
-----------------------------------------------------------------------------
                  0.00    0.00    0.00   clock core_clock (rise edge)
                          0.00    0.00   clock network delay (ideal)
                  0.00    0.00    0.00 ^ _2273_/CLK (sky130_fd_sc_hd__dfxtp_1)
     1    0.01    0.05    0.30    0.30 v _2273_/Q (sky130_fd_sc_hd__dfxtp_1)
                                         rf.registers[3][7] (net)
                  0.05    0.00    0.30 v wire1386/A (sky130_fd_sc_hd__buf_12)
     2    0.20    0.06    0.15    0.45 v wire1386/X (sky130_fd_sc_hd__buf_12)
                                         net1386 (net)
                  0.22    0.10    0.55 v wire1385/A (sky130_fd_sc_hd__buf_12)
     2    0.19    0.06    0.23    0.78 v wire1385/X (sky130_fd_sc_hd__buf_12)
                                         net1385 (net)
                  0.25    0.12    0.90 v _1835_/A3 (sky130_fd_sc_hd__mux4_2)
     1    0.02    0.12    0.60    1.50 v _1835_/X (sky130_fd_sc_hd__mux4_2)
                                         _0365_ (net)
                  0.12    0.00    1.50 v _1836_/A (sky130_fd_sc_hd__buf_12)
     1    0.22    0.08    0.21    1.71 v _1836_/X (sky130_fd_sc_hd__buf_12)
                                         _0061_ (net)
                  0.43    0.21    1.92 v _2241_/D (sky130_fd_sc_hd__dfxtp_4)
                                  1.92   data arrival time

                  0.00   10.00   10.00   clock core_clock (rise edge)
                          0.00   10.00   clock network delay (ideal)
                          0.00   10.00   clock reconvergence pessimism
                                 10.00 ^ _2241_/CLK (sky130_fd_sc_hd__dfxtp_4)
                         -0.29    9.71   library setup time
                                  9.71   data required time
-----------------------------------------------------------------------------
                                  9.71   data required time
                                 -1.92   data arrival time
-----------------------------------------------------------------------------
                                  7.79   slack (MET)


Startpoint: _2409_ (rising edge-triggered flip-flop clocked by core_clock)
Endpoint: _2409_ (rising edge-triggered flip-flop clocked by core_clock)
Path Group: core_clock
Path Type: max

Fanout     Cap    Slew   Delay    Time   Description
-----------------------------------------------------------------------------
                  0.00    0.00    0.00   clock core_clock (rise edge)
                          0.00    0.00   clock network delay (ideal)
                  0.00    0.00    0.00 ^ _2409_/CLK (sky130_fd_sc_hd__dfxtp_1)
     1    0.01    0.05    0.30    0.30 v _2409_/Q (sky130_fd_sc_hd__dfxtp_1)
                                         rf.registers[2][15] (net)
                  0.05    0.00    0.30 v wire1170/A (sky130_fd_sc_hd__buf_12)
     2    0.19    0.09    0.15    0.46 v wire1170/X (sky130_fd_sc_hd__buf_12)
                                         net1170 (net)
                  0.21    0.09    0.55 v _2199_/A0 (sky130_fd_sc_hd__mux2_8)
     1    0.25    0.17    0.49    1.04 v _2199_/X (sky130_fd_sc_hd__mux2_8)
                                         _0561_ (net)
                  0.60    0.29    1.33 v _2200_/A (sky130_fd_sc_hd__buf_12)
     1    0.21    0.09    0.39    1.72 v _2200_/X (sky130_fd_sc_hd__buf_12)
                                         _0175_ (net)
                  0.40    0.19    1.91 v _2409_/D (sky130_fd_sc_hd__dfxtp_1)
                                  1.91   data arrival time

                  0.00   10.00   10.00   clock core_clock (rise edge)
                          0.00   10.00   clock network delay (ideal)
                          0.00   10.00   clock reconvergence pessimism
                                 10.00 ^ _2409_/CLK (sky130_fd_sc_hd__dfxtp_1)
                         -0.28    9.72   library setup time
                                  9.72   data required time
-----------------------------------------------------------------------------
                                  9.72   data required time
                                 -1.91   data arrival time
-----------------------------------------------------------------------------
                                  7.81   slack (MET)


Startpoint: _2345_ (rising edge-triggered flip-flop clocked by core_clock)
Endpoint: _2345_ (rising edge-triggered flip-flop clocked by core_clock)
Path Group: core_clock
Path Type: max

Fanout     Cap    Slew   Delay    Time   Description
-----------------------------------------------------------------------------
                  0.00    0.00    0.00   clock core_clock (rise edge)
                          0.00    0.00   clock network delay (ideal)
                  0.00    0.00    0.00 ^ _2345_/CLK (sky130_fd_sc_hd__dfxtp_4)
     2    0.16    0.19    0.43    0.43 v _2345_/Q (sky130_fd_sc_hd__dfxtp_4)
                                         rf.registers[0][15] (net)
                  0.30    0.11    0.54 v _2061_/A1 (sky130_fd_sc_hd__mux2_8)
     1    0.29    0.17    0.53    1.08 v _2061_/X (sky130_fd_sc_hd__mux2_8)
                                         _0487_ (net)
                  0.73    0.36    1.44 v _2062_/A (sky130_fd_sc_hd__buf_12)
     1    0.15    0.08    0.42    1.85 v _2062_/X (sky130_fd_sc_hd__buf_12)
                                         _0111_ (net)
                  0.23    0.11    1.96 v _2345_/D (sky130_fd_sc_hd__dfxtp_4)
                                  1.96   data arrival time

                  0.00   10.00   10.00   clock core_clock (rise edge)
                          0.00   10.00   clock network delay (ideal)
                          0.00   10.00   clock reconvergence pessimism
                                 10.00 ^ _2345_/CLK (sky130_fd_sc_hd__dfxtp_4)
                         -0.20    9.80   library setup time
                                  9.80   data required time
-----------------------------------------------------------------------------
                                  9.80   data required time
                                 -1.96   data arrival time
-----------------------------------------------------------------------------
                                  7.83   slack (MET)


Startpoint: _2376_ (rising edge-triggered flip-flop clocked by core_clock)
Endpoint: _2376_ (rising edge-triggered flip-flop clocked by core_clock)
Path Group: core_clock
Path Type: max

Fanout     Cap    Slew   Delay    Time   Description
-----------------------------------------------------------------------------
                  0.00    0.00    0.00   clock core_clock (rise edge)
                          0.00    0.00   clock network delay (ideal)
                  0.00    0.00    0.00 ^ _2376_/CLK (sky130_fd_sc_hd__dfxtp_4)
     2    0.08    0.11    0.40    0.40 v _2376_/Q (sky130_fd_sc_hd__dfxtp_4)
                                         rf.registers[1][14] (net)
                  0.12    0.02    0.42 v wire1220/A (sky130_fd_sc_hd__buf_12)
     2    0.24    0.07    0.20    0.62 v wire1220/X (sky130_fd_sc_hd__buf_12)
                                         net1220 (net)
                  0.48    0.24    0.85 v _2128_/A0 (sky130_fd_sc_hd__mux2_8)
     1    0.20    0.15    0.59    1.45 v _2128_/X (sky130_fd_sc_hd__mux2_8)
                                         _0523_ (net)
                  0.41    0.19    1.64 v _2129_/A (sky130_fd_sc_hd__clkbuf_8)
     1    0.08    0.09    0.34    1.97 v _2129_/X (sky130_fd_sc_hd__clkbuf_8)
                                         _0142_ (net)
                  0.11    0.03    2.01 v _2376_/D (sky130_fd_sc_hd__dfxtp_4)
                                  2.01   data arrival time

                  0.00   10.00   10.00   clock core_clock (rise edge)
                          0.00   10.00   clock network delay (ideal)
                          0.00   10.00   clock reconvergence pessimism
                                 10.00 ^ _2376_/CLK (sky130_fd_sc_hd__dfxtp_4)
                         -0.15    9.85   library setup time
                                  9.85   data required time
-----------------------------------------------------------------------------
                                  9.85   data required time
                                 -2.01   data arrival time
-----------------------------------------------------------------------------
                                  7.84   slack (MET)


Startpoint: _2340_ (rising edge-triggered flip-flop clocked by core_clock)
Endpoint: _2340_ (rising edge-triggered flip-flop clocked by core_clock)
Path Group: core_clock
Path Type: max

Fanout     Cap    Slew   Delay    Time   Description
-----------------------------------------------------------------------------
                  0.00    0.00    0.00   clock core_clock (rise edge)
                          0.00    0.00   clock network delay (ideal)
                  0.00    0.00    0.00 ^ _2340_/CLK (sky130_fd_sc_hd__dfxtp_4)
     3    0.17    0.22    0.43    0.43 v _2340_/Q (sky130_fd_sc_hd__dfxtp_4)
                                         rf.registers[0][10] (net)
                  0.27    0.08    0.51 v _2051_/A1 (sky130_fd_sc_hd__mux2_8)
     1    0.26    0.17    0.51    1.03 v _2051_/X (sky130_fd_sc_hd__mux2_8)
                                         _0482_ (net)
                  0.65    0.31    1.34 v _2052_/A (sky130_fd_sc_hd__buf_12)
     1    0.19    0.09    0.40    1.74 v _2052_/X (sky130_fd_sc_hd__buf_12)
                                         _0106_ (net)
                  0.33    0.16    1.90 v _2340_/D (sky130_fd_sc_hd__dfxtp_4)
                                  1.90   data arrival time

                  0.00   10.00   10.00   clock core_clock (rise edge)
                          0.00   10.00   clock network delay (ideal)
                          0.00   10.00   clock reconvergence pessimism
                                 10.00 ^ _2340_/CLK (sky130_fd_sc_hd__dfxtp_4)
                         -0.25    9.75   library setup time
                                  9.75   data required time
-----------------------------------------------------------------------------
                                  9.75   data required time
                                 -1.90   data arrival time
-----------------------------------------------------------------------------
                                  7.86   slack (MET)


Startpoint: _2367_ (rising edge-triggered flip-flop clocked by core_clock)
Endpoint: _2303_ (rising edge-triggered flip-flop clocked by core_clock)
Path Group: core_clock
Path Type: max

Fanout     Cap    Slew   Delay    Time   Description
-----------------------------------------------------------------------------
                  0.00    0.00    0.00   clock core_clock (rise edge)
                          0.00    0.00   clock network delay (ideal)
                  0.00    0.00    0.00 ^ _2367_/CLK (sky130_fd_sc_hd__dfxtp_4)
     2    0.10    0.13    0.41    0.41 v _2367_/Q (sky130_fd_sc_hd__dfxtp_4)
                                         rf.registers[1][5] (net)
                  0.13    0.00    0.41 v wire1232/A (sky130_fd_sc_hd__buf_12)
     2    0.19    0.06    0.20    0.60 v wire1232/X (sky130_fd_sc_hd__buf_12)
                                         net1232 (net)
                  0.30    0.14    0.75 v load_slew1231/A (sky130_fd_sc_hd__buf_12)
     1    0.16    0.07    0.27    1.02 v load_slew1231/X (sky130_fd_sc_hd__buf_12)
                                         net1231 (net)
                  0.25    0.12    1.14 v _1901_/A1 (sky130_fd_sc_hd__mux4_2)
     1    0.03    0.16    0.63    1.77 v _1901_/X (sky130_fd_sc_hd__mux4_2)
                                         _0401_ (net)
                  0.16    0.01    1.78 v _1902_/A (sky130_fd_sc_hd__buf_2)
     1    0.03    0.08    0.22    2.00 v _1902_/X (sky130_fd_sc_hd__buf_2)
                                         _0027_ (net)
                  0.08    0.00    2.00 v _2303_/D (sky130_fd_sc_hd__dfxtp_4)
                                  2.00   data arrival time

                  0.00   10.00   10.00   clock core_clock (rise edge)
                          0.00   10.00   clock network delay (ideal)
                          0.00   10.00   clock reconvergence pessimism
                                 10.00 ^ _2303_/CLK (sky130_fd_sc_hd__dfxtp_4)
                         -0.14    9.86   library setup time
                                  9.86   data required time
-----------------------------------------------------------------------------
                                  9.86   data required time
                                 -2.00   data arrival time
-----------------------------------------------------------------------------
                                  7.86   slack (MET)


Startpoint: _2379_ (rising edge-triggered flip-flop clocked by core_clock)
Endpoint: _2315_ (rising edge-triggered flip-flop clocked by core_clock)
Path Group: core_clock
Path Type: max

Fanout     Cap    Slew   Delay    Time   Description
-----------------------------------------------------------------------------
                  0.00    0.00    0.00   clock core_clock (rise edge)
                          0.00    0.00   clock network delay (ideal)
                  0.00    0.00    0.00 ^ _2379_/CLK (sky130_fd_sc_hd__dfxtp_4)
     2    0.17    0.20    0.42    0.42 v _2379_/Q (sky130_fd_sc_hd__dfxtp_4)
                                         rf.registers[1][17] (net)
                  0.26    0.08    0.50 v load_slew1217/A (sky130_fd_sc_hd__clkbuf_16)
     2    0.13    0.08    0.28    0.78 v load_slew1217/X (sky130_fd_sc_hd__clkbuf_16)
                                         net1217 (net)
                  0.17    0.07    0.85 v _1927_/A1 (sky130_fd_sc_hd__mux4_2)
     1    0.07    0.25    0.69    1.54 v _1927_/X (sky130_fd_sc_hd__mux4_2)
                                         _0415_ (net)
                  0.26    0.03    1.57 v _1928_/A (sky130_fd_sc_hd__buf_12)
     1    0.15    0.07    0.25    1.83 v _1928_/X (sky130_fd_sc_hd__buf_12)
                                         _0008_ (net)
                  0.22    0.11    1.93 v _2315_/D (sky130_fd_sc_hd__dfxtp_4)
                                  1.93   data arrival time

                  0.00   10.00   10.00   clock core_clock (rise edge)
                          0.00   10.00   clock network delay (ideal)
                          0.00   10.00   clock reconvergence pessimism
                                 10.00 ^ _2315_/CLK (sky130_fd_sc_hd__dfxtp_4)
                         -0.20    9.80   library setup time
                                  9.80   data required time
-----------------------------------------------------------------------------
                                  9.80   data required time
                                 -1.93   data arrival time
-----------------------------------------------------------------------------
                                  7.87   slack (MET)


Startpoint: _2352_ (rising edge-triggered flip-flop clocked by core_clock)
Endpoint: _2352_ (rising edge-triggered flip-flop clocked by core_clock)
Path Group: core_clock
Path Type: max

Fanout     Cap    Slew   Delay    Time   Description
-----------------------------------------------------------------------------
                  0.00    0.00    0.00   clock core_clock (rise edge)
                          0.00    0.00   clock network delay (ideal)
                  0.00    0.00    0.00 ^ _2352_/CLK (sky130_fd_sc_hd__dfxtp_4)
     2    0.13    0.17    0.43    0.43 v _2352_/Q (sky130_fd_sc_hd__dfxtp_4)
                                         rf.registers[0][22] (net)
                  0.17    0.00    0.43 v _2076_/A1 (sky130_fd_sc_hd__mux2_8)
     1    0.25    0.17    0.47    0.89 v _2076_/X (sky130_fd_sc_hd__mux2_8)
                                         _0495_ (net)
                  0.60    0.29    1.18 v _2077_/A (sky130_fd_sc_hd__buf_12)
     1    0.23    0.09    0.40    1.58 v _2077_/X (sky130_fd_sc_hd__buf_12)
                                         _0118_ (net)
                  0.48    0.24    1.82 v _2352_/D (sky130_fd_sc_hd__dfxtp_4)
                                  1.82   data arrival time

                  0.00   10.00   10.00   clock core_clock (rise edge)
                          0.00   10.00   clock network delay (ideal)
                          0.00   10.00   clock reconvergence pessimism
                                 10.00 ^ _2352_/CLK (sky130_fd_sc_hd__dfxtp_4)
                         -0.31    9.69   library setup time
                                  9.69   data required time
-----------------------------------------------------------------------------
                                  9.69   data required time
                                 -1.82   data arrival time
-----------------------------------------------------------------------------
                                  7.87   slack (MET)


Startpoint: _2275_ (rising edge-triggered flip-flop clocked by core_clock)
Endpoint: _2307_ (rising edge-triggered flip-flop clocked by core_clock)
Path Group: core_clock
Path Type: max

Fanout     Cap    Slew   Delay    Time   Description
-----------------------------------------------------------------------------
                  0.00    0.00    0.00   clock core_clock (rise edge)
                          0.00    0.00   clock network delay (ideal)
                  0.00    0.00    0.00 ^ _2275_/CLK (sky130_fd_sc_hd__dfxtp_2)
     1    0.04    0.09    0.35    0.35 v _2275_/Q (sky130_fd_sc_hd__dfxtp_2)
                                         rf.registers[3][9] (net)
                  0.09    0.01    0.36 v wire1383/A (sky130_fd_sc_hd__buf_12)
     3    0.24    0.06    0.17    0.53 v wire1383/X (sky130_fd_sc_hd__buf_12)
                                         net1383 (net)
                  0.50    0.25    0.78 v _1909_/A3 (sky130_fd_sc_hd__mux4_2)
     1    0.08    0.27    0.84    1.62 v _1909_/X (sky130_fd_sc_hd__mux4_2)
                                         _0405_ (net)
                  0.28    0.04    1.65 v _1910_/A (sky130_fd_sc_hd__buf_8)
     1    0.10    0.07    0.26    1.91 v _1910_/X (sky130_fd_sc_hd__buf_8)
                                         _0031_ (net)
                  0.12    0.05    1.97 v _2307_/D (sky130_fd_sc_hd__dfxtp_4)
                                  1.97   data arrival time

                  0.00   10.00   10.00   clock core_clock (rise edge)
                          0.00   10.00   clock network delay (ideal)
                          0.00   10.00   clock reconvergence pessimism
                                 10.00 ^ _2307_/CLK (sky130_fd_sc_hd__dfxtp_4)
                         -0.16    9.84   library setup time
                                  9.84   data required time
-----------------------------------------------------------------------------
                                  9.84   data required time
                                 -1.97   data arrival time
-----------------------------------------------------------------------------
                                  7.88   slack (MET)


Startpoint: _2418_ (rising edge-triggered flip-flop clocked by core_clock)
Endpoint: _2418_ (rising edge-triggered flip-flop clocked by core_clock)
Path Group: core_clock
Path Type: max

Fanout     Cap    Slew   Delay    Time   Description
-----------------------------------------------------------------------------
                  0.00    0.00    0.00   clock core_clock (rise edge)
                          0.00    0.00   clock network delay (ideal)
                  0.00    0.00    0.00 ^ _2418_/CLK (sky130_fd_sc_hd__dfxtp_4)
     2    0.07    0.10    0.38    0.38 v _2418_/Q (sky130_fd_sc_hd__dfxtp_4)
                                         rf.registers[2][24] (net)
                  0.11    0.02    0.40 v load_slew1157/A (sky130_fd_sc_hd__buf_12)
     2    0.17    0.06    0.18    0.58 v load_slew1157/X (sky130_fd_sc_hd__buf_12)
                                         net1157 (net)
                  0.28    0.14    0.72 v _2218_/A0 (sky130_fd_sc_hd__mux2_8)
     1    0.22    0.16    0.51    1.23 v _2218_/X (sky130_fd_sc_hd__mux2_8)
                                         _0571_ (net)
                  0.48    0.23    1.46 v _2219_/A (sky130_fd_sc_hd__buf_12)
     1    0.16    0.08    0.34    1.80 v _2219_/X (sky130_fd_sc_hd__buf_12)
                                         _0184_ (net)
                  0.24    0.12    1.91 v _2418_/D (sky130_fd_sc_hd__dfxtp_4)
                                  1.91   data arrival time

                  0.00   10.00   10.00   clock core_clock (rise edge)
                          0.00   10.00   clock network delay (ideal)
                          0.00   10.00   clock reconvergence pessimism
                                 10.00 ^ _2418_/CLK (sky130_fd_sc_hd__dfxtp_4)
                         -0.21    9.79   library setup time
                                  9.79   data required time
-----------------------------------------------------------------------------
                                  9.79   data required time
                                 -1.91   data arrival time
-----------------------------------------------------------------------------
                                  7.88   slack (MET)


Startpoint: _2421_ (rising edge-triggered flip-flop clocked by core_clock)
Endpoint: _2421_ (rising edge-triggered flip-flop clocked by core_clock)
Path Group: core_clock
Path Type: max

Fanout     Cap    Slew   Delay    Time   Description
-----------------------------------------------------------------------------
                  0.00    0.00    0.00   clock core_clock (rise edge)
                          0.00    0.00   clock network delay (ideal)
                  0.00    0.00    0.00 ^ _2421_/CLK (sky130_fd_sc_hd__dfxtp_4)
     3    0.13    0.17    0.41    0.41 v _2421_/Q (sky130_fd_sc_hd__dfxtp_4)
                                         rf.registers[2][27] (net)
                  0.22    0.07    0.48 v _2224_/A0 (sky130_fd_sc_hd__mux2_8)
     1    0.23    0.16    0.49    0.97 v _2224_/X (sky130_fd_sc_hd__mux2_8)
                                         _0574_ (net)
                  0.50    0.24    1.20 v _2225_/A (sky130_fd_sc_hd__buf_12)
     1    0.24    0.09    0.36    1.56 v _2225_/X (sky130_fd_sc_hd__buf_12)
                                         _0187_ (net)
                  0.48    0.24    1.80 v _2421_/D (sky130_fd_sc_hd__dfxtp_4)
                                  1.80   data arrival time

                  0.00   10.00   10.00   clock core_clock (rise edge)
                          0.00   10.00   clock network delay (ideal)
                          0.00   10.00   clock reconvergence pessimism
                                 10.00 ^ _2421_/CLK (sky130_fd_sc_hd__dfxtp_4)
                         -0.31    9.69   library setup time
                                  9.69   data required time
-----------------------------------------------------------------------------
                                  9.69   data required time
                                 -1.80   data arrival time
-----------------------------------------------------------------------------
                                  7.88   slack (MET)


Startpoint: _2411_ (rising edge-triggered flip-flop clocked by core_clock)
Endpoint: _2411_ (rising edge-triggered flip-flop clocked by core_clock)
Path Group: core_clock
Path Type: max

Fanout     Cap    Slew   Delay    Time   Description
-----------------------------------------------------------------------------
                  0.00    0.00    0.00   clock core_clock (rise edge)
                          0.00    0.00   clock network delay (ideal)
                  0.00    0.00    0.00 ^ _2411_/CLK (sky130_fd_sc_hd__dfxtp_4)
     3    0.06    0.09    0.38    0.38 v _2411_/Q (sky130_fd_sc_hd__dfxtp_4)
                                         rf.registers[2][17] (net)
                  0.10    0.01    0.39 v load_slew1168/A (sky130_fd_sc_hd__buf_12)
     1    0.16    0.07    0.18    0.58 v load_slew1168/X (sky130_fd_sc_hd__buf_12)
                                         net1168 (net)
                  0.25    0.12    0.70 v _2203_/A0 (sky130_fd_sc_hd__mux2_8)
     1    0.13    0.13    0.47    1.17 v _2203_/X (sky130_fd_sc_hd__mux2_8)
                                         _0563_ (net)
                  0.20    0.08    1.25 v _2204_/A (sky130_fd_sc_hd__buf_12)
     1    0.25    0.08    0.25    1.50 v _2204_/X (sky130_fd_sc_hd__buf_12)
                                         _0177_ (net)
                  0.55    0.27    1.77 v _2411_/D (sky130_fd_sc_hd__dfxtp_4)
                                  1.77   data arrival time

                  0.00   10.00   10.00   clock core_clock (rise edge)
                          0.00   10.00   clock network delay (ideal)
                          0.00   10.00   clock reconvergence pessimism
                                 10.00 ^ _2411_/CLK (sky130_fd_sc_hd__dfxtp_4)
                         -0.34    9.66   library setup time
                                  9.66   data required time
-----------------------------------------------------------------------------
                                  9.66   data required time
                                 -1.77   data arrival time
-----------------------------------------------------------------------------
                                  7.89   slack (MET)


Startpoint: _2372_ (rising edge-triggered flip-flop clocked by core_clock)
Endpoint: _2372_ (rising edge-triggered flip-flop clocked by core_clock)
Path Group: core_clock
Path Type: max

Fanout     Cap    Slew   Delay    Time   Description
-----------------------------------------------------------------------------
                  0.00    0.00    0.00   clock core_clock (rise edge)
                          0.00    0.00   clock network delay (ideal)
                  0.00    0.00    0.00 ^ _2372_/CLK (sky130_fd_sc_hd__dfxtp_4)
     1    0.05    0.09    0.37    0.37 v _2372_/Q (sky130_fd_sc_hd__dfxtp_4)
                                         rf.registers[1][10] (net)
                  0.09    0.01    0.39 v wire1228/A (sky130_fd_sc_hd__buf_12)
     2    0.23    0.08    0.19    0.58 v wire1228/X (sky130_fd_sc_hd__buf_12)
                                         net1228 (net)
                  0.48    0.24    0.82 v _2120_/A0 (sky130_fd_sc_hd__mux2_4)
     1    0.03    0.09    0.49    1.31 v _2120_/X (sky130_fd_sc_hd__mux2_4)
                                         _0519_ (net)
                  0.09    0.00    1.31 v _2121_/A (sky130_fd_sc_hd__buf_12)
     1    0.25    0.08    0.20    1.51 v _2121_/X (sky130_fd_sc_hd__buf_12)
                                         _0138_ (net)
                  0.53    0.26    1.77 v _2372_/D (sky130_fd_sc_hd__dfxtp_4)
                                  1.77   data arrival time

                  0.00   10.00   10.00   clock core_clock (rise edge)
                          0.00   10.00   clock network delay (ideal)
                          0.00   10.00   clock reconvergence pessimism
                                 10.00 ^ _2372_/CLK (sky130_fd_sc_hd__dfxtp_4)
                         -0.33    9.67   library setup time
                                  9.67   data required time
-----------------------------------------------------------------------------
                                  9.67   data required time
                                 -1.77   data arrival time
-----------------------------------------------------------------------------
                                  7.90   slack (MET)


Startpoint: _2333_ (rising edge-triggered flip-flop clocked by core_clock)
Endpoint: _2333_ (rising edge-triggered flip-flop clocked by core_clock)
Path Group: core_clock
Path Type: max

Fanout     Cap    Slew   Delay    Time   Description
-----------------------------------------------------------------------------
                  0.00    0.00    0.00   clock core_clock (rise edge)
                          0.00    0.00   clock network delay (ideal)
                  0.00    0.00    0.00 ^ _2333_/CLK (sky130_fd_sc_hd__dfxtp_4)
     3    0.08    0.11    0.39    0.39 v _2333_/Q (sky130_fd_sc_hd__dfxtp_4)
                                         rf.registers[0][3] (net)
                  0.12    0.03    0.42 v _2036_/A1 (sky130_fd_sc_hd__mux2_8)
     1    0.22    0.16    0.44    0.86 v _2036_/X (sky130_fd_sc_hd__mux2_8)
                                         _0474_ (net)
                  0.46    0.21    1.07 v _2037_/A (sky130_fd_sc_hd__buf_12)
     1    0.27    0.09    0.35    1.42 v _2037_/X (sky130_fd_sc_hd__buf_12)
                                         _0099_ (net)
                  0.61    0.30    1.73 v _2333_/D (sky130_fd_sc_hd__dfxtp_4)
                                  1.73   data arrival time

                  0.00   10.00   10.00   clock core_clock (rise edge)
                          0.00   10.00   clock network delay (ideal)
                          0.00   10.00   clock reconvergence pessimism
                                 10.00 ^ _2333_/CLK (sky130_fd_sc_hd__dfxtp_4)
                         -0.35    9.65   library setup time
                                  9.65   data required time
-----------------------------------------------------------------------------
                                  9.65   data required time
                                 -1.73   data arrival time
-----------------------------------------------------------------------------
                                  7.92   slack (MET)


Startpoint: _2394_ (rising edge-triggered flip-flop clocked by core_clock)
Endpoint: _2394_ (rising edge-triggered flip-flop clocked by core_clock)
Path Group: core_clock
Path Type: max

Fanout     Cap    Slew   Delay    Time   Description
-----------------------------------------------------------------------------
                  0.00    0.00    0.00   clock core_clock (rise edge)
                          0.00    0.00   clock network delay (ideal)
                  0.00    0.00    0.00 ^ _2394_/CLK (sky130_fd_sc_hd__dfxtp_4)
     2    0.14    0.17    0.41    0.41 v _2394_/Q (sky130_fd_sc_hd__dfxtp_4)
                                         rf.registers[2][0] (net)
                  0.24    0.09    0.50 v load_slew1194/A (sky130_fd_sc_hd__buf_12)
     2    0.17    0.06    0.24    0.74 v load_slew1194/X (sky130_fd_sc_hd__buf_12)
                                         net1194 (net)
                  0.22    0.10    0.84 v _2168_/A0 (sky130_fd_sc_hd__mux2_8)
     1    0.10    0.12    0.45    1.29 v _2168_/X (sky130_fd_sc_hd__mux2_8)
                                         _0545_ (net)
                  0.15    0.05    1.34 v _2169_/A (sky130_fd_sc_hd__buf_12)
     1    0.22    0.08    0.22    1.55 v _2169_/X (sky130_fd_sc_hd__buf_12)
                                         _0160_ (net)
                  0.44    0.22    1.77 v _2394_/D (sky130_fd_sc_hd__dfxtp_4)
                                  1.77   data arrival time

                  0.00   10.00   10.00   clock core_clock (rise edge)
                          0.00   10.00   clock network delay (ideal)
                          0.00   10.00   clock reconvergence pessimism
                                 10.00 ^ _2394_/CLK (sky130_fd_sc_hd__dfxtp_4)
                         -0.30    9.70   library setup time
                                  9.70   data required time
-----------------------------------------------------------------------------
                                  9.70   data required time
                                 -1.77   data arrival time
-----------------------------------------------------------------------------
                                  7.93   slack (MET)


Startpoint: _2270_ (rising edge-triggered flip-flop clocked by core_clock)
Endpoint: _2270_ (rising edge-triggered flip-flop clocked by core_clock)
Path Group: core_clock
Path Type: max

Fanout     Cap    Slew   Delay    Time   Description
-----------------------------------------------------------------------------
                  0.00    0.00    0.00   clock core_clock (rise edge)
                          0.00    0.00   clock network delay (ideal)
                  0.00    0.00    0.00 ^ _2270_/CLK (sky130_fd_sc_hd__dfxtp_4)
     3    0.10    0.13    0.40    0.40 v _2270_/Q (sky130_fd_sc_hd__dfxtp_4)
                                         rf.registers[3][4] (net)
                  0.14    0.02    0.43 v _1969_/A0 (sky130_fd_sc_hd__mux2_8)
     1    0.25    0.17    0.46    0.89 v _1969_/X (sky130_fd_sc_hd__mux2_8)
                                         _0438_ (net)
                  0.57    0.28    1.16 v _1970_/A (sky130_fd_sc_hd__buf_12)
     1    0.22    0.09    0.39    1.55 v _1970_/X (sky130_fd_sc_hd__buf_12)
                                         _0068_ (net)
                  0.45    0.22    1.77 v _2270_/D (sky130_fd_sc_hd__dfxtp_4)
                                  1.77   data arrival time

                  0.00   10.00   10.00   clock core_clock (rise edge)
                          0.00   10.00   clock network delay (ideal)
                          0.00   10.00   clock reconvergence pessimism
                                 10.00 ^ _2270_/CLK (sky130_fd_sc_hd__dfxtp_4)
                         -0.30    9.70   library setup time
                                  9.70   data required time
-----------------------------------------------------------------------------
                                  9.70   data required time
                                 -1.77   data arrival time
-----------------------------------------------------------------------------
                                  7.93   slack (MET)


Startpoint: _2358_ (rising edge-triggered flip-flop clocked by core_clock)
Endpoint: _2358_ (rising edge-triggered flip-flop clocked by core_clock)
Path Group: core_clock
Path Type: max

Fanout     Cap    Slew   Delay    Time   Description
-----------------------------------------------------------------------------
                  0.00    0.00    0.00   clock core_clock (rise edge)
                          0.00    0.00   clock network delay (ideal)
                  0.00    0.00    0.00 ^ _2358_/CLK (sky130_fd_sc_hd__dfxtp_4)
     3    0.24    0.25    0.44    0.44 v _2358_/Q (sky130_fd_sc_hd__dfxtp_4)
                                         rf.registers[0][28] (net)
                  0.49    0.21    0.66 v _2088_/A1 (sky130_fd_sc_hd__mux2_8)
     1    0.24    0.17    0.61    1.26 v _2088_/X (sky130_fd_sc_hd__mux2_8)
                                         _0501_ (net)
                  0.55    0.26    1.52 v _2089_/A (sky130_fd_sc_hd__buf_6)
     1    0.08    0.08    0.36    1.88 v _2089_/X (sky130_fd_sc_hd__buf_6)
                                         _0124_ (net)
                  0.11    0.03    1.91 v _2358_/D (sky130_fd_sc_hd__dfxtp_4)
                                  1.91   data arrival time

                  0.00   10.00   10.00   clock core_clock (rise edge)
                          0.00   10.00   clock network delay (ideal)
                          0.00   10.00   clock reconvergence pessimism
                                 10.00 ^ _2358_/CLK (sky130_fd_sc_hd__dfxtp_4)
                         -0.15    9.85   library setup time
                                  9.85   data required time
-----------------------------------------------------------------------------
                                  9.85   data required time
                                 -1.91   data arrival time
-----------------------------------------------------------------------------
                                  7.94   slack (MET)


Startpoint: _2267_ (rising edge-triggered flip-flop clocked by core_clock)
Endpoint: _2267_ (rising edge-triggered flip-flop clocked by core_clock)
Path Group: core_clock
Path Type: max

Fanout     Cap    Slew   Delay    Time   Description
-----------------------------------------------------------------------------
                  0.00    0.00    0.00   clock core_clock (rise edge)
                          0.00    0.00   clock network delay (ideal)
                  0.00    0.00    0.00 ^ _2267_/CLK (sky130_fd_sc_hd__dfxtp_4)
     2    0.14    0.17    0.43    0.43 v _2267_/Q (sky130_fd_sc_hd__dfxtp_4)
                                         rf.registers[3][1] (net)
                  0.17    0.00    0.43 v wire1394/A (sky130_fd_sc_hd__buf_12)
     2    0.24    0.06    0.21    0.64 v wire1394/X (sky130_fd_sc_hd__buf_12)
                                         net1394 (net)
                  0.38    0.19    0.83 v _1963_/A0 (sky130_fd_sc_hd__mux2_8)
     1    0.08    0.11    0.51    1.34 v _1963_/X (sky130_fd_sc_hd__mux2_8)
                                         _0435_ (net)
                  0.12    0.03    1.37 v _1964_/A (sky130_fd_sc_hd__buf_12)
     1    0.21    0.08    0.20    1.58 v _1964_/X (sky130_fd_sc_hd__buf_12)
                                         _0065_ (net)
                  0.41    0.20    1.78 v _2267_/D (sky130_fd_sc_hd__dfxtp_4)
                                  1.78   data arrival time

                  0.00   10.00   10.00   clock core_clock (rise edge)
                          0.00   10.00   clock network delay (ideal)
                          0.00   10.00   clock reconvergence pessimism
                                 10.00 ^ _2267_/CLK (sky130_fd_sc_hd__dfxtp_4)
                         -0.28    9.72   library setup time
                                  9.72   data required time
-----------------------------------------------------------------------------
                                  9.72   data required time
                                 -1.78   data arrival time
-----------------------------------------------------------------------------
                                  7.94   slack (MET)


Startpoint: _2268_ (rising edge-triggered flip-flop clocked by core_clock)
Endpoint: _2268_ (rising edge-triggered flip-flop clocked by core_clock)
Path Group: core_clock
Path Type: max

Fanout     Cap    Slew   Delay    Time   Description
-----------------------------------------------------------------------------
                  0.00    0.00    0.00   clock core_clock (rise edge)
                          0.00    0.00   clock network delay (ideal)
                  0.00    0.00    0.00 ^ _2268_/CLK (sky130_fd_sc_hd__dfxtp_4)
     2    0.07    0.11    0.39    0.39 v _2268_/Q (sky130_fd_sc_hd__dfxtp_4)
                                         rf.registers[3][2] (net)
                  0.12    0.03    0.41 v _1965_/A0 (sky130_fd_sc_hd__mux2_8)
     1    0.27    0.17    0.46    0.87 v _1965_/X (sky130_fd_sc_hd__mux2_8)
                                         _0436_ (net)
                  0.66    0.32    1.19 v _1966_/A (sky130_fd_sc_hd__buf_12)
     1    0.20    0.09    0.41    1.60 v _1966_/X (sky130_fd_sc_hd__buf_12)
                                         _0066_ (net)
                  0.37    0.18    1.78 v _2268_/D (sky130_fd_sc_hd__dfxtp_4)
                                  1.78   data arrival time

                  0.00   10.00   10.00   clock core_clock (rise edge)
                          0.00   10.00   clock network delay (ideal)
                          0.00   10.00   clock reconvergence pessimism
                                 10.00 ^ _2268_/CLK (sky130_fd_sc_hd__dfxtp_4)
                         -0.27    9.73   library setup time
                                  9.73   data required time
-----------------------------------------------------------------------------
                                  9.73   data required time
                                 -1.78   data arrival time
-----------------------------------------------------------------------------
                                  7.95   slack (MET)


Startpoint: _2425_ (rising edge-triggered flip-flop clocked by core_clock)
Endpoint: _2425_ (rising edge-triggered flip-flop clocked by core_clock)
Path Group: core_clock
Path Type: max

Fanout     Cap    Slew   Delay    Time   Description
-----------------------------------------------------------------------------
                  0.00    0.00    0.00   clock core_clock (rise edge)
                          0.00    0.00   clock network delay (ideal)
                  0.00    0.00    0.00 ^ _2425_/CLK (sky130_fd_sc_hd__dfxtp_4)
     2    0.04    0.07    0.36    0.36 v _2425_/Q (sky130_fd_sc_hd__dfxtp_4)
                                         rf.registers[2][31] (net)
                  0.07    0.01    0.36 v wire1148/A (sky130_fd_sc_hd__buf_12)
     2    0.22    0.06    0.17    0.53 v wire1148/X (sky130_fd_sc_hd__buf_12)
                                         net1148 (net)
                  0.44    0.22    0.75 v _2232_/A0 (sky130_fd_sc_hd__mux2_8)
     1    0.20    0.15    0.58    1.33 v _2232_/X (sky130_fd_sc_hd__mux2_8)
                                         _0578_ (net)
                  0.41    0.19    1.52 v _2233_/A (sky130_fd_sc_hd__buf_8)
     1    0.11    0.08    0.31    1.82 v _2233_/X (sky130_fd_sc_hd__buf_8)
                                         _0191_ (net)
                  0.14    0.06    1.88 v _2425_/D (sky130_fd_sc_hd__dfxtp_4)
                                  1.88   data arrival time

                  0.00   10.00   10.00   clock core_clock (rise edge)
                          0.00   10.00   clock network delay (ideal)
                          0.00   10.00   clock reconvergence pessimism
                                 10.00 ^ _2425_/CLK (sky130_fd_sc_hd__dfxtp_4)
                         -0.16    9.84   library setup time
                                  9.84   data required time
-----------------------------------------------------------------------------
                                  9.84   data required time
                                 -1.88   data arrival time
-----------------------------------------------------------------------------
                                  7.95   slack (MET)


Startpoint: _2344_ (rising edge-triggered flip-flop clocked by core_clock)
Endpoint: _2344_ (rising edge-triggered flip-flop clocked by core_clock)
Path Group: core_clock
Path Type: max

Fanout     Cap    Slew   Delay    Time   Description
-----------------------------------------------------------------------------
                  0.00    0.00    0.00   clock core_clock (rise edge)
                          0.00    0.00   clock network delay (ideal)
                  0.00    0.00    0.00 ^ _2344_/CLK (sky130_fd_sc_hd__dfxtp_4)
     2    0.07    0.11    0.39    0.39 v _2344_/Q (sky130_fd_sc_hd__dfxtp_4)
                                         rf.registers[0][14] (net)
                  0.12    0.03    0.41 v wire1264/A (sky130_fd_sc_hd__buf_12)
     2    0.24    0.06    0.19    0.60 v wire1264/X (sky130_fd_sc_hd__buf_12)
                                         net1264 (net)
                  0.43    0.21    0.81 v _2059_/A1 (sky130_fd_sc_hd__mux2_8)
     1    0.19    0.15    0.56    1.37 v _2059_/X (sky130_fd_sc_hd__mux2_8)
                                         _0486_ (net)
                  0.38    0.17    1.55 v _2060_/A (sky130_fd_sc_hd__buf_8)
     1    0.09    0.07    0.29    1.84 v _2060_/X (sky130_fd_sc_hd__buf_8)
                                         _0110_ (net)
                  0.11    0.04    1.88 v _2344_/D (sky130_fd_sc_hd__dfxtp_4)
                                  1.88   data arrival time

                  0.00   10.00   10.00   clock core_clock (rise edge)
                          0.00   10.00   clock network delay (ideal)
                          0.00   10.00   clock reconvergence pessimism
                                 10.00 ^ _2344_/CLK (sky130_fd_sc_hd__dfxtp_4)
                         -0.15    9.85   library setup time
                                  9.85   data required time
-----------------------------------------------------------------------------
                                  9.85   data required time
                                 -1.88   data arrival time
-----------------------------------------------------------------------------
                                  7.96   slack (MET)


Startpoint: _2399_ (rising edge-triggered flip-flop clocked by core_clock)
Endpoint: _2399_ (rising edge-triggered flip-flop clocked by core_clock)
Path Group: core_clock
Path Type: max

Fanout     Cap    Slew   Delay    Time   Description
-----------------------------------------------------------------------------
                  0.00    0.00    0.00   clock core_clock (rise edge)
                          0.00    0.00   clock network delay (ideal)
                  0.00    0.00    0.00 ^ _2399_/CLK (sky130_fd_sc_hd__dfxtp_4)
     2    0.15    0.20    0.43    0.43 v _2399_/Q (sky130_fd_sc_hd__dfxtp_4)
                                         rf.registers[2][5] (net)
                  0.23    0.05    0.48 v wire1185/A (sky130_fd_sc_hd__buf_12)
     2    0.24    0.06    0.24    0.72 v wire1185/X (sky130_fd_sc_hd__buf_12)
                                         net1185 (net)
                  0.39    0.19    0.91 v _2178_/A0 (sky130_fd_sc_hd__mux2_8)
     1    0.11    0.12    0.52    1.43 v _2178_/X (sky130_fd_sc_hd__mux2_8)
                                         _0550_ (net)
                  0.17    0.06    1.49 v _2179_/A (sky130_fd_sc_hd__buf_12)
     1    0.16    0.07    0.22    1.71 v _2179_/X (sky130_fd_sc_hd__buf_12)
                                         _0165_ (net)
                  0.24    0.12    1.82 v _2399_/D (sky130_fd_sc_hd__dfxtp_4)
                                  1.82   data arrival time

                  0.00   10.00   10.00   clock core_clock (rise edge)
                          0.00   10.00   clock network delay (ideal)
                          0.00   10.00   clock reconvergence pessimism
                                 10.00 ^ _2399_/CLK (sky130_fd_sc_hd__dfxtp_4)
                         -0.21    9.79   library setup time
                                  9.79   data required time
-----------------------------------------------------------------------------
                                  9.79   data required time
                                 -1.82   data arrival time
-----------------------------------------------------------------------------
                                  7.97   slack (MET)


Startpoint: _2387_ (rising edge-triggered flip-flop clocked by core_clock)
Endpoint: _2259_ (rising edge-triggered flip-flop clocked by core_clock)
Path Group: core_clock
Path Type: max

Fanout     Cap    Slew   Delay    Time   Description
-----------------------------------------------------------------------------
                  0.00    0.00    0.00   clock core_clock (rise edge)
                          0.00    0.00   clock network delay (ideal)
                  0.00    0.00    0.00 ^ _2387_/CLK (sky130_fd_sc_hd__dfxtp_1)
     1    0.02    0.08    0.32    0.32 v _2387_/Q (sky130_fd_sc_hd__dfxtp_1)
                                         rf.registers[1][25] (net)
                  0.08    0.00    0.33 v wire1207/A (sky130_fd_sc_hd__buf_12)
     3    0.24    0.06    0.17    0.50 v wire1207/X (sky130_fd_sc_hd__buf_12)
                                         net1207 (net)
                  0.42    0.21    0.70 v _1875_/A1 (sky130_fd_sc_hd__mux4_2)
     1    0.09    0.29    0.80    1.50 v _1875_/X (sky130_fd_sc_hd__mux4_2)
                                         _0387_ (net)
                  0.30    0.04    1.54 v _1876_/A (sky130_fd_sc_hd__clkbuf_8)
     1    0.07    0.09    0.29    1.84 v _1876_/X (sky130_fd_sc_hd__clkbuf_8)
                                         _0049_ (net)
                  0.10    0.03    1.86 v _2259_/D (sky130_fd_sc_hd__dfxtp_4)
                                  1.86   data arrival time

                  0.00   10.00   10.00   clock core_clock (rise edge)
                          0.00   10.00   clock network delay (ideal)
                          0.00   10.00   clock reconvergence pessimism
                                 10.00 ^ _2259_/CLK (sky130_fd_sc_hd__dfxtp_4)
                         -0.15    9.85   library setup time
                                  9.85   data required time
-----------------------------------------------------------------------------
                                  9.85   data required time
                                 -1.86   data arrival time
-----------------------------------------------------------------------------
                                  7.99   slack (MET)


Startpoint: _2341_ (rising edge-triggered flip-flop clocked by core_clock)
Endpoint: _2341_ (rising edge-triggered flip-flop clocked by core_clock)
Path Group: core_clock
Path Type: max

Fanout     Cap    Slew   Delay    Time   Description
-----------------------------------------------------------------------------
                  0.00    0.00    0.00   clock core_clock (rise edge)
                          0.00    0.00   clock network delay (ideal)
                  0.00    0.00    0.00 ^ _2341_/CLK (sky130_fd_sc_hd__dfxtp_4)
     2    0.07    0.11    0.39    0.39 v _2341_/Q (sky130_fd_sc_hd__dfxtp_4)
                                         rf.registers[0][11] (net)
                  0.12    0.03    0.41 v wire1267/A (sky130_fd_sc_hd__buf_12)
     2    0.20    0.06    0.18    0.60 v wire1267/X (sky130_fd_sc_hd__buf_12)
                                         net1267 (net)
                  0.24    0.11    0.71 v _2053_/A1 (sky130_fd_sc_hd__mux2_8)
     1    0.11    0.12    0.46    1.16 v _2053_/X (sky130_fd_sc_hd__mux2_8)
                                         _0483_ (net)
                  0.18    0.07    1.23 v _2054_/A (sky130_fd_sc_hd__buf_12)
     1    0.23    0.08    0.23    1.46 v _2054_/X (sky130_fd_sc_hd__buf_12)
                                         _0107_ (net)
                  0.46    0.23    1.69 v _2341_/D (sky130_fd_sc_hd__dfxtp_4)
                                  1.69   data arrival time

                  0.00   10.00   10.00   clock core_clock (rise edge)
                          0.00   10.00   clock network delay (ideal)
                          0.00   10.00   clock reconvergence pessimism
                                 10.00 ^ _2341_/CLK (sky130_fd_sc_hd__dfxtp_4)
                         -0.30    9.70   library setup time
                                  9.70   data required time
-----------------------------------------------------------------------------
                                  9.70   data required time
                                 -1.69   data arrival time
-----------------------------------------------------------------------------
                                  8.00   slack (MET)


Startpoint: _2287_ (rising edge-triggered flip-flop clocked by core_clock)
Endpoint: _2287_ (rising edge-triggered flip-flop clocked by core_clock)
Path Group: core_clock
Path Type: max

Fanout     Cap    Slew   Delay    Time   Description
-----------------------------------------------------------------------------
                  0.00    0.00    0.00   clock core_clock (rise edge)
                          0.00    0.00   clock network delay (ideal)
                  0.00    0.00    0.00 ^ _2287_/CLK (sky130_fd_sc_hd__dfxtp_4)
     2    0.14    0.18    0.42    0.42 v _2287_/Q (sky130_fd_sc_hd__dfxtp_4)
                                         rf.registers[3][21] (net)
                  0.19    0.03    0.45 v wire1364/A (sky130_fd_sc_hd__buf_12)
     2    0.18    0.06    0.22    0.67 v wire1364/X (sky130_fd_sc_hd__buf_12)
                                         net1364 (net)
                  0.31    0.15    0.82 v _2005_/A0 (sky130_fd_sc_hd__mux2_8)
     1    0.21    0.16    0.52    1.34 v _2005_/X (sky130_fd_sc_hd__mux2_8)
                                         _0457_ (net)
                  0.45    0.21    1.55 v _2006_/A (sky130_fd_sc_hd__clkbuf_2)
     1    0.02    0.10    0.30    1.85 v _2006_/X (sky130_fd_sc_hd__clkbuf_2)
                                         _0085_ (net)
                  0.10    0.00    1.85 v _2287_/D (sky130_fd_sc_hd__dfxtp_4)
                                  1.85   data arrival time

                  0.00   10.00   10.00   clock core_clock (rise edge)
                          0.00   10.00   clock network delay (ideal)
                          0.00   10.00   clock reconvergence pessimism
                                 10.00 ^ _2287_/CLK (sky130_fd_sc_hd__dfxtp_4)
                         -0.14    9.86   library setup time
                                  9.86   data required time
-----------------------------------------------------------------------------
                                  9.86   data required time
                                 -1.85   data arrival time
-----------------------------------------------------------------------------
                                  8.01   slack (MET)


Startpoint: _2381_ (rising edge-triggered flip-flop clocked by core_clock)
Endpoint: _2381_ (rising edge-triggered flip-flop clocked by core_clock)
Path Group: core_clock
Path Type: max

Fanout     Cap    Slew   Delay    Time   Description
-----------------------------------------------------------------------------
                  0.00    0.00    0.00   clock core_clock (rise edge)
                          0.00    0.00   clock network delay (ideal)
                  0.00    0.00    0.00 ^ _2381_/CLK (sky130_fd_sc_hd__dfxtp_4)
     3    0.26    0.72    0.77    0.77 ^ _2381_/Q (sky130_fd_sc_hd__dfxtp_4)
                                         rf.registers[1][19] (net)
                  0.73    0.06    0.83 ^ _2138_/A0 (sky130_fd_sc_hd__mux2_8)
     1    0.20    0.29    0.47    1.30 ^ _2138_/X (sky130_fd_sc_hd__mux2_8)
                                         _0528_ (net)
                  0.50    0.20    1.49 ^ _2139_/A (sky130_fd_sc_hd__clkbuf_16)
     1    0.13    0.13    0.30    1.79 ^ _2139_/X (sky130_fd_sc_hd__clkbuf_16)
                                         _0147_ (net)
                  0.21    0.08    1.87 ^ _2381_/D (sky130_fd_sc_hd__dfxtp_4)
                                  1.87   data arrival time

                  0.00   10.00   10.00   clock core_clock (rise edge)
                          0.00   10.00   clock network delay (ideal)
                          0.00   10.00   clock reconvergence pessimism
                                 10.00 ^ _2381_/CLK (sky130_fd_sc_hd__dfxtp_4)
                         -0.11    9.89   library setup time
                                  9.89   data required time
-----------------------------------------------------------------------------
                                  9.89   data required time
                                 -1.87   data arrival time
-----------------------------------------------------------------------------
                                  8.02   slack (MET)


Startpoint: _2378_ (rising edge-triggered flip-flop clocked by core_clock)
Endpoint: _2378_ (rising edge-triggered flip-flop clocked by core_clock)
Path Group: core_clock
Path Type: max

Fanout     Cap    Slew   Delay    Time   Description
-----------------------------------------------------------------------------
                  0.00    0.00    0.00   clock core_clock (rise edge)
                          0.00    0.00   clock network delay (ideal)
                  0.00    0.00    0.00 ^ _2378_/CLK (sky130_fd_sc_hd__dfxtp_4)
     2    0.11    0.15    0.42    0.42 v _2378_/Q (sky130_fd_sc_hd__dfxtp_4)
                                         rf.registers[1][16] (net)
                  0.19    0.06    0.47 v _2132_/A0 (sky130_fd_sc_hd__mux2_8)
     1    0.26    0.17    0.48    0.96 v _2132_/X (sky130_fd_sc_hd__mux2_8)
                                         _0525_ (net)
                  0.64    0.31    1.26 v _2133_/A (sky130_fd_sc_hd__buf_12)
     1    0.15    0.08    0.39    1.66 v _2133_/X (sky130_fd_sc_hd__buf_12)
                                         _0144_ (net)
                  0.22    0.11    1.76 v _2378_/D (sky130_fd_sc_hd__dfxtp_4)
                                  1.76   data arrival time

                  0.00   10.00   10.00   clock core_clock (rise edge)
                          0.00   10.00   clock network delay (ideal)
                          0.00   10.00   clock reconvergence pessimism
                                 10.00 ^ _2378_/CLK (sky130_fd_sc_hd__dfxtp_4)
                         -0.20    9.80   library setup time
                                  9.80   data required time
-----------------------------------------------------------------------------
                                  9.80   data required time
                                 -1.76   data arrival time
-----------------------------------------------------------------------------
                                  8.04   slack (MET)


Startpoint: _2338_ (rising edge-triggered flip-flop clocked by core_clock)
Endpoint: _2338_ (rising edge-triggered flip-flop clocked by core_clock)
Path Group: core_clock
Path Type: max

Fanout     Cap    Slew   Delay    Time   Description
-----------------------------------------------------------------------------
                  0.00    0.00    0.00   clock core_clock (rise edge)
                          0.00    0.00   clock network delay (ideal)
                  0.00    0.00    0.00 ^ _2338_/CLK (sky130_fd_sc_hd__dfxtp_1)
     2    0.02    0.09    0.33    0.33 v _2338_/Q (sky130_fd_sc_hd__dfxtp_1)
                                         rf.registers[0][8] (net)
                  0.09    0.00    0.33 v max_cap1271/A (sky130_fd_sc_hd__buf_12)
     2    0.15    0.06    0.17    0.50 v max_cap1271/X (sky130_fd_sc_hd__buf_12)
                                         net1271 (net)
                  0.20    0.09    0.59 v _2046_/A1 (sky130_fd_sc_hd__mux2_8)
     1    0.19    0.15    0.47    1.06 v _2046_/X (sky130_fd_sc_hd__mux2_8)
                                         _0479_ (net)
                  0.38    0.18    1.24 v _2047_/A (sky130_fd_sc_hd__buf_12)
     1    0.19    0.08    0.31    1.54 v _2047_/X (sky130_fd_sc_hd__buf_12)
                                         _0104_ (net)
                  0.34    0.17    1.71 v _2338_/D (sky130_fd_sc_hd__dfxtp_1)
                                  1.71   data arrival time

                  0.00   10.00   10.00   clock core_clock (rise edge)
                          0.00   10.00   clock network delay (ideal)
                          0.00   10.00   clock reconvergence pessimism
                                 10.00 ^ _2338_/CLK (sky130_fd_sc_hd__dfxtp_1)
                         -0.25    9.75   library setup time
                                  9.75   data required time
-----------------------------------------------------------------------------
                                  9.75   data required time
                                 -1.71   data arrival time
-----------------------------------------------------------------------------
                                  8.04   slack (MET)


Startpoint: _2408_ (rising edge-triggered flip-flop clocked by core_clock)
Endpoint: _2408_ (rising edge-triggered flip-flop clocked by core_clock)
Path Group: core_clock
Path Type: max

Fanout     Cap    Slew   Delay    Time   Description
-----------------------------------------------------------------------------
                  0.00    0.00    0.00   clock core_clock (rise edge)
                          0.00    0.00   clock network delay (ideal)
                  0.00    0.00    0.00 ^ _2408_/CLK (sky130_fd_sc_hd__dfxtp_4)
     2    0.10    0.14    0.41    0.41 v _2408_/Q (sky130_fd_sc_hd__dfxtp_4)
                                         rf.registers[2][14] (net)
                  0.16    0.05    0.45 v wire1171/A (sky130_fd_sc_hd__buf_12)
     2    0.24    0.06    0.21    0.66 v wire1171/X (sky130_fd_sc_hd__buf_12)
                                         net1171 (net)
                  0.38    0.19    0.85 v _2197_/A0 (sky130_fd_sc_hd__mux2_8)
     1    0.16    0.14    0.54    1.39 v _2197_/X (sky130_fd_sc_hd__mux2_8)
                                         _0560_ (net)
                  0.28    0.12    1.51 v _2198_/A (sky130_fd_sc_hd__buf_6)
     1    0.08    0.07    0.27    1.78 v _2198_/X (sky130_fd_sc_hd__buf_6)
                                         _0174_ (net)
                  0.10    0.03    1.81 v _2408_/D (sky130_fd_sc_hd__dfxtp_4)
                                  1.81   data arrival time

                  0.00   10.00   10.00   clock core_clock (rise edge)
                          0.00   10.00   clock network delay (ideal)
                          0.00   10.00   clock reconvergence pessimism
                                 10.00 ^ _2408_/CLK (sky130_fd_sc_hd__dfxtp_4)
                         -0.15    9.85   library setup time
                                  9.85   data required time
-----------------------------------------------------------------------------
                                  9.85   data required time
                                 -1.81   data arrival time
-----------------------------------------------------------------------------
                                  8.04   slack (MET)


Startpoint: _2343_ (rising edge-triggered flip-flop clocked by core_clock)
Endpoint: _2343_ (rising edge-triggered flip-flop clocked by core_clock)
Path Group: core_clock
Path Type: max

Fanout     Cap    Slew   Delay    Time   Description
-----------------------------------------------------------------------------
                  0.00    0.00    0.00   clock core_clock (rise edge)
                          0.00    0.00   clock network delay (ideal)
                  0.00    0.00    0.00 ^ _2343_/CLK (sky130_fd_sc_hd__dfxtp_4)
     2    0.17    0.19    0.44    0.44 v _2343_/Q (sky130_fd_sc_hd__dfxtp_4)
                                         rf.registers[0][13] (net)
                  0.19    0.02    0.45 v max_cap1265/A (sky130_fd_sc_hd__buf_12)
     2    0.16    0.07    0.22    0.67 v max_cap1265/X (sky130_fd_sc_hd__buf_12)
                                         net1265 (net)
                  0.18    0.08    0.75 v _2057_/A1 (sky130_fd_sc_hd__mux2_8)
     1    0.14    0.14    0.44    1.19 v _2057_/X (sky130_fd_sc_hd__mux2_8)
                                         _0485_ (net)
                  0.24    0.10    1.29 v _2058_/A (sky130_fd_sc_hd__buf_12)
     1    0.19    0.07    0.26    1.55 v _2058_/X (sky130_fd_sc_hd__buf_12)
                                         _0109_ (net)
                  0.33    0.16    1.71 v _2343_/D (sky130_fd_sc_hd__dfxtp_4)
                                  1.71   data arrival time

                  0.00   10.00   10.00   clock core_clock (rise edge)
                          0.00   10.00   clock network delay (ideal)
                          0.00   10.00   clock reconvergence pessimism
                                 10.00 ^ _2343_/CLK (sky130_fd_sc_hd__dfxtp_4)
                         -0.25    9.75   library setup time
                                  9.75   data required time
-----------------------------------------------------------------------------
                                  9.75   data required time
                                 -1.71   data arrival time
-----------------------------------------------------------------------------
                                  8.05   slack (MET)


Startpoint: _2373_ (rising edge-triggered flip-flop clocked by core_clock)
Endpoint: _2373_ (rising edge-triggered flip-flop clocked by core_clock)
Path Group: core_clock
Path Type: max

Fanout     Cap    Slew   Delay    Time   Description
-----------------------------------------------------------------------------
                  0.00    0.00    0.00   clock core_clock (rise edge)
                          0.00    0.00   clock network delay (ideal)
                  0.00    0.00    0.00 ^ _2373_/CLK (sky130_fd_sc_hd__dfxtp_1)
     1    0.01    0.05    0.30    0.30 v _2373_/Q (sky130_fd_sc_hd__dfxtp_1)
                                         rf.registers[1][11] (net)
                  0.05    0.00    0.30 v wire1226/A (sky130_fd_sc_hd__buf_12)
     3    0.20    0.07    0.15    0.45 v wire1226/X (sky130_fd_sc_hd__buf_12)
                                         net1226 (net)
                  0.27    0.13    0.58 v _2122_/A0 (sky130_fd_sc_hd__mux2_8)
     1    0.18    0.15    0.50    1.08 v _2122_/X (sky130_fd_sc_hd__mux2_8)
                                         _0520_ (net)
                  0.33    0.15    1.23 v _2123_/A (sky130_fd_sc_hd__buf_12)
     1    0.20    0.08    0.29    1.52 v _2123_/X (sky130_fd_sc_hd__buf_12)
                                         _0139_ (net)
                  0.36    0.17    1.69 v _2373_/D (sky130_fd_sc_hd__dfxtp_1)
                                  1.69   data arrival time

                  0.00   10.00   10.00   clock core_clock (rise edge)
                          0.00   10.00   clock network delay (ideal)
                          0.00   10.00   clock reconvergence pessimism
                                 10.00 ^ _2373_/CLK (sky130_fd_sc_hd__dfxtp_1)
                         -0.26    9.74   library setup time
                                  9.74   data required time
-----------------------------------------------------------------------------
                                  9.74   data required time
                                 -1.69   data arrival time
-----------------------------------------------------------------------------
                                  8.05   slack (MET)


Startpoint: _2403_ (rising edge-triggered flip-flop clocked by core_clock)
Endpoint: _2403_ (rising edge-triggered flip-flop clocked by core_clock)
Path Group: core_clock
Path Type: max

Fanout     Cap    Slew   Delay    Time   Description
-----------------------------------------------------------------------------
                  0.00    0.00    0.00   clock core_clock (rise edge)
                          0.00    0.00   clock network delay (ideal)
                  0.00    0.00    0.00 ^ _2403_/CLK (sky130_fd_sc_hd__dfxtp_4)
     2    0.08    0.11    0.40    0.40 v _2403_/Q (sky130_fd_sc_hd__dfxtp_4)
                                         rf.registers[2][9] (net)
                  0.11    0.00    0.40 v wire1180/A (sky130_fd_sc_hd__buf_12)
     2    0.19    0.06    0.18    0.58 v wire1180/X (sky130_fd_sc_hd__buf_12)
                                         net1180 (net)
                  0.33    0.16    0.74 v _2186_/A0 (sky130_fd_sc_hd__mux2_8)
     1    0.11    0.12    0.50    1.24 v _2186_/X (sky130_fd_sc_hd__mux2_8)
                                         _0554_ (net)
                  0.16    0.06    1.29 v _2187_/A (sky130_fd_sc_hd__buf_12)
     1    0.20    0.07    0.22    1.52 v _2187_/X (sky130_fd_sc_hd__buf_12)
                                         _0169_ (net)
                  0.34    0.17    1.68 v _2403_/D (sky130_fd_sc_hd__dfxtp_4)
                                  1.68   data arrival time

                  0.00   10.00   10.00   clock core_clock (rise edge)
                          0.00   10.00   clock network delay (ideal)
                          0.00   10.00   clock reconvergence pessimism
                                 10.00 ^ _2403_/CLK (sky130_fd_sc_hd__dfxtp_4)
                         -0.25    9.75   library setup time
                                  9.75   data required time
-----------------------------------------------------------------------------
                                  9.75   data required time
                                 -1.68   data arrival time
-----------------------------------------------------------------------------
                                  8.06   slack (MET)


Startpoint: _2290_ (rising edge-triggered flip-flop clocked by core_clock)
Endpoint: _2290_ (rising edge-triggered flip-flop clocked by core_clock)
Path Group: core_clock
Path Type: max

Fanout     Cap    Slew   Delay    Time   Description
-----------------------------------------------------------------------------
                  0.00    0.00    0.00   clock core_clock (rise edge)
                          0.00    0.00   clock network delay (ideal)
                  0.00    0.00    0.00 ^ _2290_/CLK (sky130_fd_sc_hd__dfxtp_4)
     2    0.10    0.13    0.41    0.41 v _2290_/Q (sky130_fd_sc_hd__dfxtp_4)
                                         rf.registers[3][24] (net)
                  0.13    0.00    0.41 v wire1360/A (sky130_fd_sc_hd__buf_12)
     2    0.24    0.07    0.20    0.61 v wire1360/X (sky130_fd_sc_hd__buf_12)
                                         net1360 (net)
                  0.48    0.24    0.85 v _2011_/A0 (sky130_fd_sc_hd__mux2_8)
     1    0.13    0.13    0.57    1.42 v _2011_/X (sky130_fd_sc_hd__mux2_8)
                                         _0460_ (net)
                  0.20    0.08    1.50 v _2012_/A (sky130_fd_sc_hd__clkbuf_8)
     1    0.08    0.09    0.26    1.75 v _2012_/X (sky130_fd_sc_hd__clkbuf_8)
                                         _0088_ (net)
                  0.11    0.03    1.78 v _2290_/D (sky130_fd_sc_hd__dfxtp_4)
                                  1.78   data arrival time

                  0.00   10.00   10.00   clock core_clock (rise edge)
                          0.00   10.00   clock network delay (ideal)
                          0.00   10.00   clock reconvergence pessimism
                                 10.00 ^ _2290_/CLK (sky130_fd_sc_hd__dfxtp_4)
                         -0.15    9.85   library setup time
                                  9.85   data required time
-----------------------------------------------------------------------------
                                  9.85   data required time
                                 -1.78   data arrival time
-----------------------------------------------------------------------------
                                  8.07   slack (MET)


Startpoint: _2353_ (rising edge-triggered flip-flop clocked by core_clock)
Endpoint: _2353_ (rising edge-triggered flip-flop clocked by core_clock)
Path Group: core_clock
Path Type: max

Fanout     Cap    Slew   Delay    Time   Description
-----------------------------------------------------------------------------
                  0.00    0.00    0.00   clock core_clock (rise edge)
                          0.00    0.00   clock network delay (ideal)
                  0.00    0.00    0.00 ^ _2353_/CLK (sky130_fd_sc_hd__dfxtp_4)
     2    0.08    0.11    0.40    0.40 v _2353_/Q (sky130_fd_sc_hd__dfxtp_4)
                                         rf.registers[0][23] (net)
                  0.11    0.00    0.40 v wire1250/A (sky130_fd_sc_hd__buf_12)
     2    0.19    0.07    0.18    0.58 v wire1250/X (sky130_fd_sc_hd__buf_12)
                                         net1250 (net)
                  0.28    0.14    0.72 v _2078_/A1 (sky130_fd_sc_hd__mux2_8)
     1    0.12    0.13    0.48    1.19 v _2078_/X (sky130_fd_sc_hd__mux2_8)
                                         _0496_ (net)
                  0.19    0.07    1.27 v _2079_/A (sky130_fd_sc_hd__buf_12)
     1    0.20    0.07    0.24    1.51 v _2079_/X (sky130_fd_sc_hd__buf_12)
                                         _0119_ (net)
                  0.35    0.17    1.67 v _2353_/D (sky130_fd_sc_hd__dfxtp_4)
                                  1.67   data arrival time

                  0.00   10.00   10.00   clock core_clock (rise edge)
                          0.00   10.00   clock network delay (ideal)
                          0.00   10.00   clock reconvergence pessimism
                                 10.00 ^ _2353_/CLK (sky130_fd_sc_hd__dfxtp_4)
                         -0.25    9.75   library setup time
                                  9.75   data required time
-----------------------------------------------------------------------------
                                  9.75   data required time
                                 -1.67   data arrival time
-----------------------------------------------------------------------------
                                  8.07   slack (MET)


Startpoint: _2293_ (rising edge-triggered flip-flop clocked by core_clock)
Endpoint: _2293_ (rising edge-triggered flip-flop clocked by core_clock)
Path Group: core_clock
Path Type: max

Fanout     Cap    Slew   Delay    Time   Description
-----------------------------------------------------------------------------
                  0.00    0.00    0.00   clock core_clock (rise edge)
                          0.00    0.00   clock network delay (ideal)
                  0.00    0.00    0.00 ^ _2293_/CLK (sky130_fd_sc_hd__dfxtp_1)
     1    0.01    0.05    0.30    0.30 v _2293_/Q (sky130_fd_sc_hd__dfxtp_1)
                                         rf.registers[3][27] (net)
                  0.05    0.00    0.30 v wire1359/A (sky130_fd_sc_hd__buf_12)
     2    0.18    0.06    0.16    0.46 v wire1359/X (sky130_fd_sc_hd__buf_12)
                                         net1359 (net)
                  0.26    0.12    0.58 v wire1358/A (sky130_fd_sc_hd__buf_12)
     2    0.21    0.06    0.25    0.82 v wire1358/X (sky130_fd_sc_hd__buf_12)
                                         net1358 (net)
                  0.24    0.11    0.93 v _2017_/A0 (sky130_fd_sc_hd__mux2_8)
     1    0.14    0.14    0.47    1.41 v _2017_/X (sky130_fd_sc_hd__mux2_8)
                                         _0463_ (net)
                  0.23    0.10    1.50 v _2018_/A (sky130_fd_sc_hd__buf_4)
     1    0.05    0.08    0.27    1.77 v _2018_/X (sky130_fd_sc_hd__buf_4)
                                         _0091_ (net)
                  0.09    0.02    1.79 v _2293_/D (sky130_fd_sc_hd__dfxtp_1)
                                  1.79   data arrival time

                  0.00   10.00   10.00   clock core_clock (rise edge)
                          0.00   10.00   clock network delay (ideal)
                          0.00   10.00   clock reconvergence pessimism
                                 10.00 ^ _2293_/CLK (sky130_fd_sc_hd__dfxtp_1)
                         -0.14    9.86   library setup time
                                  9.86   data required time
-----------------------------------------------------------------------------
                                  9.86   data required time
                                 -1.79   data arrival time
-----------------------------------------------------------------------------
                                  8.07   slack (MET)


Startpoint: _2413_ (rising edge-triggered flip-flop clocked by core_clock)
Endpoint: _2413_ (rising edge-triggered flip-flop clocked by core_clock)
Path Group: core_clock
Path Type: max

Fanout     Cap    Slew   Delay    Time   Description
-----------------------------------------------------------------------------
                  0.00    0.00    0.00   clock core_clock (rise edge)
                          0.00    0.00   clock network delay (ideal)
                  0.00    0.00    0.00 ^ _2413_/CLK (sky130_fd_sc_hd__dfxtp_1)
     1    0.01    0.05    0.30    0.30 v _2413_/Q (sky130_fd_sc_hd__dfxtp_1)
                                         rf.registers[2][19] (net)
                  0.05    0.00    0.30 v wire1164/A (sky130_fd_sc_hd__buf_12)
     3    0.25    0.06    0.16    0.46 v wire1164/X (sky130_fd_sc_hd__buf_12)
                                         net1164 (net)
                  0.53    0.26    0.72 v _2207_/A0 (sky130_fd_sc_hd__mux2_8)
     1    0.09    0.12    0.58    1.30 v _2207_/X (sky130_fd_sc_hd__mux2_8)
                                         _0565_ (net)
                  0.14    0.04    1.34 v _2208_/A (sky130_fd_sc_hd__buf_12)
     1    0.17    0.07    0.21    1.55 v _2208_/X (sky130_fd_sc_hd__buf_12)
                                         _0179_ (net)
                  0.27    0.13    1.68 v _2413_/D (sky130_fd_sc_hd__dfxtp_1)
                                  1.68   data arrival time

                  0.00   10.00   10.00   clock core_clock (rise edge)
                          0.00   10.00   clock network delay (ideal)
                          0.00   10.00   clock reconvergence pessimism
                                 10.00 ^ _2413_/CLK (sky130_fd_sc_hd__dfxtp_1)
                         -0.22    9.78   library setup time
                                  9.78   data required time
-----------------------------------------------------------------------------
                                  9.78   data required time
                                 -1.68   data arrival time
-----------------------------------------------------------------------------
                                  8.10   slack (MET)


Startpoint: _2393_ (rising edge-triggered flip-flop clocked by core_clock)
Endpoint: _2393_ (rising edge-triggered flip-flop clocked by core_clock)
Path Group: core_clock
Path Type: max

Fanout     Cap    Slew   Delay    Time   Description
-----------------------------------------------------------------------------
                  0.00    0.00    0.00   clock core_clock (rise edge)
                          0.00    0.00   clock network delay (ideal)
                  0.00    0.00    0.00 ^ _2393_/CLK (sky130_fd_sc_hd__dfxtp_4)
     2    0.05    0.09    0.37    0.37 v _2393_/Q (sky130_fd_sc_hd__dfxtp_4)
                                         rf.registers[1][31] (net)
                  0.09    0.01    0.38 v wire1196/A (sky130_fd_sc_hd__buf_12)
     2    0.22    0.06    0.18    0.56 v wire1196/X (sky130_fd_sc_hd__buf_12)
                                         net1196 (net)
                  0.43    0.21    0.77 v _2163_/A0 (sky130_fd_sc_hd__mux2_8)
     1    0.08    0.11    0.53    1.30 v _2163_/X (sky130_fd_sc_hd__mux2_8)
                                         _0541_ (net)
                  0.13    0.04    1.34 v _2164_/A (sky130_fd_sc_hd__buf_12)
     1    0.17    0.07    0.20    1.54 v _2164_/X (sky130_fd_sc_hd__buf_12)
                                         _0159_ (net)
                  0.27    0.13    1.67 v _2393_/D (sky130_fd_sc_hd__dfxtp_4)
                                  1.67   data arrival time

                  0.00   10.00   10.00   clock core_clock (rise edge)
                          0.00   10.00   clock network delay (ideal)
                          0.00   10.00   clock reconvergence pessimism
                                 10.00 ^ _2393_/CLK (sky130_fd_sc_hd__dfxtp_4)
                         -0.22    9.78   library setup time
                                  9.78   data required time
-----------------------------------------------------------------------------
                                  9.78   data required time
                                 -1.67   data arrival time
-----------------------------------------------------------------------------
                                  8.12   slack (MET)


Startpoint: _2360_ (rising edge-triggered flip-flop clocked by core_clock)
Endpoint: _2360_ (rising edge-triggered flip-flop clocked by core_clock)
Path Group: core_clock
Path Type: max

Fanout     Cap    Slew   Delay    Time   Description
-----------------------------------------------------------------------------
                  0.00    0.00    0.00   clock core_clock (rise edge)
                          0.00    0.00   clock network delay (ideal)
                  0.00    0.00    0.00 ^ _2360_/CLK (sky130_fd_sc_hd__dfxtp_4)
     2    0.09    0.12    0.39    0.39 v _2360_/Q (sky130_fd_sc_hd__dfxtp_4)
                                         rf.registers[0][30] (net)
                  0.14    0.04    0.43 v _2092_/A1 (sky130_fd_sc_hd__mux2_8)
     1    0.18    0.15    0.44    0.87 v _2092_/X (sky130_fd_sc_hd__mux2_8)
                                         _0503_ (net)
                  0.35    0.16    1.02 v _2093_/A (sky130_fd_sc_hd__buf_12)
     1    0.24    0.08    0.30    1.33 v _2093_/X (sky130_fd_sc_hd__buf_12)
                                         _0126_ (net)
                  0.48    0.24    1.57 v _2360_/D (sky130_fd_sc_hd__dfxtp_4)
                                  1.57   data arrival time

                  0.00   10.00   10.00   clock core_clock (rise edge)
                          0.00   10.00   clock network delay (ideal)
                          0.00   10.00   clock reconvergence pessimism
                                 10.00 ^ _2360_/CLK (sky130_fd_sc_hd__dfxtp_4)
                         -0.31    9.69   library setup time
                                  9.69   data required time
-----------------------------------------------------------------------------
                                  9.69   data required time
                                 -1.57   data arrival time
-----------------------------------------------------------------------------
                                  8.12   slack (MET)


Startpoint: _2330_ (rising edge-triggered flip-flop clocked by core_clock)
Endpoint: _2330_ (rising edge-triggered flip-flop clocked by core_clock)
Path Group: core_clock
Path Type: max

Fanout     Cap    Slew   Delay    Time   Description
-----------------------------------------------------------------------------
                  0.00    0.00    0.00   clock core_clock (rise edge)
                          0.00    0.00   clock network delay (ideal)
                  0.00    0.00    0.00 ^ _2330_/CLK (sky130_fd_sc_hd__dfxtp_4)
     3    0.13    0.17    0.42    0.42 v _2330_/Q (sky130_fd_sc_hd__dfxtp_4)
                                         rf.registers[0][0] (net)
                  0.18    0.03    0.45 v _2030_/A1 (sky130_fd_sc_hd__mux2_8)
     1    0.21    0.16    0.46    0.92 v _2030_/X (sky130_fd_sc_hd__mux2_8)
                                         _0471_ (net)
                  0.45    0.21    1.13 v _2031_/A (sky130_fd_sc_hd__buf_12)
     1    0.19    0.08    0.33    1.46 v _2031_/X (sky130_fd_sc_hd__buf_12)
                                         _0096_ (net)
                  0.33    0.16    1.62 v _2330_/D (sky130_fd_sc_hd__dfxtp_4)
                                  1.62   data arrival time

                  0.00   10.00   10.00   clock core_clock (rise edge)
                          0.00   10.00   clock network delay (ideal)
                          0.00   10.00   clock reconvergence pessimism
                                 10.00 ^ _2330_/CLK (sky130_fd_sc_hd__dfxtp_4)
                         -0.25    9.75   library setup time
                                  9.75   data required time
-----------------------------------------------------------------------------
                                  9.75   data required time
                                 -1.62   data arrival time
-----------------------------------------------------------------------------
                                  8.13   slack (MET)


Startpoint: _2272_ (rising edge-triggered flip-flop clocked by core_clock)
Endpoint: _2272_ (rising edge-triggered flip-flop clocked by core_clock)
Path Group: core_clock
Path Type: max

Fanout     Cap    Slew   Delay    Time   Description
-----------------------------------------------------------------------------
                  0.00    0.00    0.00   clock core_clock (rise edge)
                          0.00    0.00   clock network delay (ideal)
                  0.00    0.00    0.00 ^ _2272_/CLK (sky130_fd_sc_hd__dfxtp_4)
     2    0.10    0.14    0.40    0.40 v _2272_/Q (sky130_fd_sc_hd__dfxtp_4)
                                         rf.registers[3][6] (net)
                  0.17    0.05    0.45 v load_slew1387/A (sky130_fd_sc_hd__buf_12)
     2    0.15    0.06    0.21    0.65 v load_slew1387/X (sky130_fd_sc_hd__buf_12)
                                         net1387 (net)
                  0.18    0.08    0.74 v _1973_/A0 (sky130_fd_sc_hd__mux2_8)
     1    0.08    0.11    0.42    1.16 v _1973_/X (sky130_fd_sc_hd__mux2_8)
                                         _0440_ (net)
                  0.12    0.04    1.19 v _1974_/A (sky130_fd_sc_hd__buf_12)
     1    0.21    0.08    0.21    1.40 v _1974_/X (sky130_fd_sc_hd__buf_12)
                                         _0070_ (net)
                  0.39    0.19    1.59 v _2272_/D (sky130_fd_sc_hd__dfxtp_4)
                                  1.59   data arrival time

                  0.00   10.00   10.00   clock core_clock (rise edge)
                          0.00   10.00   clock network delay (ideal)
                          0.00   10.00   clock reconvergence pessimism
                                 10.00 ^ _2272_/CLK (sky130_fd_sc_hd__dfxtp_4)
                         -0.27    9.73   library setup time
                                  9.73   data required time
-----------------------------------------------------------------------------
                                  9.73   data required time
                                 -1.59   data arrival time
-----------------------------------------------------------------------------
                                  8.14   slack (MET)


Startpoint: _2422_ (rising edge-triggered flip-flop clocked by core_clock)
Endpoint: _2422_ (rising edge-triggered flip-flop clocked by core_clock)
Path Group: core_clock
Path Type: max

Fanout     Cap    Slew   Delay    Time   Description
-----------------------------------------------------------------------------
                  0.00    0.00    0.00   clock core_clock (rise edge)
                          0.00    0.00   clock network delay (ideal)
                  0.00    0.00    0.00 ^ _2422_/CLK (sky130_fd_sc_hd__dfxtp_1)
     1    0.01    0.05    0.30    0.30 v _2422_/Q (sky130_fd_sc_hd__dfxtp_1)
                                         rf.registers[2][28] (net)
                  0.05    0.00    0.30 v wire1153/A (sky130_fd_sc_hd__buf_12)
     3    0.23    0.06    0.15    0.45 v wire1153/X (sky130_fd_sc_hd__buf_12)
                                         net1153 (net)
                  0.29    0.13    0.59 v _2226_/A0 (sky130_fd_sc_hd__mux2_8)
     1    0.22    0.16    0.51    1.10 v _2226_/X (sky130_fd_sc_hd__mux2_8)
                                         _0575_ (net)
                  0.46    0.21    1.31 v _2227_/A (sky130_fd_sc_hd__buf_8)
     1    0.11    0.08    0.32    1.64 v _2227_/X (sky130_fd_sc_hd__buf_8)
                                         _0188_ (net)
                  0.13    0.05    1.69 v _2422_/D (sky130_fd_sc_hd__dfxtp_1)
                                  1.69   data arrival time

                  0.00   10.00   10.00   clock core_clock (rise edge)
                          0.00   10.00   clock network delay (ideal)
                          0.00   10.00   clock reconvergence pessimism
                                 10.00 ^ _2422_/CLK (sky130_fd_sc_hd__dfxtp_1)
                         -0.16    9.84   library setup time
                                  9.84   data required time
-----------------------------------------------------------------------------
                                  9.84   data required time
                                 -1.69   data arrival time
-----------------------------------------------------------------------------
                                  8.15   slack (MET)


Startpoint: _2335_ (rising edge-triggered flip-flop clocked by core_clock)
Endpoint: _2335_ (rising edge-triggered flip-flop clocked by core_clock)
Path Group: core_clock
Path Type: max

Fanout     Cap    Slew   Delay    Time   Description
-----------------------------------------------------------------------------
                  0.00    0.00    0.00   clock core_clock (rise edge)
                          0.00    0.00   clock network delay (ideal)
                  0.00    0.00    0.00 ^ _2335_/CLK (sky130_fd_sc_hd__dfxtp_2)
     1    0.04    0.09    0.35    0.35 v _2335_/Q (sky130_fd_sc_hd__dfxtp_2)
                                         rf.registers[0][5] (net)
                  0.09    0.01    0.36 v wire1273/A (sky130_fd_sc_hd__buf_12)
     3    0.24    0.06    0.18    0.54 v wire1273/X (sky130_fd_sc_hd__buf_12)
                                         net1273 (net)
                  0.37    0.18    0.71 v _2040_/A1 (sky130_fd_sc_hd__mux2_8)
     1    0.17    0.14    0.53    1.24 v _2040_/X (sky130_fd_sc_hd__mux2_8)
                                         _0476_ (net)
                  0.31    0.14    1.38 v _2041_/A (sky130_fd_sc_hd__buf_6)
     1    0.08    0.08    0.28    1.66 v _2041_/X (sky130_fd_sc_hd__buf_6)
                                         _0101_ (net)
                  0.10    0.04    1.69 v _2335_/D (sky130_fd_sc_hd__dfxtp_2)
                                  1.69   data arrival time

                  0.00   10.00   10.00   clock core_clock (rise edge)
                          0.00   10.00   clock network delay (ideal)
                          0.00   10.00   clock reconvergence pessimism
                                 10.00 ^ _2335_/CLK (sky130_fd_sc_hd__dfxtp_2)
                         -0.15    9.85   library setup time
                                  9.85   data required time
-----------------------------------------------------------------------------
                                  9.85   data required time
                                 -1.69   data arrival time
-----------------------------------------------------------------------------
                                  8.16   slack (MET)


Startpoint: _2332_ (rising edge-triggered flip-flop clocked by core_clock)
Endpoint: _2332_ (rising edge-triggered flip-flop clocked by core_clock)
Path Group: core_clock
Path Type: max

Fanout     Cap    Slew   Delay    Time   Description
-----------------------------------------------------------------------------
                  0.00    0.00    0.00   clock core_clock (rise edge)
                          0.00    0.00   clock network delay (ideal)
                  0.00    0.00    0.00 ^ _2332_/CLK (sky130_fd_sc_hd__dfxtp_2)
     1    0.03    0.08    0.34    0.34 v _2332_/Q (sky130_fd_sc_hd__dfxtp_2)
                                         rf.registers[0][2] (net)
                  0.08    0.00    0.35 v wire1276/A (sky130_fd_sc_hd__buf_12)
     3    0.24    0.06    0.17    0.51 v wire1276/X (sky130_fd_sc_hd__buf_12)
                                         net1276 (net)
                  0.44    0.22    0.73 v _2034_/A1 (sky130_fd_sc_hd__mux2_8)
     1    0.15    0.14    0.56    1.29 v _2034_/X (sky130_fd_sc_hd__mux2_8)
                                         _0473_ (net)
                  0.25    0.11    1.39 v _2035_/A (sky130_fd_sc_hd__clkbuf_4)
     1    0.04    0.10    0.29    1.68 v _2035_/X (sky130_fd_sc_hd__clkbuf_4)
                                         _0098_ (net)
                  0.10    0.01    1.69 v _2332_/D (sky130_fd_sc_hd__dfxtp_2)
                                  1.69   data arrival time

                  0.00   10.00   10.00   clock core_clock (rise edge)
                          0.00   10.00   clock network delay (ideal)
                          0.00   10.00   clock reconvergence pessimism
                                 10.00 ^ _2332_/CLK (sky130_fd_sc_hd__dfxtp_2)
                         -0.15    9.85   library setup time
                                  9.85   data required time
-----------------------------------------------------------------------------
                                  9.85   data required time
                                 -1.69   data arrival time
-----------------------------------------------------------------------------
                                  8.16   slack (MET)


Startpoint: _2402_ (rising edge-triggered flip-flop clocked by core_clock)
Endpoint: _2402_ (rising edge-triggered flip-flop clocked by core_clock)
Path Group: core_clock
Path Type: max

Fanout     Cap    Slew   Delay    Time   Description
-----------------------------------------------------------------------------
                  0.00    0.00    0.00   clock core_clock (rise edge)
                          0.00    0.00   clock network delay (ideal)
                  0.00    0.00    0.00 ^ _2402_/CLK (sky130_fd_sc_hd__dfxtp_4)
     1    0.08    0.11    0.39    0.39 v _2402_/Q (sky130_fd_sc_hd__dfxtp_4)
                                         rf.registers[2][8] (net)
                  0.13    0.03    0.42 v wire1182/A (sky130_fd_sc_hd__buf_12)
     3    0.24    0.06    0.19    0.61 v wire1182/X (sky130_fd_sc_hd__buf_12)
                                         net1182 (net)
                  0.30    0.14    0.75 v _2184_/A0 (sky130_fd_sc_hd__mux2_8)
     1    0.11    0.12    0.49    1.24 v _2184_/X (sky130_fd_sc_hd__mux2_8)
                                         _0553_ (net)
                  0.17    0.06    1.30 v _2185_/A (sky130_fd_sc_hd__buf_12)
     1    0.15    0.06    0.22    1.51 v _2185_/X (sky130_fd_sc_hd__buf_12)
                                         _0168_ (net)
                  0.21    0.10    1.61 v _2402_/D (sky130_fd_sc_hd__dfxtp_4)
                                  1.61   data arrival time

                  0.00   10.00   10.00   clock core_clock (rise edge)
                          0.00   10.00   clock network delay (ideal)
                          0.00   10.00   clock reconvergence pessimism
                                 10.00 ^ _2402_/CLK (sky130_fd_sc_hd__dfxtp_4)
                         -0.19    9.81   library setup time
                                  9.81   data required time
-----------------------------------------------------------------------------
                                  9.81   data required time
                                 -1.61   data arrival time
-----------------------------------------------------------------------------
                                  8.19   slack (MET)


Startpoint: _2391_ (rising edge-triggered flip-flop clocked by core_clock)
Endpoint: _2391_ (rising edge-triggered flip-flop clocked by core_clock)
Path Group: core_clock
Path Type: max

Fanout     Cap    Slew   Delay    Time   Description
-----------------------------------------------------------------------------
                  0.00    0.00    0.00   clock core_clock (rise edge)
                          0.00    0.00   clock network delay (ideal)
                  0.00    0.00    0.00 ^ _2391_/CLK (sky130_fd_sc_hd__dfxtp_4)
     2    0.08    0.11    0.39    0.39 v _2391_/Q (sky130_fd_sc_hd__dfxtp_4)
                                         rf.registers[1][29] (net)
                  0.11    0.00    0.39 v wire1199/A (sky130_fd_sc_hd__buf_12)
     2    0.22    0.06    0.18    0.58 v wire1199/X (sky130_fd_sc_hd__buf_12)
                                         net1199 (net)
                  0.42    0.21    0.79 v _2159_/A0 (sky130_fd_sc_hd__mux2_8)
     1    0.06    0.10    0.51    1.30 v _2159_/X (sky130_fd_sc_hd__mux2_8)
                                         _0539_ (net)
                  0.10    0.02    1.31 v _2160_/A (sky130_fd_sc_hd__buf_12)
     1    0.15    0.06    0.19    1.50 v _2160_/X (sky130_fd_sc_hd__buf_12)
                                         _0157_ (net)
                  0.22    0.11    1.61 v _2391_/D (sky130_fd_sc_hd__dfxtp_4)
                                  1.61   data arrival time

                  0.00   10.00   10.00   clock core_clock (rise edge)
                          0.00   10.00   clock network delay (ideal)
                          0.00   10.00   clock reconvergence pessimism
                                 10.00 ^ _2391_/CLK (sky130_fd_sc_hd__dfxtp_4)
                         -0.20    9.80   library setup time
                                  9.80   data required time
-----------------------------------------------------------------------------
                                  9.80   data required time
                                 -1.61   data arrival time
-----------------------------------------------------------------------------
                                  8.19   slack (MET)


Startpoint: _2283_ (rising edge-triggered flip-flop clocked by core_clock)
Endpoint: _2283_ (rising edge-triggered flip-flop clocked by core_clock)
Path Group: core_clock
Path Type: max

Fanout     Cap    Slew   Delay    Time   Description
-----------------------------------------------------------------------------
                  0.00    0.00    0.00   clock core_clock (rise edge)
                          0.00    0.00   clock network delay (ideal)
                  0.00    0.00    0.00 ^ _2283_/CLK (sky130_fd_sc_hd__dfxtp_4)
     3    0.13    0.17    0.44    0.44 v _2283_/Q (sky130_fd_sc_hd__dfxtp_4)
                                         rf.registers[3][17] (net)
                  0.19    0.04    0.48 v _1996_/A0 (sky130_fd_sc_hd__mux2_8)
     1    0.15    0.14    0.45    0.93 v _1996_/X (sky130_fd_sc_hd__mux2_8)
                                         _0452_ (net)
                  0.26    0.11    1.04 v _1997_/A (sky130_fd_sc_hd__buf_12)
     1    0.22    0.08    0.27    1.31 v _1997_/X (sky130_fd_sc_hd__buf_12)
                                         _0081_ (net)
                  0.42    0.21    1.52 v _2283_/D (sky130_fd_sc_hd__dfxtp_4)
                                  1.52   data arrival time

                  0.00   10.00   10.00   clock core_clock (rise edge)
                          0.00   10.00   clock network delay (ideal)
                          0.00   10.00   clock reconvergence pessimism
                                 10.00 ^ _2283_/CLK (sky130_fd_sc_hd__dfxtp_4)
                         -0.29    9.71   library setup time
                                  9.71   data required time
-----------------------------------------------------------------------------
                                  9.71   data required time
                                 -1.52   data arrival time
-----------------------------------------------------------------------------
                                  8.20   slack (MET)


Startpoint: _2387_ (rising edge-triggered flip-flop clocked by core_clock)
Endpoint: _2387_ (rising edge-triggered flip-flop clocked by core_clock)
Path Group: core_clock
Path Type: max

Fanout     Cap    Slew   Delay    Time   Description
-----------------------------------------------------------------------------
                  0.00    0.00    0.00   clock core_clock (rise edge)
                          0.00    0.00   clock network delay (ideal)
                  0.00    0.00    0.00 ^ _2387_/CLK (sky130_fd_sc_hd__dfxtp_1)
     1    0.02    0.08    0.32    0.32 v _2387_/Q (sky130_fd_sc_hd__dfxtp_1)
                                         rf.registers[1][25] (net)
                  0.08    0.00    0.33 v wire1207/A (sky130_fd_sc_hd__buf_12)
     3    0.24    0.06    0.17    0.50 v wire1207/X (sky130_fd_sc_hd__buf_12)
                                         net1207 (net)
                  0.41    0.20    0.70 v _2151_/A0 (sky130_fd_sc_hd__mux2_8)
     1    0.15    0.14    0.55    1.24 v _2151_/X (sky130_fd_sc_hd__mux2_8)
                                         _0535_ (net)
                  0.25    0.11    1.35 v _2152_/A (sky130_fd_sc_hd__buf_6)
     1    0.09    0.08    0.26    1.61 v _2152_/X (sky130_fd_sc_hd__buf_6)
                                         _0153_ (net)
                  0.11    0.04    1.65 v _2387_/D (sky130_fd_sc_hd__dfxtp_1)
                                  1.65   data arrival time

                  0.00   10.00   10.00   clock core_clock (rise edge)
                          0.00   10.00   clock network delay (ideal)
                          0.00   10.00   clock reconvergence pessimism
                                 10.00 ^ _2387_/CLK (sky130_fd_sc_hd__dfxtp_1)
                         -0.15    9.85   library setup time
                                  9.85   data required time
-----------------------------------------------------------------------------
                                  9.85   data required time
                                 -1.65   data arrival time
-----------------------------------------------------------------------------
                                  8.20   slack (MET)


Startpoint: _2401_ (rising edge-triggered flip-flop clocked by core_clock)
Endpoint: _2401_ (rising edge-triggered flip-flop clocked by core_clock)
Path Group: core_clock
Path Type: max

Fanout     Cap    Slew   Delay    Time   Description
-----------------------------------------------------------------------------
                  0.00    0.00    0.00   clock core_clock (rise edge)
                          0.00    0.00   clock network delay (ideal)
                  0.00    0.00    0.00 ^ _2401_/CLK (sky130_fd_sc_hd__dfxtp_4)
     2    0.11    0.14    0.42    0.42 v _2401_/Q (sky130_fd_sc_hd__dfxtp_4)
                                         rf.registers[2][7] (net)
                  0.15    0.03    0.45 v _2182_/A0 (sky130_fd_sc_hd__mux2_8)
     1    0.23    0.16    0.46    0.91 v _2182_/X (sky130_fd_sc_hd__mux2_8)
                                         _0552_ (net)
                  0.50    0.24    1.14 v _2183_/A (sky130_fd_sc_hd__buf_12)
     1    0.15    0.07    0.34    1.49 v _2183_/X (sky130_fd_sc_hd__buf_12)
                                         _0167_ (net)
                  0.22    0.10    1.59 v _2401_/D (sky130_fd_sc_hd__dfxtp_4)
                                  1.59   data arrival time

                  0.00   10.00   10.00   clock core_clock (rise edge)
                          0.00   10.00   clock network delay (ideal)
                          0.00   10.00   clock reconvergence pessimism
                                 10.00 ^ _2401_/CLK (sky130_fd_sc_hd__dfxtp_4)
                         -0.20    9.80   library setup time
                                  9.80   data required time
-----------------------------------------------------------------------------
                                  9.80   data required time
                                 -1.59   data arrival time
-----------------------------------------------------------------------------
                                  8.21   slack (MET)


Startpoint: _2334_ (rising edge-triggered flip-flop clocked by core_clock)
Endpoint: _2334_ (rising edge-triggered flip-flop clocked by core_clock)
Path Group: core_clock
Path Type: max

Fanout     Cap    Slew   Delay    Time   Description
-----------------------------------------------------------------------------
                  0.00    0.00    0.00   clock core_clock (rise edge)
                          0.00    0.00   clock network delay (ideal)
                  0.00    0.00    0.00 ^ _2334_/CLK (sky130_fd_sc_hd__dfxtp_4)
     2    0.13    0.16    0.42    0.42 v _2334_/Q (sky130_fd_sc_hd__dfxtp_4)
                                         rf.registers[0][4] (net)
                  0.16    0.00    0.42 v wire1274/A (sky130_fd_sc_hd__buf_12)
     2    0.17    0.06    0.20    0.63 v wire1274/X (sky130_fd_sc_hd__buf_12)
                                         net1274 (net)
                  0.26    0.12    0.75 v _2038_/A1 (sky130_fd_sc_hd__mux2_8)
     1    0.15    0.14    0.48    1.23 v _2038_/X (sky130_fd_sc_hd__mux2_8)
                                         _0475_ (net)
                  0.25    0.11    1.33 v _2039_/A (sky130_fd_sc_hd__buf_6)
     1    0.09    0.08    0.25    1.59 v _2039_/X (sky130_fd_sc_hd__buf_6)
                                         _0100_ (net)
                  0.11    0.04    1.63 v _2334_/D (sky130_fd_sc_hd__dfxtp_4)
                                  1.63   data arrival time

                  0.00   10.00   10.00   clock core_clock (rise edge)
                          0.00   10.00   clock network delay (ideal)
                          0.00   10.00   clock reconvergence pessimism
                                 10.00 ^ _2334_/CLK (sky130_fd_sc_hd__dfxtp_4)
                         -0.15    9.85   library setup time
                                  9.85   data required time
-----------------------------------------------------------------------------
                                  9.85   data required time
                                 -1.63   data arrival time
-----------------------------------------------------------------------------
                                  8.22   slack (MET)


Startpoint: _2362_ (rising edge-triggered flip-flop clocked by core_clock)
Endpoint: _2362_ (rising edge-triggered flip-flop clocked by core_clock)
Path Group: core_clock
Path Type: max

Fanout     Cap    Slew   Delay    Time   Description
-----------------------------------------------------------------------------
                  0.00    0.00    0.00   clock core_clock (rise edge)
                          0.00    0.00   clock network delay (ideal)
                  0.00    0.00    0.00 ^ _2362_/CLK (sky130_fd_sc_hd__dfxtp_1)
     1    0.01    0.05    0.30    0.30 v _2362_/Q (sky130_fd_sc_hd__dfxtp_1)
                                         rf.registers[1][0] (net)
                  0.05    0.00    0.30 v wire1241/A (sky130_fd_sc_hd__buf_12)
     3    0.19    0.06    0.15    0.46 v wire1241/X (sky130_fd_sc_hd__buf_12)
                                         net1241 (net)
                  0.31    0.15    0.60 v _2099_/A0 (sky130_fd_sc_hd__mux2_8)
     1    0.19    0.15    0.52    1.12 v _2099_/X (sky130_fd_sc_hd__mux2_8)
                                         _0508_ (net)
                  0.36    0.16    1.28 v _2100_/A (sky130_fd_sc_hd__buf_4)
     1    0.06    0.09    0.32    1.61 v _2100_/X (sky130_fd_sc_hd__buf_4)
                                         _0128_ (net)
                  0.10    0.02    1.63 v _2362_/D (sky130_fd_sc_hd__dfxtp_1)
                                  1.63   data arrival time

                  0.00   10.00   10.00   clock core_clock (rise edge)
                          0.00   10.00   clock network delay (ideal)
                          0.00   10.00   clock reconvergence pessimism
                                 10.00 ^ _2362_/CLK (sky130_fd_sc_hd__dfxtp_1)
                         -0.14    9.86   library setup time
                                  9.86   data required time
-----------------------------------------------------------------------------
                                  9.86   data required time
                                 -1.63   data arrival time
-----------------------------------------------------------------------------
                                  8.23   slack (MET)


Startpoint: _2419_ (rising edge-triggered flip-flop clocked by core_clock)
Endpoint: _2419_ (rising edge-triggered flip-flop clocked by core_clock)
Path Group: core_clock
Path Type: max

Fanout     Cap    Slew   Delay    Time   Description
-----------------------------------------------------------------------------
                  0.00    0.00    0.00   clock core_clock (rise edge)
                          0.00    0.00   clock network delay (ideal)
                  0.00    0.00    0.00 ^ _2419_/CLK (sky130_fd_sc_hd__dfxtp_4)
     3    0.15    0.18    0.41    0.41 v _2419_/Q (sky130_fd_sc_hd__dfxtp_4)
                                         rf.registers[2][25] (net)
                  0.27    0.10    0.51 v _2220_/A0 (sky130_fd_sc_hd__mux2_8)
     1    0.13    0.13    0.48    0.99 v _2220_/X (sky130_fd_sc_hd__mux2_8)
                                         _0572_ (net)
                  0.22    0.09    1.08 v _2221_/A (sky130_fd_sc_hd__buf_12)
     1    0.20    0.07    0.25    1.33 v _2221_/X (sky130_fd_sc_hd__buf_12)
                                         _0185_ (net)
                  0.35    0.17    1.50 v _2419_/D (sky130_fd_sc_hd__dfxtp_4)
                                  1.50   data arrival time

                  0.00   10.00   10.00   clock core_clock (rise edge)
                          0.00   10.00   clock network delay (ideal)
                          0.00   10.00   clock reconvergence pessimism
                                 10.00 ^ _2419_/CLK (sky130_fd_sc_hd__dfxtp_4)
                         -0.26    9.74   library setup time
                                  9.74   data required time
-----------------------------------------------------------------------------
                                  9.74   data required time
                                 -1.50   data arrival time
-----------------------------------------------------------------------------
                                  8.25   slack (MET)


Startpoint: _2355_ (rising edge-triggered flip-flop clocked by core_clock)
Endpoint: _2355_ (rising edge-triggered flip-flop clocked by core_clock)
Path Group: core_clock
Path Type: max

Fanout     Cap    Slew   Delay    Time   Description
-----------------------------------------------------------------------------
                  0.00    0.00    0.00   clock core_clock (rise edge)
                          0.00    0.00   clock network delay (ideal)
                  0.00    0.00    0.00 ^ _2355_/CLK (sky130_fd_sc_hd__dfxtp_4)
     3    0.22    0.21    0.44    0.44 v _2355_/Q (sky130_fd_sc_hd__dfxtp_4)
                                         rf.registers[0][25] (net)
                  0.50    0.23    0.67 v _2082_/A1 (sky130_fd_sc_hd__mux2_8)
     1    0.13    0.13    0.57    1.24 v _2082_/X (sky130_fd_sc_hd__mux2_8)
                                         _0498_ (net)
                  0.20    0.08    1.32 v _2083_/A (sky130_fd_sc_hd__buf_8)
     1    0.09    0.07    0.23    1.55 v _2083_/X (sky130_fd_sc_hd__buf_8)
                                         _0121_ (net)
                  0.10    0.04    1.59 v _2355_/D (sky130_fd_sc_hd__dfxtp_4)
                                  1.59   data arrival time

                  0.00   10.00   10.00   clock core_clock (rise edge)
                          0.00   10.00   clock network delay (ideal)
                          0.00   10.00   clock reconvergence pessimism
                                 10.00 ^ _2355_/CLK (sky130_fd_sc_hd__dfxtp_4)
                         -0.15    9.85   library setup time
                                  9.85   data required time
-----------------------------------------------------------------------------
                                  9.85   data required time
                                 -1.59   data arrival time
-----------------------------------------------------------------------------
                                  8.27   slack (MET)


Startpoint: _2349_ (rising edge-triggered flip-flop clocked by core_clock)
Endpoint: _2349_ (rising edge-triggered flip-flop clocked by core_clock)
Path Group: core_clock
Path Type: max

Fanout     Cap    Slew   Delay    Time   Description
-----------------------------------------------------------------------------
                  0.00    0.00    0.00   clock core_clock (rise edge)
                          0.00    0.00   clock network delay (ideal)
                  0.00    0.00    0.00 ^ _2349_/CLK (sky130_fd_sc_hd__dfxtp_4)
     3    0.13    0.17    0.43    0.43 v _2349_/Q (sky130_fd_sc_hd__dfxtp_4)
                                         rf.registers[0][19] (net)
                  0.17    0.01    0.44 v _2069_/A1 (sky130_fd_sc_hd__mux2_8)
     1    0.20    0.16    0.45    0.89 v _2069_/X (sky130_fd_sc_hd__mux2_8)
                                         _0491_ (net)
                  0.39    0.18    1.07 v _2070_/A (sky130_fd_sc_hd__buf_12)
     1    0.17    0.07    0.31    1.38 v _2070_/X (sky130_fd_sc_hd__buf_12)
                                         _0115_ (net)
                  0.26    0.12    1.50 v _2349_/D (sky130_fd_sc_hd__dfxtp_4)
                                  1.50   data arrival time

                  0.00   10.00   10.00   clock core_clock (rise edge)
                          0.00   10.00   clock network delay (ideal)
                          0.00   10.00   clock reconvergence pessimism
                                 10.00 ^ _2349_/CLK (sky130_fd_sc_hd__dfxtp_4)
                         -0.21    9.79   library setup time
                                  9.79   data required time
-----------------------------------------------------------------------------
                                  9.79   data required time
                                 -1.50   data arrival time
-----------------------------------------------------------------------------
                                  8.28   slack (MET)


Startpoint: _2291_ (rising edge-triggered flip-flop clocked by core_clock)
Endpoint: _2291_ (rising edge-triggered flip-flop clocked by core_clock)
Path Group: core_clock
Path Type: max

Fanout     Cap    Slew   Delay    Time   Description
-----------------------------------------------------------------------------
                  0.00    0.00    0.00   clock core_clock (rise edge)
                          0.00    0.00   clock network delay (ideal)
                  0.00    0.00    0.00 ^ _2291_/CLK (sky130_fd_sc_hd__dfxtp_4)
     3    0.24    0.27    0.43    0.43 v _2291_/Q (sky130_fd_sc_hd__dfxtp_4)
                                         rf.registers[3][25] (net)
                  0.49    0.21    0.65 v _2013_/A0 (sky130_fd_sc_hd__mux2_8)
     1    0.07    0.11    0.54    1.19 v _2013_/X (sky130_fd_sc_hd__mux2_8)
                                         _0461_ (net)
                  0.12    0.02    1.21 v _2014_/A (sky130_fd_sc_hd__buf_12)
     1    0.16    0.07    0.19    1.41 v _2014_/X (sky130_fd_sc_hd__buf_12)
                                         _0089_ (net)
                  0.23    0.11    1.51 v _2291_/D (sky130_fd_sc_hd__dfxtp_4)
                                  1.51   data arrival time

                  0.00   10.00   10.00   clock core_clock (rise edge)
                          0.00   10.00   clock network delay (ideal)
                          0.00   10.00   clock reconvergence pessimism
                                 10.00 ^ _2291_/CLK (sky130_fd_sc_hd__dfxtp_4)
                         -0.20    9.80   library setup time
                                  9.80   data required time
-----------------------------------------------------------------------------
                                  9.80   data required time
                                 -1.51   data arrival time
-----------------------------------------------------------------------------
                                  8.28   slack (MET)


Startpoint: _2297_ (rising edge-triggered flip-flop clocked by core_clock)
Endpoint: _2297_ (rising edge-triggered flip-flop clocked by core_clock)
Path Group: core_clock
Path Type: max

Fanout     Cap    Slew   Delay    Time   Description
-----------------------------------------------------------------------------
                  0.00    0.00    0.00   clock core_clock (rise edge)
                          0.00    0.00   clock network delay (ideal)
                  0.00    0.00    0.00 ^ _2297_/CLK (sky130_fd_sc_hd__dfxtp_2)
     2    0.02    0.06    0.33    0.33 v _2297_/Q (sky130_fd_sc_hd__dfxtp_2)
                                         rf.registers[3][31] (net)
                  0.06    0.00    0.33 v wire1352/A (sky130_fd_sc_hd__buf_12)
     2    0.21    0.06    0.16    0.49 v wire1352/X (sky130_fd_sc_hd__buf_12)
                                         net1352 (net)
                  0.35    0.17    0.66 v _2025_/A0 (sky130_fd_sc_hd__mux2_8)
     1    0.08    0.11    0.50    1.15 v _2025_/X (sky130_fd_sc_hd__mux2_8)
                                         _0467_ (net)
                  0.13    0.04    1.19 v _2026_/A (sky130_fd_sc_hd__buf_12)
     1    0.16    0.07    0.20    1.39 v _2026_/X (sky130_fd_sc_hd__buf_12)
                                         _0095_ (net)
                  0.24    0.12    1.51 v _2297_/D (sky130_fd_sc_hd__dfxtp_2)
                                  1.51   data arrival time

                  0.00   10.00   10.00   clock core_clock (rise edge)
                          0.00   10.00   clock network delay (ideal)
                          0.00   10.00   clock reconvergence pessimism
                                 10.00 ^ _2297_/CLK (sky130_fd_sc_hd__dfxtp_2)
                         -0.21    9.79   library setup time
                                  9.79   data required time
-----------------------------------------------------------------------------
                                  9.79   data required time
                                 -1.51   data arrival time
-----------------------------------------------------------------------------
                                  8.28   slack (MET)


Startpoint: _2336_ (rising edge-triggered flip-flop clocked by core_clock)
Endpoint: _2336_ (rising edge-triggered flip-flop clocked by core_clock)
Path Group: core_clock
Path Type: max

Fanout     Cap    Slew   Delay    Time   Description
-----------------------------------------------------------------------------
                  0.00    0.00    0.00   clock core_clock (rise edge)
                          0.00    0.00   clock network delay (ideal)
                  0.00    0.00    0.00 ^ _2336_/CLK (sky130_fd_sc_hd__dfxtp_4)
     3    0.23    0.24    0.42    0.42 v _2336_/Q (sky130_fd_sc_hd__dfxtp_4)
                                         rf.registers[0][6] (net)
                  0.47    0.20    0.62 v _2042_/A1 (sky130_fd_sc_hd__mux2_8)
     1    0.06    0.10    0.53    1.15 v _2042_/X (sky130_fd_sc_hd__mux2_8)
                                         _0477_ (net)
                  0.11    0.02    1.17 v _2043_/A (sky130_fd_sc_hd__buf_12)
     1    0.17    0.07    0.19    1.36 v _2043_/X (sky130_fd_sc_hd__buf_12)
                                         _0102_ (net)
                  0.27    0.13    1.49 v _2336_/D (sky130_fd_sc_hd__dfxtp_4)
                                  1.49   data arrival time

                  0.00   10.00   10.00   clock core_clock (rise edge)
                          0.00   10.00   clock network delay (ideal)
                          0.00   10.00   clock reconvergence pessimism
                                 10.00 ^ _2336_/CLK (sky130_fd_sc_hd__dfxtp_4)
                         -0.22    9.78   library setup time
                                  9.78   data required time
-----------------------------------------------------------------------------
                                  9.78   data required time
                                 -1.49   data arrival time
-----------------------------------------------------------------------------
                                  8.29   slack (MET)


Startpoint: _2342_ (rising edge-triggered flip-flop clocked by core_clock)
Endpoint: _2342_ (rising edge-triggered flip-flop clocked by core_clock)
Path Group: core_clock
Path Type: max

Fanout     Cap    Slew   Delay    Time   Description
-----------------------------------------------------------------------------
                  0.00    0.00    0.00   clock core_clock (rise edge)
                          0.00    0.00   clock network delay (ideal)
                  0.00    0.00    0.00 ^ _2342_/CLK (sky130_fd_sc_hd__dfxtp_4)
     2    0.07    0.11    0.39    0.39 v _2342_/Q (sky130_fd_sc_hd__dfxtp_4)
                                         rf.registers[0][12] (net)
                  0.12    0.03    0.41 v _2055_/A1 (sky130_fd_sc_hd__mux2_8)
     1    0.16    0.14    0.42    0.84 v _2055_/X (sky130_fd_sc_hd__mux2_8)
                                         _0484_ (net)
                  0.29    0.13    0.96 v _2056_/A (sky130_fd_sc_hd__buf_12)
     1    0.21    0.08    0.28    1.24 v _2056_/X (sky130_fd_sc_hd__buf_12)
                                         _0108_ (net)
                  0.40    0.20    1.43 v _2342_/D (sky130_fd_sc_hd__dfxtp_4)
                                  1.43   data arrival time

                  0.00   10.00   10.00   clock core_clock (rise edge)
                          0.00   10.00   clock network delay (ideal)
                          0.00   10.00   clock reconvergence pessimism
                                 10.00 ^ _2342_/CLK (sky130_fd_sc_hd__dfxtp_4)
                         -0.28    9.72   library setup time
                                  9.72   data required time
-----------------------------------------------------------------------------
                                  9.72   data required time
                                 -1.43   data arrival time
-----------------------------------------------------------------------------
                                  8.29   slack (MET)


Startpoint: _2370_ (rising edge-triggered flip-flop clocked by core_clock)
Endpoint: _2370_ (rising edge-triggered flip-flop clocked by core_clock)
Path Group: core_clock
Path Type: max

Fanout     Cap    Slew   Delay    Time   Description
-----------------------------------------------------------------------------
                  0.00    0.00    0.00   clock core_clock (rise edge)
                          0.00    0.00   clock network delay (ideal)
                  0.00    0.00    0.00 ^ _2370_/CLK (sky130_fd_sc_hd__dfxtp_4)
     2    0.16    0.20    0.42    0.42 v _2370_/Q (sky130_fd_sc_hd__dfxtp_4)
                                         rf.registers[1][8] (net)
                  0.23    0.06    0.48 v load_slew1229/A (sky130_fd_sc_hd__buf_12)
     2    0.15    0.06    0.24    0.71 v load_slew1229/X (sky130_fd_sc_hd__buf_12)
                                         net1229 (net)
                  0.19    0.09    0.80 v _2115_/A0 (sky130_fd_sc_hd__mux2_2)
     1    0.02    0.09    0.37    1.17 v _2115_/X (sky130_fd_sc_hd__mux2_2)
                                         _0516_ (net)
                  0.09    0.00    1.17 v _2116_/A (sky130_fd_sc_hd__buf_12)
     1    0.17    0.07    0.18    1.36 v _2116_/X (sky130_fd_sc_hd__buf_12)
                                         _0136_ (net)
                  0.26    0.12    1.48 v _2370_/D (sky130_fd_sc_hd__dfxtp_4)
                                  1.48   data arrival time

                  0.00   10.00   10.00   clock core_clock (rise edge)
                          0.00   10.00   clock network delay (ideal)
                          0.00   10.00   clock reconvergence pessimism
                                 10.00 ^ _2370_/CLK (sky130_fd_sc_hd__dfxtp_4)
                         -0.21    9.79   library setup time
                                  9.79   data required time
-----------------------------------------------------------------------------
                                  9.79   data required time
                                 -1.48   data arrival time
-----------------------------------------------------------------------------
                                  8.31   slack (MET)


Startpoint: _2363_ (rising edge-triggered flip-flop clocked by core_clock)
Endpoint: _2363_ (rising edge-triggered flip-flop clocked by core_clock)
Path Group: core_clock
Path Type: max

Fanout     Cap    Slew   Delay    Time   Description
-----------------------------------------------------------------------------
                  0.00    0.00    0.00   clock core_clock (rise edge)
                          0.00    0.00   clock network delay (ideal)
                  0.00    0.00    0.00 ^ _2363_/CLK (sky130_fd_sc_hd__dfxtp_4)
     2    0.12    0.15    0.41    0.41 v _2363_/Q (sky130_fd_sc_hd__dfxtp_4)
                                         rf.registers[1][1] (net)
                  0.15    0.01    0.42 v max_cap1239/A (sky130_fd_sc_hd__buf_12)
     2    0.17    0.06    0.20    0.62 v max_cap1239/X (sky130_fd_sc_hd__buf_12)
                                         net1239 (net)
                  0.27    0.13    0.75 v _2101_/A0 (sky130_fd_sc_hd__mux2_8)
     1    0.11    0.12    0.48    1.23 v _2101_/X (sky130_fd_sc_hd__mux2_8)
                                         _0509_ (net)
                  0.16    0.06    1.29 v _2102_/A (sky130_fd_sc_hd__buf_4)
     1    0.06    0.09    0.24    1.53 v _2102_/X (sky130_fd_sc_hd__buf_4)
                                         _0129_ (net)
                  0.09    0.02    1.55 v _2363_/D (sky130_fd_sc_hd__dfxtp_4)
                                  1.55   data arrival time

                  0.00   10.00   10.00   clock core_clock (rise edge)
                          0.00   10.00   clock network delay (ideal)
                          0.00   10.00   clock reconvergence pessimism
                                 10.00 ^ _2363_/CLK (sky130_fd_sc_hd__dfxtp_4)
                         -0.14    9.86   library setup time
                                  9.86   data required time
-----------------------------------------------------------------------------
                                  9.86   data required time
                                 -1.55   data arrival time
-----------------------------------------------------------------------------
                                  8.31   slack (MET)


Startpoint: _2368_ (rising edge-triggered flip-flop clocked by core_clock)
Endpoint: _2368_ (rising edge-triggered flip-flop clocked by core_clock)
Path Group: core_clock
Path Type: max

Fanout     Cap    Slew   Delay    Time   Description
-----------------------------------------------------------------------------
                  0.00    0.00    0.00   clock core_clock (rise edge)
                          0.00    0.00   clock network delay (ideal)
                  0.00    0.00    0.00 ^ _2368_/CLK (sky130_fd_sc_hd__dfxtp_4)
     2    0.15    0.19    0.42    0.42 v _2368_/Q (sky130_fd_sc_hd__dfxtp_4)
                                         rf.registers[1][6] (net)
                  0.20    0.03    0.45 v max_cap1230/A (sky130_fd_sc_hd__buf_12)
     2    0.16    0.07    0.23    0.69 v max_cap1230/X (sky130_fd_sc_hd__buf_12)
                                         net1230 (net)
                  0.24    0.12    0.80 v _2111_/A0 (sky130_fd_sc_hd__mux2_8)
     1    0.07    0.11    0.44    1.24 v _2111_/X (sky130_fd_sc_hd__mux2_8)
                                         _0514_ (net)
                  0.12    0.02    1.26 v _2112_/A (sky130_fd_sc_hd__buf_12)
     1    0.12    0.06    0.19    1.45 v _2112_/X (sky130_fd_sc_hd__buf_12)
                                         _0134_ (net)
                  0.15    0.07    1.52 v _2368_/D (sky130_fd_sc_hd__dfxtp_4)
                                  1.52   data arrival time

                  0.00   10.00   10.00   clock core_clock (rise edge)
                          0.00   10.00   clock network delay (ideal)
                          0.00   10.00   clock reconvergence pessimism
                                 10.00 ^ _2368_/CLK (sky130_fd_sc_hd__dfxtp_4)
                         -0.17    9.83   library setup time
                                  9.83   data required time
-----------------------------------------------------------------------------
                                  9.83   data required time
                                 -1.52   data arrival time
-----------------------------------------------------------------------------
                                  8.31   slack (MET)


Startpoint: _2359_ (rising edge-triggered flip-flop clocked by core_clock)
Endpoint: _2359_ (rising edge-triggered flip-flop clocked by core_clock)
Path Group: core_clock
Path Type: max

Fanout     Cap    Slew   Delay    Time   Description
-----------------------------------------------------------------------------
                  0.00    0.00    0.00   clock core_clock (rise edge)
                          0.00    0.00   clock network delay (ideal)
                  0.00    0.00    0.00 ^ _2359_/CLK (sky130_fd_sc_hd__dfxtp_4)
     3    0.25    0.70    0.70    0.70 ^ _2359_/Q (sky130_fd_sc_hd__dfxtp_4)
                                         rf.registers[0][29] (net)
                  0.74    0.12    0.82 ^ _2090_/A1 (sky130_fd_sc_hd__mux2_8)
     1    0.09    0.17    0.40    1.22 ^ _2090_/X (sky130_fd_sc_hd__mux2_8)
                                         _0502_ (net)
                  0.19    0.04    1.26 ^ _2091_/A (sky130_fd_sc_hd__buf_8)
     1    0.09    0.15    0.20    1.47 ^ _2091_/X (sky130_fd_sc_hd__buf_8)
                                         _0125_ (net)
                  0.18    0.05    1.51 ^ _2359_/D (sky130_fd_sc_hd__dfxtp_4)
                                  1.51   data arrival time

                  0.00   10.00   10.00   clock core_clock (rise edge)
                          0.00   10.00   clock network delay (ideal)
                          0.00   10.00   clock reconvergence pessimism
                                 10.00 ^ _2359_/CLK (sky130_fd_sc_hd__dfxtp_4)
                         -0.10    9.90   library setup time
                                  9.90   data required time
-----------------------------------------------------------------------------
                                  9.90   data required time
                                 -1.51   data arrival time
-----------------------------------------------------------------------------
                                  8.39   slack (MET)


Startpoint: _2286_ (rising edge-triggered flip-flop clocked by core_clock)
Endpoint: _2286_ (rising edge-triggered flip-flop clocked by core_clock)
Path Group: core_clock
Path Type: max

Fanout     Cap    Slew   Delay    Time   Description
-----------------------------------------------------------------------------
                  0.00    0.00    0.00   clock core_clock (rise edge)
                          0.00    0.00   clock network delay (ideal)
                  0.00    0.00    0.00 ^ _2286_/CLK (sky130_fd_sc_hd__dfxtp_1)
     1    0.01    0.05    0.30    0.30 v _2286_/Q (sky130_fd_sc_hd__dfxtp_1)
                                         rf.registers[3][20] (net)
                  0.05    0.00    0.30 v wire1366/A (sky130_fd_sc_hd__buf_12)
     3    0.18    0.07    0.15    0.45 v wire1366/X (sky130_fd_sc_hd__buf_12)
                                         net1366 (net)
                  0.23    0.11    0.56 v _2003_/A0 (sky130_fd_sc_hd__mux2_8)
     1    0.14    0.13    0.47    1.03 v _2003_/X (sky130_fd_sc_hd__mux2_8)
                                         _0456_ (net)
                  0.23    0.09    1.12 v _2004_/A (sky130_fd_sc_hd__buf_12)
     1    0.12    0.06    0.24    1.36 v _2004_/X (sky130_fd_sc_hd__buf_12)
                                         _0084_ (net)
                  0.15    0.07    1.43 v _2286_/D (sky130_fd_sc_hd__dfxtp_1)
                                  1.43   data arrival time

                  0.00   10.00   10.00   clock core_clock (rise edge)
                          0.00   10.00   clock network delay (ideal)
                          0.00   10.00   clock reconvergence pessimism
                                 10.00 ^ _2286_/CLK (sky130_fd_sc_hd__dfxtp_1)
                         -0.17    9.83   library setup time
                                  9.83   data required time
-----------------------------------------------------------------------------
                                  9.83   data required time
                                 -1.43   data arrival time
-----------------------------------------------------------------------------
                                  8.40   slack (MET)


Startpoint: _2269_ (rising edge-triggered flip-flop clocked by core_clock)
Endpoint: _2269_ (rising edge-triggered flip-flop clocked by core_clock)
Path Group: core_clock
Path Type: max

Fanout     Cap    Slew   Delay    Time   Description
-----------------------------------------------------------------------------
                  0.00    0.00    0.00   clock core_clock (rise edge)
                          0.00    0.00   clock network delay (ideal)
                  0.00    0.00    0.00 ^ _2269_/CLK (sky130_fd_sc_hd__dfxtp_4)
     3    0.07    0.11    0.39    0.39 v _2269_/Q (sky130_fd_sc_hd__dfxtp_4)
                                         rf.registers[3][3] (net)
                  0.11    0.02    0.41 v _1967_/A0 (sky130_fd_sc_hd__mux2_8)
     1    0.16    0.14    0.42    0.83 v _1967_/X (sky130_fd_sc_hd__mux2_8)
                                         _0437_ (net)
                  0.29    0.12    0.96 v _1968_/A (sky130_fd_sc_hd__buf_12)
     1    0.17    0.07    0.27    1.23 v _1968_/X (sky130_fd_sc_hd__buf_12)
                                         _0067_ (net)
                  0.28    0.13    1.36 v _2269_/D (sky130_fd_sc_hd__dfxtp_4)
                                  1.36   data arrival time

                  0.00   10.00   10.00   clock core_clock (rise edge)
                          0.00   10.00   clock network delay (ideal)
                          0.00   10.00   clock reconvergence pessimism
                                 10.00 ^ _2269_/CLK (sky130_fd_sc_hd__dfxtp_4)
                         -0.22    9.78   library setup time
                                  9.78   data required time
-----------------------------------------------------------------------------
                                  9.78   data required time
                                 -1.36   data arrival time
-----------------------------------------------------------------------------
                                  8.42   slack (MET)


Startpoint: _2367_ (rising edge-triggered flip-flop clocked by core_clock)
Endpoint: _2367_ (rising edge-triggered flip-flop clocked by core_clock)
Path Group: core_clock
Path Type: max

Fanout     Cap    Slew   Delay    Time   Description
-----------------------------------------------------------------------------
                  0.00    0.00    0.00   clock core_clock (rise edge)
                          0.00    0.00   clock network delay (ideal)
                  0.00    0.00    0.00 ^ _2367_/CLK (sky130_fd_sc_hd__dfxtp_4)
     2    0.10    0.13    0.41    0.41 v _2367_/Q (sky130_fd_sc_hd__dfxtp_4)
                                         rf.registers[1][5] (net)
                  0.15    0.04    0.45 v _2109_/A0 (sky130_fd_sc_hd__mux2_8)
     1    0.19    0.15    0.45    0.89 v _2109_/X (sky130_fd_sc_hd__mux2_8)
                                         _0513_ (net)
                  0.38    0.17    1.07 v _2110_/A (sky130_fd_sc_hd__buf_8)
     1    0.11    0.08    0.29    1.36 v _2110_/X (sky130_fd_sc_hd__buf_8)
                                         _0133_ (net)
                  0.14    0.06    1.42 v _2367_/D (sky130_fd_sc_hd__dfxtp_4)
                                  1.42   data arrival time

                  0.00   10.00   10.00   clock core_clock (rise edge)
                          0.00   10.00   clock network delay (ideal)
                          0.00   10.00   clock reconvergence pessimism
                                 10.00 ^ _2367_/CLK (sky130_fd_sc_hd__dfxtp_4)
                         -0.16    9.84   library setup time
                                  9.84   data required time
-----------------------------------------------------------------------------
                                  9.84   data required time
                                 -1.42   data arrival time
-----------------------------------------------------------------------------
                                  8.42   slack (MET)


Startpoint: _2410_ (rising edge-triggered flip-flop clocked by core_clock)
Endpoint: _2410_ (rising edge-triggered flip-flop clocked by core_clock)
Path Group: core_clock
Path Type: max

Fanout     Cap    Slew   Delay    Time   Description
-----------------------------------------------------------------------------
                  0.00    0.00    0.00   clock core_clock (rise edge)
                          0.00    0.00   clock network delay (ideal)
                  0.00    0.00    0.00 ^ _2410_/CLK (sky130_fd_sc_hd__dfxtp_4)
     3    0.23    0.63    0.67    0.67 ^ _2410_/Q (sky130_fd_sc_hd__dfxtp_4)
                                         rf.registers[2][16] (net)
                  0.63    0.01    0.67 ^ _2201_/A0 (sky130_fd_sc_hd__mux2_8)
     1    0.13    0.22    0.42    1.09 ^ _2201_/X (sky130_fd_sc_hd__mux2_8)
                                         _0562_ (net)
                  0.29    0.09    1.18 ^ _2202_/A (sky130_fd_sc_hd__buf_12)
     1    0.12    0.13    0.21    1.39 ^ _2202_/X (sky130_fd_sc_hd__buf_12)
                                         _0176_ (net)
                  0.19    0.07    1.47 ^ _2410_/D (sky130_fd_sc_hd__dfxtp_4)
                                  1.47   data arrival time

                  0.00   10.00   10.00   clock core_clock (rise edge)
                          0.00   10.00   clock network delay (ideal)
                          0.00   10.00   clock reconvergence pessimism
                                 10.00 ^ _2410_/CLK (sky130_fd_sc_hd__dfxtp_4)
                         -0.10    9.90   library setup time
                                  9.90   data required time
-----------------------------------------------------------------------------
                                  9.90   data required time
                                 -1.47   data arrival time
-----------------------------------------------------------------------------
                                  8.43   slack (MET)


Startpoint: _2400_ (rising edge-triggered flip-flop clocked by core_clock)
Endpoint: _2400_ (rising edge-triggered flip-flop clocked by core_clock)
Path Group: core_clock
Path Type: max

Fanout     Cap    Slew   Delay    Time   Description
-----------------------------------------------------------------------------
                  0.00    0.00    0.00   clock core_clock (rise edge)
                          0.00    0.00   clock network delay (ideal)
                  0.00    0.00    0.00 ^ _2400_/CLK (sky130_fd_sc_hd__dfxtp_4)
     3    0.16    0.20    0.42    0.42 v _2400_/Q (sky130_fd_sc_hd__dfxtp_4)
                                         rf.registers[2][6] (net)
                  0.26    0.09    0.50 v _2180_/A0 (sky130_fd_sc_hd__mux2_8)
     1    0.12    0.13    0.47    0.98 v _2180_/X (sky130_fd_sc_hd__mux2_8)
                                         _0551_ (net)
                  0.18    0.07    1.04 v _2181_/A (sky130_fd_sc_hd__buf_12)
     1    0.15    0.06    0.22    1.26 v _2181_/X (sky130_fd_sc_hd__buf_12)
                                         _0166_ (net)
                  0.21    0.10    1.36 v _2400_/D (sky130_fd_sc_hd__dfxtp_4)
                                  1.36   data arrival time

                  0.00   10.00   10.00   clock core_clock (rise edge)
                          0.00   10.00   clock network delay (ideal)
                          0.00   10.00   clock reconvergence pessimism
                                 10.00 ^ _2400_/CLK (sky130_fd_sc_hd__dfxtp_4)
                         -0.19    9.81   library setup time
                                  9.81   data required time
-----------------------------------------------------------------------------
                                  9.81   data required time
                                 -1.36   data arrival time
-----------------------------------------------------------------------------
                                  8.44   slack (MET)


Startpoint: _2294_ (rising edge-triggered flip-flop clocked by core_clock)
Endpoint: _2294_ (rising edge-triggered flip-flop clocked by core_clock)
Path Group: core_clock
Path Type: max

Fanout     Cap    Slew   Delay    Time   Description
-----------------------------------------------------------------------------
                  0.00    0.00    0.00   clock core_clock (rise edge)
                          0.00    0.00   clock network delay (ideal)
                  0.00    0.00    0.00 ^ _2294_/CLK (sky130_fd_sc_hd__dfxtp_1)
     1    0.01    0.05    0.30    0.30 v _2294_/Q (sky130_fd_sc_hd__dfxtp_1)
                                         rf.registers[3][28] (net)
                  0.05    0.00    0.30 v wire1357/A (sky130_fd_sc_hd__buf_12)
     3    0.20    0.06    0.15    0.46 v wire1357/X (sky130_fd_sc_hd__buf_12)
                                         net1357 (net)
                  0.30    0.14    0.60 v _2019_/A0 (sky130_fd_sc_hd__mux2_8)
     1    0.06    0.10    0.46    1.06 v _2019_/X (sky130_fd_sc_hd__mux2_8)
                                         _0464_ (net)
                  0.11    0.02    1.08 v _2020_/A (sky130_fd_sc_hd__buf_12)
     1    0.14    0.06    0.19    1.26 v _2020_/X (sky130_fd_sc_hd__buf_12)
                                         _0092_ (net)
                  0.20    0.09    1.36 v _2294_/D (sky130_fd_sc_hd__dfxtp_1)
                                  1.36   data arrival time

                  0.00   10.00   10.00   clock core_clock (rise edge)
                          0.00   10.00   clock network delay (ideal)
                          0.00   10.00   clock reconvergence pessimism
                                 10.00 ^ _2294_/CLK (sky130_fd_sc_hd__dfxtp_1)
                         -0.19    9.81   library setup time
                                  9.81   data required time
-----------------------------------------------------------------------------
                                  9.81   data required time
                                 -1.36   data arrival time
-----------------------------------------------------------------------------
                                  8.45   slack (MET)


Startpoint: _2374_ (rising edge-triggered flip-flop clocked by core_clock)
Endpoint: _2374_ (rising edge-triggered flip-flop clocked by core_clock)
Path Group: core_clock
Path Type: max

Fanout     Cap    Slew   Delay    Time   Description
-----------------------------------------------------------------------------
                  0.00    0.00    0.00   clock core_clock (rise edge)
                          0.00    0.00   clock network delay (ideal)
                  0.00    0.00    0.00 ^ _2374_/CLK (sky130_fd_sc_hd__dfxtp_1)
     1    0.01    0.05    0.30    0.30 v _2374_/Q (sky130_fd_sc_hd__dfxtp_1)
                                         rf.registers[1][12] (net)
                  0.05    0.00    0.30 v wire1224/A (sky130_fd_sc_hd__buf_12)
     2    0.19    0.06    0.15    0.45 v wire1224/X (sky130_fd_sc_hd__buf_12)
                                         net1224 (net)
                  0.31    0.15    0.61 v _2124_/A0 (sky130_fd_sc_hd__mux2_8)
     1    0.06    0.11    0.47    1.07 v _2124_/X (sky130_fd_sc_hd__mux2_8)
                                         _0521_ (net)
                  0.11    0.02    1.10 v _2125_/A (sky130_fd_sc_hd__clkbuf_16)
     1    0.12    0.07    0.21    1.31 v _2125_/X (sky130_fd_sc_hd__clkbuf_16)
                                         _0140_ (net)
                  0.14    0.06    1.38 v _2374_/D (sky130_fd_sc_hd__dfxtp_1)
                                  1.38   data arrival time

                  0.00   10.00   10.00   clock core_clock (rise edge)
                          0.00   10.00   clock network delay (ideal)
                          0.00   10.00   clock reconvergence pessimism
                                 10.00 ^ _2374_/CLK (sky130_fd_sc_hd__dfxtp_1)
                         -0.16    9.84   library setup time
                                  9.84   data required time
-----------------------------------------------------------------------------
                                  9.84   data required time
                                 -1.38   data arrival time
-----------------------------------------------------------------------------
                                  8.46   slack (MET)


Startpoint: _2385_ (rising edge-triggered flip-flop clocked by core_clock)
Endpoint: _2385_ (rising edge-triggered flip-flop clocked by core_clock)
Path Group: core_clock
Path Type: max

Fanout     Cap    Slew   Delay    Time   Description
-----------------------------------------------------------------------------
                  0.00    0.00    0.00   clock core_clock (rise edge)
                          0.00    0.00   clock network delay (ideal)
                  0.00    0.00    0.00 ^ _2385_/CLK (sky130_fd_sc_hd__dfxtp_4)
     3    0.22    0.61    0.64    0.64 ^ _2385_/Q (sky130_fd_sc_hd__dfxtp_4)
                                         rf.registers[1][23] (net)
                  0.63    0.08    0.72 ^ _2147_/A0 (sky130_fd_sc_hd__mux2_8)
     1    0.07    0.14    0.36    1.08 ^ _2147_/X (sky130_fd_sc_hd__mux2_8)
                                         _0533_ (net)
                  0.15    0.03    1.11 ^ _2148_/A (sky130_fd_sc_hd__clkbuf_16)
     1    0.13    0.13    0.22    1.33 ^ _2148_/X (sky130_fd_sc_hd__clkbuf_16)
                                         _0151_ (net)
                  0.21    0.09    1.41 ^ _2385_/D (sky130_fd_sc_hd__dfxtp_4)
                                  1.41   data arrival time

                  0.00   10.00   10.00   clock core_clock (rise edge)
                          0.00   10.00   clock network delay (ideal)
                          0.00   10.00   clock reconvergence pessimism
                                 10.00 ^ _2385_/CLK (sky130_fd_sc_hd__dfxtp_4)
                         -0.11    9.89   library setup time
                                  9.89   data required time
-----------------------------------------------------------------------------
                                  9.89   data required time
                                 -1.41   data arrival time
-----------------------------------------------------------------------------
                                  8.48   slack (MET)


Startpoint: _2420_ (rising edge-triggered flip-flop clocked by core_clock)
Endpoint: _2420_ (rising edge-triggered flip-flop clocked by core_clock)
Path Group: core_clock
Path Type: max

Fanout     Cap    Slew   Delay    Time   Description
-----------------------------------------------------------------------------
                  0.00    0.00    0.00   clock core_clock (rise edge)
                          0.00    0.00   clock network delay (ideal)
                  0.00    0.00    0.00 ^ _2420_/CLK (sky130_fd_sc_hd__dfxtp_4)
     3    0.17    0.20    0.42    0.42 v _2420_/Q (sky130_fd_sc_hd__dfxtp_4)
                                         rf.registers[2][26] (net)
                  0.35    0.14    0.56 v _2222_/A0 (sky130_fd_sc_hd__mux2_8)
     1    0.09    0.11    0.50    1.06 v _2222_/X (sky130_fd_sc_hd__mux2_8)
                                         _0573_ (net)
                  0.13    0.04    1.10 v _2223_/A (sky130_fd_sc_hd__buf_8)
     1    0.10    0.07    0.20    1.30 v _2223_/X (sky130_fd_sc_hd__buf_8)
                                         _0186_ (net)
                  0.12    0.05    1.35 v _2420_/D (sky130_fd_sc_hd__dfxtp_4)
                                  1.35   data arrival time

                  0.00   10.00   10.00   clock core_clock (rise edge)
                          0.00   10.00   clock network delay (ideal)
                          0.00   10.00   clock reconvergence pessimism
                                 10.00 ^ _2420_/CLK (sky130_fd_sc_hd__dfxtp_4)
                         -0.16    9.84   library setup time
                                  9.84   data required time
-----------------------------------------------------------------------------
                                  9.84   data required time
                                 -1.35   data arrival time
-----------------------------------------------------------------------------
                                  8.50   slack (MET)


Startpoint: _2417_ (rising edge-triggered flip-flop clocked by core_clock)
Endpoint: _2417_ (rising edge-triggered flip-flop clocked by core_clock)
Path Group: core_clock
Path Type: max

Fanout     Cap    Slew   Delay    Time   Description
-----------------------------------------------------------------------------
                  0.00    0.00    0.00   clock core_clock (rise edge)
                          0.00    0.00   clock network delay (ideal)
                  0.00    0.00    0.00 ^ _2417_/CLK (sky130_fd_sc_hd__dfxtp_4)
     2    0.13    0.16    0.42    0.42 v _2417_/Q (sky130_fd_sc_hd__dfxtp_4)
                                         rf.registers[2][23] (net)
                  0.24    0.09    0.50 v _2216_/A0 (sky130_fd_sc_hd__mux2_8)
     1    0.10    0.12    0.46    0.96 v _2216_/X (sky130_fd_sc_hd__mux2_8)
                                         _0570_ (net)
                  0.16    0.06    1.02 v _2217_/A (sky130_fd_sc_hd__buf_12)
     1    0.14    0.06    0.21    1.23 v _2217_/X (sky130_fd_sc_hd__buf_12)
                                         _0183_ (net)
                  0.19    0.09    1.32 v _2417_/D (sky130_fd_sc_hd__dfxtp_4)
                                  1.32   data arrival time

                  0.00   10.00   10.00   clock core_clock (rise edge)
                          0.00   10.00   clock network delay (ideal)
                          0.00   10.00   clock reconvergence pessimism
                                 10.00 ^ _2417_/CLK (sky130_fd_sc_hd__dfxtp_4)
                         -0.19    9.81   library setup time
                                  9.81   data required time
-----------------------------------------------------------------------------
                                  9.81   data required time
                                 -1.32   data arrival time
-----------------------------------------------------------------------------
                                  8.50   slack (MET)


Startpoint: _2414_ (rising edge-triggered flip-flop clocked by core_clock)
Endpoint: _2414_ (rising edge-triggered flip-flop clocked by core_clock)
Path Group: core_clock
Path Type: max

Fanout     Cap    Slew   Delay    Time   Description
-----------------------------------------------------------------------------
                  0.00    0.00    0.00   clock core_clock (rise edge)
                          0.00    0.00   clock network delay (ideal)
                  0.00    0.00    0.00 ^ _2414_/CLK (sky130_fd_sc_hd__dfxtp_4)
     3    0.15    0.19    0.41    0.41 v _2414_/Q (sky130_fd_sc_hd__dfxtp_4)
                                         rf.registers[2][20] (net)
                  0.25    0.08    0.50 v _2210_/A0 (sky130_fd_sc_hd__mux2_8)
     1    0.14    0.13    0.48    0.97 v _2210_/X (sky130_fd_sc_hd__mux2_8)
                                         _0567_ (net)
                  0.23    0.09    1.07 v _2211_/A (sky130_fd_sc_hd__buf_4)
     1    0.05    0.08    0.26    1.33 v _2211_/X (sky130_fd_sc_hd__buf_4)
                                         _0180_ (net)
                  0.08    0.01    1.34 v _2414_/D (sky130_fd_sc_hd__dfxtp_4)
                                  1.34   data arrival time

                  0.00   10.00   10.00   clock core_clock (rise edge)
                          0.00   10.00   clock network delay (ideal)
                          0.00   10.00   clock reconvergence pessimism
                                 10.00 ^ _2414_/CLK (sky130_fd_sc_hd__dfxtp_4)
                         -0.14    9.86   library setup time
                                  9.86   data required time
-----------------------------------------------------------------------------
                                  9.86   data required time
                                 -1.34   data arrival time
-----------------------------------------------------------------------------
                                  8.52   slack (MET)


Startpoint: _2289_ (rising edge-triggered flip-flop clocked by core_clock)
Endpoint: _2289_ (rising edge-triggered flip-flop clocked by core_clock)
Path Group: core_clock
Path Type: max

Fanout     Cap    Slew   Delay    Time   Description
-----------------------------------------------------------------------------
                  0.00    0.00    0.00   clock core_clock (rise edge)
                          0.00    0.00   clock network delay (ideal)
                  0.00    0.00    0.00 ^ _2289_/CLK (sky130_fd_sc_hd__dfxtp_4)
     3    0.20    0.55    0.59    0.59 ^ _2289_/Q (sky130_fd_sc_hd__dfxtp_4)
                                         rf.registers[3][23] (net)
                  0.62    0.14    0.74 ^ _2009_/A0 (sky130_fd_sc_hd__mux2_8)
     1    0.08    0.16    0.38    1.12 ^ _2009_/X (sky130_fd_sc_hd__mux2_8)
                                         _0459_ (net)
                  0.17    0.04    1.16 ^ _2010_/A (sky130_fd_sc_hd__buf_2)
     1    0.03    0.15    0.22    1.38 ^ _2010_/X (sky130_fd_sc_hd__buf_2)
                                         _0087_ (net)
                  0.15    0.00    1.38 ^ _2289_/D (sky130_fd_sc_hd__dfxtp_4)
                                  1.38   data arrival time

                  0.00   10.00   10.00   clock core_clock (rise edge)
                          0.00   10.00   clock network delay (ideal)
                          0.00   10.00   clock reconvergence pessimism
                                 10.00 ^ _2289_/CLK (sky130_fd_sc_hd__dfxtp_4)
                         -0.09    9.91   library setup time
                                  9.91   data required time
-----------------------------------------------------------------------------
                                  9.91   data required time
                                 -1.38   data arrival time
-----------------------------------------------------------------------------
                                  8.53   slack (MET)


Startpoint: _2274_ (rising edge-triggered flip-flop clocked by core_clock)
Endpoint: _2274_ (rising edge-triggered flip-flop clocked by core_clock)
Path Group: core_clock
Path Type: max

Fanout     Cap    Slew   Delay    Time   Description
-----------------------------------------------------------------------------
                  0.00    0.00    0.00   clock core_clock (rise edge)
                          0.00    0.00   clock network delay (ideal)
                  0.00    0.00    0.00 ^ _2274_/CLK (sky130_fd_sc_hd__dfxtp_4)
     3    0.10    0.14    0.40    0.40 v _2274_/Q (sky130_fd_sc_hd__dfxtp_4)
                                         rf.registers[3][8] (net)
                  0.16    0.04    0.44 v _1977_/A0 (sky130_fd_sc_hd__mux2_8)
     1    0.09    0.12    0.42    0.87 v _1977_/X (sky130_fd_sc_hd__mux2_8)
                                         _0442_ (net)
                  0.14    0.05    0.91 v _1978_/A (sky130_fd_sc_hd__buf_12)
     1    0.17    0.07    0.21    1.12 v _1978_/X (sky130_fd_sc_hd__buf_12)
                                         _0072_ (net)
                  0.27    0.13    1.25 v _2274_/D (sky130_fd_sc_hd__dfxtp_4)
                                  1.25   data arrival time

                  0.00   10.00   10.00   clock core_clock (rise edge)
                          0.00   10.00   clock network delay (ideal)
                          0.00   10.00   clock reconvergence pessimism
                                 10.00 ^ _2274_/CLK (sky130_fd_sc_hd__dfxtp_4)
                         -0.22    9.78   library setup time
                                  9.78   data required time
-----------------------------------------------------------------------------
                                  9.78   data required time
                                 -1.25   data arrival time
-----------------------------------------------------------------------------
                                  8.53   slack (MET)


Startpoint: _2280_ (rising edge-triggered flip-flop clocked by core_clock)
Endpoint: _2280_ (rising edge-triggered flip-flop clocked by core_clock)
Path Group: core_clock
Path Type: max

Fanout     Cap    Slew   Delay    Time   Description
-----------------------------------------------------------------------------
                  0.00    0.00    0.00   clock core_clock (rise edge)
                          0.00    0.00   clock network delay (ideal)
                  0.00    0.00    0.00 ^ _2280_/CLK (sky130_fd_sc_hd__dfxtp_4)
     3    0.10    0.14    0.40    0.40 v _2280_/Q (sky130_fd_sc_hd__dfxtp_4)
                                         rf.registers[3][14] (net)
                  0.14    0.00    0.41 v load_slew1377/A (sky130_fd_sc_hd__buf_12)
     1    0.10    0.05    0.19    0.60 v load_slew1377/X (sky130_fd_sc_hd__buf_12)
                                         net1377 (net)
                  0.10    0.04    0.64 v _1990_/A0 (sky130_fd_sc_hd__mux2_8)
     1    0.08    0.11    0.39    1.03 v _1990_/X (sky130_fd_sc_hd__mux2_8)
                                         _0449_ (net)
                  0.12    0.03    1.07 v _1991_/A (sky130_fd_sc_hd__buf_8)
     1    0.09    0.07    0.19    1.26 v _1991_/X (sky130_fd_sc_hd__buf_8)
                                         _0078_ (net)
                  0.10    0.04    1.30 v _2280_/D (sky130_fd_sc_hd__dfxtp_4)
                                  1.30   data arrival time

                  0.00   10.00   10.00   clock core_clock (rise edge)
                          0.00   10.00   clock network delay (ideal)
                          0.00   10.00   clock reconvergence pessimism
                                 10.00 ^ _2280_/CLK (sky130_fd_sc_hd__dfxtp_4)
                         -0.15    9.85   library setup time
                                  9.85   data required time
-----------------------------------------------------------------------------
                                  9.85   data required time
                                 -1.30   data arrival time
-----------------------------------------------------------------------------
                                  8.56   slack (MET)


Startpoint: _2377_ (rising edge-triggered flip-flop clocked by core_clock)
Endpoint: _2377_ (rising edge-triggered flip-flop clocked by core_clock)
Path Group: core_clock
Path Type: max

Fanout     Cap    Slew   Delay    Time   Description
-----------------------------------------------------------------------------
                  0.00    0.00    0.00   clock core_clock (rise edge)
                          0.00    0.00   clock network delay (ideal)
                  0.00    0.00    0.00 ^ _2377_/CLK (sky130_fd_sc_hd__dfxtp_4)
     2    0.04    0.07    0.36    0.36 v _2377_/Q (sky130_fd_sc_hd__dfxtp_4)
                                         rf.registers[1][15] (net)
                  0.07    0.00    0.36 v _2130_/A0 (sky130_fd_sc_hd__mux2_8)
     1    0.16    0.14    0.41    0.77 v _2130_/X (sky130_fd_sc_hd__mux2_8)
                                         _0524_ (net)
                  0.28    0.12    0.89 v _2131_/A (sky130_fd_sc_hd__clkbuf_16)
     1    0.13    0.08    0.29    1.19 v _2131_/X (sky130_fd_sc_hd__clkbuf_16)
                                         _0143_ (net)
                  0.17    0.08    1.26 v _2377_/D (sky130_fd_sc_hd__dfxtp_4)
                                  1.26   data arrival time

                  0.00   10.00   10.00   clock core_clock (rise edge)
                          0.00   10.00   clock network delay (ideal)
                          0.00   10.00   clock reconvergence pessimism
                                 10.00 ^ _2377_/CLK (sky130_fd_sc_hd__dfxtp_4)
                         -0.18    9.82   library setup time
                                  9.82   data required time
-----------------------------------------------------------------------------
                                  9.82   data required time
                                 -1.26   data arrival time
-----------------------------------------------------------------------------
                                  8.56   slack (MET)


Startpoint: _2292_ (rising edge-triggered flip-flop clocked by core_clock)
Endpoint: _2292_ (rising edge-triggered flip-flop clocked by core_clock)
Path Group: core_clock
Path Type: max

Fanout     Cap    Slew   Delay    Time   Description
-----------------------------------------------------------------------------
                  0.00    0.00    0.00   clock core_clock (rise edge)
                          0.00    0.00   clock network delay (ideal)
                  0.00    0.00    0.00 ^ _2292_/CLK (sky130_fd_sc_hd__dfxtp_4)
     3    0.21    0.60    0.64    0.64 ^ _2292_/Q (sky130_fd_sc_hd__dfxtp_4)
                                         rf.registers[3][26] (net)
                  0.62    0.09    0.73 ^ _2015_/A0 (sky130_fd_sc_hd__mux2_8)
     1    0.07    0.14    0.36    1.10 ^ _2015_/X (sky130_fd_sc_hd__mux2_8)
                                         _0462_ (net)
                  0.15    0.03    1.12 ^ _2016_/A (sky130_fd_sc_hd__buf_4)
     1    0.05    0.14    0.21    1.34 ^ _2016_/X (sky130_fd_sc_hd__buf_4)
                                         _0090_ (net)
                  0.14    0.01    1.35 ^ _2292_/D (sky130_fd_sc_hd__dfxtp_4)
                                  1.35   data arrival time

                  0.00   10.00   10.00   clock core_clock (rise edge)
                          0.00   10.00   clock network delay (ideal)
                          0.00   10.00   clock reconvergence pessimism
                                 10.00 ^ _2292_/CLK (sky130_fd_sc_hd__dfxtp_4)
                         -0.09    9.91   library setup time
                                  9.91   data required time
-----------------------------------------------------------------------------
                                  9.91   data required time
                                 -1.35   data arrival time
-----------------------------------------------------------------------------
                                  8.56   slack (MET)


Startpoint: _2337_ (rising edge-triggered flip-flop clocked by core_clock)
Endpoint: _2337_ (rising edge-triggered flip-flop clocked by core_clock)
Path Group: core_clock
Path Type: max

Fanout     Cap    Slew   Delay    Time   Description
-----------------------------------------------------------------------------
                  0.00    0.00    0.00   clock core_clock (rise edge)
                          0.00    0.00   clock network delay (ideal)
                  0.00    0.00    0.00 ^ _2337_/CLK (sky130_fd_sc_hd__dfxtp_4)
     3    0.22    0.61    0.67    0.67 ^ _2337_/Q (sky130_fd_sc_hd__dfxtp_4)
                                         rf.registers[0][7] (net)
                  0.61    0.04    0.70 ^ _2044_/A1 (sky130_fd_sc_hd__mux2_4)
     1    0.05    0.15    0.36    1.06 ^ _2044_/X (sky130_fd_sc_hd__mux2_4)
                                         _0478_ (net)
                  0.15    0.01    1.07 ^ _2045_/A (sky130_fd_sc_hd__buf_4)
     1    0.05    0.15    0.22    1.29 ^ _2045_/X (sky130_fd_sc_hd__buf_4)
                                         _0103_ (net)
                  0.15    0.01    1.31 ^ _2337_/D (sky130_fd_sc_hd__dfxtp_4)
                                  1.31   data arrival time

                  0.00   10.00   10.00   clock core_clock (rise edge)
                          0.00   10.00   clock network delay (ideal)
                          0.00   10.00   clock reconvergence pessimism
                                 10.00 ^ _2337_/CLK (sky130_fd_sc_hd__dfxtp_4)
                         -0.09    9.91   library setup time
                                  9.91   data required time
-----------------------------------------------------------------------------
                                  9.91   data required time
                                 -1.31   data arrival time
-----------------------------------------------------------------------------
                                  8.60   slack (MET)


Startpoint: _2424_ (rising edge-triggered flip-flop clocked by core_clock)
Endpoint: _2424_ (rising edge-triggered flip-flop clocked by core_clock)
Path Group: core_clock
Path Type: max

Fanout     Cap    Slew   Delay    Time   Description
-----------------------------------------------------------------------------
                  0.00    0.00    0.00   clock core_clock (rise edge)
                          0.00    0.00   clock network delay (ideal)
                  0.00    0.00    0.00 ^ _2424_/CLK (sky130_fd_sc_hd__dfxtp_4)
     2    0.10    0.14    0.40    0.40 v _2424_/Q (sky130_fd_sc_hd__dfxtp_4)
                                         rf.registers[2][30] (net)
                  0.17    0.05    0.45 v _2230_/A0 (sky130_fd_sc_hd__mux2_8)
     1    0.10    0.12    0.43    0.87 v _2230_/X (sky130_fd_sc_hd__mux2_8)
                                         _0577_ (net)
                  0.15    0.05    0.92 v _2231_/A (sky130_fd_sc_hd__buf_8)
     1    0.11    0.07    0.21    1.13 v _2231_/X (sky130_fd_sc_hd__buf_8)
                                         _0190_ (net)
                  0.14    0.06    1.19 v _2424_/D (sky130_fd_sc_hd__dfxtp_4)
                                  1.19   data arrival time

                  0.00   10.00   10.00   clock core_clock (rise edge)
                          0.00   10.00   clock network delay (ideal)
                          0.00   10.00   clock reconvergence pessimism
                                 10.00 ^ _2424_/CLK (sky130_fd_sc_hd__dfxtp_4)
                         -0.16    9.84   library setup time
                                  9.84   data required time
-----------------------------------------------------------------------------
                                  9.84   data required time
                                 -1.19   data arrival time
-----------------------------------------------------------------------------
                                  8.65   slack (MET)


Startpoint: _2412_ (rising edge-triggered flip-flop clocked by core_clock)
Endpoint: _2412_ (rising edge-triggered flip-flop clocked by core_clock)
Path Group: core_clock
Path Type: max

Fanout     Cap    Slew   Delay    Time   Description
-----------------------------------------------------------------------------
                  0.00    0.00    0.00   clock core_clock (rise edge)
                          0.00    0.00   clock network delay (ideal)
                  0.00    0.00    0.00 ^ _2412_/CLK (sky130_fd_sc_hd__dfxtp_4)
     2    0.07    0.10    0.39    0.39 v _2412_/Q (sky130_fd_sc_hd__dfxtp_4)
                                         rf.registers[2][18] (net)
                  0.11    0.02    0.41 v _2205_/A0 (sky130_fd_sc_hd__mux2_8)
     1    0.09    0.11    0.40    0.81 v _2205_/X (sky130_fd_sc_hd__mux2_8)
                                         _0564_ (net)
                  0.14    0.04    0.85 v _2206_/A (sky130_fd_sc_hd__clkbuf_4)
     1    0.04    0.09    0.23    1.09 v _2206_/X (sky130_fd_sc_hd__clkbuf_4)
                                         _0178_ (net)
                  0.09    0.01    1.10 v _2412_/D (sky130_fd_sc_hd__dfxtp_4)
                                  1.10   data arrival time

                  0.00   10.00   10.00   clock core_clock (rise edge)
                          0.00   10.00   clock network delay (ideal)
                          0.00   10.00   clock reconvergence pessimism
                                 10.00 ^ _2412_/CLK (sky130_fd_sc_hd__dfxtp_4)
                         -0.14    9.86   library setup time
                                  9.86   data required time
-----------------------------------------------------------------------------
                                  9.86   data required time
                                 -1.10   data arrival time
-----------------------------------------------------------------------------
                                  8.76   slack (MET)


Startpoint: _2405_ (rising edge-triggered flip-flop clocked by core_clock)
Endpoint: _2405_ (rising edge-triggered flip-flop clocked by core_clock)
Path Group: core_clock
Path Type: max

Fanout     Cap    Slew   Delay    Time   Description
-----------------------------------------------------------------------------
                  0.00    0.00    0.00   clock core_clock (rise edge)
                          0.00    0.00   clock network delay (ideal)
                  0.00    0.00    0.00 ^ _2405_/CLK (sky130_fd_sc_hd__dfxtp_4)
     3    0.08    0.11    0.39    0.39 v _2405_/Q (sky130_fd_sc_hd__dfxtp_4)
                                         rf.registers[2][11] (net)
                  0.12    0.02    0.41 v _2191_/A0 (sky130_fd_sc_hd__mux2_8)
     1    0.06    0.10    0.38    0.79 v _2191_/X (sky130_fd_sc_hd__mux2_8)
                                         _0557_ (net)
                  0.10    0.02    0.81 v _2192_/A (sky130_fd_sc_hd__clkbuf_8)
     1    0.07    0.08    0.20    1.02 v _2192_/X (sky130_fd_sc_hd__clkbuf_8)
                                         _0171_ (net)
                  0.10    0.02    1.04 v _2405_/D (sky130_fd_sc_hd__dfxtp_4)
                                  1.04   data arrival time

                  0.00   10.00   10.00   clock core_clock (rise edge)
                          0.00   10.00   clock network delay (ideal)
                          0.00   10.00   clock reconvergence pessimism
                                 10.00 ^ _2405_/CLK (sky130_fd_sc_hd__dfxtp_4)
                         -0.14    9.86   library setup time
                                  9.86   data required time
-----------------------------------------------------------------------------
                                  9.86   data required time
                                 -1.04   data arrival time
-----------------------------------------------------------------------------
                                  8.82   slack (MET)


Startpoint: _2396_ (rising edge-triggered flip-flop clocked by core_clock)
Endpoint: _2396_ (rising edge-triggered flip-flop clocked by core_clock)
Path Group: core_clock
Path Type: max

Fanout     Cap    Slew   Delay    Time   Description
-----------------------------------------------------------------------------
                  0.00    0.00    0.00   clock core_clock (rise edge)
                          0.00    0.00   clock network delay (ideal)
                  0.00    0.00    0.00 ^ _2396_/CLK (sky130_fd_sc_hd__dfxtp_4)
     2    0.06    0.10    0.38    0.38 v _2396_/Q (sky130_fd_sc_hd__dfxtp_4)
                                         rf.registers[2][2] (net)
                  0.10    0.01    0.39 v _2172_/A0 (sky130_fd_sc_hd__mux2_4)
     1    0.04    0.11    0.36    0.75 v _2172_/X (sky130_fd_sc_hd__mux2_4)
                                         _0547_ (net)
                  0.11    0.01    0.76 v _2173_/A (sky130_fd_sc_hd__clkbuf_4)
     1    0.05    0.10    0.23    0.98 v _2173_/X (sky130_fd_sc_hd__clkbuf_4)
                                         _0162_ (net)
                  0.10    0.01    1.00 v _2396_/D (sky130_fd_sc_hd__dfxtp_4)
                                  1.00   data arrival time

                  0.00   10.00   10.00   clock core_clock (rise edge)
                          0.00   10.00   clock network delay (ideal)
                          0.00   10.00   clock reconvergence pessimism
                                 10.00 ^ _2396_/CLK (sky130_fd_sc_hd__dfxtp_4)
                         -0.15    9.85   library setup time
                                  9.85   data required time
-----------------------------------------------------------------------------
                                  9.85   data required time
                                 -1.00   data arrival time
-----------------------------------------------------------------------------
                                  8.86   slack (MET)



worst slack corner Typical: 6.3894
max_report_end
checks_report

===========================================================================
report_checks -unconstrained
===========================================================================
======================= Typical Corner ===================================

Startpoint: _2294_ (rising edge-triggered flip-flop clocked by core_clock)
Endpoint: _2262_ (rising edge-triggered flip-flop clocked by core_clock)
Path Group: core_clock
Path Type: max

Fanout     Cap    Slew   Delay    Time   Description
-----------------------------------------------------------------------------
                  0.00    0.00    0.00   clock core_clock (rise edge)
                          0.00    0.00   clock network delay (ideal)
                  0.00    0.00    0.00 ^ _2294_/CLK (sky130_fd_sc_hd__dfxtp_1)
     1    0.01    0.05    0.30    0.30 v _2294_/Q (sky130_fd_sc_hd__dfxtp_1)
                                         rf.registers[3][28] (net)
                  0.05    0.00    0.30 v wire1357/A (sky130_fd_sc_hd__buf_12)
     3    0.20    0.06    0.15    0.46 v wire1357/X (sky130_fd_sc_hd__buf_12)
                                         net1357 (net)
                  0.33    0.16    0.61 v wire1356/A (sky130_fd_sc_hd__buf_12)
     1    0.18    0.07    0.29    0.90 v wire1356/X (sky130_fd_sc_hd__buf_12)
                                         net1356 (net)
                  0.31    0.15    1.05 v _1881_/A3 (sky130_fd_sc_hd__mux4_2)
     1    0.14    0.38    0.87    1.92 v _1881_/X (sky130_fd_sc_hd__mux4_2)
                                         _0390_ (net)
                  0.43    0.11    2.03 v wire1084/A (sky130_fd_sc_hd__buf_12)
     1    0.14    0.07    0.32    2.34 v wire1084/X (sky130_fd_sc_hd__buf_12)
                                         net1084 (net)
                  0.19    0.09    2.43 v wire1083/A (sky130_fd_sc_hd__clkbuf_16)
     1    0.14    0.08    0.25    2.69 v wire1083/X (sky130_fd_sc_hd__clkbuf_16)
                                         net1083 (net)
                  0.20    0.09    2.78 v _1882_/A (sky130_fd_sc_hd__buf_12)
     1    0.25    0.08    0.25    3.02 v _1882_/X (sky130_fd_sc_hd__buf_12)
                                         _0052_ (net)
                  0.52    0.26    3.28 v _2262_/D (sky130_fd_sc_hd__dfxtp_4)
                                  3.28   data arrival time

                  0.00   10.00   10.00   clock core_clock (rise edge)
                          0.00   10.00   clock network delay (ideal)
                          0.00   10.00   clock reconvergence pessimism
                                 10.00 ^ _2262_/CLK (sky130_fd_sc_hd__dfxtp_4)
                         -0.33    9.67   library setup time
                                  9.67   data required time
-----------------------------------------------------------------------------
                                  9.67   data required time
                                 -3.28   data arrival time
-----------------------------------------------------------------------------
                                  6.39   slack (MET)




===========================================================================
report_checks --slack_max -0.01
============================================================================
======================= Typical Corner ===================================

No paths found.


===========================================================================
 report_check_types -max_slew -max_cap -max_fanout -violators
============================================================================
======================= Typical Corner ===================================


max slew violations count Typical: 0
max fanout violations count Typical: 0
max cap violations count Typical: 0

===========================================================================
report_parasitic_annotation -report_unannotated
============================================================================
Found 1 unannotated drivers.
 CLK
Found 0 partially unannotated drivers.

===========================================================================
max slew violation count 0
max fanout violation count 0
max cap violation count 0
============================================================================

===========================================================================
check_setup -verbose -unconstrained_endpoints -multiple_clock -no_clock -no_input_delay -loops -generated_clocks
===========================================================================
Warning: There are 41 input ports missing set_input_delay.
  A1[0]
  A1[1]
  A2[0]
  A2[1]
  A3[0]
  A3[1]
  WD3[0]
  WD3[10]
  WD3[11]
  WD3[12]
  WD3[13]
  WD3[14]
  WD3[15]
  WD3[16]
  WD3[17]
  WD3[18]
  WD3[19]
  WD3[1]
  WD3[20]
  WD3[21]
  WD3[22]
  WD3[23]
  WD3[24]
  WD3[25]
  WD3[26]
  WD3[27]
  WD3[28]
  WD3[29]
  WD3[2]
  WD3[30]
  WD3[31]
  WD3[3]
  WD3[4]
  WD3[5]
  WD3[6]
  WD3[7]
  WD3[8]
  WD3[9]
  WE3
  alu_opcode[0]
  alu_opcode[1]
Warning: There are 96 unconstrained endpoints.
  RD1[0]
  RD1[10]
  RD1[11]
  RD1[12]
  RD1[13]
  RD1[14]
  RD1[15]
  RD1[16]
  RD1[17]
  RD1[18]
  RD1[19]
  RD1[1]
  RD1[20]
  RD1[21]
  RD1[22]
  RD1[23]
  RD1[24]
  RD1[25]
  RD1[26]
  RD1[27]
  RD1[28]
  RD1[29]
  RD1[2]
  RD1[30]
  RD1[31]
  RD1[3]
  RD1[4]
  RD1[5]
  RD1[6]
  RD1[7]
  RD1[8]
  RD1[9]
  RD2[0]
  RD2[10]
  RD2[11]
  RD2[12]
  RD2[13]
  RD2[14]
  RD2[15]
  RD2[16]
  RD2[17]
  RD2[18]
  RD2[19]
  RD2[1]
  RD2[20]
  RD2[21]
  RD2[22]
  RD2[23]
  RD2[24]
  RD2[25]
  RD2[26]
  RD2[27]
  RD2[28]
  RD2[29]
  RD2[2]
  RD2[30]
  RD2[31]
  RD2[3]
  RD2[4]
  RD2[5]
  RD2[6]
  RD2[7]
  RD2[8]
  RD2[9]
  alu_result[0]
  alu_result[10]
  alu_result[11]
  alu_result[12]
  alu_result[13]
  alu_result[14]
  alu_result[15]
  alu_result[16]
  alu_result[17]
  alu_result[18]
  alu_result[19]
  alu_result[1]
  alu_result[20]
  alu_result[21]
  alu_result[22]
  alu_result[23]
  alu_result[24]
  alu_result[25]
  alu_result[26]
  alu_result[27]
  alu_result[28]
  alu_result[29]
  alu_result[2]
  alu_result[30]
  alu_result[31]
  alu_result[3]
  alu_result[4]
  alu_result[5]
  alu_result[6]
  alu_result[7]
  alu_result[8]
  alu_result[9]
checks_report_end
power_report

===========================================================================
 report_power
============================================================================
======================= Typical Corner ===================================

Group                  Internal  Switching    Leakage      Total
                          Power      Power      Power      Power (Watts)
----------------------------------------------------------------
Sequential             9.70e-04   9.39e-04   1.68e-09   1.91e-03   6.6%
Combinational          5.70e-03   2.14e-02   2.36e-08   2.71e-02  93.4%
Clock                  0.00e+00   0.00e+00   8.28e-09   8.28e-09   0.0%
Macro                  0.00e+00   0.00e+00   0.00e+00   0.00e+00   0.0%
Pad                    0.00e+00   0.00e+00   0.00e+00   0.00e+00   0.0%
----------------------------------------------------------------
Total                  6.67e-03   2.23e-02   3.36e-08   2.90e-02 100.0%
                          23.0%      77.0%       0.0%

power_report_end
skew_report

===========================================================================
report_clock_skew
============================================================================
Clock core_clock
   0.00 source latency _2266_/CLK ^
   0.00 target latency _2234_/CLK ^
   0.00 CRPR
--------------
   0.00 setup skew

skew_report_end
summary_report

===========================================================================
report_tns
============================================================================
tns 0.00

===========================================================================
report_wns
============================================================================
wns 0.00

===========================================================================
report_worst_slack -max (Setup)
============================================================================
worst slack 6.39

===========================================================================
report_worst_slack -min (Hold)
============================================================================
worst slack 1.02
summary_report_end
area_report

===========================================================================
report_design_area
============================================================================
Design area 271374 u^2 2% utilization.
area_report_end
check_nonpropagated_clocks
core_clock
check_nonpropagated_clocks_end
[WARNING] Did not save OpenROAD database!
Writing SDF to '/openlane/designs/alu_and_register/runs/RUN_2025.06.01_20.33.51/results/signoff/TopModule.sdf'…
