
===========================================================================
report_checks -unconstrained
===========================================================================
======================= Typical Corner ===================================

Startpoint: _8700_ (rising edge-triggered flip-flop clocked by core_clock)
Endpoint: _8700_ (rising edge-triggered flip-flop clocked by core_clock)
Path Group: core_clock
Path Type: max

Fanout     Cap    Slew   Delay    Time   Description
-----------------------------------------------------------------------------
                          0.00    0.00   clock core_clock (rise edge)
                          0.00    0.00   clock source latency
     7    0.01    0.00    0.00    0.00 ^ CLK (in)
                                         CLK (net)
                  0.00    0.00    0.00 ^ clkbuf_0_CLK/A (sky130_fd_sc_hd__clkbuf_16)
     2    0.01    0.03    0.10    0.10 ^ clkbuf_0_CLK/X (sky130_fd_sc_hd__clkbuf_16)
                                         clknet_0_CLK (net)
                  0.03    0.00    0.10 ^ clkbuf_1_0_0_CLK/A (sky130_fd_sc_hd__clkbuf_8)
     1    0.00    0.03    0.10    0.20 ^ clkbuf_1_0_0_CLK/X (sky130_fd_sc_hd__clkbuf_8)
                                         clknet_1_0_0_CLK (net)
                  0.03    0.00    0.20 ^ clkbuf_1_0_1_CLK/A (sky130_fd_sc_hd__clkbuf_8)
     2    0.01    0.03    0.11    0.31 ^ clkbuf_1_0_1_CLK/X (sky130_fd_sc_hd__clkbuf_8)
                                         clknet_1_0_1_CLK (net)
                  0.03    0.00    0.31 ^ clkbuf_2_0_0_CLK/A (sky130_fd_sc_hd__clkbuf_8)
     1    0.00    0.03    0.10    0.41 ^ clkbuf_2_0_0_CLK/X (sky130_fd_sc_hd__clkbuf_8)
                                         clknet_2_0_0_CLK (net)
                  0.03    0.00    0.41 ^ clkbuf_2_0_1_CLK/A (sky130_fd_sc_hd__clkbuf_8)
     3    0.01    0.04    0.11    0.52 ^ clkbuf_2_0_1_CLK/X (sky130_fd_sc_hd__clkbuf_8)
                                         clknet_2_0_1_CLK (net)
                  0.04    0.00    0.52 ^ clkbuf_3_0_0_CLK/A (sky130_fd_sc_hd__clkbuf_8)
     2    0.01    0.03    0.11    0.63 ^ clkbuf_3_0_0_CLK/X (sky130_fd_sc_hd__clkbuf_8)
                                         clknet_3_0_0_CLK (net)
                  0.03    0.00    0.63 ^ clkbuf_4_0_0_CLK/A (sky130_fd_sc_hd__clkbuf_8)
     6    0.02    0.05    0.13    0.76 ^ clkbuf_4_0_0_CLK/X (sky130_fd_sc_hd__clkbuf_8)
                                         clknet_4_0_0_CLK (net)
                  0.05    0.00    0.76 ^ clkbuf_6_2_0_CLK/A (sky130_fd_sc_hd__clkbuf_8)
    21    0.04    0.09    0.16    0.92 ^ clkbuf_6_2_0_CLK/X (sky130_fd_sc_hd__clkbuf_8)
                                         clknet_6_2_0_CLK (net)
                  0.09    0.00    0.92 ^ _8700_/CLK (sky130_fd_sc_hd__dfxtp_1)
     1    0.01    0.05    0.33    1.25 v _8700_/Q (sky130_fd_sc_hd__dfxtp_1)
                                         rf.registers[24][11] (net)
                  0.05    0.00    1.25 v wire3893/A (sky130_fd_sc_hd__buf_12)
     2    0.01    0.02    0.12    1.37 v wire3893/X (sky130_fd_sc_hd__buf_12)
                                         net3893 (net)
                  0.02    0.00    1.37 v load_slew3892/A (sky130_fd_sc_hd__buf_12)
     2    0.00    0.02    0.10    1.48 v load_slew3892/X (sky130_fd_sc_hd__buf_12)
                                         net3892 (net)
                  0.02    0.00    1.48 v _6628_/A0 (sky130_fd_sc_hd__mux2_2)
     1    0.01    0.07    0.27    1.75 v _6628_/X (sky130_fd_sc_hd__mux2_2)
                                         _3181_ (net)
                  0.07    0.00    1.75 v wire1599/A (sky130_fd_sc_hd__buf_12)
     1    0.01    0.02    0.13    1.88 v wire1599/X (sky130_fd_sc_hd__buf_12)
                                         net1599 (net)
                  0.02    0.00    1.88 v wire1598/A (sky130_fd_sc_hd__clkbuf_16)
     1    0.01    0.03    0.13    2.00 v wire1598/X (sky130_fd_sc_hd__clkbuf_16)
                                         net1598 (net)
                  0.03    0.00    2.00 v _6629_/A (sky130_fd_sc_hd__buf_12)
   391    0.34    0.16    0.24    2.24 v _6629_/X (sky130_fd_sc_hd__buf_12)
                                         _0812_ (net)
                  0.16    0.00    2.24 v _8700_/D (sky130_fd_sc_hd__dfxtp_1)
                                  2.24   data arrival time

                         10.00   10.00   clock core_clock (rise edge)
                          0.00   10.00   clock source latency
     7    0.01    0.00    0.00   10.00 ^ CLK (in)
                                         CLK (net)
                  0.00    0.00   10.00 ^ clkbuf_0_CLK/A (sky130_fd_sc_hd__clkbuf_16)
     2    0.01    0.03    0.10   10.10 ^ clkbuf_0_CLK/X (sky130_fd_sc_hd__clkbuf_16)
                                         clknet_0_CLK (net)
                  0.03    0.00   10.10 ^ clkbuf_1_0_0_CLK/A (sky130_fd_sc_hd__clkbuf_8)
     1    0.00    0.03    0.10   10.20 ^ clkbuf_1_0_0_CLK/X (sky130_fd_sc_hd__clkbuf_8)
                                         clknet_1_0_0_CLK (net)
                  0.03    0.00   10.20 ^ clkbuf_1_0_1_CLK/A (sky130_fd_sc_hd__clkbuf_8)
     2    0.01    0.03    0.11   10.31 ^ clkbuf_1_0_1_CLK/X (sky130_fd_sc_hd__clkbuf_8)
                                         clknet_1_0_1_CLK (net)
                  0.03    0.00   10.31 ^ clkbuf_2_0_0_CLK/A (sky130_fd_sc_hd__clkbuf_8)
     1    0.00    0.03    0.10   10.41 ^ clkbuf_2_0_0_CLK/X (sky130_fd_sc_hd__clkbuf_8)
                                         clknet_2_0_0_CLK (net)
                  0.03    0.00   10.41 ^ clkbuf_2_0_1_CLK/A (sky130_fd_sc_hd__clkbuf_8)
     3    0.01    0.04    0.11   10.52 ^ clkbuf_2_0_1_CLK/X (sky130_fd_sc_hd__clkbuf_8)
                                         clknet_2_0_1_CLK (net)
                  0.04    0.00   10.52 ^ clkbuf_3_0_0_CLK/A (sky130_fd_sc_hd__clkbuf_8)
     2    0.01    0.03    0.11   10.63 ^ clkbuf_3_0_0_CLK/X (sky130_fd_sc_hd__clkbuf_8)
                                         clknet_3_0_0_CLK (net)
                  0.03    0.00   10.63 ^ clkbuf_4_0_0_CLK/A (sky130_fd_sc_hd__clkbuf_8)
     6    0.02    0.05    0.13   10.76 ^ clkbuf_4_0_0_CLK/X (sky130_fd_sc_hd__clkbuf_8)
                                         clknet_4_0_0_CLK (net)
                  0.05    0.00   10.76 ^ clkbuf_6_2_0_CLK/A (sky130_fd_sc_hd__clkbuf_8)
    21    0.04    0.09    0.16   10.92 ^ clkbuf_6_2_0_CLK/X (sky130_fd_sc_hd__clkbuf_8)
                                         clknet_6_2_0_CLK (net)
                  0.09    0.00   10.92 ^ _8700_/CLK (sky130_fd_sc_hd__dfxtp_1)
                          0.00   10.92   clock reconvergence pessimism
                         -0.15   10.77   library setup time
                                 10.77   data required time
-----------------------------------------------------------------------------
                                 10.77   data required time
                                 -2.24   data arrival time
-----------------------------------------------------------------------------
                                  8.52   slack (MET)




===========================================================================
report_checks --slack_max -0.01
============================================================================
======================= Typical Corner ===================================

No paths found.


===========================================================================
 report_check_types -max_slew -max_cap -max_fanout -violators
============================================================================
======================= Typical Corner ===================================


max slew violations count Typical: 0
max fanout violations count Typical: 0
max cap violations count Typical: 0

===========================================================================
report_parasitic_annotation -report_unannotated
============================================================================
Found 10223 unannotated drivers.
 A1[0]
 A1[1]
 A1[2]
 A1[3]
 A1[4]
 A2[0]
 A2[1]
 A2[2]
 A2[3]
 A2[4]
 A3[0]
 A3[1]
 A3[2]
 A3[3]
 A3[4]
 CLK
 WD3[0]
 WD3[10]
 WD3[11]
 WD3[12]
 WD3[13]
 WD3[14]
 WD3[15]
 WD3[16]
 WD3[17]
 WD3[18]
 WD3[19]
 WD3[1]
 WD3[20]
 WD3[21]
 WD3[22]
 WD3[23]
 WD3[24]
 WD3[25]
 WD3[26]
 WD3[27]
 WD3[28]
 WD3[29]
 WD3[2]
 WD3[30]
 WD3[31]
 WD3[3]
 WD3[4]
 WD3[5]
 WD3[6]
 WD3[7]
 WD3[8]
 WD3[9]
 WE3
 alu_opcode[0]
 alu_opcode[1]
 _4229_/X
 _4230_/Y
 _4231_/X
 _4232_/X
 _4233_/X
 _4234_/X
 _4235_/Y
 _4236_/X
 _4237_/X
 _4238_/Y
 _4239_/X
 _4240_/X
 _4241_/X
 _4242_/X
 _4243_/X
 _4244_/X
 _4245_/Y
 _4246_/X
 _4247_/X
 _4248_/X
 _4249_/X
 _4250_/X
 _4251_/X
 _4252_/X
 _4253_/Y
 _4254_/X
 _4255_/X
 _4256_/X
 _4257_/X
 _4258_/Y
 _4259_/X
 _4260_/Y
 _4261_/X
 _4262_/X
 _4263_/X
 _4264_/X
 _4265_/X
 _4266_/Y
 _4267_/X
 _4268_/X
 _4269_/X
 _4270_/X
 _4271_/Y
 _4272_/X
 _4273_/X
 _4274_/X
 _4275_/Y
 _4276_/X
 _4277_/X
 _4278_/X
 _4279_/Y
 _4280_/X
 _4281_/Y
 _4282_/X
 _4283_/X
 _4284_/X
 _4285_/X
 _4286_/X
 _4287_/X
 _4288_/X
 _4289_/Y
 _4290_/X
 _4291_/X
 _4292_/X
 _4293_/Y
 _4294_/X
 _4295_/X
 _4296_/X
 _4297_/Y
 _4298_/X
 _4299_/X
 _4300_/X
 _4301_/Y
 _4302_/X
 _4303_/Y
 _4304_/X
 _4305_/X
 _4306_/X
 _4307_/X
 _4308_/Y
 _4309_/X
 _4310_/X
 _4311_/X
 _4312_/Y
 _4313_/X
 _4314_/X
 _4315_/X
 _4316_/Y
 _4317_/X
 _4318_/X
 _4319_/X
 _4320_/Y
 _4321_/X
 _4322_/Y
 _4323_/X
 _4324_/X
 _4325_/Y
 _4326_/X
 _4327_/X
 _4328_/X
 _4329_/X
 _4330_/X
 _4331_/X
 _4332_/X
 _4333_/X
 _4334_/X
 _4335_/X
 _4336_/X
 _4337_/X
 _4338_/X
 _4339_/X
 _4340_/X
 _4341_/X
 _4342_/X
 _4343_/X
 _4344_/X
 _4345_/X
 _4346_/X
 _4347_/X
 _4348_/X
 _4349_/X
 _4350_/X
 _4351_/X
 _4352_/X
 _4353_/X
 _4354_/X
 _4355_/X
 _4356_/X
 _4357_/X
 _4358_/X
 _4359_/X
 _4360_/X
 _4361_/X
 _4362_/X
 _4363_/X
 _4364_/X
 _4365_/X
 _4366_/X
 _4367_/Y
 _4368_/Y
 _4369_/X
 _4370_/X
 _4371_/X
 _4372_/X
 _4373_/X
 _4374_/X
 _4375_/X
 _4376_/X
 _4377_/X
 _4378_/X
 _4379_/X
 _4380_/X
 _4381_/X
 _4382_/X
 _4383_/X
 _4384_/X
 _4385_/X
 _4386_/X
 _4387_/X
 _4388_/X
 _4389_/X
 _4390_/Y
 _4391_/Y
 _4392_/X
 _4393_/X
 _4394_/X
 _4395_/X
 _4396_/X
 _4397_/X
 _4398_/X
 _4399_/X
 _4400_/X
 _4401_/X
 _4402_/X
 _4403_/X
 _4404_/X
 _4405_/X
 _4406_/X
 _4407_/Y
 _4408_/X
 _4409_/X
 _4410_/X
 _4411_/X
 _4412_/X
 _4413_/X
 _4414_/X
 _4415_/Y
 _4416_/X
 _4417_/Y
 _4418_/X
 _4419_/X
 _4420_/X
 _4421_/X
 _4422_/X
 _4423_/X
 _4424_/X
 _4425_/X
 _4426_/X
 _4427_/X
 _4428_/Y
 _4429_/X
 _4430_/X
 _4431_/X
 _4432_/Y
 _4433_/X
 _4434_/Y
 _4435_/X
 _4436_/X
 _4437_/X
 _4438_/X
 _4439_/X
 _4440_/X
 _4441_/X
 _4442_/X
 _4443_/X
 _4444_/X
 _4445_/X
 _4446_/X
 _4447_/X
 _4448_/X
 _4449_/X
 _4450_/X
 _4451_/X
 _4452_/X
 _4453_/X
 _4454_/X
 _4455_/X
 _4456_/X
 _4457_/X
 _4458_/X
 _4459_/X
 _4460_/X
 _4461_/X
 _4462_/X
 _4463_/X
 _4464_/X
 _4465_/X
 _4466_/X
 _4467_/X
 _4468_/X
 _4469_/X
 _4470_/X
 _4471_/X
 _4472_/X
 _4473_/X
 _4474_/X
 _4475_/X
 _4476_/X
 _4477_/X
 _4478_/X
 _4479_/X
 _4480_/X
 _4481_/X
 _4482_/X
 _4483_/X
 _4484_/X
 _4485_/X
 _4486_/X
 _4487_/X
 _4488_/X
 _4489_/X
 _4490_/X
 _4491_/X
 _4492_/X
 _4493_/X
 _4494_/X
 _4495_/X
 _4496_/X
 _4497_/X
 _4498_/X
 _4499_/X
 _4500_/X
 _4501_/X
 _4502_/X
 _4503_/X
 _4504_/X
 _4505_/X
 _4506_/X
 _4507_/X
 _4508_/X
 _4509_/X
 _4510_/X
 _4511_/X
 _4512_/X
 _4513_/X
 _4514_/X
 _4515_/X
 _4516_/X
 _4517_/Y
 _4518_/X
 _4519_/X
 _4520_/X
 _4521_/X
 _4522_/X
 _4523_/X
 _4524_/X
 _4525_/Y
 _4526_/X
 _4527_/Y
 _4528_/X
 _4529_/X
 _4530_/X
 _4531_/X
 _4532_/X
 _4533_/X
 _4534_/X
 _4535_/X
 _4536_/X
 _4537_/X
 _4538_/X
 _4539_/X
 _4540_/X
 _4541_/X
 _4542_/X
 _4543_/X
 _4544_/X
 _4545_/X
 _4546_/Y
 _4547_/Y
 _4548_/X
 _4549_/X
 _4550_/X
 _4551_/X
 _4552_/X
 _4553_/X
 _4554_/X
 _4555_/X
 _4556_/X
 _4557_/X
 _4558_/Y
 _4559_/X
 _4560_/X
 _4561_/X
 _4562_/Y
 _4563_/X
 _4564_/Y
 _4565_/X
 _4566_/X
 _4567_/X
 _4568_/X
 _4569_/X
 _4570_/X
 _4571_/X
 _4572_/X
 _4573_/Y
 _4574_/X
 _4575_/X
 _4576_/X
 _4577_/Y
 _4578_/X
 _4579_/Y
 _4580_/X
 _4581_/X
 _4582_/X
 _4583_/Y
 _4584_/X
 _4585_/X
 _4586_/X
 _4587_/Y
 _4588_/X
 _4589_/X
 _4590_/X
 _4591_/Y
 _4592_/X
 _4593_/X
 _4594_/X
 _4595_/Y
 _4596_/X
 _4597_/Y
 _4598_/X
 _4599_/X
 _4600_/X
 _4601_/X
 _4602_/X
 _4603_/X
 _4604_/X
 _4605_/X
 _4606_/X
 _4607_/X
 _4608_/X
 _4609_/X
 _4610_/X
 _4611_/X
 _4612_/X
 _4613_/X
 _4614_/X
 _4615_/X
 _4616_/X
 _4617_/X
 _4618_/X
 _4619_/X
 _4620_/X
 _4621_/X
 _4622_/X
 _4623_/X
 _4624_/X
 _4625_/X
 _4626_/X
 _4627_/X
 _4628_/X
 _4629_/X
 _4630_/X
 _4631_/Y
 _4632_/X
 _4633_/X
 _4634_/X
 _4635_/X
 _4636_/X
 _4637_/Y
 _4638_/X
 _4639_/Y
 _4640_/X
 _4641_/X
 _4642_/X
 _4643_/X
 _4644_/X
 _4645_/X
 _4646_/X
 _4647_/X
 _4648_/X
 _4649_/X
 _4650_/X
 _4651_/X
 _4652_/X
 _4653_/Y
 _4654_/Y
 _4655_/X
 _4656_/X
 _4657_/X
 _4658_/X
 _4659_/X
 _4660_/X
 _4661_/X
 _4662_/X
 _4663_/X
 _4664_/X
 _4665_/Y
 _4666_/X
 _4667_/X
 _4668_/X
 _4669_/Y
 _4670_/X
 _4671_/Y
 _4672_/X
 _4673_/X
 _4674_/X
 _4675_/Y
 _4676_/X
 _4677_/X
 _4678_/X
 _4679_/Y
 _4680_/X
 _4681_/X
 _4682_/X
 _4683_/Y
 _4684_/X
 _4685_/X
 _4686_/X
 _4687_/Y
 _4688_/X
 _4689_/Y
 _4690_/X
 _4691_/X
 _4692_/X
 _4693_/X
 _4694_/X
 _4695_/X
 _4696_/X
 _4697_/X
 _4698_/X
 _4699_/X
 _4700_/X
 _4701_/X
 _4702_/X
 _4703_/X
 _4704_/X
 _4705_/X
 _4706_/X
 _4707_/X
 _4708_/X
 _4709_/X
 _4710_/X
 _4711_/X
 _4712_/X
 _4713_/X
 _4714_/X
 _4715_/Y
 _4716_/X
 _4717_/X
 _4718_/X
 _4719_/Y
 _4720_/X
 _4721_/Y
 _4722_/X
 _4723_/X
 _4724_/X
 _4725_/X
 _4726_/X
 _4727_/X
 _4728_/X
 _4729_/X
 _4730_/X
 _4731_/X
 _4732_/Y
 _4733_/X
 _4734_/X
 _4735_/X
 _4736_/Y
 _4737_/X
 _4738_/Y
 _4739_/X
 _4740_/X
 _4741_/X
 _4742_/X
 _4743_/X
 _4744_/X
 _4745_/X
 _4746_/X
 _4747_/X
 _4748_/X
 _4749_/X
 _4750_/X
 _4751_/X
 _4752_/X
 _4753_/X
 _4754_/X
 _4755_/X
 _4756_/X
 _4757_/X
 _4758_/X
 _4759_/X
 _4760_/X
 _4761_/X
 _4762_/X
 _4763_/X
 _4764_/X
 _4765_/X
 _4766_/X
 _4767_/X
 _4768_/X
 _4769_/X
 _4770_/X
 _4771_/X
 _4772_/X
 _4773_/X
 _4774_/X
 _4775_/X
 _4776_/X
 _4777_/X
 _4778_/X
 _4779_/X
 _4780_/X
 _4781_/X
 _4782_/X
 _4783_/X
 _4784_/X
 _4785_/X
 _4786_/X
 _4787_/X
 _4788_/X
 _4789_/X
 _4790_/X
 _4791_/X
 _4792_/X
 _4793_/X
 _4794_/X
 _4795_/X
 _4796_/X
 _4797_/Y
 _4798_/X
 _4799_/X
 _4800_/X
 _4801_/Y
 _4802_/X
 _4803_/Y
 _4804_/X
 _4805_/X
 _4806_/X
 _4807_/X
 _4808_/X
 _4809_/X
 _4810_/X
 _4811_/X
 _4812_/X
 _4813_/X
 _4814_/X
 _4815_/X
 _4816_/X
 _4817_/X
 _4818_/X
 _4819_/X
 _4820_/X
 _4821_/X
 _4822_/X
 _4823_/X
 _4824_/X
 _4825_/X
 _4826_/X
 _4827_/X
 _4828_/X
 _4829_/Y
 _4830_/X
 _4831_/X
 _4832_/X
 _4833_/Y
 _4834_/X
 _4835_/Y
 _4836_/X
 _4837_/X
 _4838_/X
 _4839_/X
 _4840_/X
 _4841_/X
 _4842_/X
 _4843_/X
 _4844_/X
 _4845_/X
 _4846_/Y
 _4847_/X
 _4848_/X
 _4849_/X
 _4850_/Y
 _4851_/X
 _4852_/Y
 _4853_/Y
 _4854_/X
 _4855_/X
 _4856_/X
 _4857_/X
 _4858_/Y
 _4859_/X
 _4860_/X
 _4861_/X
 _4862_/X
 _4863_/X
 _4864_/X
 _4865_/X
 _4866_/X
 _4867_/X
 _4868_/X
 _4869_/X
 _4870_/X
 _4871_/X
 _4872_/X
 _4873_/X
 _4874_/X
 _4875_/X
 _4876_/X
 _4877_/X
 _4878_/Y
 _4879_/X
 _4880_/Y
 _4881_/Y
 _4882_/X
 _4883_/X
 _4884_/X
 _4885_/X
 _4886_/X
 _4887_/X
 _4888_/X
 _4889_/X
 _4890_/X
 _4891_/X
 _4892_/X
 _4893_/X
 _4894_/X
 _4895_/X
 _4896_/X
 _4897_/Y
 _4898_/X
 _4899_/X
 _4900_/X
 _4901_/X
 _4902_/X
 _4903_/Y
 _4904_/X
 _4905_/Y
 _4906_/X
 _4907_/X
 _4908_/X
 _4909_/X
 _4910_/X
 _4911_/X
 _4912_/X
 _4913_/X
 _4914_/X
 _4915_/X
 _4916_/X
 _4917_/X
 _4918_/X
 _4919_/X
 _4920_/X
 _4921_/Y
 _4922_/Y
 _4923_/X
 _4924_/X
 _4925_/X
 _4926_/X
 _4927_/X
 _4928_/X
 _4929_/X
 _4930_/X
 _4931_/X
 _4932_/X
 _4933_/X
 _4934_/X
 _4935_/X
 _4936_/X
 _4937_/X
 _4938_/X
 _4939_/X
 _4940_/X
 _4941_/X
 _4942_/X
 _4943_/X
 _4944_/X
 _4945_/X
 _4946_/X
 _4947_/X
 _4948_/X
 _4949_/X
 _4950_/X
 _4951_/Y
 _4952_/Y
 _4953_/X
 _4954_/X
 _4955_/X
 _4956_/X
 _4957_/X
 _4958_/X
 _4959_/X
 _4960_/X
 _4961_/X
 _4962_/X
 _4963_/Y
 _4964_/X
 _4965_/X
 _4966_/X
 _4967_/Y
 _4968_/X
 _4969_/Y
 _4970_/X
 _4971_/X
 _4972_/X
 _4973_/X
 _4974_/X
 _4975_/X
 _4976_/X
 _4977_/X
 _4978_/X
 _4979_/X
 _4980_/X
 _4981_/X
 _4982_/X
 _4983_/X
 _4984_/X
 _4985_/X
 _4986_/X
 _4987_/X
 _4988_/X
 _4989_/X
 _4990_/X
 _4991_/X
 _4992_/X
 _4993_/X
 _4994_/X
 _4995_/X
 _4996_/X
 _4997_/X
 _4998_/X
 _4999_/Y
 _5000_/Y
 _5001_/X
 _5002_/X
 _5003_/X
 _5004_/X
 _5005_/X
 _5006_/X
 _5007_/X
 _5008_/X
 _5009_/X
 _5010_/X
 _5011_/X
 _5012_/X
 _5013_/Y
 _5014_/X
 _5015_/X
 _5016_/X
 _5017_/X
 _5018_/X
 _5019_/X
 _5020_/Y
 _5021_/X
 _5022_/Y
 _5023_/X
 _5024_/X
 _5025_/X
 _5026_/X
 _5027_/X
 _5028_/X
 _5029_/X
 _5030_/X
 _5031_/X
 _5032_/X
 _5033_/Y
 _5034_/X
 _5035_/X
 _5036_/X
 _5037_/Y
 _5038_/X
 _5039_/Y
 _5040_/X
 _5041_/X
 _5042_/X
 _5043_/X
 _5044_/X
 _5045_/X
 _5046_/X
 _5047_/X
 _5048_/X
 _5049_/X
 _5050_/X
 _5051_/X
 _5052_/X
 _5053_/X
 _5054_/X
 _5055_/Y
 _5056_/Y
 _5057_/X
 _5058_/X
 _5059_/X
 _5060_/X
 _5061_/X
 _5062_/X
 _5063_/X
 _5064_/X
 _5065_/X
 _5066_/X
 _5067_/X
 _5068_/X
 _5069_/X
 _5070_/X
 _5071_/X
 _5072_/Y
 _5073_/Y
 _5074_/X
 _5075_/X
 _5076_/X
 _5077_/X
 _5078_/X
 _5079_/X
 _5080_/X
 _5081_/X
 _5082_/X
 _5083_/X
 _5084_/Y
 _5085_/X
 _5086_/X
 _5087_/X
 _5088_/Y
 _5089_/X
 _5090_/Y
 _5091_/X
 _5092_/X
 _5093_/X
 _5094_/X
 _5095_/X
 _5096_/X
 _5097_/X
 _5098_/X
 _5099_/Y
 _5100_/X
 _5101_/X
 _5102_/X
 _5103_/Y
 _5104_/X
 _5105_/Y
 _5106_/X
 _5107_/X
 _5108_/X
 _5109_/X
 _5110_/X
 _5111_/X
 _5112_/X
 _5113_/X
 _5114_/X
 _5115_/X
 _5116_/X
 _5117_/X
 _5118_/X
 _5119_/X
 _5120_/X
 _5121_/Y
 _5122_/Y
 _5123_/X
 _5124_/X
 _5125_/X
 _5126_/X
 _5127_/X
 _5128_/X
 _5129_/X
 _5130_/X
 _5131_/X
 _5132_/X
 _5133_/Y
 _5134_/X
 _5135_/X
 _5136_/X
 _5137_/Y
 _5138_/X
 _5139_/Y
 _5140_/X
 _5141_/X
 _5142_/X
 _5143_/X
 _5144_/X
 _5145_/X
 _5146_/X
 _5147_/X
 _5148_/X
 _5149_/X
 _5150_/X
 _5151_/X
 _5152_/X
 _5153_/Y
 _5154_/Y
 _5155_/X
 _5156_/X
 _5157_/X
 _5158_/X
 _5159_/X
 _5160_/X
 _5161_/X
 _5162_/X
 _5163_/X
 _5164_/X
 _5165_/X
 _5166_/X
 _5167_/X
 _5168_/X
 _5169_/X
 _5170_/X
 _5171_/X
 _5172_/X
 _5173_/X
 _5174_/X
 _5175_/X
 _5176_/X
 _5177_/X
 _5178_/X
 _5179_/X
 _5180_/X
 _5181_/X
 _5182_/X
 _5183_/X
 _5184_/X
 _5185_/X
 _5186_/X
 _5187_/X
 _5188_/X
 _5189_/X
 _5190_/X
 _5191_/X
 _5192_/Y
 _5193_/Y
 _5194_/X
 _5195_/X
 _5196_/X
 _5197_/X
 _5198_/X
 _5199_/X
 _5200_/X
 _5201_/X
 _5202_/X
 _5203_/X
 _5204_/X
 _5205_/X
 _5206_/X
 _5207_/X
 _5208_/X
 _5209_/X
 _5210_/X
 _5211_/Y
 _5212_/X
 _5213_/X
 _5214_/X
 _5215_/X
 _5216_/X
 _5217_/X
 _5218_/X
 _5219_/Y
 _5220_/X
 _5221_/Y
 _5222_/X
 _5223_/X
 _5224_/X
 _5225_/X
 _5226_/X
 _5227_/X
 _5228_/X
 _5229_/X
 _5230_/X
 _5231_/X
 _5232_/Y
 _5233_/X
 _5234_/X
 _5235_/X
 _5236_/Y
 _5237_/X
 _5238_/Y
 _5239_/X
 _5240_/X
 _5241_/X
 _5242_/X
 _5243_/X
 _5244_/X
 _5245_/X
 _5246_/X
 _5247_/X
 _5248_/X
 _5249_/X
 _5250_/X
 _5251_/X
 _5252_/X
 _5253_/X
 _5254_/Y
 _5255_/Y
 _5256_/X
 _5257_/X
 _5258_/X
 _5259_/X
 _5260_/X
 _5261_/X
 _5262_/X
 _5263_/X
 _5264_/X
 _5265_/X
 _5266_/X
 _5267_/X
 _5268_/X
 _5269_/X
 _5270_/X
 _5271_/X
 _5272_/X
 _5273_/Y
 _5274_/Y
 _5275_/X
 _5276_/X
 _5277_/X
 _5278_/X
 _5279_/X
 _5280_/X
 _5281_/X
 _5282_/X
 _5283_/X
 _5284_/X
 _5285_/Y
 _5286_/X
 _5287_/X
 _5288_/X
 _5289_/Y
 _5290_/X
 _5291_/Y
 _5292_/X
 _5293_/X
 _5294_/X
 _5295_/X
 _5296_/X
 _5297_/X
 _5298_/X
 _5299_/X
 _5300_/Y
 _5301_/X
 _5302_/X
 _5303_/X
 _5304_/Y
 _5305_/X
 _5306_/Y
 _5307_/X
 _5308_/X
 _5309_/X
 _5310_/X
 _5311_/X
 _5312_/X
 _5313_/X
 _5314_/X
 _5315_/X
 _5316_/X
 _5317_/X
 _5318_/X
 _5319_/X
 _5320_/X
 _5321_/X
 _5322_/Y
 _5323_/Y
 _5324_/X
 _5325_/X
 _5326_/X
 _5327_/X
 _5328_/X
 _5329_/X
 _5330_/X
 _5331_/X
 _5332_/X
 _5333_/X
 _5334_/X
 _5335_/X
 _5336_/X
 _5337_/Y
 _5338_/X
 _5339_/X
 _5340_/X
 _5341_/X
 _5342_/X
 _5343_/X
 _5344_/Y
 _5345_/X
 _5346_/Y
 _5347_/X
 _5348_/X
 _5349_/X
 _5350_/X
 _5351_/X
 _5352_/X
 _5353_/X
 _5354_/X
 _5355_/X
 _5356_/X
 _5357_/X
 _5358_/X
 _5359_/X
 _5360_/X
 _5361_/X
 _5362_/Y
 _5363_/Y
 _5364_/X
 _5365_/X
 _5366_/X
 _5367_/X
 _5368_/X
 _5369_/X
 _5370_/X
 _5371_/X
 _5372_/X
 _5373_/X
 _5374_/X
 _5375_/X
 _5376_/X
 _5377_/X
 _5378_/X
 _5379_/X
 _5380_/X
 _5381_/X
 _5382_/Y
 _5383_/Y
 _5384_/X
 _5385_/X
 _5386_/X
 _5387_/X
 _5388_/X
 _5389_/X
 _5390_/X
 _5391_/X
 _5392_/X
 _5393_/X
 _5394_/X
 _5395_/X
 _5396_/X
 _5397_/X
 _5398_/X
 _5399_/X
 _5400_/X
 _5401_/X
 _5402_/X
 _5403_/X
 _5404_/X
 _5405_/X
 _5406_/X
 _5407_/X
 _5408_/X
 _5409_/Y
 _5410_/X
 _5411_/X
 _5412_/X
 _5413_/Y
 _5414_/X
 _5415_/Y
 _5416_/X
 _5417_/X
 _5418_/X
 _5419_/X
 _5420_/X
 _5421_/X
 _5422_/X
 _5423_/X
 _5424_/X
 _5425_/X
 _5426_/Y
 _5427_/X
 _5428_/X
 _5429_/X
 _5430_/Y
 _5431_/X
 _5432_/Y
 _5433_/X
 _5434_/X
 _5435_/X
 _5436_/X
 _5437_/X
 _5438_/X
 _5439_/X
 _5440_/X
 _5441_/X
 _5442_/X
 _5443_/X
 _5444_/X
 _5445_/X
 _5446_/Y
 _5447_/Y
 _5448_/X
 _5449_/X
 _5450_/X
 _5451_/X
 _5452_/X
 _5453_/X
 _5454_/X
 _5455_/X
 _5456_/X
 _5457_/X
 _5458_/X
 _5459_/X
 _5460_/X
 _5461_/Y
 _5462_/Y
 _5463_/X
 _5464_/X
 _5465_/X
 _5466_/X
 _5467_/X
 _5468_/Y
 _5469_/X
 _5470_/Y
 _5471_/X
 _5472_/X
 _5473_/Y
 _5474_/Y
 _5475_/X
 _5476_/X
 _5477_/X
 _5478_/X
 _5479_/Y
 _5480_/X
 _5481_/X
 _5482_/Y
 _5483_/Y
 _5484_/Y
 _5485_/X
 _5486_/Y
 _5487_/X
 _5488_/X
 _5489_/X
 _5490_/Y
 _5491_/Y
 _5492_/X
 _5493_/Y
 _5494_/Y
 _5495_/X
 _5496_/Y
 _5497_/Y
 _5498_/X
 _5499_/Y
 _5500_/Y
 _5501_/Y
 _5502_/X
 _5503_/X
 _5504_/X
 _5505_/X
 _5506_/X
 _5507_/X
 _5508_/Y
 _5509_/X
 _5510_/X
 _5511_/X
 _5512_/X
 _5513_/X
 _5514_/Y
 _5515_/X
 _5516_/X
 _5517_/X
 _5518_/X
 _5519_/X
 _5520_/X
 _5521_/X
 _5522_/Y
 _5523_/X
 _5524_/X
 _5525_/X
 _5526_/X
 _5527_/X
 _5528_/X
 _5529_/X
 _5530_/X
 _5531_/Y
 _5532_/X
 _5533_/Y
 _5534_/Y
 _5535_/Y
 _5536_/X
 _5537_/X
 _5538_/Y
 _5539_/Y
 _5540_/X
 _5541_/Y
 _5542_/Y
 _5543_/Y
 _5544_/X
 _5545_/Y
 _5546_/Y
 _5547_/Y
 _5548_/Y
 _5549_/X
 _5550_/X
 _5551_/Y
 _5552_/Y
 _5553_/X
 _5554_/Y
 _5555_/X
 _5556_/Y
 _5557_/Y
 _5558_/X
 _5559_/X
 _5560_/Y
 _5561_/Y
 _5562_/X
 _5563_/Y
 _5564_/X
 _5565_/X
 _5566_/Y
 _5567_/X
 _5568_/Y
 _5569_/Y
 _5570_/Y
 _5571_/Y
 _5572_/Y
 _5573_/X
 _5574_/X
 _5575_/Y
 _5576_/Y
 _5577_/Y
 _5578_/Y
 _5579_/Y
 _5580_/Y
 _5581_/Y
 _5582_/X
 _5583_/X
 _5584_/Y
 _5585_/Y
 _5586_/Y
 _5587_/X
 _5588_/X
 _5589_/X
 _5590_/Y
 _5591_/X
 _5592_/X
 _5593_/Y
 _5594_/X
 _5595_/Y
 _5596_/X
 _5597_/Y
 _5598_/Y
 _5599_/Y
 _5600_/Y
 _5601_/X
 _5602_/X
 _5603_/X
 _5604_/X
 _5605_/Y
 _5606_/Y
 _5607_/X
 _5608_/Y
 _5609_/X
 _5610_/X
 _5611_/X
 _5612_/Y
 _5613_/Y
 _5614_/X
 _5615_/Y
 _5616_/Y
 _5617_/Y
 _5618_/X
 _5619_/X
 _5620_/Y
 _5621_/Y
 _5622_/Y
 _5623_/X
 _5624_/Y
 _5625_/Y
 _5626_/Y
 _5627_/X
 _5628_/X
 _5629_/X
 _5630_/Y
 _5631_/Y
 _5632_/Y
 _5633_/Y
 _5634_/Y
 _5635_/Y
 _5636_/Y
 _5637_/X
 _5638_/Y
 _5639_/Y
 _5640_/X
 _5641_/Y
 _5642_/X
 _5643_/X
 _5644_/Y
 _5645_/X
 _5646_/Y
 _5647_/X
 _5648_/X
 _5649_/Y
 _5650_/Y
 _5651_/X
 _5652_/Y
 _5653_/X
 _5654_/X
 _5655_/X
 _5656_/X
 _5657_/X
 _5658_/Y
 _5659_/Y
 _5660_/X
 _5661_/Y
 _5662_/Y
 _5663_/X
 _5664_/Y
 _5665_/Y
 _5666_/X
 _5667_/Y
 _5668_/X
 _5669_/X
 _5670_/X
 _5671_/Y
 _5672_/Y
 _5673_/Y
 _5674_/Y
 _5675_/X
 _5676_/X
 _5677_/X
 _5678_/X
 _5679_/X
 _5680_/X
 _5681_/X
 _5682_/X
 _5683_/X
 _5684_/X
 _5685_/Y
 _5686_/X
 _5687_/X
 _5688_/X
 _5689_/X
 _5690_/X
 _5691_/X
 _5692_/X
 _5693_/X
 _5694_/X
 _5695_/Y
 _5696_/Y
 _5697_/Y
 _5698_/X
 _5699_/X
 _5700_/X
 _5701_/X
 _5702_/Y
 _5703_/X
 _5704_/Y
 _5705_/Y
 _5706_/Y
 _5707_/X
 _5708_/Y
 _5709_/X
 _5710_/X
 _5711_/X
 _5712_/X
 _5713_/X
 _5714_/X
 _5715_/X
 _5716_/X
 _5717_/X
 _5718_/X
 _5719_/X
 _5720_/X
 _5721_/X
 _5722_/X
 _5723_/X
 _5724_/Y
 _5725_/Y
 _5726_/Y
 _5727_/X
 _5728_/X
 _5729_/Y
 _5730_/Y
 _5731_/Y
 _5732_/Y
 _5733_/X
 _5734_/X
 _5735_/Y
 _5736_/Y
 _5737_/X
 _5738_/Y
 _5739_/Y
 _5740_/X
 _5741_/X
 _5742_/X
 _5743_/X
 _5744_/X
 _5745_/X
 _5746_/X
 _5747_/Y
 _5748_/Y
 _5749_/Y
 _5750_/X
 _5751_/X
 _5752_/X
 _5753_/X
 _5754_/X
 _5755_/Y
 _5756_/Y
 _5757_/Y
 _5758_/Y
 _5759_/Y
 _5760_/X
 _5761_/Y
 _5762_/X
 _5763_/Y
 _5764_/Y
 _5765_/Y
 _5766_/X
 _5767_/Y
 _5768_/Y
 _5769_/Y
 _5770_/X
 _5771_/Y
 _5772_/X
 _5773_/X
 _5774_/Y
 _5775_/X
 _5776_/X
 _5777_/Y
 _5778_/Y
 _5779_/Y
 _5780_/X
 _5781_/X
 _5782_/X
 _5783_/X
 _5784_/X
 _5785_/X
 _5786_/X
 _5787_/X
 _5788_/Y
 _5789_/Y
 _5790_/X
 _5791_/X
 _5792_/X
 _5793_/Y
 _5794_/X
 _5795_/X
 _5796_/Y
 _5797_/Y
 _5798_/X
 _5799_/X
 _5800_/X
 _5801_/X
 _5802_/X
 _5803_/X
 _5804_/X
 _5805_/X
 _5806_/Y
 _5807_/X
 _5808_/Y
 _5809_/Y
 _5810_/Y
 _5811_/Y
 _5812_/Y
 _5813_/X
 _5814_/Y
 _5815_/Y
 _5816_/X
 _5817_/X
 _5818_/X
 _5819_/Y
 _5820_/X
 _5821_/X
 _5822_/Y
 _5823_/Y
 _5824_/X
 _5825_/Y
 _5826_/X
 _5827_/X
 _5828_/Y
 _5829_/X
 _5830_/X
 _5831_/X
 _5832_/X
 _5833_/X
 _5834_/X
 _5835_/Y
 _5836_/X
 _5837_/X
 _5838_/Y
 _5839_/Y
 _5840_/X
 _5841_/Y
 _5842_/Y
 _5843_/X
 _5844_/Y
 _5845_/X
 _5846_/Y
 _5847_/X
 _5848_/X
 _5849_/X
 _5850_/Y
 _5851_/X
 _5852_/X
 _5853_/X
 _5854_/Y
 _5855_/X
 _5856_/X
 _5857_/X
 _5858_/Y
 _5859_/Y
 _5860_/X
 _5861_/Y
 _5862_/X
 _5863_/Y
 _5864_/X
 _5865_/X
 _5866_/X
 _5867_/Y
 _5868_/Y
 _5869_/X
 _5870_/Y
 _5871_/X
 _5872_/X
 _5873_/Y
 _5874_/X
 _5875_/X
 _5876_/X
 _5877_/X
 _5878_/X
 _5879_/Y
 _5880_/X
 _5881_/Y
 _5882_/Y
 _5883_/X
 _5884_/X
 _5885_/X
 _5886_/X
 _5887_/Y
 _5888_/X
 _5889_/X
 _5890_/X
 _5891_/Y
 _5892_/X
 _5893_/Y
 _5894_/Y
 _5895_/X
 _5896_/X
 _5897_/X
 _5898_/X
 _5899_/X
 _5900_/Y
 _5901_/Y
 _5902_/Y
 _5903_/Y
 _5904_/X
 _5905_/Y
 _5906_/Y
 _5907_/X
 _5908_/X
 _5909_/X
 _5910_/X
 _5911_/X
 _5912_/Y
 _5913_/X
 _5914_/Y
 _5915_/X
 _5916_/Y
 _5917_/Y
 _5918_/X
 _5919_/Y
 _5920_/X
 _5921_/X
 _5922_/Y
 _5923_/X
 _5924_/X
 _5925_/X
 _5926_/Y
 _5927_/X
 _5928_/Y
 _5929_/Y
 _5930_/Y
 _5931_/X
 _5932_/Y
 _5933_/Y
 _5934_/X
 _5935_/Y
 _5936_/X
 _5937_/Y
 _5938_/Y
 _5939_/X
 _5940_/Y
 _5941_/Y
 _5942_/X
 _5943_/Y
 _5944_/X
 _5945_/X
 _5946_/Y
 _5947_/X
 _5948_/Y
 _5949_/X
 _5950_/Y
 _5951_/Y
 _5952_/Y
 _5953_/X
 _5954_/Y
 _5955_/X
 _5956_/Y
 _5957_/X
 _5958_/Y
 _5959_/Y
 _5960_/X
 _5961_/X
 _5962_/X
 _5963_/Y
 _5964_/Y
 _5965_/X
 _5966_/X
 _5967_/X
 _5968_/X
 _5969_/Y
 _5970_/Y
 _5971_/X
 _5972_/Y
 _5973_/X
 _5974_/Y
 _5975_/Y
 _5976_/Y
 _5977_/X
 _5978_/Y
 _5979_/X
 _5980_/X
 _5981_/X
 _5982_/X
 _5983_/X
 _5984_/X
 _5985_/Y
 _5986_/X
 _5987_/X
 _5988_/Y
 _5989_/Y
 _5990_/X
 _5991_/X
 _5992_/X
 _5993_/X
 _5994_/X
 _5995_/Y
 _5996_/Y
 _5997_/Y
 _5998_/X
 _5999_/X
 _6000_/X
 _6001_/Y
 _6002_/Y
 _6003_/X
 _6004_/X
 _6005_/X
 _6006_/X
 _6007_/X
 _6008_/X
 _6009_/Y
 _6010_/Y
 _6011_/X
 _6012_/X
 _6013_/X
 _6014_/X
 _6015_/X
 _6016_/Y
 _6017_/X
 _6018_/Y
 _6019_/Y
 _6020_/Y
 _6021_/Y
 _6022_/Y
 _6023_/Y
 _6024_/Y
 _6025_/Y
 _6026_/X
 _6027_/X
 _6028_/Y
 _6029_/Y
 _6030_/Y
 _6031_/Y
 _6032_/X
 _6033_/Y
 _6034_/X
 _6035_/Y
 _6036_/X
 _6037_/X
 _6038_/X
 _6039_/X
 _6040_/X
 _6041_/Y
 _6042_/Y
 _6043_/Y
 _6044_/X
 _6045_/Y
 _6046_/X
 _6047_/Y
 _6048_/Y
 _6049_/X
 _6050_/X
 _6051_/Y
 _6052_/X
 _6053_/X
 _6054_/X
 _6055_/X
 _6056_/Y
 _6057_/Y
 _6058_/Y
 _6059_/X
 _6060_/X
 _6061_/X
 _6062_/X
 _6063_/X
 _6064_/Y
 _6065_/Y
 _6066_/X
 _6067_/X
 _6068_/Y
 _6069_/X
 _6070_/X
 _6071_/Y
 _6072_/X
 _6073_/Y
 _6074_/X
 _6075_/X
 _6076_/Y
 _6077_/Y
 _6078_/X
 _6079_/Y
 _6080_/Y
 _6081_/X
 _6082_/Y
 _6083_/X
 _6084_/X
 _6085_/X
 _6086_/X
 _6087_/X
 _6088_/X
 _6089_/Y
 _6090_/X
 _6091_/X
 _6092_/X
 _6093_/X
 _6094_/Y
 _6095_/X
 _6096_/X
 _6097_/X
 _6098_/Y
 _6099_/X
 _6100_/X
 _6101_/Y
 _6102_/Y
 _6103_/Y
 _6104_/X
 _6105_/X
 _6106_/Y
 _6107_/Y
 _6108_/Y
 _6109_/X
 _6110_/Y
 _6111_/X
 _6112_/Y
 _6113_/Y
 _6114_/X
 _6115_/X
 _6116_/X
 _6117_/Y
 _6118_/X
 _6119_/Y
 _6120_/X
 _6121_/X
 _6122_/Y
 _6123_/X
 _6124_/Y
 _6125_/Y
 _6126_/X
 _6127_/X
 _6128_/X
 _6129_/X
 _6130_/Y
 _6131_/Y
 _6132_/X
 _6133_/X
 _6134_/X
 _6135_/X
 _6136_/X
 _6137_/X
 _6138_/X
 _6139_/X
 _6140_/X
 _6141_/Y
 _6142_/X
 _6143_/X
 _6144_/X
 _6145_/Y
 _6146_/Y
 _6147_/Y
 _6148_/X
 _6149_/X
 _6150_/Y
 _6151_/Y
 _6152_/X
 _6153_/X
 _6154_/Y
 _6155_/Y
 _6156_/Y
 _6157_/X
 _6158_/X
 _6159_/X
 _6160_/X
 _6161_/Y
 _6162_/X
 _6163_/Y
 _6164_/X
 _6165_/X
 _6166_/X
 _6167_/Y
 _6168_/X
 _6169_/Y
 _6170_/Y
 _6171_/Y
 _6172_/X
 _6173_/Y
 _6174_/Y
 _6175_/Y
 _6176_/Y
 _6177_/X
 _6178_/Y
 _6179_/Y
 _6180_/X
 _6181_/X
 _6182_/Y
 _6183_/X
 _6184_/Y
 _6185_/X
 _6186_/Y
 _6187_/Y
 _6188_/X
 _6189_/Y
 _6190_/X
 _6191_/X
 _6192_/X
 _6193_/X
 _6194_/X
 _6195_/X
 _6196_/Y
 _6197_/X
 _6198_/X
 _6199_/Y
 _6200_/X
 _6201_/Y
 _6202_/X
 _6203_/Y
 _6204_/Y
 _6205_/X
 _6206_/Y
 _6207_/Y
 _6208_/X
 _6209_/Y
 _6210_/X
 _6211_/X
 _6212_/X
 _6213_/Y
 _6214_/X
 _6215_/X
 _6216_/Y
 _6217_/X
 _6218_/Y
 _6219_/Y
 _6220_/Y
 _6221_/X
 _6222_/X
 _6223_/X
 _6224_/X
 _6225_/X
 _6226_/Y
 _6227_/Y
 _6228_/Y
 _6229_/X
 _6230_/X
 _6231_/Y
 _6232_/Y
 _6233_/X
 _6234_/X
 _6235_/X
 _6236_/Y
 _6237_/X
 _6238_/X
 _6239_/X
 _6240_/Y
 _6241_/Y
 _6242_/Y
 _6243_/X
 _6244_/Y
 _6245_/X
 _6246_/Y
 _6247_/Y
 _6248_/Y
 _6249_/Y
 _6250_/X
 _6251_/Y
 _6252_/Y
 _6253_/X
 _6254_/Y
 _6255_/Y
 _6256_/Y
 _6257_/Y
 _6258_/Y
 _6259_/X
 _6260_/Y
 _6261_/X
 _6262_/X
 _6263_/X
 _6264_/X
 _6265_/X
 _6266_/Y
 _6267_/Y
 _6268_/Y
 _6269_/X
 _6270_/X
 _6271_/X
 _6272_/X
 _6273_/X
 _6274_/X
 _6275_/X
 _6276_/X
 _6277_/X
 _6278_/X
 _6279_/X
 _6280_/X
 _6281_/X
 _6282_/X
 _6283_/X
 _6284_/X
 _6285_/X
 _6286_/X
 _6287_/X
 _6288_/X
 _6289_/X
 _6290_/X
 _6291_/Y
 _6292_/X
 _6293_/X
 _6294_/Y
 _6295_/X
 _6296_/X
 _6297_/X
 _6298_/X
 _6299_/X
 _6300_/X
 _6301_/X
 _6302_/X
 _6303_/X
 _6304_/X
 _6305_/X
 _6306_/X
 _6307_/X
 _6308_/X
 _6309_/X
 _6310_/X
 _6311_/X
 _6312_/X
 _6313_/X
 _6314_/X
 _6315_/X
 _6316_/X
 _6317_/X
 _6318_/X
 _6319_/X
 _6320_/X
 _6321_/X
 _6322_/X
 _6323_/X
 _6324_/X
 _6325_/X
 _6326_/X
 _6327_/X
 _6328_/X
 _6329_/X
 _6330_/X
 _6331_/X
 _6332_/X
 _6333_/X
 _6334_/X
 _6335_/X
 _6336_/X
 _6337_/X
 _6338_/X
 _6339_/X
 _6340_/X
 _6341_/X
 _6342_/X
 _6343_/X
 _6344_/X
 _6345_/X
 _6346_/X
 _6347_/X
 _6348_/X
 _6349_/X
 _6350_/X
 _6351_/X
 _6352_/X
 _6353_/X
 _6354_/X
 _6355_/X
 _6356_/X
 _6357_/X
 _6358_/X
 _6359_/X
 _6360_/X
 _6361_/X
 _6362_/X
 _6363_/X
 _6364_/X
 _6365_/X
 _6366_/X
 _6367_/X
 _6368_/X
 _6369_/X
 _6370_/X
 _6371_/X
 _6372_/X
 _6373_/X
 _6374_/X
 _6375_/X
 _6376_/X
 _6377_/X
 _6378_/X
 _6379_/X
 _6380_/X
 _6381_/X
 _6382_/X
 _6383_/X
 _6384_/X
 _6385_/X
 _6386_/X
 _6387_/X
 _6388_/X
 _6389_/X
 _6390_/X
 _6391_/X
 _6392_/X
 _6393_/X
 _6394_/Y
 _6395_/Y
 _6396_/X
 _6397_/X
 _6398_/X
 _6399_/X
 _6400_/X
 _6401_/X
 _6402_/X
 _6403_/X
 _6404_/X
 _6405_/X
 _6406_/X
 _6407_/X
 _6408_/X
 _6409_/X
 _6410_/X
 _6411_/X
 _6412_/X
 _6413_/X
 _6414_/X
 _6415_/X
 _6416_/X
 _6417_/X
 _6418_/X
 _6419_/X
 _6420_/X
 _6421_/X
 _6422_/X
 _6423_/X
 _6424_/X
 _6425_/X
 _6426_/X
 _6427_/X
 _6428_/X
 _6429_/X
 _6430_/X
 _6431_/X
 _6432_/X
 _6433_/X
 _6434_/X
 _6435_/X
 _6436_/X
 _6437_/X
 _6438_/X
 _6439_/X
 _6440_/X
 _6441_/X
 _6442_/X
 _6443_/X
 _6444_/X
 _6445_/X
 _6446_/X
 _6447_/X
 _6448_/X
 _6449_/X
 _6450_/X
 _6451_/X
 _6452_/X
 _6453_/X
 _6454_/X
 _6455_/X
 _6456_/X
 _6457_/X
 _6458_/X
 _6459_/X
 _6460_/X
 _6461_/X
 _6462_/X
 _6463_/X
 _6464_/X
 _6465_/Y
 _6466_/X
 _6467_/X
 _6468_/X
 _6469_/X
 _6470_/X
 _6471_/X
 _6472_/X
 _6473_/X
 _6474_/X
 _6475_/X
 _6476_/X
 _6477_/X
 _6478_/X
 _6479_/X
 _6480_/X
 _6481_/X
 _6482_/X
 _6483_/X
 _6484_/X
 _6485_/X
 _6486_/X
 _6487_/X
 _6488_/X
 _6489_/X
 _6490_/X
 _6491_/X
 _6492_/X
 _6493_/X
 _6494_/X
 _6495_/X
 _6496_/X
 _6497_/X
 _6498_/X
 _6499_/X
 _6500_/X
 _6501_/X
 _6502_/X
 _6503_/X
 _6504_/X
 _6505_/X
 _6506_/X
 _6507_/X
 _6508_/X
 _6509_/X
 _6510_/X
 _6511_/X
 _6512_/X
 _6513_/X
 _6514_/X
 _6515_/X
 _6516_/X
 _6517_/X
 _6518_/X
 _6519_/X
 _6520_/X
 _6521_/X
 _6522_/X
 _6523_/X
 _6524_/X
 _6525_/X
 _6526_/X
 _6527_/X
 _6528_/X
 _6529_/X
 _6530_/X
 _6531_/X
 _6532_/X
 _6533_/X
 _6534_/Y
 _6535_/X
 _6536_/X
 _6537_/X
 _6538_/X
 _6539_/X
 _6540_/X
 _6541_/X
 _6542_/X
 _6543_/X
 _6544_/X
 _6545_/X
 _6546_/X
 _6547_/X
 _6548_/X
 _6549_/X
 _6550_/X
 _6551_/X
 _6552_/X
 _6553_/X
 _6554_/X
 _6555_/X
 _6556_/X
 _6557_/X
 _6558_/X
 _6559_/X
 _6560_/X
 _6561_/X
 _6562_/X
 _6563_/X
 _6564_/X
 _6565_/X
 _6566_/X
 _6567_/X
 _6568_/X
 _6569_/X
 _6570_/X
 _6571_/X
 _6572_/X
 _6573_/X
 _6574_/X
 _6575_/X
 _6576_/X
 _6577_/X
 _6578_/X
 _6579_/X
 _6580_/X
 _6581_/X
 _6582_/X
 _6583_/X
 _6584_/X
 _6585_/X
 _6586_/X
 _6587_/X
 _6588_/X
 _6589_/X
 _6590_/X
 _6591_/X
 _6592_/X
 _6593_/X
 _6594_/X
 _6595_/X
 _6596_/X
 _6597_/X
 _6598_/X
 _6599_/X
 _6600_/X
 _6601_/X
 _6602_/X
 _6603_/Y
 _6604_/X
 _6605_/X
 _6606_/X
 _6607_/X
 _6608_/X
 _6609_/X
 _6610_/X
 _6611_/X
 _6612_/X
 _6613_/X
 _6614_/X
 _6615_/X
 _6616_/X
 _6617_/X
 _6618_/X
 _6619_/X
 _6620_/X
 _6621_/X
 _6622_/X
 _6623_/X
 _6624_/X
 _6625_/X
 _6626_/X
 _6627_/X
 _6628_/X
 _6629_/X
 _6630_/X
 _6631_/X
 _6632_/X
 _6633_/X
 _6634_/X
 _6635_/X
 _6636_/X
 _6637_/X
 _6638_/X
 _6639_/X
 _6640_/X
 _6641_/X
 _6642_/X
 _6643_/X
 _6644_/X
 _6645_/X
 _6646_/X
 _6647_/X
 _6648_/X
 _6649_/X
 _6650_/X
 _6651_/X
 _6652_/X
 _6653_/X
 _6654_/X
 _6655_/X
 _6656_/X
 _6657_/X
 _6658_/X
 _6659_/X
 _6660_/X
 _6661_/X
 _6662_/X
 _6663_/X
 _6664_/X
 _6665_/X
 _6666_/X
 _6667_/X
 _6668_/X
 _6669_/X
 _6670_/X
 _6671_/Y
 _6672_/Y
 _6673_/X
 _6674_/X
 _6675_/X
 _6676_/X
 _6677_/X
 _6678_/X
 _6679_/X
 _6680_/X
 _6681_/X
 _6682_/X
 _6683_/X
 _6684_/X
 _6685_/X
 _6686_/X
 _6687_/X
 _6688_/X
 _6689_/X
 _6690_/X
 _6691_/X
 _6692_/X
 _6693_/X
 _6694_/X
 _6695_/X
 _6696_/X
 _6697_/X
 _6698_/X
 _6699_/X
 _6700_/X
 _6701_/X
 _6702_/X
 _6703_/X
 _6704_/X
 _6705_/X
 _6706_/X
 _6707_/X
 _6708_/X
 _6709_/X
 _6710_/X
 _6711_/X
 _6712_/X
 _6713_/X
 _6714_/X
 _6715_/X
 _6716_/X
 _6717_/X
 _6718_/X
 _6719_/X
 _6720_/X
 _6721_/X
 _6722_/X
 _6723_/X
 _6724_/X
 _6725_/X
 _6726_/X
 _6727_/X
 _6728_/X
 _6729_/X
 _6730_/X
 _6731_/X
 _6732_/X
 _6733_/X
 _6734_/X
 _6735_/X
 _6736_/X
 _6737_/X
 _6738_/X
 _6739_/X
 _6740_/Y
 _6741_/X
 _6742_/X
 _6743_/X
 _6744_/X
 _6745_/X
 _6746_/X
 _6747_/X
 _6748_/X
 _6749_/X
 _6750_/X
 _6751_/X
 _6752_/X
 _6753_/X
 _6754_/X
 _6755_/X
 _6756_/X
 _6757_/X
 _6758_/X
 _6759_/X
 _6760_/X
 _6761_/X
 _6762_/X
 _6763_/X
 _6764_/X
 _6765_/X
 _6766_/X
 _6767_/X
 _6768_/X
 _6769_/X
 _6770_/X
 _6771_/X
 _6772_/X
 _6773_/X
 _6774_/X
 _6775_/X
 _6776_/X
 _6777_/X
 _6778_/X
 _6779_/X
 _6780_/X
 _6781_/X
 _6782_/X
 _6783_/X
 _6784_/X
 _6785_/X
 _6786_/X
 _6787_/X
 _6788_/X
 _6789_/X
 _6790_/X
 _6791_/X
 _6792_/X
 _6793_/X
 _6794_/X
 _6795_/X
 _6796_/X
 _6797_/X
 _6798_/X
 _6799_/X
 _6800_/X
 _6801_/X
 _6802_/X
 _6803_/X
 _6804_/X
 _6805_/X
 _6806_/X
 _6807_/X
 _6808_/X
 _6809_/Y
 _6810_/X
 _6811_/X
 _6812_/X
 _6813_/X
 _6814_/X
 _6815_/X
 _6816_/X
 _6817_/X
 _6818_/X
 _6819_/X
 _6820_/X
 _6821_/X
 _6822_/X
 _6823_/X
 _6824_/X
 _6825_/X
 _6826_/X
 _6827_/X
 _6828_/X
 _6829_/X
 _6830_/X
 _6831_/X
 _6832_/X
 _6833_/X
 _6834_/X
 _6835_/X
 _6836_/X
 _6837_/X
 _6838_/X
 _6839_/X
 _6840_/X
 _6841_/X
 _6842_/X
 _6843_/X
 _6844_/X
 _6845_/X
 _6846_/X
 _6847_/X
 _6848_/X
 _6849_/X
 _6850_/X
 _6851_/X
 _6852_/X
 _6853_/X
 _6854_/X
 _6855_/X
 _6856_/X
 _6857_/X
 _6858_/X
 _6859_/X
 _6860_/X
 _6861_/X
 _6862_/X
 _6863_/X
 _6864_/X
 _6865_/X
 _6866_/X
 _6867_/X
 _6868_/X
 _6869_/X
 _6870_/X
 _6871_/X
 _6872_/X
 _6873_/X
 _6874_/X
 _6875_/X
 _6876_/X
 _6877_/X
 _6878_/X
 _6879_/X
 _6880_/X
 _6881_/X
 _6882_/X
 _6883_/X
 _6884_/X
 _6885_/X
 _6886_/X
 _6887_/X
 _6888_/X
 _6889_/X
 _6890_/X
 _6891_/X
 _6892_/X
 _6893_/X
 _6894_/X
 _6895_/X
 _6896_/X
 _6897_/X
 _6898_/X
 _6899_/X
 _6900_/X
 _6901_/X
 _6902_/X
 _6903_/X
 _6904_/X
 _6905_/X
 _6906_/X
 _6907_/X
 _6908_/X
 _6909_/X
 _6910_/Y
 _6911_/X
 _6912_/X
 _6913_/X
 _6914_/X
 _6915_/X
 _6916_/X
 _6917_/X
 _6918_/X
 _6919_/X
 _6920_/X
 _6921_/X
 _6922_/X
 _6923_/X
 _6924_/X
 _6925_/X
 _6926_/X
 _6927_/X
 _6928_/X
 _6929_/X
 _6930_/X
 _6931_/X
 _6932_/X
 _6933_/X
 _6934_/X
 _6935_/X
 _6936_/X
 _6937_/X
 _6938_/X
 _6939_/X
 _6940_/X
 _6941_/X
 _6942_/X
 _6943_/X
 _6944_/X
 _6945_/X
 _6946_/X
 _6947_/X
 _6948_/X
 _6949_/X
 _6950_/X
 _6951_/X
 _6952_/X
 _6953_/X
 _6954_/X
 _6955_/X
 _6956_/X
 _6957_/X
 _6958_/X
 _6959_/X
 _6960_/X
 _6961_/X
 _6962_/X
 _6963_/X
 _6964_/X
 _6965_/X
 _6966_/X
 _6967_/X
 _6968_/X
 _6969_/X
 _6970_/X
 _6971_/X
 _6972_/X
 _6973_/X
 _6974_/X
 _6975_/X
 _6976_/X
 _6977_/X
 _6978_/X
 _6979_/X
 _6980_/X
 _6981_/X
 _6982_/X
 _6983_/X
 _6984_/X
 _6985_/X
 _6986_/X
 _6987_/X
 _6988_/X
 _6989_/X
 _6990_/X
 _6991_/X
 _6992_/X
 _6993_/X
 _6994_/X
 _6995_/X
 _6996_/X
 _6997_/X
 _6998_/X
 _6999_/X
 _7000_/X
 _7001_/X
 _7002_/X
 _7003_/Y
 _7004_/X
 _7005_/X
 _7006_/X
 _7007_/X
 _7008_/X
 _7009_/X
 _7010_/X
 _7011_/X
 _7012_/X
 _7013_/X
 _7014_/X
 _7015_/X
 _7016_/X
 _7017_/X
 _7018_/X
 _7019_/X
 _7020_/X
 _7021_/X
 _7022_/X
 _7023_/X
 _7024_/X
 _7025_/X
 _7026_/X
 _7027_/X
 _7028_/X
 _7029_/X
 _7030_/X
 _7031_/X
 _7032_/X
 _7033_/X
 _7034_/X
 _7035_/X
 _7036_/X
 _7037_/X
 _7038_/X
 _7039_/X
 _7040_/X
 _7041_/X
 _7042_/X
 _7043_/X
 _7044_/X
 _7045_/X
 _7046_/X
 _7047_/X
 _7048_/X
 _7049_/X
 _7050_/X
 _7051_/X
 _7052_/X
 _7053_/X
 _7054_/X
 _7055_/X
 _7056_/X
 _7057_/X
 _7058_/X
 _7059_/X
 _7060_/X
 _7061_/X
 _7062_/X
 _7063_/X
 _7064_/X
 _7065_/X
 _7066_/X
 _7067_/X
 _7068_/X
 _7069_/X
 _7070_/X
 _7071_/Y
 _7072_/X
 _7073_/X
 _7074_/X
 _7075_/X
 _7076_/X
 _7077_/X
 _7078_/X
 _7079_/X
 _7080_/X
 _7081_/X
 _7082_/X
 _7083_/X
 _7084_/X
 _7085_/X
 _7086_/X
 _7087_/X
 _7088_/X
 _7089_/X
 _7090_/X
 _7091_/X
 _7092_/X
 _7093_/X
 _7094_/X
 _7095_/X
 _7096_/X
 _7097_/X
 _7098_/X
 _7099_/X
 _7100_/X
 _7101_/X
 _7102_/X
 _7103_/X
 _7104_/X
 _7105_/X
 _7106_/X
 _7107_/X
 _7108_/X
 _7109_/X
 _7110_/X
 _7111_/X
 _7112_/X
 _7113_/X
 _7114_/X
 _7115_/X
 _7116_/X
 _7117_/X
 _7118_/X
 _7119_/X
 _7120_/X
 _7121_/X
 _7122_/X
 _7123_/X
 _7124_/X
 _7125_/X
 _7126_/X
 _7127_/X
 _7128_/X
 _7129_/X
 _7130_/X
 _7131_/X
 _7132_/X
 _7133_/X
 _7134_/X
 _7135_/X
 _7136_/X
 _7137_/X
 _7138_/X
 _7139_/Y
 _7140_/X
 _7141_/X
 _7142_/X
 _7143_/X
 _7144_/X
 _7145_/X
 _7146_/X
 _7147_/X
 _7148_/X
 _7149_/X
 _7150_/X
 _7151_/X
 _7152_/X
 _7153_/X
 _7154_/X
 _7155_/X
 _7156_/X
 _7157_/X
 _7158_/X
 _7159_/X
 _7160_/X
 _7161_/X
 _7162_/X
 _7163_/X
 _7164_/X
 _7165_/X
 _7166_/X
 _7167_/X
 _7168_/X
 _7169_/X
 _7170_/X
 _7171_/X
 _7172_/X
 _7173_/X
 _7174_/X
 _7175_/X
 _7176_/X
 _7177_/X
 _7178_/X
 _7179_/X
 _7180_/X
 _7181_/X
 _7182_/X
 _7183_/X
 _7184_/X
 _7185_/X
 _7186_/X
 _7187_/X
 _7188_/X
 _7189_/X
 _7190_/X
 _7191_/X
 _7192_/X
 _7193_/X
 _7194_/X
 _7195_/X
 _7196_/X
 _7197_/X
 _7198_/X
 _7199_/X
 _7200_/X
 _7201_/X
 _7202_/X
 _7203_/X
 _7204_/X
 _7205_/X
 _7206_/X
 _7207_/Y
 _7208_/X
 _7209_/X
 _7210_/X
 _7211_/X
 _7212_/X
 _7213_/X
 _7214_/X
 _7215_/X
 _7216_/X
 _7217_/X
 _7218_/X
 _7219_/X
 _7220_/X
 _7221_/X
 _7222_/X
 _7223_/X
 _7224_/X
 _7225_/X
 _7226_/X
 _7227_/X
 _7228_/X
 _7229_/X
 _7230_/X
 _7231_/X
 _7232_/X
 _7233_/X
 _7234_/X
 _7235_/X
 _7236_/X
 _7237_/X
 _7238_/X
 _7239_/X
 _7240_/X
 _7241_/X
 _7242_/X
 _7243_/X
 _7244_/X
 _7245_/X
 _7246_/X
 _7247_/X
 _7248_/X
 _7249_/X
 _7250_/X
 _7251_/X
 _7252_/X
 _7253_/X
 _7254_/X
 _7255_/X
 _7256_/X
 _7257_/X
 _7258_/X
 _7259_/X
 _7260_/X
 _7261_/X
 _7262_/X
 _7263_/X
 _7264_/X
 _7265_/X
 _7266_/X
 _7267_/X
 _7268_/X
 _7269_/X
 _7270_/X
 _7271_/X
 _7272_/X
 _7273_/X
 _7274_/X
 _7275_/Y
 _7276_/X
 _7277_/X
 _7278_/X
 _7279_/X
 _7280_/X
 _7281_/X
 _7282_/X
 _7283_/X
 _7284_/X
 _7285_/X
 _7286_/X
 _7287_/X
 _7288_/X
 _7289_/X
 _7290_/X
 _7291_/X
 _7292_/X
 _7293_/X
 _7294_/X
 _7295_/X
 _7296_/X
 _7297_/X
 _7298_/X
 _7299_/X
 _7300_/X
 _7301_/X
 _7302_/X
 _7303_/X
 _7304_/X
 _7305_/X
 _7306_/X
 _7307_/X
 _7308_/X
 _7309_/X
 _7310_/X
 _7311_/X
 _7312_/X
 _7313_/X
 _7314_/X
 _7315_/X
 _7316_/X
 _7317_/X
 _7318_/X
 _7319_/X
 _7320_/X
 _7321_/X
 _7322_/X
 _7323_/X
 _7324_/X
 _7325_/X
 _7326_/X
 _7327_/X
 _7328_/X
 _7329_/X
 _7330_/X
 _7331_/X
 _7332_/X
 _7333_/X
 _7334_/X
 _7335_/X
 _7336_/X
 _7337_/X
 _7338_/X
 _7339_/X
 _7340_/X
 _7341_/X
 _7342_/X
 _7343_/Y
 _7344_/X
 _7345_/X
 _7346_/X
 _7347_/X
 _7348_/X
 _7349_/X
 _7350_/X
 _7351_/X
 _7352_/X
 _7353_/X
 _7354_/X
 _7355_/X
 _7356_/X
 _7357_/X
 _7358_/X
 _7359_/X
 _7360_/X
 _7361_/X
 _7362_/X
 _7363_/X
 _7364_/X
 _7365_/X
 _7366_/X
 _7367_/X
 _7368_/X
 _7369_/X
 _7370_/X
 _7371_/X
 _7372_/X
 _7373_/X
 _7374_/X
 _7375_/X
 _7376_/X
 _7377_/X
 _7378_/X
 _7379_/X
 _7380_/X
 _7381_/X
 _7382_/X
 _7383_/X
 _7384_/X
 _7385_/X
 _7386_/X
 _7387_/X
 _7388_/X
 _7389_/X
 _7390_/X
 _7391_/X
 _7392_/X
 _7393_/X
 _7394_/X
 _7395_/X
 _7396_/X
 _7397_/X
 _7398_/X
 _7399_/X
 _7400_/X
 _7401_/X
 _7402_/X
 _7403_/X
 _7404_/X
 _7405_/X
 _7406_/X
 _7407_/X
 _7408_/X
 _7409_/X
 _7410_/X
 _7411_/X
 _7412_/Y
 _7413_/X
 _7414_/X
 _7415_/X
 _7416_/X
 _7417_/X
 _7418_/X
 _7419_/X
 _7420_/X
 _7421_/X
 _7422_/X
 _7423_/X
 _7424_/X
 _7425_/X
 _7426_/X
 _7427_/X
 _7428_/X
 _7429_/X
 _7430_/X
 _7431_/X
 _7432_/X
 _7433_/X
 _7434_/X
 _7435_/X
 _7436_/X
 _7437_/X
 _7438_/X
 _7439_/X
 _7440_/X
 _7441_/X
 _7442_/X
 _7443_/X
 _7444_/X
 _7445_/X
 _7446_/X
 _7447_/X
 _7448_/X
 _7449_/X
 _7450_/X
 _7451_/X
 _7452_/X
 _7453_/X
 _7454_/X
 _7455_/X
 _7456_/X
 _7457_/X
 _7458_/X
 _7459_/X
 _7460_/X
 _7461_/X
 _7462_/X
 _7463_/X
 _7464_/X
 _7465_/X
 _7466_/X
 _7467_/X
 _7468_/X
 _7469_/X
 _7470_/X
 _7471_/X
 _7472_/X
 _7473_/X
 _7474_/X
 _7475_/X
 _7476_/X
 _7477_/X
 _7478_/X
 _7479_/X
 _7480_/Y
 _7481_/X
 _7482_/X
 _7483_/X
 _7484_/X
 _7485_/X
 _7486_/X
 _7487_/X
 _7488_/X
 _7489_/X
 _7490_/X
 _7491_/X
 _7492_/X
 _7493_/X
 _7494_/X
 _7495_/X
 _7496_/X
 _7497_/X
 _7498_/X
 _7499_/X
 _7500_/X
 _7501_/X
 _7502_/X
 _7503_/X
 _7504_/X
 _7505_/X
 _7506_/X
 _7507_/X
 _7508_/X
 _7509_/X
 _7510_/X
 _7511_/X
 _7512_/X
 _7513_/X
 _7514_/X
 _7515_/X
 _7516_/X
 _7517_/X
 _7518_/X
 _7519_/X
 _7520_/X
 _7521_/X
 _7522_/X
 _7523_/X
 _7524_/X
 _7525_/X
 _7526_/X
 _7527_/X
 _7528_/X
 _7529_/X
 _7530_/X
 _7531_/X
 _7532_/X
 _7533_/X
 _7534_/X
 _7535_/X
 _7536_/X
 _7537_/X
 _7538_/X
 _7539_/X
 _7540_/X
 _7541_/X
 _7542_/X
 _7543_/X
 _7544_/X
 _7545_/X
 _7546_/X
 _7547_/X
 _7548_/Y
 _7549_/X
 _7550_/X
 _7551_/X
 _7552_/X
 _7553_/X
 _7554_/X
 _7555_/X
 _7556_/X
 _7557_/X
 _7558_/X
 _7559_/X
 _7560_/X
 _7561_/X
 _7562_/X
 _7563_/X
 _7564_/X
 _7565_/X
 _7566_/X
 _7567_/X
 _7568_/X
 _7569_/X
 _7570_/X
 _7571_/X
 _7572_/X
 _7573_/X
 _7574_/X
 _7575_/X
 _7576_/X
 _7577_/X
 _7578_/X
 _7579_/X
 _7580_/X
 _7581_/X
 _7582_/X
 _7583_/X
 _7584_/X
 _7585_/X
 _7586_/X
 _7587_/X
 _7588_/X
 _7589_/X
 _7590_/X
 _7591_/X
 _7592_/X
 _7593_/X
 _7594_/X
 _7595_/X
 _7596_/X
 _7597_/X
 _7598_/X
 _7599_/X
 _7600_/X
 _7601_/X
 _7602_/X
 _7603_/X
 _7604_/X
 _7605_/X
 _7606_/X
 _7607_/X
 _7608_/X
 _7609_/X
 _7610_/X
 _7611_/X
 _7612_/X
 _7613_/X
 _7614_/X
 _7615_/X
 _7616_/Y
 _7617_/X
 _7618_/X
 _7619_/X
 _7620_/X
 _7621_/X
 _7622_/X
 _7623_/X
 _7624_/X
 _7625_/X
 _7626_/X
 _7627_/X
 _7628_/X
 _7629_/X
 _7630_/X
 _7631_/X
 _7632_/X
 _7633_/X
 _7634_/X
 _7635_/X
 _7636_/X
 _7637_/X
 _7638_/X
 _7639_/X
 _7640_/X
 _7641_/X
 _7642_/X
 _7643_/X
 _7644_/X
 _7645_/X
 _7646_/X
 _7647_/X
 _7648_/X
 _7649_/X
 _7650_/X
 _7651_/X
 _7652_/X
 _7653_/X
 _7654_/X
 _7655_/X
 _7656_/X
 _7657_/X
 _7658_/X
 _7659_/X
 _7660_/X
 _7661_/X
 _7662_/X
 _7663_/X
 _7664_/X
 _7665_/X
 _7666_/X
 _7667_/X
 _7668_/X
 _7669_/X
 _7670_/X
 _7671_/X
 _7672_/X
 _7673_/X
 _7674_/X
 _7675_/X
 _7676_/X
 _7677_/X
 _7678_/X
 _7679_/X
 _7680_/X
 _7681_/X
 _7682_/X
 _7683_/X
 _7684_/X
 _7685_/Y
 _7686_/X
 _7687_/X
 _7688_/X
 _7689_/X
 _7690_/X
 _7691_/X
 _7692_/X
 _7693_/X
 _7694_/X
 _7695_/X
 _7696_/X
 _7697_/X
 _7698_/X
 _7699_/X
 _7700_/X
 _7701_/X
 _7702_/X
 _7703_/X
 _7704_/X
 _7705_/X
 _7706_/X
 _7707_/X
 _7708_/X
 _7709_/X
 _7710_/X
 _7711_/X
 _7712_/X
 _7713_/X
 _7714_/X
 _7715_/X
 _7716_/X
 _7717_/X
 _7718_/X
 _7719_/X
 _7720_/X
 _7721_/X
 _7722_/X
 _7723_/X
 _7724_/X
 _7725_/X
 _7726_/X
 _7727_/X
 _7728_/X
 _7729_/X
 _7730_/X
 _7731_/X
 _7732_/X
 _7733_/X
 _7734_/X
 _7735_/X
 _7736_/X
 _7737_/X
 _7738_/X
 _7739_/X
 _7740_/X
 _7741_/X
 _7742_/X
 _7743_/X
 _7744_/X
 _7745_/X
 _7746_/X
 _7747_/X
 _7748_/X
 _7749_/X
 _7750_/X
 _7751_/X
 _7752_/X
 _7753_/Y
 _7754_/X
 _7755_/X
 _7756_/X
 _7757_/X
 _7758_/X
 _7759_/X
 _7760_/X
 _7761_/X
 _7762_/X
 _7763_/X
 _7764_/X
 _7765_/X
 _7766_/X
 _7767_/X
 _7768_/X
 _7769_/X
 _7770_/X
 _7771_/X
 _7772_/X
 _7773_/X
 _7774_/X
 _7775_/X
 _7776_/X
 _7777_/X
 _7778_/X
 _7779_/X
 _7780_/X
 _7781_/X
 _7782_/X
 _7783_/X
 _7784_/X
 _7785_/X
 _7786_/X
 _7787_/X
 _7788_/X
 _7789_/X
 _7790_/X
 _7791_/X
 _7792_/X
 _7793_/X
 _7794_/X
 _7795_/X
 _7796_/X
 _7797_/X
 _7798_/X
 _7799_/X
 _7800_/X
 _7801_/X
 _7802_/X
 _7803_/X
 _7804_/X
 _7805_/X
 _7806_/X
 _7807_/X
 _7808_/X
 _7809_/X
 _7810_/X
 _7811_/X
 _7812_/X
 _7813_/X
 _7814_/X
 _7815_/X
 _7816_/X
 _7817_/X
 _7818_/X
 _7819_/X
 _7820_/X
 _7821_/Y
 _7822_/X
 _7823_/X
 _7824_/X
 _7825_/X
 _7826_/X
 _7827_/X
 _7828_/X
 _7829_/X
 _7830_/X
 _7831_/X
 _7832_/X
 _7833_/X
 _7834_/X
 _7835_/X
 _7836_/X
 _7837_/X
 _7838_/X
 _7839_/X
 _7840_/X
 _7841_/X
 _7842_/X
 _7843_/X
 _7844_/X
 _7845_/X
 _7846_/X
 _7847_/X
 _7848_/X
 _7849_/X
 _7850_/X
 _7851_/X
 _7852_/X
 _7853_/X
 _7854_/X
 _7855_/X
 _7856_/X
 _7857_/X
 _7858_/X
 _7859_/X
 _7860_/X
 _7861_/X
 _7862_/X
 _7863_/X
 _7864_/X
 _7865_/X
 _7866_/X
 _7867_/X
 _7868_/X
 _7869_/X
 _7870_/X
 _7871_/X
 _7872_/X
 _7873_/X
 _7874_/X
 _7875_/X
 _7876_/X
 _7877_/X
 _7878_/X
 _7879_/X
 _7880_/X
 _7881_/X
 _7882_/X
 _7883_/X
 _7884_/X
 _7885_/X
 _7886_/X
 _7887_/X
 _7888_/X
 _7889_/X
 _7890_/Y
 _7891_/X
 _7892_/X
 _7893_/X
 _7894_/X
 _7895_/X
 _7896_/X
 _7897_/X
 _7898_/X
 _7899_/X
 _7900_/X
 _7901_/X
 _7902_/X
 _7903_/X
 _7904_/X
 _7905_/X
 _7906_/X
 _7907_/X
 _7908_/X
 _7909_/X
 _7910_/X
 _7911_/X
 _7912_/X
 _7913_/X
 _7914_/X
 _7915_/X
 _7916_/X
 _7917_/X
 _7918_/X
 _7919_/X
 _7920_/X
 _7921_/X
 _7922_/X
 _7923_/X
 _7924_/X
 _7925_/X
 _7926_/X
 _7927_/X
 _7928_/X
 _7929_/X
 _7930_/X
 _7931_/X
 _7932_/X
 _7933_/X
 _7934_/X
 _7935_/X
 _7936_/X
 _7937_/X
 _7938_/X
 _7939_/X
 _7940_/X
 _7941_/X
 _7942_/X
 _7943_/X
 _7944_/X
 _7945_/X
 _7946_/X
 _7947_/X
 _7948_/X
 _7949_/X
 _7950_/X
 _7951_/X
 _7952_/X
 _7953_/X
 _7954_/X
 _7955_/X
 _7956_/X
 _7957_/X
 _7958_/Y
 _7959_/X
 _7960_/X
 _7961_/X
 _7962_/X
 _7963_/X
 _7964_/X
 _7965_/X
 _7966_/X
 _7967_/X
 _7968_/X
 _7969_/X
 _7970_/X
 _7971_/X
 _7972_/X
 _7973_/X
 _7974_/X
 _7975_/X
 _7976_/X
 _7977_/X
 _7978_/X
 _7979_/X
 _7980_/X
 _7981_/X
 _7982_/X
 _7983_/X
 _7984_/X
 _7985_/X
 _7986_/X
 _7987_/X
 _7988_/X
 _7989_/X
 _7990_/X
 _7991_/X
 _7992_/X
 _7993_/X
 _7994_/X
 _7995_/X
 _7996_/X
 _7997_/X
 _7998_/X
 _7999_/X
 _8000_/X
 _8001_/X
 _8002_/X
 _8003_/X
 _8004_/X
 _8005_/X
 _8006_/X
 _8007_/X
 _8008_/X
 _8009_/X
 _8010_/X
 _8011_/X
 _8012_/X
 _8013_/X
 _8014_/X
 _8015_/X
 _8016_/X
 _8017_/X
 _8018_/X
 _8019_/X
 _8020_/X
 _8021_/X
 _8022_/X
 _8023_/X
 _8024_/X
 _8025_/X
 _8026_/Y
 _8027_/X
 _8028_/X
 _8029_/X
 _8030_/X
 _8031_/X
 _8032_/X
 _8033_/X
 _8034_/X
 _8035_/X
 _8036_/X
 _8037_/X
 _8038_/X
 _8039_/X
 _8040_/X
 _8041_/X
 _8042_/X
 _8043_/X
 _8044_/X
 _8045_/X
 _8046_/X
 _8047_/X
 _8048_/X
 _8049_/X
 _8050_/X
 _8051_/X
 _8052_/X
 _8053_/X
 _8054_/X
 _8055_/X
 _8056_/X
 _8057_/X
 _8058_/X
 _8059_/X
 _8060_/X
 _8061_/X
 _8062_/X
 _8063_/X
 _8064_/X
 _8065_/X
 _8066_/X
 _8067_/X
 _8068_/X
 _8069_/X
 _8070_/X
 _8071_/X
 _8072_/X
 _8073_/X
 _8074_/X
 _8075_/X
 _8076_/X
 _8077_/X
 _8078_/X
 _8079_/X
 _8080_/X
 _8081_/X
 _8082_/X
 _8083_/X
 _8084_/X
 _8085_/X
 _8086_/X
 _8087_/X
 _8088_/X
 _8089_/X
 _8090_/X
 _8091_/X
 _8092_/X
 _8093_/X
 _8094_/Y
 _8095_/X
 _8096_/X
 _8097_/X
 _8098_/X
 _8099_/X
 _8100_/X
 _8101_/X
 _8102_/X
 _8103_/X
 _8104_/X
 _8105_/X
 _8106_/X
 _8107_/X
 _8108_/X
 _8109_/X
 _8110_/X
 _8111_/X
 _8112_/X
 _8113_/X
 _8114_/X
 _8115_/X
 _8116_/X
 _8117_/X
 _8118_/X
 _8119_/X
 _8120_/X
 _8121_/X
 _8122_/X
 _8123_/X
 _8124_/X
 _8125_/X
 _8126_/X
 _8127_/X
 _8128_/X
 _8129_/X
 _8130_/X
 _8131_/X
 _8132_/X
 _8133_/X
 _8134_/X
 _8135_/X
 _8136_/X
 _8137_/X
 _8138_/X
 _8139_/X
 _8140_/X
 _8141_/X
 _8142_/X
 _8143_/X
 _8144_/X
 _8145_/X
 _8146_/X
 _8147_/X
 _8148_/X
 _8149_/X
 _8150_/X
 _8151_/X
 _8152_/X
 _8153_/X
 _8154_/X
 _8155_/X
 _8156_/X
 _8157_/X
 _8158_/X
 _8159_/X
 _8160_/X
 _8161_/X
 _8162_/Y
 _8163_/X
 _8164_/X
 _8165_/X
 _8166_/X
 _8167_/X
 _8168_/X
 _8169_/X
 _8170_/X
 _8171_/X
 _8172_/X
 _8173_/X
 _8174_/X
 _8175_/X
 _8176_/X
 _8177_/X
 _8178_/X
 _8179_/X
 _8180_/X
 _8181_/X
 _8182_/X
 _8183_/X
 _8184_/X
 _8185_/X
 _8186_/X
 _8187_/X
 _8188_/X
 _8189_/X
 _8190_/X
 _8191_/X
 _8192_/X
 _8193_/X
 _8194_/X
 _8195_/X
 _8196_/X
 _8197_/X
 _8198_/X
 _8199_/X
 _8200_/X
 _8201_/X
 _8202_/X
 _8203_/X
 _8204_/X
 _8205_/X
 _8206_/X
 _8207_/X
 _8208_/X
 _8209_/X
 _8210_/X
 _8211_/X
 _8212_/X
 _8213_/X
 _8214_/X
 _8215_/X
 _8216_/X
 _8217_/X
 _8218_/X
 _8219_/X
 _8220_/X
 _8221_/X
 _8222_/X
 _8223_/X
 _8224_/X
 _8225_/X
 _8226_/X
 _8227_/X
 _8228_/X
 _8229_/X
 _8230_/Y
 _8231_/X
 _8232_/X
 _8233_/X
 _8234_/X
 _8235_/X
 _8236_/X
 _8237_/X
 _8238_/X
 _8239_/X
 _8240_/X
 _8241_/X
 _8242_/X
 _8243_/X
 _8244_/X
 _8245_/X
 _8246_/X
 _8247_/X
 _8248_/X
 _8249_/X
 _8250_/X
 _8251_/X
 _8252_/X
 _8253_/X
 _8254_/X
 _8255_/X
 _8256_/X
 _8257_/X
 _8258_/X
 _8259_/X
 _8260_/X
 _8261_/X
 _8262_/X
 _8263_/X
 _8264_/X
 _8265_/X
 _8266_/X
 _8267_/X
 _8268_/X
 _8269_/X
 _8270_/X
 _8271_/X
 _8272_/X
 _8273_/X
 _8274_/X
 _8275_/X
 _8276_/X
 _8277_/X
 _8278_/X
 _8279_/X
 _8280_/X
 _8281_/X
 _8282_/X
 _8283_/X
 _8284_/X
 _8285_/X
 _8286_/X
 _8287_/X
 _8288_/X
 _8289_/X
 _8290_/X
 _8291_/X
 _8292_/X
 _8293_/X
 _8294_/X
 _8295_/X
 _8296_/X
 _8297_/X
 _8298_/Y
 _8299_/X
 _8300_/X
 _8301_/X
 _8302_/X
 _8303_/X
 _8304_/X
 _8305_/X
 _8306_/X
 _8307_/X
 _8308_/X
 _8309_/X
 _8310_/X
 _8311_/X
 _8312_/X
 _8313_/X
 _8314_/X
 _8315_/X
 _8316_/X
 _8317_/X
 _8318_/X
 _8319_/X
 _8320_/X
 _8321_/X
 _8322_/X
 _8323_/X
 _8324_/X
 _8325_/X
 _8326_/X
 _8327_/X
 _8328_/X
 _8329_/X
 _8330_/X
 _8331_/X
 _8332_/X
 _8333_/X
 _8334_/X
 _8335_/X
 _8336_/X
 _8337_/X
 _8338_/X
 _8339_/X
 _8340_/X
 _8341_/X
 _8342_/X
 _8343_/X
 _8344_/X
 _8345_/X
 _8346_/X
 _8347_/X
 _8348_/X
 _8349_/X
 _8350_/X
 _8351_/X
 _8352_/X
 _8353_/X
 _8354_/X
 _8355_/X
 _8356_/X
 _8357_/X
 _8358_/X
 _8359_/X
 _8360_/X
 _8361_/X
 _8362_/X
 _8363_/X
 _8364_/X
 _8365_/X
 _8366_/Y
 _8367_/X
 _8368_/X
 _8369_/X
 _8370_/X
 _8371_/X
 _8372_/X
 _8373_/X
 _8374_/X
 _8375_/X
 _8376_/X
 _8377_/X
 _8378_/X
 _8379_/X
 _8380_/X
 _8381_/X
 _8382_/X
 _8383_/X
 _8384_/X
 _8385_/X
 _8386_/X
 _8387_/X
 _8388_/X
 _8389_/X
 _8390_/X
 _8391_/X
 _8392_/X
 _8393_/X
 _8394_/X
 _8395_/X
 _8396_/X
 _8397_/X
 _8398_/X
 _8399_/X
 _8400_/X
 _8401_/X
 _8402_/X
 _8403_/X
 _8404_/X
 _8405_/X
 _8406_/X
 _8407_/X
 _8408_/X
 _8409_/X
 _8410_/X
 _8411_/X
 _8412_/X
 _8413_/X
 _8414_/X
 _8415_/X
 _8416_/X
 _8417_/X
 _8418_/X
 _8419_/X
 _8420_/X
 _8421_/X
 _8422_/X
 _8423_/X
 _8424_/X
 _8425_/X
 _8426_/X
 _8427_/X
 _8428_/X
 _8429_/X
 _8430_/X
 _8431_/X
 _8432_/X
 _8433_/X
 _8434_/Y
 _8435_/X
 _8436_/X
 _8437_/X
 _8438_/X
 _8439_/X
 _8440_/X
 _8441_/X
 _8442_/X
 _8443_/X
 _8444_/X
 _8445_/X
 _8446_/X
 _8447_/X
 _8448_/X
 _8449_/X
 _8450_/X
 _8451_/X
 _8452_/X
 _8453_/X
 _8454_/X
 _8455_/X
 _8456_/X
 _8457_/X
 _8458_/X
 _8459_/X
 _8460_/X
 _8461_/X
 _8462_/X
 _8463_/X
 _8464_/X
 _8465_/X
 _8466_/X
 _8467_/X
 _8468_/X
 _8469_/X
 _8470_/X
 _8471_/X
 _8472_/X
 _8473_/X
 _8474_/X
 _8475_/X
 _8476_/X
 _8477_/X
 _8478_/X
 _8479_/X
 _8480_/X
 _8481_/X
 _8482_/X
 _8483_/X
 _8484_/X
 _8485_/X
 _8486_/X
 _8487_/X
 _8488_/X
 _8489_/X
 _8490_/X
 _8491_/X
 _8492_/X
 _8493_/X
 _8494_/X
 _8495_/X
 _8496_/X
 _8497_/X
 _8498_/X
 _8499_/X
 _8500_/X
 _8501_/X
 _8502_/X
 _8503_/X
 _8504_/X
 _8505_/X
 _8506_/X
 _8507_/X
 _8508_/X
 _8509_/X
 _8510_/X
 _8511_/X
 _8512_/X
 _8513_/X
 _8514_/X
 _8515_/X
 _8516_/X
 _8517_/X
 _8518_/X
 _8519_/X
 _8520_/X
 _8521_/X
 _8522_/X
 _8523_/X
 _8524_/X
 _8525_/X
 _8526_/X
 _8527_/X
 _8528_/X
 _8529_/X
 _8530_/X
 _8531_/X
 _8532_/X
 _8533_/X
 _8534_/X
 _8535_/X
 _8536_/X
 _8537_/X
 _8538_/X
 _8539_/X
 _8540_/X
 _8541_/X
 _8542_/X
 _8543_/X
 _8544_/X
 _8545_/X
 _8546_/X
 _8547_/X
 _8548_/X
 _8549_/X
 _8550_/X
 _8551_/X
 _8552_/X
 _8553_/X
 _8554_/Q
 _8555_/Q
 _8556_/Q
 _8557_/Q
 _8558_/Q
 _8559_/Q
 _8560_/Q
 _8561_/Q
 _8562_/Q
 _8563_/Q
 _8564_/Q
 _8565_/Q
 _8566_/Q
 _8567_/Q
 _8568_/Q
 _8569_/Q
 _8570_/Q
 _8571_/Q
 _8572_/Q
 _8573_/Q
 _8574_/Q
 _8575_/Q
 _8576_/Q
 _8577_/Q
 _8578_/Q
 _8579_/Q
 _8580_/Q
 _8581_/Q
 _8582_/Q
 _8583_/Q
 _8584_/Q
 _8585_/Q
 _8586_/Q
 _8587_/Q
 _8588_/Q
 _8589_/Q
 _8590_/Q
 _8591_/Q
 _8592_/Q
 _8593_/Q
 _8594_/Q
 _8595_/Q
 _8596_/Q
 _8597_/Q
 _8598_/Q
 _8599_/Q
 _8600_/Q
 _8601_/Q
 _8602_/Q
 _8603_/Q
 _8604_/Q
 _8605_/Q
 _8606_/Q
 _8607_/Q
 _8608_/Q
 _8609_/Q
 _8610_/Q
 _8611_/Q
 _8612_/Q
 _8613_/Q
 _8614_/Q
 _8615_/Q
 _8616_/Q
 _8617_/Q
 _8618_/Q
 _8619_/Q
 _8620_/Q
 _8621_/Q
 _8622_/Q
 _8623_/Q
 _8624_/Q
 _8625_/Q
 _8626_/Q
 _8627_/Q
 _8628_/Q
 _8629_/Q
 _8630_/Q
 _8631_/Q
 _8632_/Q
 _8633_/Q
 _8634_/Q
 _8635_/Q
 _8636_/Q
 _8637_/Q
 _8638_/Q
 _8639_/Q
 _8640_/Q
 _8641_/Q
 _8642_/Q
 _8643_/Q
 _8644_/Q
 _8645_/Q
 _8646_/Q
 _8647_/Q
 _8648_/Q
 _8649_/Q
 _8650_/Q
 _8651_/Q
 _8652_/Q
 _8653_/Q
 _8654_/Q
 _8655_/Q
 _8656_/Q
 _8657_/Q
 _8658_/Q
 _8659_/Q
 _8660_/Q
 _8661_/Q
 _8662_/Q
 _8663_/Q
 _8664_/Q
 _8665_/Q
 _8666_/Q
 _8667_/Q
 _8668_/Q
 _8669_/Q
 _8670_/Q
 _8671_/Q
 _8672_/Q
 _8673_/Q
 _8674_/Q
 _8675_/Q
 _8676_/Q
 _8677_/Q
 _8678_/Q
 _8679_/Q
 _8680_/Q
 _8681_/Q
 _8682_/Q
 _8683_/Q
 _8684_/Q
 _8685_/Q
 _8686_/Q
 _8687_/Q
 _8688_/Q
 _8689_/Q
 _8690_/Q
 _8691_/Q
 _8692_/Q
 _8693_/Q
 _8694_/Q
 _8695_/Q
 _8696_/Q
 _8697_/Q
 _8698_/Q
 _8699_/Q
 _8700_/Q
 _8701_/Q
 _8702_/Q
 _8703_/Q
 _8704_/Q
 _8705_/Q
 _8706_/Q
 _8707_/Q
 _8708_/Q
 _8709_/Q
 _8710_/Q
 _8711_/Q
 _8712_/Q
 _8713_/Q
 _8714_/Q
 _8715_/Q
 _8716_/Q
 _8717_/Q
 _8718_/Q
 _8719_/Q
 _8720_/Q
 _8721_/Q
 _8722_/Q
 _8723_/Q
 _8724_/Q
 _8725_/Q
 _8726_/Q
 _8727_/Q
 _8728_/Q
 _8729_/Q
 _8730_/Q
 _8731_/Q
 _8732_/Q
 _8733_/Q
 _8734_/Q
 _8735_/Q
 _8736_/Q
 _8737_/Q
 _8738_/Q
 _8739_/Q
 _8740_/Q
 _8741_/Q
 _8742_/Q
 _8743_/Q
 _8744_/Q
 _8745_/Q
 _8746_/Q
 _8747_/Q
 _8748_/Q
 _8749_/Q
 _8750_/Q
 _8751_/Q
 _8752_/Q
 _8753_/Q
 _8754_/Q
 _8755_/Q
 _8756_/Q
 _8757_/Q
 _8758_/Q
 _8759_/Q
 _8760_/Q
 _8761_/Q
 _8762_/Q
 _8763_/Q
 _8764_/Q
 _8765_/Q
 _8766_/Q
 _8767_/Q
 _8768_/Q
 _8769_/Q
 _8770_/Q
 _8771_/Q
 _8772_/Q
 _8773_/Q
 _8774_/Q
 _8775_/Q
 _8776_/Q
 _8777_/Q
 _8778_/Q
 _8779_/Q
 _8780_/Q
 _8781_/Q
 _8782_/Q
 _8783_/Q
 _8784_/Q
 _8785_/Q
 _8786_/Q
 _8787_/Q
 _8788_/Q
 _8789_/Q
 _8790_/Q
 _8791_/Q
 _8792_/Q
 _8793_/Q
 _8794_/Q
 _8795_/Q
 _8796_/Q
 _8797_/Q
 _8798_/Q
 _8799_/Q
 _8800_/Q
 _8801_/Q
 _8802_/Q
 _8803_/Q
 _8804_/Q
 _8805_/Q
 _8806_/Q
 _8807_/Q
 _8808_/Q
 _8809_/Q
 _8810_/Q
 _8811_/Q
 _8812_/Q
 _8813_/Q
 _8814_/Q
 _8815_/Q
 _8816_/Q
 _8817_/Q
 _8818_/Q
 _8819_/Q
 _8820_/Q
 _8821_/Q
 _8822_/Q
 _8823_/Q
 _8824_/Q
 _8825_/Q
 _8826_/Q
 _8827_/Q
 _8828_/Q
 _8829_/Q
 _8830_/Q
 _8831_/Q
 _8832_/Q
 _8833_/Q
 _8834_/Q
 _8835_/Q
 _8836_/Q
 _8837_/Q
 _8838_/Q
 _8839_/Q
 _8840_/Q
 _8841_/Q
 _8842_/Q
 _8843_/Q
 _8844_/Q
 _8845_/Q
 _8846_/Q
 _8847_/Q
 _8848_/Q
 _8849_/Q
 _8850_/Q
 _8851_/Q
 _8852_/Q
 _8853_/Q
 _8854_/Q
 _8855_/Q
 _8856_/Q
 _8857_/Q
 _8858_/Q
 _8859_/Q
 _8860_/Q
 _8861_/Q
 _8862_/Q
 _8863_/Q
 _8864_/Q
 _8865_/Q
 _8866_/Q
 _8867_/Q
 _8868_/Q
 _8869_/Q
 _8870_/Q
 _8871_/Q
 _8872_/Q
 _8873_/Q
 _8874_/Q
 _8875_/Q
 _8876_/Q
 _8877_/Q
 _8878_/Q
 _8879_/Q
 _8880_/Q
 _8881_/Q
 _8882_/Q
 _8883_/Q
 _8884_/Q
 _8885_/Q
 _8886_/Q
 _8887_/Q
 _8888_/Q
 _8889_/Q
 _8890_/Q
 _8891_/Q
 _8892_/Q
 _8893_/Q
 _8894_/Q
 _8895_/Q
 _8896_/Q
 _8897_/Q
 _8898_/Q
 _8899_/Q
 _8900_/Q
 _8901_/Q
 _8902_/Q
 _8903_/Q
 _8904_/Q
 _8905_/Q
 _8906_/Q
 _8907_/Q
 _8908_/Q
 _8909_/Q
 _8910_/Q
 _8911_/Q
 _8912_/Q
 _8913_/Q
 _8914_/Q
 _8915_/Q
 _8916_/Q
 _8917_/Q
 _8918_/Q
 _8919_/Q
 _8920_/Q
 _8921_/Q
 _8922_/Q
 _8923_/Q
 _8924_/Q
 _8925_/Q
 _8926_/Q
 _8927_/Q
 _8928_/Q
 _8929_/Q
 _8930_/Q
 _8931_/Q
 _8932_/Q
 _8933_/Q
 _8934_/Q
 _8935_/Q
 _8936_/Q
 _8937_/Q
 _8938_/Q
 _8939_/Q
 _8940_/Q
 _8941_/Q
 _8942_/Q
 _8943_/Q
 _8944_/Q
 _8945_/Q
 _8946_/Q
 _8947_/Q
 _8948_/Q
 _8949_/Q
 _8950_/Q
 _8951_/Q
 _8952_/Q
 _8953_/Q
 _8954_/Q
 _8955_/Q
 _8956_/Q
 _8957_/Q
 _8958_/Q
 _8959_/Q
 _8960_/Q
 _8961_/Q
 _8962_/Q
 _8963_/Q
 _8964_/Q
 _8965_/Q
 _8966_/Q
 _8967_/Q
 _8968_/Q
 _8969_/Q
 _8970_/Q
 _8971_/Q
 _8972_/Q
 _8973_/Q
 _8974_/Q
 _8975_/Q
 _8976_/Q
 _8977_/Q
 _8978_/Q
 _8979_/Q
 _8980_/Q
 _8981_/Q
 _8982_/Q
 _8983_/Q
 _8984_/Q
 _8985_/Q
 _8986_/Q
 _8987_/Q
 _8988_/Q
 _8989_/Q
 _8990_/Q
 _8991_/Q
 _8992_/Q
 _8993_/Q
 _8994_/Q
 _8995_/Q
 _8996_/Q
 _8997_/Q
 _8998_/Q
 _8999_/Q
 _9000_/Q
 _9001_/Q
 _9002_/Q
 _9003_/Q
 _9004_/Q
 _9005_/Q
 _9006_/Q
 _9007_/Q
 _9008_/Q
 _9009_/Q
 _9010_/Q
 _9011_/Q
 _9012_/Q
 _9013_/Q
 _9014_/Q
 _9015_/Q
 _9016_/Q
 _9017_/Q
 _9018_/Q
 _9019_/Q
 _9020_/Q
 _9021_/Q
 _9022_/Q
 _9023_/Q
 _9024_/Q
 _9025_/Q
 _9026_/Q
 _9027_/Q
 _9028_/Q
 _9029_/Q
 _9030_/Q
 _9031_/Q
 _9032_/Q
 _9033_/Q
 _9034_/Q
 _9035_/Q
 _9036_/Q
 _9037_/Q
 _9038_/Q
 _9039_/Q
 _9040_/Q
 _9041_/Q
 _9042_/Q
 _9043_/Q
 _9044_/Q
 _9045_/Q
 _9046_/Q
 _9047_/Q
 _9048_/Q
 _9049_/Q
 _9050_/Q
 _9051_/Q
 _9052_/Q
 _9053_/Q
 _9054_/Q
 _9055_/Q
 _9056_/Q
 _9057_/Q
 _9058_/Q
 _9059_/Q
 _9060_/Q
 _9061_/Q
 _9062_/Q
 _9063_/Q
 _9064_/Q
 _9065_/Q
 _9066_/Q
 _9067_/Q
 _9068_/Q
 _9069_/Q
 _9070_/Q
 _9071_/Q
 _9072_/Q
 _9073_/Q
 _9074_/Q
 _9075_/Q
 _9076_/Q
 _9077_/Q
 _9078_/Q
 _9079_/Q
 _9080_/Q
 _9081_/Q
 _9082_/Q
 _9083_/Q
 _9084_/Q
 _9085_/Q
 _9086_/Q
 _9087_/Q
 _9088_/Q
 _9089_/Q
 _9090_/Q
 _9091_/Q
 _9092_/Q
 _9093_/Q
 _9094_/Q
 _9095_/Q
 _9096_/Q
 _9097_/Q
 _9098_/Q
 _9099_/Q
 _9100_/Q
 _9101_/Q
 _9102_/Q
 _9103_/Q
 _9104_/Q
 _9105_/Q
 _9106_/Q
 _9107_/Q
 _9108_/Q
 _9109_/Q
 _9110_/Q
 _9111_/Q
 _9112_/Q
 _9113_/Q
 _9114_/Q
 _9115_/Q
 _9116_/Q
 _9117_/Q
 _9118_/Q
 _9119_/Q
 _9120_/Q
 _9121_/Q
 _9122_/Q
 _9123_/Q
 _9124_/Q
 _9125_/Q
 _9126_/Q
 _9127_/Q
 _9128_/Q
 _9129_/Q
 _9130_/Q
 _9131_/Q
 _9132_/Q
 _9133_/Q
 _9134_/Q
 _9135_/Q
 _9136_/Q
 _9137_/Q
 _9138_/Q
 _9139_/Q
 _9140_/Q
 _9141_/Q
 _9142_/Q
 _9143_/Q
 _9144_/Q
 _9145_/Q
 _9146_/Q
 _9147_/Q
 _9148_/Q
 _9149_/Q
 _9150_/Q
 _9151_/Q
 _9152_/Q
 _9153_/Q
 _9154_/Q
 _9155_/Q
 _9156_/Q
 _9157_/Q
 _9158_/Q
 _9159_/Q
 _9160_/Q
 _9161_/Q
 _9162_/Q
 _9163_/Q
 _9164_/Q
 _9165_/Q
 _9166_/Q
 _9167_/Q
 _9168_/Q
 _9169_/Q
 _9170_/Q
 _9171_/Q
 _9172_/Q
 _9173_/Q
 _9174_/Q
 _9175_/Q
 _9176_/Q
 _9177_/Q
 _9178_/Q
 _9179_/Q
 _9180_/Q
 _9181_/Q
 _9182_/Q
 _9183_/Q
 _9184_/Q
 _9185_/Q
 _9186_/Q
 _9187_/Q
 _9188_/Q
 _9189_/Q
 _9190_/Q
 _9191_/Q
 _9192_/Q
 _9193_/Q
 _9194_/Q
 _9195_/Q
 _9196_/Q
 _9197_/Q
 _9198_/Q
 _9199_/Q
 _9200_/Q
 _9201_/Q
 _9202_/Q
 _9203_/Q
 _9204_/Q
 _9205_/Q
 _9206_/Q
 _9207_/Q
 _9208_/Q
 _9209_/Q
 _9210_/Q
 _9211_/Q
 _9212_/Q
 _9213_/Q
 _9214_/Q
 _9215_/Q
 _9216_/Q
 _9217_/Q
 _9218_/Q
 _9219_/Q
 _9220_/Q
 _9221_/Q
 _9222_/Q
 _9223_/Q
 _9224_/Q
 _9225_/Q
 _9226_/Q
 _9227_/Q
 _9228_/Q
 _9229_/Q
 _9230_/Q
 _9231_/Q
 _9232_/Q
 _9233_/Q
 _9234_/Q
 _9235_/Q
 _9236_/Q
 _9237_/Q
 _9238_/Q
 _9239_/Q
 _9240_/Q
 _9241_/Q
 _9242_/Q
 _9243_/Q
 _9244_/Q
 _9245_/Q
 _9246_/Q
 _9247_/Q
 _9248_/Q
 _9249_/Q
 _9250_/Q
 _9251_/Q
 _9252_/Q
 _9253_/Q
 _9254_/Q
 _9255_/Q
 _9256_/Q
 _9257_/Q
 _9258_/Q
 _9259_/Q
 _9260_/Q
 _9261_/Q
 _9262_/Q
 _9263_/Q
 _9264_/Q
 _9265_/Q
 _9266_/Q
 _9267_/Q
 _9268_/Q
 _9269_/Q
 _9270_/Q
 _9271_/Q
 _9272_/Q
 _9273_/Q
 _9274_/Q
 _9275_/Q
 _9276_/Q
 _9277_/Q
 _9278_/Q
 _9279_/Q
 _9280_/Q
 _9281_/Q
 _9282_/Q
 _9283_/Q
 _9284_/Q
 _9285_/Q
 _9286_/Q
 _9287_/Q
 _9288_/Q
 _9289_/Q
 _9290_/Q
 _9291_/Q
 _9292_/Q
 _9293_/Q
 _9294_/Q
 _9295_/Q
 _9296_/Q
 _9297_/Q
 _9298_/Q
 _9299_/Q
 _9300_/Q
 _9301_/Q
 _9302_/Q
 _9303_/Q
 _9304_/Q
 _9305_/Q
 _9306_/Q
 _9307_/Q
 _9308_/Q
 _9309_/Q
 _9310_/Q
 _9311_/Q
 _9312_/Q
 _9313_/Q
 _9314_/Q
 _9315_/Q
 _9316_/Q
 _9317_/Q
 _9318_/Q
 _9319_/Q
 _9320_/Q
 _9321_/Q
 _9322_/Q
 _9323_/Q
 _9324_/Q
 _9325_/Q
 _9326_/Q
 _9327_/Q
 _9328_/Q
 _9329_/Q
 _9330_/Q
 _9331_/Q
 _9332_/Q
 _9333_/Q
 _9334_/Q
 _9335_/Q
 _9336_/Q
 _9337_/Q
 _9338_/Q
 _9339_/Q
 _9340_/Q
 _9341_/Q
 _9342_/Q
 _9343_/Q
 _9344_/Q
 _9345_/Q
 _9346_/Q
 _9347_/Q
 _9348_/Q
 _9349_/Q
 _9350_/Q
 _9351_/Q
 _9352_/Q
 _9353_/Q
 _9354_/Q
 _9355_/Q
 _9356_/Q
 _9357_/Q
 _9358_/Q
 _9359_/Q
 _9360_/Q
 _9361_/Q
 _9362_/Q
 _9363_/Q
 _9364_/Q
 _9365_/Q
 _9366_/Q
 _9367_/Q
 _9368_/Q
 _9369_/Q
 _9370_/Q
 _9371_/Q
 _9372_/Q
 _9373_/Q
 _9374_/Q
 _9375_/Q
 _9376_/Q
 _9377_/Q
 _9378_/Q
 _9379_/Q
 _9380_/Q
 _9381_/Q
 _9382_/Q
 _9383_/Q
 _9384_/Q
 _9385_/Q
 _9386_/Q
 _9387_/Q
 _9388_/Q
 _9389_/Q
 _9390_/Q
 _9391_/Q
 _9392_/Q
 _9393_/Q
 _9394_/Q
 _9395_/Q
 _9396_/Q
 _9397_/Q
 _9398_/Q
 _9399_/Q
 _9400_/Q
 _9401_/Q
 _9402_/Q
 _9403_/Q
 _9404_/Q
 _9405_/Q
 _9406_/Q
 _9407_/Q
 _9408_/Q
 _9409_/Q
 _9410_/Q
 _9411_/Q
 _9412_/Q
 _9413_/Q
 _9414_/Q
 _9415_/Q
 _9416_/Q
 _9417_/Q
 _9418_/Q
 _9419_/Q
 _9420_/Q
 _9421_/Q
 _9422_/Q
 _9423_/Q
 _9424_/Q
 _9425_/Q
 _9426_/Q
 _9427_/Q
 _9428_/Q
 _9429_/Q
 _9430_/Q
 _9431_/Q
 _9432_/Q
 _9433_/Q
 _9434_/Q
 _9435_/Q
 _9436_/Q
 _9437_/Q
 _9438_/Q
 _9439_/Q
 _9440_/Q
 _9441_/Q
 _9442_/Q
 _9443_/Q
 _9444_/Q
 _9445_/Q
 _9446_/Q
 _9447_/Q
 _9448_/Q
 _9449_/Q
 _9450_/Q
 _9451_/Q
 _9452_/Q
 _9453_/Q
 _9454_/Q
 _9455_/Q
 _9456_/Q
 _9457_/Q
 _9458_/Q
 _9459_/Q
 _9460_/Q
 _9461_/Q
 _9462_/Q
 _9463_/Q
 _9464_/Q
 _9465_/Q
 _9466_/Q
 _9467_/Q
 _9468_/Q
 _9469_/Q
 _9470_/Q
 _9471_/Q
 _9472_/Q
 _9473_/Q
 _9474_/Q
 _9475_/Q
 _9476_/Q
 _9477_/Q
 _9478_/Q
 _9479_/Q
 _9480_/Q
 _9481_/Q
 _9482_/Q
 _9483_/Q
 _9484_/Q
 _9485_/Q
 _9486_/Q
 _9487_/Q
 _9488_/Q
 _9489_/Q
 _9490_/Q
 _9491_/Q
 _9492_/Q
 _9493_/Q
 _9494_/Q
 _9495_/Q
 _9496_/Q
 _9497_/Q
 _9498_/Q
 _9499_/Q
 _9500_/Q
 _9501_/Q
 _9502_/Q
 _9503_/Q
 _9504_/Q
 _9505_/Q
 _9506_/Q
 _9507_/Q
 _9508_/Q
 _9509_/Q
 _9510_/Q
 _9511_/Q
 _9512_/Q
 _9513_/Q
 _9514_/Q
 _9515_/Q
 _9516_/Q
 _9517_/Q
 _9518_/Q
 _9519_/Q
 _9520_/Q
 _9521_/Q
 _9522_/Q
 _9523_/Q
 _9524_/Q
 _9525_/Q
 _9526_/Q
 _9527_/Q
 _9528_/Q
 _9529_/Q
 _9530_/Q
 _9531_/Q
 _9532_/Q
 _9533_/Q
 _9534_/Q
 _9535_/Q
 _9536_/Q
 _9537_/Q
 _9538_/Q
 _9539_/Q
 _9540_/Q
 _9541_/Q
 _9542_/Q
 _9543_/Q
 _9544_/Q
 _9545_/Q
 _9546_/Q
 _9547_/Q
 _9548_/Q
 _9549_/Q
 _9550_/Q
 _9551_/Q
 _9552_/Q
 _9553_/Q
 _9554_/Q
 _9555_/Q
 _9556_/Q
 _9557_/Q
 _9558_/Q
 _9559_/Q
 _9560_/Q
 _9561_/Q
 _9562_/Q
 _9563_/Q
 _9564_/Q
 _9565_/Q
 _9566_/Q
 _9567_/Q
 _9568_/Q
 _9569_/Q
 _9570_/Q
 _9571_/Q
 _9572_/Q
 _9573_/Q
 _9574_/Q
 _9575_/Q
 _9576_/Q
 _9577_/Q
 clkbuf_0_CLK/X
 clkbuf_1_0_0_CLK/X
 clkbuf_1_0_1_CLK/X
 clkbuf_1_1_0_CLK/X
 clkbuf_1_1_1_CLK/X
 clkbuf_2_0_0_CLK/X
 clkbuf_2_0_1_CLK/X
 clkbuf_2_1_0_CLK/X
 clkbuf_2_1_1_CLK/X
 clkbuf_2_2_0_CLK/X
 clkbuf_2_2_1_CLK/X
 clkbuf_2_3_0_CLK/X
 clkbuf_2_3_1_CLK/X
 clkbuf_3_0_0_CLK/X
 clkbuf_3_1_0_CLK/X
 clkbuf_3_2_0_CLK/X
 clkbuf_3_3_0_CLK/X
 clkbuf_3_4_0_CLK/X
 clkbuf_3_5_0_CLK/X
 clkbuf_3_6_0_CLK/X
 clkbuf_3_7_0_CLK/X
 clkbuf_4_0_0_CLK/X
 clkbuf_4_10_0_CLK/X
 clkbuf_4_11_0_CLK/X
 clkbuf_4_12_0_CLK/X
 clkbuf_4_13_0_CLK/X
 clkbuf_4_14_0_CLK/X
 clkbuf_4_15_0_CLK/X
 clkbuf_4_1_0_CLK/X
 clkbuf_4_2_0_CLK/X
 clkbuf_4_3_0_CLK/X
 clkbuf_4_4_0_CLK/X
 clkbuf_4_5_0_CLK/X
 clkbuf_4_6_0_CLK/X
 clkbuf_4_7_0_CLK/X
 clkbuf_4_8_0_CLK/X
 clkbuf_4_9_0_CLK/X
 clkbuf_6_0_0_CLK/X
 clkbuf_6_10_0_CLK/X
 clkbuf_6_11_0_CLK/X
 clkbuf_6_12_0_CLK/X
 clkbuf_6_13_0_CLK/X
 clkbuf_6_14_0_CLK/X
 clkbuf_6_15_0_CLK/X
 clkbuf_6_16_0_CLK/X
 clkbuf_6_17_0_CLK/X
 clkbuf_6_18_0_CLK/X
 clkbuf_6_19_0_CLK/X
 clkbuf_6_1_0_CLK/X
 clkbuf_6_20_0_CLK/X
 clkbuf_6_21_0_CLK/X
 clkbuf_6_22_0_CLK/X
 clkbuf_6_23_0_CLK/X
 clkbuf_6_24_0_CLK/X
 clkbuf_6_25_0_CLK/X
 clkbuf_6_26_0_CLK/X
 clkbuf_6_27_0_CLK/X
 clkbuf_6_28_0_CLK/X
 clkbuf_6_29_0_CLK/X
 clkbuf_6_2_0_CLK/X
 clkbuf_6_30_0_CLK/X
 clkbuf_6_31_0_CLK/X
 clkbuf_6_32_0_CLK/X
 clkbuf_6_33_0_CLK/X
 clkbuf_6_34_0_CLK/X
 clkbuf_6_35_0_CLK/X
 clkbuf_6_36_0_CLK/X
 clkbuf_6_37_0_CLK/X
 clkbuf_6_38_0_CLK/X
 clkbuf_6_39_0_CLK/X
 clkbuf_6_3_0_CLK/X
 clkbuf_6_40_0_CLK/X
 clkbuf_6_41_0_CLK/X
 clkbuf_6_42_0_CLK/X
 clkbuf_6_43_0_CLK/X
 clkbuf_6_44_0_CLK/X
 clkbuf_6_45_0_CLK/X
 clkbuf_6_46_0_CLK/X
 clkbuf_6_47_0_CLK/X
 clkbuf_6_48_0_CLK/X
 clkbuf_6_49_0_CLK/X
 clkbuf_6_4_0_CLK/X
 clkbuf_6_50_0_CLK/X
 clkbuf_6_51_0_CLK/X
 clkbuf_6_52_0_CLK/X
 clkbuf_6_53_0_CLK/X
 clkbuf_6_54_0_CLK/X
 clkbuf_6_55_0_CLK/X
 clkbuf_6_56_0_CLK/X
 clkbuf_6_57_0_CLK/X
 clkbuf_6_58_0_CLK/X
 clkbuf_6_59_0_CLK/X
 clkbuf_6_5_0_CLK/X
 clkbuf_6_60_0_CLK/X
 clkbuf_6_61_0_CLK/X
 clkbuf_6_62_0_CLK/X
 clkbuf_6_63_0_CLK/X
 clkbuf_6_6_0_CLK/X
 clkbuf_6_7_0_CLK/X
 clkbuf_6_8_0_CLK/X
 clkbuf_6_9_0_CLK/X
 clkbuf_leaf_101_CLK/X
 clkbuf_leaf_106_CLK/X
 clkbuf_leaf_115_CLK/X
 clkbuf_leaf_116_CLK/X
 clkbuf_leaf_129_CLK/X
 clkbuf_leaf_130_CLK/X
 clkbuf_leaf_131_CLK/X
 clkbuf_leaf_133_CLK/X
 clkbuf_leaf_150_CLK/X
 clkbuf_leaf_155_CLK/X
 clkbuf_leaf_15_CLK/X
 clkbuf_leaf_16_CLK/X
 clkbuf_leaf_173_CLK/X
 clkbuf_leaf_175_CLK/X
 clkbuf_leaf_176_CLK/X
 clkbuf_leaf_191_CLK/X
 clkbuf_leaf_194_CLK/X
 clkbuf_leaf_209_CLK/X
 clkbuf_leaf_22_CLK/X
 clkbuf_leaf_235_CLK/X
 clkbuf_leaf_246_CLK/X
 clkbuf_leaf_24_CLK/X
 clkbuf_leaf_250_CLK/X
 clkbuf_leaf_261_CLK/X
 clkbuf_leaf_263_CLK/X
 clkbuf_leaf_268_CLK/X
 clkbuf_leaf_278_CLK/X
 clkbuf_leaf_284_CLK/X
 clkbuf_leaf_289_CLK/X
 clkbuf_leaf_291_CLK/X
 clkbuf_leaf_298_CLK/X
 clkbuf_leaf_29_CLK/X
 clkbuf_leaf_310_CLK/X
 clkbuf_leaf_326_CLK/X
 clkbuf_leaf_329_CLK/X
 clkbuf_leaf_345_CLK/X
 clkbuf_leaf_358_CLK/X
 clkbuf_leaf_35_CLK/X
 clkbuf_leaf_369_CLK/X
 clkbuf_leaf_377_CLK/X
 clkbuf_leaf_396_CLK/X
 clkbuf_leaf_405_CLK/X
 clkbuf_leaf_412_CLK/X
 clkbuf_leaf_421_CLK/X
 clkbuf_leaf_435_CLK/X
 clkbuf_leaf_439_CLK/X
 clkbuf_leaf_447_CLK/X
 clkbuf_leaf_449_CLK/X
 clkbuf_leaf_450_CLK/X
 clkbuf_leaf_463_CLK/X
 clkbuf_leaf_464_CLK/X
 clkbuf_leaf_469_CLK/X
 clkbuf_leaf_473_CLK/X
 clkbuf_leaf_474_CLK/X
 clkbuf_leaf_481_CLK/X
 clkbuf_leaf_486_CLK/X
 clkbuf_leaf_489_CLK/X
 clkbuf_leaf_48_CLK/X
 clkbuf_leaf_495_CLK/X
 clkbuf_leaf_500_CLK/X
 clkbuf_leaf_515_CLK/X
 clkbuf_leaf_520_CLK/X
 clkbuf_leaf_521_CLK/X
 clkbuf_leaf_522_CLK/X
 clkbuf_leaf_52_CLK/X
 clkbuf_leaf_536_CLK/X
 clkbuf_leaf_560_CLK/X
 clkbuf_leaf_565_CLK/X
 clkbuf_leaf_56_CLK/X
 clkbuf_leaf_580_CLK/X
 clkbuf_leaf_593_CLK/X
 clkbuf_leaf_594_CLK/X
 clkbuf_leaf_598_CLK/X
 clkbuf_leaf_599_CLK/X
 clkbuf_leaf_5_CLK/X
 clkbuf_leaf_601_CLK/X
 clkbuf_leaf_613_CLK/X
 clkbuf_leaf_624_CLK/X
 clkbuf_leaf_625_CLK/X
 clkbuf_leaf_634_CLK/X
 clkbuf_leaf_636_CLK/X
 clkbuf_leaf_638_CLK/X
 clkbuf_leaf_641_CLK/X
 clkbuf_leaf_642_CLK/X
 clkbuf_leaf_646_CLK/X
 clkbuf_leaf_651_CLK/X
 clkbuf_leaf_654_CLK/X
 clkbuf_leaf_656_CLK/X
 clkbuf_leaf_665_CLK/X
 clkbuf_leaf_667_CLK/X
 clkbuf_leaf_670_CLK/X
 clkbuf_leaf_676_CLK/X
 clkbuf_leaf_681_CLK/X
 clkbuf_leaf_683_CLK/X
 clkbuf_leaf_688_CLK/X
 clkbuf_leaf_68_CLK/X
 clkbuf_leaf_690_CLK/X
 clkbuf_leaf_695_CLK/X
 clkbuf_leaf_696_CLK/X
 clkbuf_leaf_702_CLK/X
 clkbuf_leaf_716_CLK/X
 clkbuf_leaf_728_CLK/X
 clkbuf_leaf_736_CLK/X
 clkbuf_leaf_738_CLK/X
 clkbuf_leaf_743_CLK/X
 clkbuf_leaf_749_CLK/X
 clkbuf_leaf_752_CLK/X
 clkbuf_leaf_757_CLK/X
 clkbuf_leaf_758_CLK/X
 clkbuf_leaf_764_CLK/X
 clkbuf_leaf_789_CLK/X
 clkbuf_leaf_794_CLK/X
 clkbuf_leaf_803_CLK/X
 clkbuf_leaf_80_CLK/X
 clkbuf_leaf_811_CLK/X
 clkbuf_leaf_816_CLK/X
 clkbuf_leaf_818_CLK/X
 clkbuf_leaf_826_CLK/X
 clkbuf_leaf_827_CLK/X
 clkbuf_leaf_832_CLK/X
 clkbuf_leaf_836_CLK/X
 clkbuf_leaf_83_CLK/X
 clkbuf_leaf_842_CLK/X
 clkbuf_leaf_846_CLK/X
 clkbuf_leaf_850_CLK/X
 clkbuf_leaf_857_CLK/X
 clkbuf_leaf_858_CLK/X
 clkbuf_leaf_879_CLK/X
 clkbuf_leaf_87_CLK/X
 clkbuf_leaf_880_CLK/X
 clkbuf_leaf_882_CLK/X
 clkbuf_leaf_8_CLK/X
 clkbuf_leaf_90_CLK/X
 clkbuf_leaf_95_CLK/X
 clkload0/Y
 clkload1/Y
 clkload10/Y
 clkload11/Y
 clkload12/Y
 clkload13/Y
 clkload14/Y
 clkload15/Y
 clkload16/X
 clkload17/X
 clkload18/X
 clkload19/Y
 clkload2/Y
 clkload20/Y
 clkload21/Y
 clkload22/Y
 clkload23/Y
 clkload24/Y
 clkload25/X
 clkload26/Y
 clkload27/Y
 clkload28/Y
 clkload29/Y
 clkload3/Y
 clkload30/Y
 clkload31/X
 clkload32/Y
 clkload33/Y
 clkload34/Y
 clkload35/Y
 clkload36/Y
 clkload37/X
 clkload38/Y
 clkload39/Y
 clkload4/Y
 clkload40/Y
 clkload41/Y
 clkload42/Y
 clkload43/X
 clkload44/Y
 clkload45/Y
 clkload46/Y
 clkload47/Y
 clkload48/X
 clkload49/X
 clkload5/Y
 clkload50/X
 clkload51/X
 clkload52/X
 clkload53/X
 clkload54/X
 clkload55/X
 clkload56/X
 clkload57/X
 clkload58/X
 clkload59/X
 clkload6/Y
 clkload60/Y
 clkload61/Y
 clkload62/Y
 clkload63/X
 clkload64/X
 clkload65/X
 clkload66/X
 clkload67/X
 clkload68/X
 clkload69/X
 clkload7/Y
 clkload70/X
 clkload71/X
 clkload72/X
 clkload73/X
 clkload74/X
 clkload75/X
 clkload76/X
 clkload77/X
 clkload78/X
 clkload79/X
 clkload8/Y
 clkload80/X
 clkload81/X
 clkload82/X
 clkload83/X
 clkload84/X
 clkload85/X
 clkload86/X
 clkload87/X
 clkload88/X
 clkload89/X
 clkload9/Y
 clkload90/X
 clkload91/X
 clkload92/X
 clkload93/X
 clkload94/X
 clkload95/X
 input1/X
 input10/X
 input11/X
 input12/X
 input13/X
 input14/X
 input15/X
 input16/X
 input17/X
 input18/X
 input19/X
 input2/X
 input20/X
 input21/X
 input22/X
 input23/X
 input24/X
 input25/X
 input26/X
 input27/X
 input28/X
 input29/X
 input3/X
 input30/X
 input31/X
 input32/X
 input33/X
 input34/X
 input35/X
 input36/X
 input37/X
 input38/X
 input39/X
 input4/X
 input40/X
 input41/X
 input42/X
 input43/X
 input44/X
 input45/X
 input46/X
 input47/X
 input48/X
 input5/X
 input6/X
 input7/X
 input8/X
 input9/X
 load_slew1010/X
 load_slew1028/X
 load_slew1029/X
 load_slew1030/X
 load_slew1047/X
 load_slew1051/X
 load_slew1054/X
 load_slew1055/X
 load_slew1061/X
 load_slew1062/X
 load_slew1088/X
 load_slew1090/X
 load_slew1091/X
 load_slew1100/X
 load_slew1101/X
 load_slew1104/X
 load_slew1106/X
 load_slew1107/X
 load_slew1110/X
 load_slew1114/X
 load_slew1117/X
 load_slew1125/X
 load_slew1127/X
 load_slew1129/X
 load_slew1130/X
 load_slew1132/X
 load_slew1133/X
 load_slew1134/X
 load_slew1139/X
 load_slew1141/X
 load_slew1142/X
 load_slew1145/X
 load_slew1146/X
 load_slew1147/X
 load_slew1149/X
 load_slew1150/X
 load_slew1151/X
 load_slew1152/X
 load_slew1174/X
 load_slew1178/X
 load_slew1182/X
 load_slew1187/X
 load_slew1207/X
 load_slew1210/X
 load_slew1214/X
 load_slew1219/X
 load_slew1220/X
 load_slew1221/X
 load_slew1223/X
 load_slew1225/X
 load_slew1227/X
 load_slew1229/X
 load_slew1231/X
 load_slew1234/X
 load_slew1236/X
 load_slew1238/X
 load_slew1243/X
 load_slew1246/X
 load_slew1349/X
 load_slew1350/X
 load_slew1351/X
 load_slew1360/X
 load_slew1362/X
 load_slew1363/X
 load_slew1368/X
 load_slew1394/X
 load_slew1395/X
 load_slew1396/X
 load_slew1399/X
 load_slew1400/X
 load_slew1401/X
 load_slew1423/X
 load_slew1435/X
 load_slew1436/X
 load_slew1437/X
 load_slew1443/X
 load_slew1483/X
 load_slew1498/X
 load_slew1499/X
 load_slew1527/X
 load_slew1528/X
 load_slew1542/X
 load_slew1608/X
 load_slew1624/X
 load_slew1628/X
 load_slew1629/X
 load_slew1630/X
 load_slew1634/X
 load_slew1639/X
 load_slew1645/X
 load_slew1646/X
 load_slew1647/X
 load_slew1648/X
 load_slew1649/X
 load_slew1650/X
 load_slew1651/X
 load_slew1660/X
 load_slew1719/X
 load_slew1720/X
 load_slew1721/X
 load_slew1728/X
 load_slew1732/X
 load_slew1733/X
 load_slew1735/X
 load_slew1736/X
 load_slew1737/X
 load_slew1758/X
 load_slew1760/X
 load_slew1761/X
 load_slew1762/X
 load_slew1769/X
 load_slew1795/X
 load_slew1797/X
 load_slew1798/X
 load_slew1810/X
 load_slew1812/X
 load_slew1816/X
 load_slew1817/X
 load_slew1818/X
 load_slew1821/X
 load_slew1823/X
 load_slew1824/X
 load_slew1826/X
 load_slew1827/X
 load_slew1828/X
 load_slew1830/X
 load_slew1845/X
 load_slew1848/X
 load_slew1851/X
 load_slew1852/X
 load_slew1854/X
 load_slew1855/X
 load_slew1856/X
 load_slew1858/X
 load_slew1859/X
 load_slew1877/X
 load_slew1883/X
 load_slew1884/X
 load_slew1885/X
 load_slew1896/X
 load_slew1897/X
 load_slew1898/X
 load_slew1903/X
 load_slew1904/X
 load_slew1907/X
 load_slew1909/X
 load_slew1911/X
 load_slew1915/X
 load_slew1921/X
 load_slew1922/X
 load_slew1923/X
 load_slew1924/X
 load_slew1925/X
 load_slew1930/X
 load_slew1931/X
 load_slew1934/X
 load_slew1936/X
 load_slew1940/X
 load_slew1942/X
 load_slew1943/X
 load_slew1946/X
 load_slew1947/X
 load_slew1950/X
 load_slew1956/X
 load_slew1958/X
 load_slew1960/X
 load_slew1962/X
 load_slew1963/X
 load_slew1964/X
 load_slew1977/X
 load_slew1980/X
 load_slew1981/X
 load_slew1982/X
 load_slew1983/X
 load_slew1987/X
 load_slew1988/X
 load_slew1989/X
 load_slew1990/X
 load_slew1991/X
 load_slew1994/X
 load_slew1995/X
 load_slew1996/X
 load_slew2048/X
 load_slew2049/X
 load_slew2051/X
 load_slew2052/X
 load_slew2053/X
 load_slew2054/X
 load_slew2055/X
 load_slew2097/X
 load_slew2098/X
 load_slew2099/X
 load_slew2100/X
 load_slew2101/X
 load_slew2103/X
 load_slew2105/X
 load_slew2106/X
 load_slew2107/X
 load_slew2109/X
 load_slew2111/X
 load_slew2112/X
 load_slew2117/X
 load_slew2129/X
 load_slew2134/X
 load_slew2136/X
 load_slew2138/X
 load_slew2143/X
 load_slew2146/X
 load_slew2155/X
 load_slew2158/X
 load_slew2159/X
 load_slew2162/X
 load_slew2170/X
 load_slew2173/X
 load_slew2174/X
 load_slew2175/X
 load_slew2176/X
 load_slew2178/X
 load_slew2187/X
 load_slew2191/X
 load_slew2194/X
 load_slew2195/X
 load_slew2197/X
 load_slew2198/X
 load_slew2200/X
 load_slew2203/X
 load_slew2211/X
 load_slew2215/X
 load_slew2221/X
 load_slew2226/X
 load_slew2227/X
 load_slew2229/X
 load_slew2232/X
 load_slew2235/X
 load_slew2238/X
 load_slew2240/X
 load_slew2248/X
 load_slew2250/X
 load_slew2253/X
 load_slew2254/X
 load_slew2256/X
 load_slew2262/X
 load_slew2265/X
 load_slew2266/X
 load_slew2271/X
 load_slew2272/X
 load_slew2274/X
 load_slew2276/X
 load_slew2281/X
 load_slew2282/X
 load_slew2283/X
 load_slew2284/X
 load_slew2287/X
 load_slew2288/X
 load_slew2291/X
 load_slew2296/X
 load_slew2306/X
 load_slew2311/X
 load_slew2313/X
 load_slew2314/X
 load_slew2316/X
 load_slew2318/X
 load_slew2321/X
 load_slew2324/X
 load_slew2342/X
 load_slew2351/X
 load_slew2354/X
 load_slew2357/X
 load_slew2359/X
 load_slew2362/X
 load_slew2386/X
 load_slew2387/X
 load_slew2395/X
 load_slew2396/X
 load_slew2398/X
 load_slew2405/X
 load_slew2407/X
 load_slew2408/X
 load_slew2409/X
 load_slew2415/X
 load_slew2418/X
 load_slew2420/X
 load_slew2421/X
 load_slew2422/X
 load_slew2423/X
 load_slew2425/X
 load_slew2426/X
 load_slew2430/X
 load_slew2431/X
 load_slew2432/X
 load_slew2435/X
 load_slew2436/X
 load_slew2438/X
 load_slew2446/X
 load_slew2451/X
 load_slew2471/X
 load_slew2488/X
 load_slew2491/X
 load_slew2492/X
 load_slew2495/X
 load_slew2498/X
 load_slew2499/X
 load_slew2501/X
 load_slew2502/X
 load_slew2507/X
 load_slew2511/X
 load_slew2516/X
 load_slew2522/X
 load_slew2524/X
 load_slew2526/X
 load_slew2527/X
 load_slew2529/X
 load_slew2530/X
 load_slew2533/X
 load_slew2534/X
 load_slew2540/X
 load_slew2542/X
 load_slew2546/X
 load_slew2549/X
 load_slew2550/X
 load_slew2552/X
 load_slew2554/X
 load_slew2558/X
 load_slew2561/X
 load_slew2564/X
 load_slew2567/X
 load_slew2568/X
 load_slew2574/X
 load_slew2576/X
 load_slew2578/X
 load_slew2580/X
 load_slew2584/X
 load_slew2586/X
 load_slew2588/X
 load_slew2590/X
 load_slew2594/X
 load_slew2597/X
 load_slew2601/X
 load_slew2602/X
 load_slew2605/X
 load_slew2606/X
 load_slew2607/X
 load_slew2610/X
 load_slew2612/X
 load_slew2613/X
 load_slew2615/X
 load_slew2616/X
 load_slew2620/X
 load_slew2621/X
 load_slew2623/X
 load_slew2645/X
 load_slew2646/X
 load_slew2654/X
 load_slew2659/X
 load_slew2670/X
 load_slew2671/X
 load_slew2673/X
 load_slew2674/X
 load_slew2675/X
 load_slew2680/X
 load_slew2682/X
 load_slew2683/X
 load_slew2684/X
 load_slew2688/X
 load_slew2690/X
 load_slew2691/X
 load_slew2692/X
 load_slew2693/X
 load_slew2696/X
 load_slew2722/X
 load_slew2726/X
 load_slew2727/X
 load_slew2734/X
 load_slew2737/X
 load_slew2738/X
 load_slew2746/X
 load_slew2749/X
 load_slew2752/X
 load_slew2755/X
 load_slew2757/X
 load_slew2769/X
 load_slew2778/X
 load_slew2781/X
 load_slew2789/X
 load_slew2790/X
 load_slew2792/X
 load_slew280/X
 load_slew2805/X
 load_slew2807/X
 load_slew2811/X
 load_slew2813/X
 load_slew2814/X
 load_slew2824/X
 load_slew2828/X
 load_slew2830/X
 load_slew2832/X
 load_slew2833/X
 load_slew2839/X
 load_slew284/X
 load_slew2840/X
 load_slew2846/X
 load_slew2850/X
 load_slew2851/X
 load_slew2853/X
 load_slew2857/X
 load_slew2861/X
 load_slew2863/X
 load_slew2869/X
 load_slew2876/X
 load_slew2878/X
 load_slew2889/X
 load_slew2894/X
 load_slew2897/X
 load_slew2899/X
 load_slew2900/X
 load_slew2906/X
 load_slew2907/X
 load_slew2908/X
 load_slew2910/X
 load_slew2911/X
 load_slew2914/X
 load_slew2922/X
 load_slew2925/X
 load_slew2933/X
 load_slew2937/X
 load_slew2940/X
 load_slew2945/X
 load_slew2950/X
 load_slew2955/X
 load_slew2956/X
 load_slew2957/X
 load_slew2962/X
 load_slew2968/X
 load_slew298/X
 load_slew2981/X
 load_slew2983/X
 load_slew2984/X
 load_slew2985/X
 load_slew2992/X
 load_slew3000/X
 load_slew3002/X
 load_slew3004/X
 load_slew3007/X
 load_slew301/X
 load_slew3011/X
 load_slew3017/X
 load_slew3020/X
 load_slew3043/X
 load_slew3049/X
 load_slew3052/X
 load_slew3055/X
 load_slew3056/X
 load_slew3058/X
 load_slew3065/X
 load_slew3068/X
 load_slew3077/X
 load_slew3082/X
 load_slew3090/X
 load_slew3091/X
 load_slew3093/X
 load_slew3094/X
 load_slew3095/X
 load_slew3099/X
 load_slew3105/X
 load_slew3119/X
 load_slew3124/X
 load_slew3129/X
 load_slew3131/X
 load_slew3134/X
 load_slew3139/X
 load_slew3140/X
 load_slew3146/X
 load_slew3148/X
 load_slew3152/X
 load_slew3154/X
 load_slew3158/X
 load_slew3166/X
 load_slew3171/X
 load_slew3178/X
 load_slew3182/X
 load_slew3183/X
 load_slew3187/X
 load_slew3189/X
 load_slew3197/X
 load_slew3206/X
 load_slew3222/X
 load_slew3224/X
 load_slew3225/X
 load_slew3229/X
 load_slew3233/X
 load_slew3236/X
 load_slew3242/X
 load_slew3243/X
 load_slew3253/X
 load_slew3258/X
 load_slew3262/X
 load_slew3264/X
 load_slew3275/X
 load_slew3279/X
 load_slew3293/X
 load_slew3294/X
 load_slew3298/X
 load_slew3310/X
 load_slew3320/X
 load_slew3322/X
 load_slew3332/X
 load_slew3334/X
 load_slew3339/X
 load_slew3346/X
 load_slew3347/X
 load_slew3350/X
 load_slew3351/X
 load_slew3356/X
 load_slew3360/X
 load_slew3362/X
 load_slew3364/X
 load_slew3365/X
 load_slew3372/X
 load_slew3378/X
 load_slew3386/X
 load_slew3407/X
 load_slew341/X
 load_slew3410/X
 load_slew3413/X
 load_slew3418/X
 load_slew3428/X
 load_slew3429/X
 load_slew3431/X
 load_slew3433/X
 load_slew3439/X
 load_slew344/X
 load_slew3444/X
 load_slew3445/X
 load_slew3447/X
 load_slew3460/X
 load_slew347/X
 load_slew3476/X
 load_slew3478/X
 load_slew3479/X
 load_slew3489/X
 load_slew3492/X
 load_slew3494/X
 load_slew3498/X
 load_slew3500/X
 load_slew3502/X
 load_slew3503/X
 load_slew3507/X
 load_slew3510/X
 load_slew3519/X
 load_slew3521/X
 load_slew353/X
 load_slew3531/X
 load_slew3532/X
 load_slew3548/X
 load_slew3549/X
 load_slew3550/X
 load_slew3551/X
 load_slew3556/X
 load_slew3558/X
 load_slew3559/X
 load_slew3563/X
 load_slew3567/X
 load_slew3573/X
 load_slew3582/X
 load_slew3598/X
 load_slew3600/X
 load_slew3605/X
 load_slew3608/X
 load_slew3609/X
 load_slew3614/X
 load_slew3619/X
 load_slew362/X
 load_slew3620/X
 load_slew3622/X
 load_slew3623/X
 load_slew3632/X
 load_slew3633/X
 load_slew3635/X
 load_slew3637/X
 load_slew3643/X
 load_slew3644/X
 load_slew3645/X
 load_slew3646/X
 load_slew3650/X
 load_slew3651/X
 load_slew3660/X
 load_slew3661/X
 load_slew3662/X
 load_slew3670/X
 load_slew3680/X
 load_slew3686/X
 load_slew3687/X
 load_slew3690/X
 load_slew3695/X
 load_slew3699/X
 load_slew3709/X
 load_slew3713/X
 load_slew3716/X
 load_slew3719/X
 load_slew3721/X
 load_slew3722/X
 load_slew373/X
 load_slew3735/X
 load_slew3739/X
 load_slew374/X
 load_slew3747/X
 load_slew3761/X
 load_slew3762/X
 load_slew3766/X
 load_slew3770/X
 load_slew3771/X
 load_slew3772/X
 load_slew378/X
 load_slew3785/X
 load_slew3787/X
 load_slew3788/X
 load_slew3793/X
 load_slew3799/X
 load_slew3810/X
 load_slew3819/X
 load_slew384/X
 load_slew3844/X
 load_slew3847/X
 load_slew3848/X
 load_slew3866/X
 load_slew3873/X
 load_slew3877/X
 load_slew3878/X
 load_slew3879/X
 load_slew3881/X
 load_slew3883/X
 load_slew3885/X
 load_slew3888/X
 load_slew3889/X
 load_slew3890/X
 load_slew3891/X
 load_slew3892/X
 load_slew3901/X
 load_slew3906/X
 load_slew3912/X
 load_slew3920/X
 load_slew3925/X
 load_slew3930/X
 load_slew3932/X
 load_slew3936/X
 load_slew3938/X
 load_slew3947/X
 load_slew3948/X
 load_slew3958/X
 load_slew3971/X
 load_slew3974/X
 load_slew3977/X
 load_slew3983/X
 load_slew3988/X
 load_slew3990/X
 load_slew3991/X
 load_slew3992/X
 load_slew3995/X
 load_slew4011/X
 load_slew4019/X
 load_slew4022/X
 load_slew4023/X
 load_slew4036/X
 load_slew4038/X
 load_slew4040/X
 load_slew4046/X
 load_slew4048/X
 load_slew4053/X
 load_slew4054/X
 load_slew4060/X
 load_slew4067/X
 load_slew4077/X
 load_slew4088/X
 load_slew4095/X
 load_slew4098/X
 load_slew410/X
 load_slew4104/X
 load_slew4107/X
 load_slew411/X
 load_slew4111/X
 load_slew4112/X
 load_slew4114/X
 load_slew4117/X
 load_slew4119/X
 load_slew4126/X
 load_slew4127/X
 load_slew4129/X
 load_slew4130/X
 load_slew4132/X
 load_slew4134/X
 load_slew4135/X
 load_slew4136/X
 load_slew4137/X
 load_slew4138/X
 load_slew4140/X
 load_slew4141/X
 load_slew4142/X
 load_slew4146/X
 load_slew4147/X
 load_slew4150/X
 load_slew4153/X
 load_slew4155/X
 load_slew4157/X
 load_slew4158/X
 load_slew4160/X
 load_slew4161/X
 load_slew4162/X
 load_slew4163/X
 load_slew4168/X
 load_slew4169/X
 load_slew417/X
 load_slew4172/X
 load_slew4174/X
 load_slew4177/X
 load_slew4179/X
 load_slew4182/X
 load_slew4183/X
 load_slew4187/X
 load_slew4188/X
 load_slew4189/X
 load_slew4190/X
 load_slew4192/X
 load_slew4193/X
 load_slew4195/X
 load_slew4198/X
 load_slew4201/X
 load_slew4203/X
 load_slew4205/X
 load_slew4206/X
 load_slew4207/X
 load_slew4208/X
 load_slew4210/X
 load_slew4212/X
 load_slew4213/X
 load_slew4217/X
 load_slew4220/X
 load_slew4223/X
 load_slew4226/X
 load_slew4229/X
 load_slew4230/X
 load_slew4231/X
 load_slew4233/X
 load_slew4234/X
 load_slew4235/X
 load_slew4243/X
 load_slew4251/X
 load_slew4252/X
 load_slew4253/X
 load_slew4254/X
 load_slew4257/X
 load_slew4259/X
 load_slew4261/X
 load_slew4266/X
 load_slew4268/X
 load_slew4269/X
 load_slew4271/X
 load_slew4274/X
 load_slew4275/X
 load_slew4276/X
 load_slew4277/X
 load_slew4278/X
 load_slew4279/X
 load_slew4280/X
 load_slew4284/X
 load_slew4287/X
 load_slew429/X
 load_slew4292/X
 load_slew4293/X
 load_slew4294/X
 load_slew4295/X
 load_slew4302/X
 load_slew4303/X
 load_slew4306/X
 load_slew4309/X
 load_slew431/X
 load_slew4314/X
 load_slew4317/X
 load_slew4318/X
 load_slew4319/X
 load_slew4320/X
 load_slew4324/X
 load_slew4325/X
 load_slew4328/X
 load_slew433/X
 load_slew4332/X
 load_slew4333/X
 load_slew4335/X
 load_slew4337/X
 load_slew434/X
 load_slew4342/X
 load_slew4344/X
 load_slew4346/X
 load_slew4347/X
 load_slew4350/X
 load_slew4356/X
 load_slew4359/X
 load_slew4360/X
 load_slew4361/X
 load_slew4363/X
 load_slew4365/X
 load_slew4369/X
 load_slew437/X
 load_slew4372/X
 load_slew4373/X
 load_slew4374/X
 load_slew4378/X
 load_slew4379/X
 load_slew4384/X
 load_slew4385/X
 load_slew4386/X
 load_slew4387/X
 load_slew4388/X
 load_slew4389/X
 load_slew4390/X
 load_slew4392/X
 load_slew4398/X
 load_slew4400/X
 load_slew4401/X
 load_slew4402/X
 load_slew4404/X
 load_slew4405/X
 load_slew4410/X
 load_slew4413/X
 load_slew4416/X
 load_slew4418/X
 load_slew4419/X
 load_slew4424/X
 load_slew4425/X
 load_slew4429/X
 load_slew4430/X
 load_slew4433/X
 load_slew4434/X
 load_slew4439/X
 load_slew4445/X
 load_slew4446/X
 load_slew4449/X
 load_slew4454/X
 load_slew4457/X
 load_slew4458/X
 load_slew4460/X
 load_slew4461/X
 load_slew4463/X
 load_slew4465/X
 load_slew4471/X
 load_slew4474/X
 load_slew4479/X
 load_slew450/X
 load_slew451/X
 load_slew455/X
 load_slew473/X
 load_slew479/X
 load_slew484/X
 load_slew509/X
 load_slew515/X
 load_slew519/X
 load_slew536/X
 load_slew542/X
 load_slew544/X
 load_slew551/X
 load_slew559/X
 load_slew586/X
 load_slew589/X
 load_slew600/X
 load_slew612/X
 load_slew614/X
 load_slew620/X
 load_slew627/X
 load_slew670/X
 load_slew672/X
 load_slew674/X
 load_slew677/X
 load_slew680/X
 load_slew685/X
 load_slew698/X
 load_slew699/X
 load_slew705/X
 load_slew707/X
 load_slew708/X
 load_slew711/X
 load_slew714/X
 load_slew735/X
 load_slew756/X
 load_slew778/X
 load_slew798/X
 load_slew836/X
 load_slew837/X
 load_slew845/X
 load_slew853/X
 load_slew867/X
 load_slew873/X
 load_slew877/X
 load_slew880/X
 load_slew884/X
 load_slew889/X
 load_slew891/X
 load_slew897/X
 load_slew901/X
 load_slew907/X
 load_slew908/X
 load_slew911/X
 load_slew917/X
 load_slew918/X
 load_slew920/X
 load_slew923/X
 load_slew925/X
 load_slew930/X
 load_slew931/X
 load_slew935/X
 load_slew937/X
 load_slew945/X
 load_slew968/X
 load_slew970/X
 load_slew973/X
 load_slew976/X
 load_slew979/X
 max_cap1003/X
 max_cap1006/X
 max_cap1008/X
 max_cap1013/X
 max_cap1014/X
 max_cap1016/X
 max_cap1025/X
 max_cap1026/X
 max_cap1027/X
 max_cap1035/X
 max_cap1039/X
 max_cap1046/X
 max_cap1072/X
 max_cap1082/X
 max_cap1094/X
 max_cap1159/X
 max_cap1160/X
 max_cap1169/X
 max_cap1177/X
 max_cap1200/X
 max_cap1203/X
 max_cap1212/X
 max_cap1213/X
 max_cap1294/X
 max_cap1296/X
 max_cap1297/X
 max_cap1302/X
 max_cap1303/X
 max_cap1310/X
 max_cap1485/X
 max_cap1486/X
 max_cap1490/X
 max_cap1495/X
 max_cap1496/X
 max_cap1689/X
 max_cap1796/X
 max_cap2205/X
 max_cap2241/X
 max_cap2242/X
 max_cap2244/X
 max_cap2297/X
 max_cap2298/X
 max_cap2319/X
 max_cap2328/X
 max_cap2331/X
 max_cap2333/X
 max_cap2334/X
 max_cap2335/X
 max_cap2543/X
 max_cap2544/X
 max_cap2556/X
 max_cap2562/X
 max_cap2571/X
 max_cap2572/X
 max_cap2743/X
 max_cap2767/X
 max_cap2787/X
 max_cap2901/X
 max_cap2909/X
 max_cap293/X
 max_cap294/X
 max_cap2941/X
 max_cap3014/X
 max_cap3036/X
 max_cap3057/X
 max_cap3071/X
 max_cap3079/X
 max_cap3169/X
 max_cap3216/X
 max_cap3220/X
 max_cap3234/X
 max_cap3268/X
 max_cap3311/X
 max_cap3345/X
 max_cap3352/X
 max_cap3382/X
 max_cap3388/X
 max_cap3451/X
 max_cap3470/X
 max_cap3505/X
 max_cap3543/X
 max_cap3546/X
 max_cap3574/X
 max_cap3603/X
 max_cap3612/X
 max_cap3625/X
 max_cap3664/X
 max_cap3677/X
 max_cap368/X
 max_cap3697/X
 max_cap3700/X
 max_cap3705/X
 max_cap3784/X
 max_cap3820/X
 max_cap3829/X
 max_cap3851/X
 max_cap3898/X
 max_cap3909/X
 max_cap3918/X
 max_cap3919/X
 max_cap3921/X
 max_cap3955/X
 max_cap4007/X
 max_cap4069/X
 max_cap423/X
 max_cap4237/X
 max_cap4246/X
 max_cap443/X
 max_cap477/X
 max_cap488/X
 max_cap491/X
 max_cap492/X
 max_cap498/X
 max_cap499/X
 max_cap514/X
 max_cap528/X
 max_cap568/X
 max_cap579/X
 max_cap580/X
 max_cap581/X
 max_cap592/X
 max_cap593/X
 max_cap603/X
 max_cap604/X
 max_cap607/X
 max_cap616/X
 max_cap618/X
 max_cap646/X
 max_cap648/X
 max_cap652/X
 max_cap655/X
 max_cap662/X
 max_cap673/X
 max_cap687/X
 max_cap691/X
 max_cap695/X
 max_cap722/X
 max_cap726/X
 max_cap740/X
 max_cap741/X
 max_cap744/X
 max_cap755/X
 max_cap791/X
 max_cap792/X
 max_cap795/X
 max_cap799/X
 max_cap811/X
 max_cap816/X
 max_cap817/X
 max_cap829/X
 max_cap856/X
 max_cap858/X
 max_cap875/X
 max_cap876/X
 max_cap881/X
 max_cap882/X
 max_cap898/X
 max_cap902/X
 max_cap932/X
 max_cap941/X
 max_cap942/X
 max_cap959/X
 max_cap990/X
 max_length1031/X
 max_length1032/X
 max_length1057/X
 max_length1116/X
 max_length1216/X
 max_length1217/X
 max_length1230/X
 max_length1235/X
 max_length1237/X
 max_length1248/X
 max_length1353/X
 max_length1366/X
 max_length1369/X
 max_length1402/X
 max_length1433/X
 max_length1441/X
 max_length1545/X
 max_length1644/X
 max_length1658/X
 max_length1722/X
 max_length1724/X
 max_length1734/X
 max_length1799/X
 max_length1801/X
 max_length1808/X
 max_length1811/X
 max_length1819/X
 max_length1844/X
 max_length1874/X
 max_length1879/X
 max_length1928/X
 max_length1938/X
 max_length1948/X
 max_length1978/X
 max_length1986/X
 max_length1992/X
 max_length2046/X
 max_length2091/X
 max_length2092/X
 max_length2093/X
 max_length2094/X
 max_length2102/X
 max_length2104/X
 max_length2113/X
 max_length2114/X
 max_length2115/X
 max_length2118/X
 max_length2130/X
 max_length2147/X
 max_length2168/X
 max_length2169/X
 max_length2188/X
 max_length2196/X
 max_length2199/X
 max_length2201/X
 max_length2207/X
 max_length2214/X
 max_length2216/X
 max_length2217/X
 max_length2219/X
 max_length2220/X
 max_length2222/X
 max_length2223/X
 max_length2224/X
 max_length2228/X
 max_length2230/X
 max_length2246/X
 max_length2247/X
 max_length2249/X
 max_length2255/X
 max_length2257/X
 max_length2263/X
 max_length2268/X
 max_length2285/X
 max_length2286/X
 max_length2294/X
 max_length2301/X
 max_length2343/X
 max_length2344/X
 max_length2352/X
 max_length2360/X
 max_length2389/X
 max_length2406/X
 max_length2410/X
 max_length2424/X
 max_length2428/X
 max_length2437/X
 max_length2452/X
 max_length2467/X
 max_length2487/X
 max_length2497/X
 max_length2504/X
 max_length2505/X
 max_length2509/X
 max_length2510/X
 max_length2520/X
 max_length2521/X
 max_length2523/X
 max_length2573/X
 max_length2640/X
 max_length2641/X
 max_length2643/X
 max_length2644/X
 max_length2652/X
 max_length2687/X
 max_length2697/X
 max_length2698/X
 max_length2720/X
 max_length2723/X
 max_length4091/X
 max_length4097/X
 max_length4100/X
 max_length4101/X
 max_length4102/X
 max_length4103/X
 max_length4108/X
 max_length4113/X
 max_length4122/X
 max_length4124/X
 max_length4139/X
 max_length4144/X
 max_length4165/X
 max_length4180/X
 max_length4181/X
 max_length4184/X
 max_length4209/X
 max_length4211/X
 max_length4225/X
 max_length4255/X
 max_length4263/X
 max_length4270/X
 max_length4272/X
 max_length4321/X
 max_length4331/X
 max_length4334/X
 max_length4338/X
 max_length4339/X
 max_length4348/X
 max_length4357/X
 max_length4375/X
 max_length4391/X
 max_length4407/X
 max_length4412/X
 max_length4414/X
 max_length4436/X
 max_length4481/X
 max_length4483/X
 max_length846/X
 max_length895/X
 output100/X
 output101/X
 output102/X
 output103/X
 output104/X
 output105/X
 output106/X
 output107/X
 output108/X
 output109/X
 output110/X
 output111/X
 output112/X
 output113/X
 output114/X
 output115/X
 output116/X
 output117/X
 output118/X
 output119/X
 output120/X
 output121/X
 output122/X
 output123/X
 output124/X
 output125/X
 output126/X
 output127/X
 output128/X
 output129/X
 output130/X
 output131/X
 output132/X
 output133/X
 output134/X
 output135/X
 output136/X
 output137/X
 output138/X
 output139/X
 output140/X
 output141/X
 output142/X
 output143/X
 output144/X
 output49/X
 output50/X
 output51/X
 output52/X
 output53/X
 output54/X
 output55/X
 output56/X
 output57/X
 output58/X
 output59/X
 output60/X
 output61/X
 output62/X
 output63/X
 output64/X
 output65/X
 output66/X
 output67/X
 output68/X
 output69/X
 output70/X
 output71/X
 output72/X
 output73/X
 output74/X
 output75/X
 output76/X
 output77/X
 output78/X
 output79/X
 output80/X
 output81/X
 output82/X
 output83/X
 output84/X
 output85/X
 output86/X
 output87/X
 output88/X
 output89/X
 output90/X
 output91/X
 output92/X
 output93/X
 output94/X
 output95/X
 output96/X
 output97/X
 output98/X
 output99/X
 wire1000/X
 wire1001/X
 wire1002/X
 wire1004/X
 wire1005/X
 wire1007/X
 wire1009/X
 wire1011/X
 wire1012/X
 wire1015/X
 wire1017/X
 wire1018/X
 wire1019/X
 wire1020/X
 wire1021/X
 wire1022/X
 wire1023/X
 wire1024/X
 wire1033/X
 wire1034/X
 wire1036/X
 wire1037/X
 wire1038/X
 wire1040/X
 wire1041/X
 wire1042/X
 wire1043/X
 wire1044/X
 wire1045/X
 wire1048/X
 wire1049/X
 wire1050/X
 wire1052/X
 wire1053/X
 wire1056/X
 wire1058/X
 wire1059/X
 wire1060/X
 wire1063/X
 wire1064/X
 wire1065/X
 wire1066/X
 wire1067/X
 wire1068/X
 wire1069/X
 wire1070/X
 wire1071/X
 wire1073/X
 wire1074/X
 wire1075/X
 wire1076/X
 wire1077/X
 wire1078/X
 wire1079/X
 wire1080/X
 wire1081/X
 wire1083/X
 wire1084/X
 wire1085/X
 wire1086/X
 wire1087/X
 wire1089/X
 wire1092/X
 wire1093/X
 wire1095/X
 wire1096/X
 wire1097/X
 wire1098/X
 wire1099/X
 wire1102/X
 wire1103/X
 wire1105/X
 wire1108/X
 wire1109/X
 wire1111/X
 wire1112/X
 wire1113/X
 wire1115/X
 wire1118/X
 wire1119/X
 wire1120/X
 wire1121/X
 wire1122/X
 wire1123/X
 wire1124/X
 wire1126/X
 wire1128/X
 wire1131/X
 wire1135/X
 wire1136/X
 wire1137/X
 wire1138/X
 wire1140/X
 wire1143/X
 wire1144/X
 wire1148/X
 wire1153/X
 wire1154/X
 wire1155/X
 wire1156/X
 wire1157/X
 wire1158/X
 wire1161/X
 wire1162/X
 wire1163/X
 wire1164/X
 wire1165/X
 wire1166/X
 wire1167/X
 wire1168/X
 wire1170/X
 wire1171/X
 wire1172/X
 wire1173/X
 wire1175/X
 wire1176/X
 wire1179/X
 wire1180/X
 wire1181/X
 wire1183/X
 wire1184/X
 wire1185/X
 wire1186/X
 wire1188/X
 wire1189/X
 wire1190/X
 wire1191/X
 wire1192/X
 wire1193/X
 wire1194/X
 wire1195/X
 wire1196/X
 wire1197/X
 wire1198/X
 wire1199/X
 wire1201/X
 wire1202/X
 wire1204/X
 wire1205/X
 wire1206/X
 wire1208/X
 wire1209/X
 wire1211/X
 wire1215/X
 wire1218/X
 wire1222/X
 wire1224/X
 wire1226/X
 wire1228/X
 wire1232/X
 wire1233/X
 wire1239/X
 wire1240/X
 wire1241/X
 wire1242/X
 wire1244/X
 wire1245/X
 wire1247/X
 wire1249/X
 wire1250/X
 wire1251/X
 wire1252/X
 wire1253/X
 wire1254/X
 wire1255/X
 wire1256/X
 wire1257/X
 wire1258/X
 wire1259/X
 wire1260/X
 wire1261/X
 wire1262/X
 wire1263/X
 wire1264/X
 wire1265/X
 wire1266/X
 wire1267/X
 wire1268/X
 wire1269/X
 wire1270/X
 wire1271/X
 wire1272/X
 wire1273/X
 wire1274/X
 wire1275/X
 wire1276/X
 wire1277/X
 wire1278/X
 wire1279/X
 wire1280/X
 wire1281/X
 wire1282/X
 wire1283/X
 wire1284/X
 wire1285/X
 wire1286/X
 wire1287/X
 wire1288/X
 wire1289/X
 wire1290/X
 wire1291/X
 wire1292/X
 wire1293/X
 wire1295/X
 wire1298/X
 wire1299/X
 wire1300/X
 wire1301/X
 wire1304/X
 wire1305/X
 wire1306/X
 wire1307/X
 wire1308/X
 wire1309/X
 wire1311/X
 wire1312/X
 wire1313/X
 wire1314/X
 wire1315/X
 wire1316/X
 wire1317/X
 wire1318/X
 wire1319/X
 wire1320/X
 wire1321/X
 wire1322/X
 wire1323/X
 wire1324/X
 wire1325/X
 wire1326/X
 wire1327/X
 wire1328/X
 wire1329/X
 wire1330/X
 wire1331/X
 wire1332/X
 wire1333/X
 wire1334/X
 wire1335/X
 wire1336/X
 wire1337/X
 wire1338/X
 wire1339/X
 wire1340/X
 wire1341/X
 wire1342/X
 wire1343/X
 wire1344/X
 wire1345/X
 wire1346/X
 wire1347/X
 wire1348/X
 wire1352/X
 wire1354/X
 wire1355/X
 wire1356/X
 wire1357/X
 wire1358/X
 wire1359/X
 wire1361/X
 wire1364/X
 wire1365/X
 wire1367/X
 wire1370/X
 wire1371/X
 wire1372/X
 wire1373/X
 wire1374/X
 wire1375/X
 wire1376/X
 wire1377/X
 wire1378/X
 wire1379/X
 wire1380/X
 wire1381/X
 wire1382/X
 wire1383/X
 wire1384/X
 wire1385/X
 wire1386/X
 wire1387/X
 wire1388/X
 wire1389/X
 wire1390/X
 wire1391/X
 wire1392/X
 wire1393/X
 wire1397/X
 wire1398/X
 wire1403/X
 wire1404/X
 wire1405/X
 wire1406/X
 wire1407/X
 wire1408/X
 wire1409/X
 wire1410/X
 wire1411/X
 wire1412/X
 wire1413/X
 wire1414/X
 wire1415/X
 wire1416/X
 wire1417/X
 wire1418/X
 wire1419/X
 wire1420/X
 wire1421/X
 wire1422/X
 wire1424/X
 wire1425/X
 wire1426/X
 wire1427/X
 wire1428/X
 wire1429/X
 wire1430/X
 wire1431/X
 wire1432/X
 wire1434/X
 wire1438/X
 wire1439/X
 wire1440/X
 wire1442/X
 wire1444/X
 wire1445/X
 wire1446/X
 wire1447/X
 wire1448/X
 wire1449/X
 wire145/X
 wire1450/X
 wire1451/X
 wire1452/X
 wire1453/X
 wire1454/X
 wire1455/X
 wire1456/X
 wire1457/X
 wire1458/X
 wire1459/X
 wire146/X
 wire1460/X
 wire1461/X
 wire1462/X
 wire1463/X
 wire1464/X
 wire1465/X
 wire1466/X
 wire1467/X
 wire1468/X
 wire1469/X
 wire147/X
 wire1470/X
 wire1471/X
 wire1472/X
 wire1473/X
 wire1474/X
 wire1475/X
 wire1476/X
 wire1477/X
 wire1478/X
 wire1479/X
 wire148/X
 wire1480/X
 wire1481/X
 wire1482/X
 wire1484/X
 wire1487/X
 wire1488/X
 wire1489/X
 wire149/X
 wire1491/X
 wire1492/X
 wire1493/X
 wire1494/X
 wire1497/X
 wire150/X
 wire1500/X
 wire1501/X
 wire1502/X
 wire1503/X
 wire1504/X
 wire1505/X
 wire1506/X
 wire1507/X
 wire1508/X
 wire1509/X
 wire151/X
 wire1510/X
 wire1511/X
 wire1512/X
 wire1513/X
 wire1514/X
 wire1515/X
 wire1516/X
 wire1517/X
 wire1518/X
 wire1519/X
 wire152/X
 wire1520/X
 wire1521/X
 wire1522/X
 wire1523/X
 wire1524/X
 wire1525/X
 wire1526/X
 wire1529/X
 wire153/X
 wire1530/X
 wire1531/X
 wire1532/X
 wire1533/X
 wire1534/X
 wire1535/X
 wire1536/X
 wire1537/X
 wire1538/X
 wire1539/X
 wire154/X
 wire1540/X
 wire1541/X
 wire1543/X
 wire1544/X
 wire1546/X
 wire1547/X
 wire1548/X
 wire1549/X
 wire155/X
 wire1550/X
 wire1551/X
 wire1552/X
 wire1553/X
 wire1554/X
 wire1555/X
 wire1556/X
 wire1557/X
 wire1558/X
 wire1559/X
 wire156/X
 wire1560/X
 wire1561/X
 wire1562/X
 wire1563/X
 wire1564/X
 wire1565/X
 wire1566/X
 wire1567/X
 wire1568/X
 wire1569/X
 wire157/X
 wire1570/X
 wire1571/X
 wire1572/X
 wire1573/X
 wire1574/X
 wire1575/X
 wire1576/X
 wire1577/X
 wire1578/X
 wire1579/X
 wire158/X
 wire1580/X
 wire1581/X
 wire1582/X
 wire1583/X
 wire1584/X
 wire1585/X
 wire1586/X
 wire1587/X
 wire1588/X
 wire1589/X
 wire159/X
 wire1590/X
 wire1591/X
 wire1592/X
 wire1593/X
 wire1594/X
 wire1595/X
 wire1596/X
 wire1597/X
 wire1598/X
 wire1599/X
 wire160/X
 wire1600/X
 wire1601/X
 wire1602/X
 wire1603/X
 wire1604/X
 wire1605/X
 wire1606/X
 wire1607/X
 wire1609/X
 wire161/X
 wire1610/X
 wire1611/X
 wire1612/X
 wire1613/X
 wire1614/X
 wire1615/X
 wire1616/X
 wire1617/X
 wire1618/X
 wire1619/X
 wire162/X
 wire1620/X
 wire1621/X
 wire1622/X
 wire1623/X
 wire1625/X
 wire1626/X
 wire1627/X
 wire163/X
 wire1631/X
 wire1632/X
 wire1633/X
 wire1635/X
 wire1636/X
 wire1637/X
 wire1638/X
 wire164/X
 wire1640/X
 wire1641/X
 wire1642/X
 wire1643/X
 wire165/X
 wire1652/X
 wire1653/X
 wire1654/X
 wire1655/X
 wire1656/X
 wire1657/X
 wire1659/X
 wire166/X
 wire1661/X
 wire1662/X
 wire1663/X
 wire1664/X
 wire1665/X
 wire1666/X
 wire1667/X
 wire1668/X
 wire1669/X
 wire167/X
 wire1670/X
 wire1671/X
 wire1672/X
 wire1673/X
 wire1674/X
 wire1675/X
 wire1676/X
 wire1677/X
 wire1678/X
 wire1679/X
 wire168/X
 wire1680/X
 wire1681/X
 wire1682/X
 wire1683/X
 wire1684/X
 wire1685/X
 wire1686/X
 wire1687/X
 wire1688/X
 wire169/X
 wire1690/X
 wire1691/X
 wire1692/X
 wire1693/X
 wire1694/X
 wire1695/X
 wire1696/X
 wire1697/X
 wire1698/X
 wire1699/X
 wire170/X
 wire1700/X
 wire1701/X
 wire1702/X
 wire1703/X
 wire1704/X
 wire1705/X
 wire1706/X
 wire1707/X
 wire1708/X
 wire1709/X
 wire171/X
 wire1710/X
 wire1711/X
 wire1712/X
 wire1713/X
 wire1714/X
 wire1715/X
 wire1716/X
 wire1717/X
 wire1718/X
 wire172/X
 wire1723/X
 wire1725/X
 wire1726/X
 wire1727/X
 wire1729/X
 wire173/X
 wire1730/X
 wire1731/X
 wire1738/X
 wire1739/X
 wire174/X
 wire1740/X
 wire1741/X
 wire1742/X
 wire1743/X
 wire1744/X
 wire1745/X
 wire1746/X
 wire1747/X
 wire1748/X
 wire1749/X
 wire175/X
 wire1750/X
 wire1751/X
 wire1752/X
 wire1753/X
 wire1754/X
 wire1755/X
 wire1756/X
 wire1757/X
 wire1759/X
 wire176/X
 wire1763/X
 wire1764/X
 wire1765/X
 wire1766/X
 wire1767/X
 wire1768/X
 wire177/X
 wire1770/X
 wire1771/X
 wire1772/X
 wire1773/X
 wire1774/X
 wire1775/X
 wire1776/X
 wire1777/X
 wire1778/X
 wire1779/X
 wire178/X
 wire1780/X
 wire1781/X
 wire1782/X
 wire1783/X
 wire1784/X
 wire1785/X
 wire1786/X
 wire1787/X
 wire1788/X
 wire1789/X
 wire179/X
 wire1790/X
 wire1791/X
 wire1792/X
 wire1793/X
 wire1794/X
 wire180/X
 wire1800/X
 wire1802/X
 wire1803/X
 wire1804/X
 wire1805/X
 wire1806/X
 wire1807/X
 wire1809/X
 wire181/X
 wire1813/X
 wire1814/X
 wire1815/X
 wire182/X
 wire1820/X
 wire1822/X
 wire1825/X
 wire1829/X
 wire183/X
 wire1831/X
 wire1832/X
 wire1833/X
 wire1834/X
 wire1835/X
 wire1836/X
 wire1837/X
 wire1838/X
 wire1839/X
 wire184/X
 wire1840/X
 wire1841/X
 wire1842/X
 wire1843/X
 wire1846/X
 wire1847/X
 wire1849/X
 wire185/X
 wire1850/X
 wire1853/X
 wire1857/X
 wire186/X
 wire1860/X
 wire1861/X
 wire1862/X
 wire1863/X
 wire1864/X
 wire1865/X
 wire1866/X
 wire1867/X
 wire1868/X
 wire1869/X
 wire187/X
 wire1870/X
 wire1871/X
 wire1872/X
 wire1873/X
 wire1875/X
 wire1876/X
 wire1878/X
 wire188/X
 wire1880/X
 wire1881/X
 wire1882/X
 wire1886/X
 wire1887/X
 wire1888/X
 wire1889/X
 wire189/X
 wire1890/X
 wire1891/X
 wire1892/X
 wire1893/X
 wire1894/X
 wire1895/X
 wire1899/X
 wire190/X
 wire1900/X
 wire1901/X
 wire1902/X
 wire1905/X
 wire1906/X
 wire1908/X
 wire191/X
 wire1910/X
 wire1912/X
 wire1913/X
 wire1914/X
 wire1916/X
 wire1917/X
 wire1918/X
 wire1919/X
 wire192/X
 wire1920/X
 wire1926/X
 wire1927/X
 wire1929/X
 wire193/X
 wire1932/X
 wire1933/X
 wire1935/X
 wire1937/X
 wire1939/X
 wire194/X
 wire1941/X
 wire1944/X
 wire1945/X
 wire1949/X
 wire195/X
 wire1951/X
 wire1952/X
 wire1953/X
 wire1954/X
 wire1955/X
 wire1957/X
 wire1959/X
 wire196/X
 wire1961/X
 wire1965/X
 wire1966/X
 wire1967/X
 wire1968/X
 wire1969/X
 wire197/X
 wire1970/X
 wire1971/X
 wire1972/X
 wire1973/X
 wire1974/X
 wire1975/X
 wire1976/X
 wire1979/X
 wire198/X
 wire1984/X
 wire1985/X
 wire199/X
 wire1993/X
 wire1997/X
 wire1998/X
 wire1999/X
 wire200/X
 wire2000/X
 wire2001/X
 wire2002/X
 wire2003/X
 wire2004/X
 wire2005/X
 wire2006/X
 wire2007/X
 wire2008/X
 wire2009/X
 wire201/X
 wire2010/X
 wire2011/X
 wire2012/X
 wire2013/X
 wire2014/X
 wire2015/X
 wire2016/X
 wire2017/X
 wire2018/X
 wire2019/X
 wire202/X
 wire2020/X
 wire2021/X
 wire2022/X
 wire2023/X
 wire2024/X
 wire2025/X
 wire2026/X
 wire2027/X
 wire2028/X
 wire2029/X
 wire203/X
 wire2030/X
 wire2031/X
 wire2032/X
 wire2033/X
 wire2034/X
 wire2035/X
 wire2036/X
 wire2037/X
 wire2038/X
 wire2039/X
 wire204/X
 wire2040/X
 wire2041/X
 wire2042/X
 wire2043/X
 wire2044/X
 wire2045/X
 wire2047/X
 wire205/X
 wire2050/X
 wire2056/X
 wire2057/X
 wire2058/X
 wire2059/X
 wire206/X
 wire2060/X
 wire2061/X
 wire2062/X
 wire2063/X
 wire2064/X
 wire2065/X
 wire2066/X
 wire2067/X
 wire2068/X
 wire2069/X
 wire207/X
 wire2070/X
 wire2071/X
 wire2072/X
 wire2073/X
 wire2074/X
 wire2075/X
 wire2076/X
 wire2077/X
 wire2078/X
 wire2079/X
 wire208/X
 wire2080/X
 wire2081/X
 wire2082/X
 wire2083/X
 wire2084/X
 wire2085/X
 wire2086/X
 wire2087/X
 wire2088/X
 wire2089/X
 wire209/X
 wire2090/X
 wire2095/X
 wire2096/X
 wire210/X
 wire2108/X
 wire211/X
 wire2110/X
 wire2116/X
 wire2119/X
 wire212/X
 wire2120/X
 wire2121/X
 wire2122/X
 wire2123/X
 wire2124/X
 wire2125/X
 wire2126/X
 wire2127/X
 wire2128/X
 wire213/X
 wire2131/X
 wire2132/X
 wire2133/X
 wire2135/X
 wire2137/X
 wire2139/X
 wire214/X
 wire2140/X
 wire2141/X
 wire2142/X
 wire2144/X
 wire2145/X
 wire2148/X
 wire2149/X
 wire215/X
 wire2150/X
 wire2151/X
 wire2152/X
 wire2153/X
 wire2154/X
 wire2156/X
 wire2157/X
 wire216/X
 wire2160/X
 wire2161/X
 wire2163/X
 wire2164/X
 wire2165/X
 wire2166/X
 wire2167/X
 wire217/X
 wire2171/X
 wire2172/X
 wire2177/X
 wire2179/X
 wire218/X
 wire2180/X
 wire2181/X
 wire2182/X
 wire2183/X
 wire2184/X
 wire2185/X
 wire2186/X
 wire2189/X
 wire219/X
 wire2190/X
 wire2192/X
 wire2193/X
 wire220/X
 wire2202/X
 wire2204/X
 wire2206/X
 wire2208/X
 wire2209/X
 wire221/X
 wire2210/X
 wire2212/X
 wire2213/X
 wire2218/X
 wire222/X
 wire2225/X
 wire223/X
 wire2231/X
 wire2233/X
 wire2234/X
 wire2236/X
 wire2237/X
 wire2239/X
 wire224/X
 wire2243/X
 wire2245/X
 wire225/X
 wire2251/X
 wire2252/X
 wire2258/X
 wire2259/X
 wire226/X
 wire2260/X
 wire2261/X
 wire2264/X
 wire2267/X
 wire2269/X
 wire227/X
 wire2270/X
 wire2273/X
 wire2275/X
 wire2277/X
 wire2278/X
 wire2279/X
 wire228/X
 wire2280/X
 wire2289/X
 wire229/X
 wire2290/X
 wire2292/X
 wire2293/X
 wire2295/X
 wire2299/X
 wire230/X
 wire2300/X
 wire2302/X
 wire2303/X
 wire2304/X
 wire2305/X
 wire2307/X
 wire2308/X
 wire2309/X
 wire231/X
 wire2310/X
 wire2312/X
 wire2315/X
 wire2317/X
 wire232/X
 wire2320/X
 wire2322/X
 wire2323/X
 wire2325/X
 wire2326/X
 wire2327/X
 wire2329/X
 wire233/X
 wire2330/X
 wire2332/X
 wire2336/X
 wire2337/X
 wire2338/X
 wire2339/X
 wire234/X
 wire2340/X
 wire2341/X
 wire2345/X
 wire2346/X
 wire2347/X
 wire2348/X
 wire2349/X
 wire235/X
 wire2350/X
 wire2353/X
 wire2355/X
 wire2356/X
 wire2358/X
 wire236/X
 wire2361/X
 wire2363/X
 wire2364/X
 wire2365/X
 wire2366/X
 wire2367/X
 wire2368/X
 wire2369/X
 wire237/X
 wire2370/X
 wire2371/X
 wire2372/X
 wire2373/X
 wire2374/X
 wire2375/X
 wire2376/X
 wire2377/X
 wire2378/X
 wire2379/X
 wire238/X
 wire2380/X
 wire2381/X
 wire2382/X
 wire2383/X
 wire2384/X
 wire2385/X
 wire2388/X
 wire239/X
 wire2390/X
 wire2391/X
 wire2392/X
 wire2393/X
 wire2394/X
 wire2397/X
 wire2399/X
 wire240/X
 wire2400/X
 wire2401/X
 wire2402/X
 wire2403/X
 wire2404/X
 wire241/X
 wire2411/X
 wire2412/X
 wire2413/X
 wire2414/X
 wire2416/X
 wire2417/X
 wire2419/X
 wire242/X
 wire2427/X
 wire2429/X
 wire243/X
 wire2433/X
 wire2434/X
 wire2439/X
 wire244/X
 wire2440/X
 wire2441/X
 wire2442/X
 wire2443/X
 wire2444/X
 wire2445/X
 wire2447/X
 wire2448/X
 wire2449/X
 wire245/X
 wire2450/X
 wire2453/X
 wire2454/X
 wire2455/X
 wire2456/X
 wire2457/X
 wire2458/X
 wire2459/X
 wire246/X
 wire2460/X
 wire2461/X
 wire2462/X
 wire2463/X
 wire2464/X
 wire2465/X
 wire2466/X
 wire2468/X
 wire2469/X
 wire247/X
 wire2470/X
 wire2472/X
 wire2473/X
 wire2474/X
 wire2475/X
 wire2476/X
 wire2477/X
 wire2478/X
 wire2479/X
 wire248/X
 wire2480/X
 wire2481/X
 wire2482/X
 wire2483/X
 wire2484/X
 wire2485/X
 wire2486/X
 wire2489/X
 wire249/X
 wire2490/X
 wire2493/X
 wire2494/X
 wire2496/X
 wire250/X
 wire2500/X
 wire2503/X
 wire2506/X
 wire2508/X
 wire251/X
 wire2512/X
 wire2513/X
 wire2514/X
 wire2515/X
 wire2517/X
 wire2518/X
 wire2519/X
 wire252/X
 wire2525/X
 wire2528/X
 wire253/X
 wire2531/X
 wire2532/X
 wire2535/X
 wire2536/X
 wire2537/X
 wire2538/X
 wire2539/X
 wire254/X
 wire2541/X
 wire2545/X
 wire2547/X
 wire2548/X
 wire255/X
 wire2551/X
 wire2553/X
 wire2555/X
 wire2557/X
 wire2559/X
 wire256/X
 wire2560/X
 wire2563/X
 wire2565/X
 wire2566/X
 wire2569/X
 wire257/X
 wire2570/X
 wire2575/X
 wire2577/X
 wire2579/X
 wire258/X
 wire2581/X
 wire2582/X
 wire2583/X
 wire2585/X
 wire2587/X
 wire2589/X
 wire259/X
 wire2591/X
 wire2592/X
 wire2593/X
 wire2595/X
 wire2596/X
 wire2598/X
 wire2599/X
 wire260/X
 wire2600/X
 wire2603/X
 wire2604/X
 wire2608/X
 wire2609/X
 wire261/X
 wire2611/X
 wire2614/X
 wire2617/X
 wire2618/X
 wire2619/X
 wire262/X
 wire2622/X
 wire2624/X
 wire2625/X
 wire2626/X
 wire2627/X
 wire2628/X
 wire2629/X
 wire263/X
 wire2630/X
 wire2631/X
 wire2632/X
 wire2633/X
 wire2634/X
 wire2635/X
 wire2636/X
 wire2637/X
 wire2638/X
 wire2639/X
 wire264/X
 wire2642/X
 wire2647/X
 wire2648/X
 wire2649/X
 wire265/X
 wire2650/X
 wire2651/X
 wire2653/X
 wire2655/X
 wire2656/X
 wire2657/X
 wire2658/X
 wire266/X
 wire2660/X
 wire2661/X
 wire2662/X
 wire2663/X
 wire2664/X
 wire2665/X
 wire2666/X
 wire2667/X
 wire2668/X
 wire2669/X
 wire267/X
 wire2672/X
 wire2676/X
 wire2677/X
 wire2678/X
 wire2679/X
 wire268/X
 wire2681/X
 wire2685/X
 wire2686/X
 wire2689/X
 wire269/X
 wire2694/X
 wire2695/X
 wire2699/X
 wire270/X
 wire2700/X
 wire2701/X
 wire2702/X
 wire2703/X
 wire2704/X
 wire2705/X
 wire2706/X
 wire2707/X
 wire2708/X
 wire2709/X
 wire271/X
 wire2710/X
 wire2711/X
 wire2712/X
 wire2713/X
 wire2714/X
 wire2715/X
 wire2716/X
 wire2717/X
 wire2718/X
 wire2719/X
 wire272/X
 wire2721/X
 wire2724/X
 wire2725/X
 wire2728/X
 wire2729/X
 wire273/X
 wire2730/X
 wire2731/X
 wire2732/X
 wire2733/X
 wire2735/X
 wire2736/X
 wire2739/X
 wire274/X
 wire2740/X
 wire2741/X
 wire2742/X
 wire2744/X
 wire2745/X
 wire2747/X
 wire2748/X
 wire275/X
 wire2750/X
 wire2751/X
 wire2753/X
 wire2754/X
 wire2756/X
 wire2758/X
 wire2759/X
 wire276/X
 wire2760/X
 wire2761/X
 wire2762/X
 wire2763/X
 wire2764/X
 wire2765/X
 wire2766/X
 wire2768/X
 wire277/X
 wire2770/X
 wire2771/X
 wire2772/X
 wire2773/X
 wire2774/X
 wire2775/X
 wire2776/X
 wire2777/X
 wire2779/X
 wire278/X
 wire2780/X
 wire2782/X
 wire2783/X
 wire2784/X
 wire2785/X
 wire2786/X
 wire2788/X
 wire279/X
 wire2791/X
 wire2793/X
 wire2794/X
 wire2795/X
 wire2796/X
 wire2797/X
 wire2798/X
 wire2799/X
 wire2800/X
 wire2801/X
 wire2802/X
 wire2803/X
 wire2804/X
 wire2806/X
 wire2808/X
 wire2809/X
 wire281/X
 wire2810/X
 wire2812/X
 wire2815/X
 wire2816/X
 wire2817/X
 wire2818/X
 wire2819/X
 wire282/X
 wire2820/X
 wire2821/X
 wire2822/X
 wire2823/X
 wire2825/X
 wire2826/X
 wire2827/X
 wire2829/X
 wire283/X
 wire2831/X
 wire2834/X
 wire2835/X
 wire2836/X
 wire2837/X
 wire2838/X
 wire2841/X
 wire2842/X
 wire2843/X
 wire2844/X
 wire2845/X
 wire2847/X
 wire2848/X
 wire2849/X
 wire285/X
 wire2852/X
 wire2854/X
 wire2855/X
 wire2856/X
 wire2858/X
 wire2859/X
 wire286/X
 wire2860/X
 wire2862/X
 wire2864/X
 wire2865/X
 wire2866/X
 wire2867/X
 wire2868/X
 wire287/X
 wire2870/X
 wire2871/X
 wire2872/X
 wire2873/X
 wire2874/X
 wire2875/X
 wire2877/X
 wire2879/X
 wire288/X
 wire2880/X
 wire2881/X
 wire2882/X
 wire2883/X
 wire2884/X
 wire2885/X
 wire2886/X
 wire2887/X
 wire2888/X
 wire289/X
 wire2890/X
 wire2891/X
 wire2892/X
 wire2893/X
 wire2895/X
 wire2896/X
 wire2898/X
 wire290/X
 wire2902/X
 wire2903/X
 wire2904/X
 wire2905/X
 wire291/X
 wire2912/X
 wire2913/X
 wire2915/X
 wire2916/X
 wire2917/X
 wire2918/X
 wire2919/X
 wire292/X
 wire2920/X
 wire2921/X
 wire2923/X
 wire2924/X
 wire2926/X
 wire2927/X
 wire2928/X
 wire2929/X
 wire2930/X
 wire2931/X
 wire2932/X
 wire2934/X
 wire2935/X
 wire2936/X
 wire2938/X
 wire2939/X
 wire2942/X
 wire2943/X
 wire2944/X
 wire2946/X
 wire2947/X
 wire2948/X
 wire2949/X
 wire295/X
 wire2951/X
 wire2952/X
 wire2953/X
 wire2954/X
 wire2958/X
 wire2959/X
 wire296/X
 wire2960/X
 wire2961/X
 wire2963/X
 wire2964/X
 wire2965/X
 wire2966/X
 wire2967/X
 wire2969/X
 wire297/X
 wire2970/X
 wire2971/X
 wire2972/X
 wire2973/X
 wire2974/X
 wire2975/X
 wire2976/X
 wire2977/X
 wire2978/X
 wire2979/X
 wire2980/X
 wire2982/X
 wire2986/X
 wire2987/X
 wire2988/X
 wire2989/X
 wire299/X
 wire2990/X
 wire2991/X
 wire2993/X
 wire2994/X
 wire2995/X
 wire2996/X
 wire2997/X
 wire2998/X
 wire2999/X
 wire300/X
 wire3001/X
 wire3003/X
 wire3005/X
 wire3006/X
 wire3008/X
 wire3009/X
 wire3010/X
 wire3012/X
 wire3013/X
 wire3015/X
 wire3016/X
 wire3018/X
 wire3019/X
 wire302/X
 wire3021/X
 wire3022/X
 wire3023/X
 wire3024/X
 wire3025/X
 wire3026/X
 wire3027/X
 wire3028/X
 wire3029/X
 wire303/X
 wire3030/X
 wire3031/X
 wire3032/X
 wire3033/X
 wire3034/X
 wire3035/X
 wire3037/X
 wire3038/X
 wire3039/X
 wire304/X
 wire3040/X
 wire3041/X
 wire3042/X
 wire3044/X
 wire3045/X
 wire3046/X
 wire3047/X
 wire3048/X
 wire305/X
 wire3050/X
 wire3051/X
 wire3053/X
 wire3054/X
 wire3059/X
 wire306/X
 wire3060/X
 wire3061/X
 wire3062/X
 wire3063/X
 wire3064/X
 wire3066/X
 wire3067/X
 wire3069/X
 wire307/X
 wire3070/X
 wire3072/X
 wire3073/X
 wire3074/X
 wire3075/X
 wire3076/X
 wire3078/X
 wire308/X
 wire3080/X
 wire3081/X
 wire3083/X
 wire3084/X
 wire3085/X
 wire3086/X
 wire3087/X
 wire3088/X
 wire3089/X
 wire309/X
 wire3092/X
 wire3096/X
 wire3097/X
 wire3098/X
 wire310/X
 wire3100/X
 wire3101/X
 wire3102/X
 wire3103/X
 wire3104/X
 wire3106/X
 wire3107/X
 wire3108/X
 wire3109/X
 wire311/X
 wire3110/X
 wire3111/X
 wire3112/X
 wire3113/X
 wire3114/X
 wire3115/X
 wire3116/X
 wire3117/X
 wire3118/X
 wire312/X
 wire3120/X
 wire3121/X
 wire3122/X
 wire3123/X
 wire3125/X
 wire3126/X
 wire3127/X
 wire3128/X
 wire313/X
 wire3130/X
 wire3132/X
 wire3133/X
 wire3135/X
 wire3136/X
 wire3137/X
 wire3138/X
 wire314/X
 wire3141/X
 wire3142/X
 wire3143/X
 wire3144/X
 wire3145/X
 wire3147/X
 wire3149/X
 wire315/X
 wire3150/X
 wire3151/X
 wire3153/X
 wire3155/X
 wire3156/X
 wire3157/X
 wire3159/X
 wire316/X
 wire3160/X
 wire3161/X
 wire3162/X
 wire3163/X
 wire3164/X
 wire3165/X
 wire3167/X
 wire3168/X
 wire317/X
 wire3170/X
 wire3172/X
 wire3173/X
 wire3174/X
 wire3175/X
 wire3176/X
 wire3177/X
 wire3179/X
 wire318/X
 wire3180/X
 wire3181/X
 wire3184/X
 wire3185/X
 wire3186/X
 wire3188/X
 wire319/X
 wire3190/X
 wire3191/X
 wire3192/X
 wire3193/X
 wire3194/X
 wire3195/X
 wire3196/X
 wire3198/X
 wire3199/X
 wire320/X
 wire3200/X
 wire3201/X
 wire3202/X
 wire3203/X
 wire3204/X
 wire3205/X
 wire3207/X
 wire3208/X
 wire3209/X
 wire321/X
 wire3210/X
 wire3211/X
 wire3212/X
 wire3213/X
 wire3214/X
 wire3215/X
 wire3217/X
 wire3218/X
 wire3219/X
 wire322/X
 wire3221/X
 wire3223/X
 wire3226/X
 wire3227/X
 wire3228/X
 wire323/X
 wire3230/X
 wire3231/X
 wire3232/X
 wire3235/X
 wire3237/X
 wire3238/X
 wire3239/X
 wire324/X
 wire3240/X
 wire3241/X
 wire3244/X
 wire3245/X
 wire3246/X
 wire3247/X
 wire3248/X
 wire3249/X
 wire325/X
 wire3250/X
 wire3251/X
 wire3252/X
 wire3254/X
 wire3255/X
 wire3256/X
 wire3257/X
 wire3259/X
 wire326/X
 wire3260/X
 wire3261/X
 wire3263/X
 wire3265/X
 wire3266/X
 wire3267/X
 wire3269/X
 wire327/X
 wire3270/X
 wire3271/X
 wire3272/X
 wire3273/X
 wire3274/X
 wire3276/X
 wire3277/X
 wire3278/X
 wire328/X
 wire3280/X
 wire3281/X
 wire3282/X
 wire3283/X
 wire3284/X
 wire3285/X
 wire3286/X
 wire3287/X
 wire3288/X
 wire3289/X
 wire329/X
 wire3290/X
 wire3291/X
 wire3292/X
 wire3295/X
 wire3296/X
 wire3297/X
 wire3299/X
 wire330/X
 wire3300/X
 wire3301/X
 wire3302/X
 wire3303/X
 wire3304/X
 wire3305/X
 wire3306/X
 wire3307/X
 wire3308/X
 wire3309/X
 wire331/X
 wire3312/X
 wire3313/X
 wire3314/X
 wire3315/X
 wire3316/X
 wire3317/X
 wire3318/X
 wire3319/X
 wire332/X
 wire3321/X
 wire3323/X
 wire3324/X
 wire3325/X
 wire3326/X
 wire3327/X
 wire3328/X
 wire3329/X
 wire333/X
 wire3330/X
 wire3331/X
 wire3333/X
 wire3335/X
 wire3336/X
 wire3337/X
 wire3338/X
 wire334/X
 wire3340/X
 wire3341/X
 wire3342/X
 wire3343/X
 wire3344/X
 wire3348/X
 wire3349/X
 wire335/X
 wire3353/X
 wire3354/X
 wire3355/X
 wire3357/X
 wire3358/X
 wire3359/X
 wire336/X
 wire3361/X
 wire3363/X
 wire3366/X
 wire3367/X
 wire3368/X
 wire3369/X
 wire337/X
 wire3370/X
 wire3371/X
 wire3373/X
 wire3374/X
 wire3375/X
 wire3376/X
 wire3377/X
 wire3379/X
 wire338/X
 wire3380/X
 wire3381/X
 wire3383/X
 wire3384/X
 wire3385/X
 wire3387/X
 wire3389/X
 wire339/X
 wire3390/X
 wire3391/X
 wire3392/X
 wire3393/X
 wire3394/X
 wire3395/X
 wire3396/X
 wire3397/X
 wire3398/X
 wire3399/X
 wire340/X
 wire3400/X
 wire3401/X
 wire3402/X
 wire3403/X
 wire3404/X
 wire3405/X
 wire3406/X
 wire3408/X
 wire3409/X
 wire3411/X
 wire3412/X
 wire3414/X
 wire3415/X
 wire3416/X
 wire3417/X
 wire3419/X
 wire342/X
 wire3420/X
 wire3421/X
 wire3422/X
 wire3423/X
 wire3424/X
 wire3425/X
 wire3426/X
 wire3427/X
 wire343/X
 wire3430/X
 wire3432/X
 wire3434/X
 wire3435/X
 wire3436/X
 wire3437/X
 wire3438/X
 wire3440/X
 wire3441/X
 wire3442/X
 wire3443/X
 wire3446/X
 wire3448/X
 wire3449/X
 wire345/X
 wire3450/X
 wire3452/X
 wire3453/X
 wire3454/X
 wire3455/X
 wire3456/X
 wire3457/X
 wire3458/X
 wire3459/X
 wire346/X
 wire3461/X
 wire3462/X
 wire3463/X
 wire3464/X
 wire3465/X
 wire3466/X
 wire3467/X
 wire3468/X
 wire3469/X
 wire3471/X
 wire3472/X
 wire3473/X
 wire3474/X
 wire3475/X
 wire3477/X
 wire348/X
 wire3480/X
 wire3481/X
 wire3482/X
 wire3483/X
 wire3484/X
 wire3485/X
 wire3486/X
 wire3487/X
 wire3488/X
 wire349/X
 wire3490/X
 wire3491/X
 wire3493/X
 wire3495/X
 wire3496/X
 wire3497/X
 wire3499/X
 wire350/X
 wire3501/X
 wire3504/X
 wire3506/X
 wire3508/X
 wire3509/X
 wire351/X
 wire3511/X
 wire3512/X
 wire3513/X
 wire3514/X
 wire3515/X
 wire3516/X
 wire3517/X
 wire3518/X
 wire352/X
 wire3520/X
 wire3522/X
 wire3523/X
 wire3524/X
 wire3525/X
 wire3526/X
 wire3527/X
 wire3528/X
 wire3529/X
 wire3530/X
 wire3533/X
 wire3534/X
 wire3535/X
 wire3536/X
 wire3537/X
 wire3538/X
 wire3539/X
 wire354/X
 wire3540/X
 wire3541/X
 wire3542/X
 wire3544/X
 wire3545/X
 wire3547/X
 wire355/X
 wire3552/X
 wire3553/X
 wire3554/X
 wire3555/X
 wire3557/X
 wire356/X
 wire3560/X
 wire3561/X
 wire3562/X
 wire3564/X
 wire3565/X
 wire3566/X
 wire3568/X
 wire3569/X
 wire357/X
 wire3570/X
 wire3571/X
 wire3572/X
 wire3575/X
 wire3576/X
 wire3577/X
 wire3578/X
 wire3579/X
 wire358/X
 wire3580/X
 wire3581/X
 wire3583/X
 wire3584/X
 wire3585/X
 wire3586/X
 wire3587/X
 wire3588/X
 wire3589/X
 wire359/X
 wire3590/X
 wire3591/X
 wire3592/X
 wire3593/X
 wire3594/X
 wire3595/X
 wire3596/X
 wire3597/X
 wire3599/X
 wire360/X
 wire3601/X
 wire3602/X
 wire3604/X
 wire3606/X
 wire3607/X
 wire361/X
 wire3610/X
 wire3611/X
 wire3613/X
 wire3615/X
 wire3616/X
 wire3617/X
 wire3618/X
 wire3621/X
 wire3624/X
 wire3626/X
 wire3627/X
 wire3628/X
 wire3629/X
 wire363/X
 wire3630/X
 wire3631/X
 wire3634/X
 wire3636/X
 wire3638/X
 wire3639/X
 wire364/X
 wire3640/X
 wire3641/X
 wire3642/X
 wire3647/X
 wire3648/X
 wire3649/X
 wire365/X
 wire3652/X
 wire3653/X
 wire3654/X
 wire3655/X
 wire3656/X
 wire3657/X
 wire3658/X
 wire3659/X
 wire366/X
 wire3663/X
 wire3665/X
 wire3666/X
 wire3667/X
 wire3668/X
 wire3669/X
 wire367/X
 wire3671/X
 wire3672/X
 wire3673/X
 wire3674/X
 wire3675/X
 wire3676/X
 wire3678/X
 wire3679/X
 wire3681/X
 wire3682/X
 wire3683/X
 wire3684/X
 wire3685/X
 wire3688/X
 wire3689/X
 wire369/X
 wire3691/X
 wire3692/X
 wire3693/X
 wire3694/X
 wire3696/X
 wire3698/X
 wire370/X
 wire3701/X
 wire3702/X
 wire3703/X
 wire3704/X
 wire3706/X
 wire3707/X
 wire3708/X
 wire371/X
 wire3710/X
 wire3711/X
 wire3712/X
 wire3714/X
 wire3715/X
 wire3717/X
 wire3718/X
 wire372/X
 wire3720/X
 wire3723/X
 wire3724/X
 wire3725/X
 wire3726/X
 wire3727/X
 wire3728/X
 wire3729/X
 wire3730/X
 wire3731/X
 wire3732/X
 wire3733/X
 wire3734/X
 wire3736/X
 wire3737/X
 wire3738/X
 wire3740/X
 wire3741/X
 wire3742/X
 wire3743/X
 wire3744/X
 wire3745/X
 wire3746/X
 wire3748/X
 wire3749/X
 wire375/X
 wire3750/X
 wire3751/X
 wire3752/X
 wire3753/X
 wire3754/X
 wire3755/X
 wire3756/X
 wire3757/X
 wire3758/X
 wire3759/X
 wire376/X
 wire3760/X
 wire3763/X
 wire3764/X
 wire3765/X
 wire3767/X
 wire3768/X
 wire3769/X
 wire377/X
 wire3773/X
 wire3774/X
 wire3775/X
 wire3776/X
 wire3777/X
 wire3778/X
 wire3779/X
 wire3780/X
 wire3781/X
 wire3782/X
 wire3783/X
 wire3786/X
 wire3789/X
 wire379/X
 wire3790/X
 wire3791/X
 wire3792/X
 wire3794/X
 wire3795/X
 wire3796/X
 wire3797/X
 wire3798/X
 wire380/X
 wire3800/X
 wire3801/X
 wire3802/X
 wire3803/X
 wire3804/X
 wire3805/X
 wire3806/X
 wire3807/X
 wire3808/X
 wire3809/X
 wire381/X
 wire3811/X
 wire3812/X
 wire3813/X
 wire3814/X
 wire3815/X
 wire3816/X
 wire3817/X
 wire3818/X
 wire382/X
 wire3821/X
 wire3822/X
 wire3823/X
 wire3824/X
 wire3825/X
 wire3826/X
 wire3827/X
 wire3828/X
 wire383/X
 wire3830/X
 wire3831/X
 wire3832/X
 wire3833/X
 wire3834/X
 wire3835/X
 wire3836/X
 wire3837/X
 wire3838/X
 wire3839/X
 wire3840/X
 wire3841/X
 wire3842/X
 wire3843/X
 wire3845/X
 wire3846/X
 wire3849/X
 wire385/X
 wire3850/X
 wire3852/X
 wire3853/X
 wire3854/X
 wire3855/X
 wire3856/X
 wire3857/X
 wire3858/X
 wire3859/X
 wire386/X
 wire3860/X
 wire3861/X
 wire3862/X
 wire3863/X
 wire3864/X
 wire3865/X
 wire3867/X
 wire3868/X
 wire3869/X
 wire387/X
 wire3870/X
 wire3871/X
 wire3872/X
 wire3874/X
 wire3875/X
 wire3876/X
 wire388/X
 wire3880/X
 wire3882/X
 wire3884/X
 wire3886/X
 wire3887/X
 wire389/X
 wire3893/X
 wire3894/X
 wire3895/X
 wire3896/X
 wire3897/X
 wire3899/X
 wire390/X
 wire3900/X
 wire3902/X
 wire3903/X
 wire3904/X
 wire3905/X
 wire3907/X
 wire3908/X
 wire391/X
 wire3910/X
 wire3911/X
 wire3913/X
 wire3914/X
 wire3915/X
 wire3916/X
 wire3917/X
 wire392/X
 wire3922/X
 wire3923/X
 wire3924/X
 wire3926/X
 wire3927/X
 wire3928/X
 wire3929/X
 wire393/X
 wire3931/X
 wire3933/X
 wire3934/X
 wire3935/X
 wire3937/X
 wire3939/X
 wire394/X
 wire3940/X
 wire3941/X
 wire3942/X
 wire3943/X
 wire3944/X
 wire3945/X
 wire3946/X
 wire3949/X
 wire395/X
 wire3950/X
 wire3951/X
 wire3952/X
 wire3953/X
 wire3954/X
 wire3956/X
 wire3957/X
 wire3959/X
 wire396/X
 wire3960/X
 wire3961/X
 wire3962/X
 wire3963/X
 wire3964/X
 wire3965/X
 wire3966/X
 wire3967/X
 wire3968/X
 wire3969/X
 wire397/X
 wire3970/X
 wire3972/X
 wire3973/X
 wire3975/X
 wire3976/X
 wire3978/X
 wire3979/X
 wire398/X
 wire3980/X
 wire3981/X
 wire3982/X
 wire3984/X
 wire3985/X
 wire3986/X
 wire3987/X
 wire3989/X
 wire399/X
 wire3993/X
 wire3994/X
 wire3996/X
 wire3997/X
 wire3998/X
 wire3999/X
 wire400/X
 wire4000/X
 wire4001/X
 wire4002/X
 wire4003/X
 wire4004/X
 wire4005/X
 wire4006/X
 wire4008/X
 wire4009/X
 wire401/X
 wire4010/X
 wire4012/X
 wire4013/X
 wire4014/X
 wire4015/X
 wire4016/X
 wire4017/X
 wire4018/X
 wire402/X
 wire4020/X
 wire4021/X
 wire4024/X
 wire4025/X
 wire4026/X
 wire4027/X
 wire4028/X
 wire4029/X
 wire403/X
 wire4030/X
 wire4031/X
 wire4032/X
 wire4033/X
 wire4034/X
 wire4035/X
 wire4037/X
 wire4039/X
 wire404/X
 wire4041/X
 wire4042/X
 wire4043/X
 wire4044/X
 wire4045/X
 wire4047/X
 wire4049/X
 wire405/X
 wire4050/X
 wire4051/X
 wire4052/X
 wire4055/X
 wire4056/X
 wire4057/X
 wire4058/X
 wire4059/X
 wire406/X
 wire4061/X
 wire4062/X
 wire4063/X
 wire4064/X
 wire4065/X
 wire4066/X
 wire4068/X
 wire407/X
 wire4070/X
 wire4071/X
 wire4072/X
 wire4073/X
 wire4074/X
 wire4075/X
 wire4076/X
 wire4078/X
 wire4079/X
 wire408/X
 wire4080/X
 wire4081/X
 wire4082/X
 wire4083/X
 wire4084/X
 wire4085/X
 wire4086/X
 wire4087/X
 wire4089/X
 wire409/X
 wire4090/X
 wire4092/X
 wire4093/X
 wire4094/X
 wire4096/X
 wire4099/X
 wire4105/X
 wire4106/X
 wire4109/X
 wire4110/X
 wire4115/X
 wire4116/X
 wire4118/X
 wire412/X
 wire4120/X
 wire4121/X
 wire4123/X
 wire4125/X
 wire4128/X
 wire413/X
 wire4131/X
 wire4133/X
 wire414/X
 wire4143/X
 wire4145/X
 wire4148/X
 wire4149/X
 wire415/X
 wire4151/X
 wire4152/X
 wire4154/X
 wire4156/X
 wire4159/X
 wire416/X
 wire4164/X
 wire4166/X
 wire4167/X
 wire4170/X
 wire4171/X
 wire4173/X
 wire4175/X
 wire4176/X
 wire4178/X
 wire418/X
 wire4185/X
 wire4186/X
 wire419/X
 wire4191/X
 wire4194/X
 wire4196/X
 wire4197/X
 wire4199/X
 wire420/X
 wire4200/X
 wire4202/X
 wire4204/X
 wire421/X
 wire4214/X
 wire4215/X
 wire4216/X
 wire4218/X
 wire4219/X
 wire422/X
 wire4221/X
 wire4222/X
 wire4224/X
 wire4227/X
 wire4228/X
 wire4232/X
 wire4236/X
 wire4238/X
 wire4239/X
 wire424/X
 wire4240/X
 wire4241/X
 wire4242/X
 wire4244/X
 wire4245/X
 wire4247/X
 wire4248/X
 wire4249/X
 wire425/X
 wire4250/X
 wire4256/X
 wire4258/X
 wire426/X
 wire4260/X
 wire4262/X
 wire4264/X
 wire4265/X
 wire4267/X
 wire427/X
 wire4273/X
 wire428/X
 wire4281/X
 wire4282/X
 wire4283/X
 wire4285/X
 wire4286/X
 wire4288/X
 wire4289/X
 wire4290/X
 wire4291/X
 wire4296/X
 wire4297/X
 wire4298/X
 wire4299/X
 wire430/X
 wire4300/X
 wire4301/X
 wire4304/X
 wire4305/X
 wire4307/X
 wire4308/X
 wire4310/X
 wire4311/X
 wire4312/X
 wire4313/X
 wire4315/X
 wire4316/X
 wire432/X
 wire4322/X
 wire4323/X
 wire4326/X
 wire4327/X
 wire4329/X
 wire4330/X
 wire4336/X
 wire4340/X
 wire4341/X
 wire4343/X
 wire4345/X
 wire4349/X
 wire435/X
 wire4351/X
 wire4352/X
 wire4353/X
 wire4354/X
 wire4355/X
 wire4358/X
 wire436/X
 wire4362/X
 wire4364/X
 wire4366/X
 wire4367/X
 wire4368/X
 wire4370/X
 wire4371/X
 wire4376/X
 wire4377/X
 wire438/X
 wire4380/X
 wire4381/X
 wire4382/X
 wire4383/X
 wire439/X
 wire4393/X
 wire4394/X
 wire4395/X
 wire4396/X
 wire4397/X
 wire4399/X
 wire440/X
 wire4403/X
 wire4406/X
 wire4408/X
 wire4409/X
 wire441/X
 wire4411/X
 wire4415/X
 wire4417/X
 wire442/X
 wire4420/X
 wire4421/X
 wire4422/X
 wire4423/X
 wire4426/X
 wire4427/X
 wire4428/X
 wire4431/X
 wire4432/X
 wire4435/X
 wire4437/X
 wire4438/X
 wire444/X
 wire4440/X
 wire4441/X
 wire4442/X
 wire4443/X
 wire4444/X
 wire4447/X
 wire4448/X
 wire445/X
 wire4450/X
 wire4451/X
 wire4452/X
 wire4453/X
 wire4455/X
 wire4456/X
 wire4459/X
 wire446/X
 wire4462/X
 wire4464/X
 wire4466/X
 wire4467/X
 wire4468/X
 wire4469/X
 wire447/X
 wire4470/X
 wire4472/X
 wire4473/X
 wire4475/X
 wire4476/X
 wire4477/X
 wire4478/X
 wire448/X
 wire4480/X
 wire4482/X
 wire4484/X
 wire4485/X
 wire4486/X
 wire4487/X
 wire4488/X
 wire4489/X
 wire449/X
 wire4490/X
 wire4491/X
 wire4492/X
 wire452/X
 wire453/X
 wire454/X
 wire456/X
 wire457/X
 wire458/X
 wire459/X
 wire460/X
 wire461/X
 wire462/X
 wire463/X
 wire464/X
 wire465/X
 wire466/X
 wire467/X
 wire468/X
 wire469/X
 wire470/X
 wire471/X
 wire472/X
 wire474/X
 wire475/X
 wire476/X
 wire478/X
 wire480/X
 wire481/X
 wire482/X
 wire483/X
 wire485/X
 wire486/X
 wire487/X
 wire489/X
 wire490/X
 wire493/X
 wire494/X
 wire495/X
 wire496/X
 wire497/X
 wire500/X
 wire501/X
 wire502/X
 wire503/X
 wire504/X
 wire505/X
 wire506/X
 wire507/X
 wire508/X
 wire510/X
 wire511/X
 wire512/X
 wire513/X
 wire516/X
 wire517/X
 wire518/X
 wire520/X
 wire521/X
 wire522/X
 wire523/X
 wire524/X
 wire525/X
 wire526/X
 wire527/X
 wire529/X
 wire530/X
 wire531/X
 wire532/X
 wire533/X
 wire534/X
 wire535/X
 wire537/X
 wire538/X
 wire539/X
 wire540/X
 wire541/X
 wire543/X
 wire545/X
 wire546/X
 wire547/X
 wire548/X
 wire549/X
 wire550/X
 wire552/X
 wire553/X
 wire554/X
 wire555/X
 wire556/X
 wire557/X
 wire558/X
 wire560/X
 wire561/X
 wire562/X
 wire563/X
 wire564/X
 wire565/X
 wire566/X
 wire567/X
 wire569/X
 wire570/X
 wire571/X
 wire572/X
 wire573/X
 wire574/X
 wire575/X
 wire576/X
 wire577/X
 wire578/X
 wire582/X
 wire583/X
 wire584/X
 wire585/X
 wire587/X
 wire588/X
 wire590/X
 wire591/X
 wire594/X
 wire595/X
 wire596/X
 wire597/X
 wire598/X
 wire599/X
 wire601/X
 wire602/X
 wire605/X
 wire606/X
 wire608/X
 wire609/X
 wire610/X
 wire611/X
 wire613/X
 wire615/X
 wire617/X
 wire619/X
 wire621/X
 wire622/X
 wire623/X
 wire624/X
 wire625/X
 wire626/X
 wire628/X
 wire629/X
 wire630/X
 wire631/X
 wire632/X
 wire633/X
 wire634/X
 wire635/X
 wire636/X
 wire637/X
 wire638/X
 wire639/X
 wire640/X
 wire641/X
 wire642/X
 wire643/X
 wire644/X
 wire645/X
 wire647/X
 wire649/X
 wire650/X
 wire651/X
 wire653/X
 wire654/X
 wire656/X
 wire657/X
 wire658/X
 wire659/X
 wire660/X
 wire661/X
 wire663/X
 wire664/X
 wire665/X
 wire666/X
 wire667/X
 wire668/X
 wire669/X
 wire671/X
 wire675/X
 wire676/X
 wire678/X
 wire679/X
 wire681/X
 wire682/X
 wire683/X
 wire684/X
 wire686/X
 wire688/X
 wire689/X
 wire690/X
 wire692/X
 wire693/X
 wire694/X
 wire696/X
 wire697/X
 wire700/X
 wire701/X
 wire702/X
 wire703/X
 wire704/X
 wire706/X
 wire709/X
 wire710/X
 wire712/X
 wire713/X
 wire715/X
 wire716/X
 wire717/X
 wire718/X
 wire719/X
 wire720/X
 wire721/X
 wire723/X
 wire724/X
 wire725/X
 wire727/X
 wire728/X
 wire729/X
 wire730/X
 wire731/X
 wire732/X
 wire733/X
 wire734/X
 wire736/X
 wire737/X
 wire738/X
 wire739/X
 wire742/X
 wire743/X
 wire745/X
 wire746/X
 wire747/X
 wire748/X
 wire749/X
 wire750/X
 wire751/X
 wire752/X
 wire753/X
 wire754/X
 wire757/X
 wire758/X
 wire759/X
 wire760/X
 wire761/X
 wire762/X
 wire763/X
 wire764/X
 wire765/X
 wire766/X
 wire767/X
 wire768/X
 wire769/X
 wire770/X
 wire771/X
 wire772/X
 wire773/X
 wire774/X
 wire775/X
 wire776/X
 wire777/X
 wire779/X
 wire780/X
 wire781/X
 wire782/X
 wire783/X
 wire784/X
 wire785/X
 wire786/X
 wire787/X
 wire788/X
 wire789/X
 wire790/X
 wire793/X
 wire794/X
 wire796/X
 wire797/X
 wire800/X
 wire801/X
 wire802/X
 wire803/X
 wire804/X
 wire805/X
 wire806/X
 wire807/X
 wire808/X
 wire809/X
 wire810/X
 wire812/X
 wire813/X
 wire814/X
 wire815/X
 wire818/X
 wire819/X
 wire820/X
 wire821/X
 wire822/X
 wire823/X
 wire824/X
 wire825/X
 wire826/X
 wire827/X
 wire828/X
 wire830/X
 wire831/X
 wire832/X
 wire833/X
 wire834/X
 wire835/X
 wire838/X
 wire839/X
 wire840/X
 wire841/X
 wire842/X
 wire843/X
 wire844/X
 wire847/X
 wire848/X
 wire849/X
 wire850/X
 wire851/X
 wire852/X
 wire854/X
 wire855/X
 wire857/X
 wire859/X
 wire860/X
 wire861/X
 wire862/X
 wire863/X
 wire864/X
 wire865/X
 wire866/X
 wire868/X
 wire869/X
 wire870/X
 wire871/X
 wire872/X
 wire874/X
 wire878/X
 wire879/X
 wire883/X
 wire885/X
 wire886/X
 wire887/X
 wire888/X
 wire890/X
 wire892/X
 wire893/X
 wire894/X
 wire896/X
 wire899/X
 wire900/X
 wire903/X
 wire904/X
 wire905/X
 wire906/X
 wire909/X
 wire910/X
 wire912/X
 wire913/X
 wire914/X
 wire915/X
 wire916/X
 wire919/X
 wire921/X
 wire922/X
 wire924/X
 wire926/X
 wire927/X
 wire928/X
 wire929/X
 wire933/X
 wire934/X
 wire936/X
 wire938/X
 wire939/X
 wire940/X
 wire943/X
 wire944/X
 wire946/X
 wire947/X
 wire948/X
 wire949/X
 wire950/X
 wire951/X
 wire952/X
 wire953/X
 wire954/X
 wire955/X
 wire956/X
 wire957/X
 wire958/X
 wire960/X
 wire961/X
 wire962/X
 wire963/X
 wire964/X
 wire965/X
 wire966/X
 wire967/X
 wire969/X
 wire971/X
 wire972/X
 wire974/X
 wire975/X
 wire977/X
 wire978/X
 wire980/X
 wire981/X
 wire982/X
 wire983/X
 wire984/X
 wire985/X
 wire986/X
 wire987/X
 wire988/X
 wire989/X
 wire991/X
 wire992/X
 wire993/X
 wire994/X
 wire995/X
 wire996/X
 wire997/X
 wire998/X
 wire999/X
Found 0 partially unannotated drivers.

===========================================================================
max slew violation count 0
max fanout violation count 0
max cap violation count 0
============================================================================

===========================================================================
check_setup -verbose -unconstrained_endpoints -multiple_clock -no_clock -no_input_delay -loops -generated_clocks
===========================================================================
Warning: There are 50 input ports missing set_input_delay.
  A1[0]
  A1[1]
  A1[2]
  A1[3]
  A1[4]
  A2[0]
  A2[1]
  A2[2]
  A2[3]
  A2[4]
  A3[0]
  A3[1]
  A3[2]
  A3[3]
  A3[4]
  WD3[0]
  WD3[10]
  WD3[11]
  WD3[12]
  WD3[13]
  WD3[14]
  WD3[15]
  WD3[16]
  WD3[17]
  WD3[18]
  WD3[19]
  WD3[1]
  WD3[20]
  WD3[21]
  WD3[22]
  WD3[23]
  WD3[24]
  WD3[25]
  WD3[26]
  WD3[27]
  WD3[28]
  WD3[29]
  WD3[2]
  WD3[30]
  WD3[31]
  WD3[3]
  WD3[4]
  WD3[5]
  WD3[6]
  WD3[7]
  WD3[8]
  WD3[9]
  WE3
  alu_opcode[0]
  alu_opcode[1]
Warning: There are 96 unconstrained endpoints.
  RD1[0]
  RD1[10]
  RD1[11]
  RD1[12]
  RD1[13]
  RD1[14]
  RD1[15]
  RD1[16]
  RD1[17]
  RD1[18]
  RD1[19]
  RD1[1]
  RD1[20]
  RD1[21]
  RD1[22]
  RD1[23]
  RD1[24]
  RD1[25]
  RD1[26]
  RD1[27]
  RD1[28]
  RD1[29]
  RD1[2]
  RD1[30]
  RD1[31]
  RD1[3]
  RD1[4]
  RD1[5]
  RD1[6]
  RD1[7]
  RD1[8]
  RD1[9]
  RD2[0]
  RD2[10]
  RD2[11]
  RD2[12]
  RD2[13]
  RD2[14]
  RD2[15]
  RD2[16]
  RD2[17]
  RD2[18]
  RD2[19]
  RD2[1]
  RD2[20]
  RD2[21]
  RD2[22]
  RD2[23]
  RD2[24]
  RD2[25]
  RD2[26]
  RD2[27]
  RD2[28]
  RD2[29]
  RD2[2]
  RD2[30]
  RD2[31]
  RD2[3]
  RD2[4]
  RD2[5]
  RD2[6]
  RD2[7]
  RD2[8]
  RD2[9]
  alu_result[0]
  alu_result[10]
  alu_result[11]
  alu_result[12]
  alu_result[13]
  alu_result[14]
  alu_result[15]
  alu_result[16]
  alu_result[17]
  alu_result[18]
  alu_result[19]
  alu_result[1]
  alu_result[20]
  alu_result[21]
  alu_result[22]
  alu_result[23]
  alu_result[24]
  alu_result[25]
  alu_result[26]
  alu_result[27]
  alu_result[28]
  alu_result[29]
  alu_result[2]
  alu_result[30]
  alu_result[31]
  alu_result[3]
  alu_result[4]
  alu_result[5]
  alu_result[6]
  alu_result[7]
  alu_result[8]
  alu_result[9]
