net,length_um
_2087_,8156.77
_1755_,7481.175
net68,7354.18
_2978_,7247.2
_1703_,7230.86
_3625_,7035
_3419_,6892.24
_1656_,6728.24
net15,6524.45
_1655_,6475.57
_3003_,6456.58
_3326_,6404.3
net41,6353.98
_1026_,6273.1
net98,6163.76
net24,5970.21
net95,5902.375
net63,5738.02
_1556_,5252.175
net99,5075.09
_0620_,5014.355
net101,5007.75
A2[1],4945.875
net65,4908.035
net78,4888.04
net23,4874.36
net102,4811.26
_0407_,4790.08
_0066_,4778.355
_0109_,4740.235
_0514_,4699.68
_0659_,4697.14
_0726_,4696.87
_0956_,4684.895
_0027_,4669.935
_0949_,4660.745
_0558_,4647.9
net2697,4646.27
_0555_,4625.01
_0725_,4576.9
_3866_,4573.36
_0338_,4568.435
_0079_,4560.04
_0251_,4549.86
_0732_,4547.355
_0441_,4535.945
_0484_,4530.3
_0139_,4526.24
_0239_,4513.075
_3785_,4509.38
_3437_,4502.08
_0352_,4489.9
_3453_,4471.42
_0918_,4470.625
_0048_,4466.32
_3040_,4444.06
_0735_,4438.52
_0641_,4434.245
_3366_,4419.42
_3912_,4416.84
_0168_,4414.67
_2805_,4413.28
_3099_,4410.06
_0812_,4407.31
_2626_,4402.28
_0915_,4381.31
_0693_,4380.225
_0116_,4378.635
_1559_,4378.59
_1014_,4378.36
_0076_,4377.88
_3709_,4376.34
_0519_,4371.48
_0448_,4363.345
_2447_,4361.64
net90,4360.12
_3759_,4356.86
_0034_,4353.96
_4051_,4348.7
_2597_,4339.55
_0552_,4339.54
_0489_,4334.975
_3616_,4322.08
_4224_,4318.6
_0105_,4317.335
net1,4317.04
_0870_,4303.74
_0177_,4298.17
_2446_,4290.4
_0217_,4289.87
_4175_,4286.86
_3681_,4286.78
_4013_,4284.52
_0516_,4282.785
_0985_,4276.805
_0853_,4274.92
_0481_,4274.275
_0390_,4260.27
_0696_,4256.435
A2[0],4255.6
_0238_,4254.1
_0917_,4248.14
_0939_,4239.665
_0334_,4239.16
_0883_,4237.88
_1012_,4236.985
_4209_,4234.2
_0997_,4231.285
net2529,4230.88
_0254_,4218.04
_0214_,4215.53
_4212_,4210.76
_0397_,4199.505
net1645,4190.58
_0632_,4188.72
_4003_,4182.67
net3309,4179.605
_0164_,4174.9
_0098_,4174.51
_0402_,4170.575
_3487_,4170.46
_0969_,4162.99
_4079_,4161.02
_3632_,4159.34
_0741_,4156.28
_0794_,4154.84
_0996_,4151.02
_4000_,4149.44
_0059_,4148.7
_0688_,4146.89
_3170_,4145.98
_0110_,4139.795
_0249_,4127.905
_3684_,4124.92
_0339_,4123.575
_0783_,4122.54
_0777_,4111.46
_0216_,4110.74
_0927_,4110.58
net1237,4103.1
_0368_,4098.59
net7,4091.6
_3794_,4087.02
net4015,4081.135
_0690_,4078.82
_4061_,4078.3
_3261_,4078.06
_3327_,4077.65
_0549_,4076.975
_1021_,4076.69
_0207_,4074.405
_3554_,4073.76
_4197_,4071.34
_0416_,4067.14
net1758,4064.62
_3545_,4055.5
_3435_,4055.02
_3207_,4051.82
_0303_,4051.105
_0224_,4050.095
_4075_,4049.98
_2793_,4045.55
_2405_,4038.28
net86,4036.72
_0439_,4027.075
_3262_,4026.86
_2734_,4023.67
_0543_,4022.225
_4192_,4019.59
_0319_,4018.6
_3120_,4014.7
_0010_,4013.745
_3503_,4006.26
_3642_,4006.1
_0784_,4005.04
_0044_,3997.44
_0273_,3997.18
_1008_,3993.535
_3364_,3990.6
_3983_,3986.98
_0607_,3983.86
_0989_,3981.66
net3616,3979.105
_3646_,3978.69
_3439_,3975.02
net1117,3973.52
net4102,3963.32
_0246_,3962.92
_0495_,3962.66
rf.registers\[25\]\[7\],3959.97
_4208_,3953.26
_3735_,3947.55
_3387_,3946.68
net4268,3945.93
_0626_,3944.785
_0971_,3943.935
_0474_,3941.08
_2794_,3939.82
_1004_,3935.115
_0204_,3931.6
_1944_,3927.78
net70,3926.515
_3745_,3925.34
net895,3924.94
_3550_,3917.88
net1366,3913.445
_3509_,3912.78
net2872,3912.575
_3705_,3909.76
_0145_,3909.295
_4011_,3906
_0333_,3905.6
net4386,3903.6
net3689,3902.035
net2343,3898.72
_2468_,3892.555
_0491_,3892.54
_3273_,3891.21
_0117_,3887.925
_4225_,3882.32
_2501_,3882.14
_3629_,3881.595
_0054_,3881.33
_0024_,3879.42
_0655_,3877.7
net1911,3875.89
net4446,3874.94
net109,3870.87
_3535_,3869.24
_0825_,3860.61
_3264_,3859.12
_2287_,3858.37
_4173_,3850.42
_1435_,3846.04
_0505_,3845.86
_0757_,3843.095
_4223_,3841.46
_0051_,3839.52
_0140_,3836.635
_0670_,3830.895
_0454_,3830.02
_0892_,3829.12
_2295_,3828.575
net3953,3824.765
net1248,3824.6
_1164_,3822.14
_3057_,3820.2
_4179_,3816.28
_2422_,3811.67
_0003_,3808.56
_0938_,3803.45
_0954_,3795.06
_0910_,3788.8
_0730_,3784.62
net2395,3783.3
_0488_,3782.21
_0963_,3781.54
_0008_,3781.4
_3961_,3779.96
_2420_,3779.04
net2113,3778.82
_0814_,3770.45
net2615,3765.97
_0575_,3763.205
_0738_,3761.295
net3742,3758.065
_0906_,3753.395
_4001_,3749.46
_4201_,3747.74
_0608_,3744.595
_3713_,3740.7
_0930_,3740.195
_3906_,3738.26
_3133_,3737.86
_3189_,3734.52
_3169_,3732.36
_3526_,3727.46
_2639_,3719.77
_3687_,3717.78
_3528_,3716.72
_0119_,3716.1
_0644_,3715.235
_0905_,3712.58
_0342_,3706.02
_0687_,3702.98
_1181_,3701.36
_4038_,3701.3
net1823,3697.75
_4139_,3696.88
_0111_,3695.69
_3847_,3695.5
_1006_,3691.1
_3062_,3690.3
net11,3689.4
_0829_,3687.68
_3239_,3685.56
net2272,3683.35
_0518_,3683.14
net4347,3680.35
_2313_,3679.86
_2697_,3673.68
_2550_,3673.62
_0772_,3666.95
_4215_,3666.68
net2723,3666.09
_0358_,3664.43
_0560_,3663.525
_0298_,3658.94
_3918_,3658.58
_0612_,3657.01
_4169_,3656.68
_3862_,3655.72
_3095_,3651.62
_0124_,3650.94
_3212_,3649.26
_0582_,3649.07
_2305_,3648.96
_2139_,3648.91
_0504_,3636.44
_4183_,3635.96
_3198_,3630.39
_0708_,3627.28
_2065_,3626.115
_3671_,3625.02
_0822_,3624.1
_3506_,3621.76
_1646_,3621.035
_2049_,3620.66
_2527_,3619.57
_0053_,3619.14
_3171_,3618.4
_1908_,3616.91
_0855_,3615.945
_3700_,3614.395
_0415_,3614.31
net3284,3613.55
net105,3611.16
_0774_,3610.63
net4339,3610.235
_0462_,3609.38
_3411_,3605.84
net2424,3603.98
_0470_,3602.7
_0210_,3601.4
_0671_,3597.46
_0496_,3590.92
net283,3588.7
net3155,3588.39
_3278_,3586.92
_3568_,3584.22
_0702_,3584.09
_1882_,3580.1
_0531_,3578.58
net3483,3577.745
_2963_,3576.24
_3693_,3575.72
net2387,3573.5
_1103_,3571.06
_3098_,3568.12
_0699_,3564.62
_0183_,3563.415
_3369_,3562.84
_1215_,3562.7
_3488_,3560.8
_0718_,3560.62
_3580_,3558.84
_1502_,3558.72
_3928_,3558.29
_3919_,3557.66
_0198_,3556.9
_3712_,3552.14
net2268,3551.99
_0228_,3549.62
_4221_,3548.98
net87,3547.28
_1299_,3541.4
_4226_,3539.46
_3163_,3538.58
net3578,3536.62
_2804_,3536.07
_0256_,3535.36
_0049_,3534.645
_1258_,3533.74
_2834_,3529.68
net2284,3529.45
_3936_,3527.42
net4441,3527.02
_3244_,3525.38
net3208,3524.655
net4453,3524.62
_3639_,3523.11
_0940_,3519.54
_2349_,3519.08
_3674_,3518.98
_4186_,3514.36
_0012_,3514.265
_3058_,3513.86
_0653_,3513.1
net1057,3512.77
_2159_,3511.24
net1897,3510.54
net2810,3510.355
net4024,3508.865
net1950,3507.92
_0060_,3507.465
_3199_,3505.64
_3478_,3503.94
_0361_,3502.35
net3587,3501.715
net3858,3501.205
_0779_,3500.64
rf.registers\[30\]\[8\],3494.32
_3036_,3492.26
_0945_,3490.92
_0858_,3488.5
_0179_,3487.36
net108,3487.275
_0839_,3486.015
_0808_,3484.875
_0992_,3483.41
_0147_,3478.58
_0695_,3476.64
_3114_,3474.23
net2788,3473.27
net179,3471.135
_3383_,3470.78
_0086_,3466.16
_0038_,3464.92
net12,3464.7
_3947_,3462.6
_3690_,3460.48
net4429,3459.58
_3993_,3454.82
_0430_,3450.86
_2563_,3449.42
_4102_,3449.32
_0411_,3449.02
rf.registers\[28\]\[18\],3447.685
CLK,3447.5
_0069_,3445.9
_0192_,3445.685
_0743_,3445.46
_3979_,3445.37
_2022_,3445.02
_3121_,3443.24
_3943_,3443.1
_0009_,3439.735
net4309,3438.89
_3557_,3438.76
net3744,3436.56
_3500_,3436.545
_0577_,3434.3
net1369,3433.555
_0274_,3432
_0202_,3430.88
_4002_,3429.48
_3964_,3427.76
_0413_,3427.685
_2444_,3427.42
net2991,3426.96
_3026_,3426.65
_3969_,3425.3
_0962_,3425.22
_3152_,3423.41
rf.registers\[8\]\[21\],3421.23
_0466_,3419.505
_0335_,3419.29
_2238_,3417.7
_2703_,3412.62
_0227_,3410.68
net1557,3410.635
net4030,3409.02
_3456_,3408.9
_2698_,3408.62
_3967_,3407.64
_1326_,3406.08
_3949_,3406
net2257,3404.45
_3087_,3404.38
_0203_,3402.84
_0237_,3402.215
net4278,3400.3
_3251_,3397.06
_0070_,3396.88
_1456_,3396.52
_3381_,3393.84
_1436_,3392.76
_0461_,3392.72
net2358,3392.38
_0138_,3392.22
_0395_,3390.43
net3122,3389.98
_0026_,3389.64
_2516_,3388.94
net1114,3388.2
_1956_,3387.92
_3872_,3386.97
net104,3386.105
_4084_,3385.62
_3803_,3383.32
_3638_,3381.8
_2682_,3381.45
_0264_,3379.53
_1365_,3378.56
net2188,3375.93
_0307_,3374.86
_2367_,3374.6
net1979,3373.61
net1439,3372.93
_1013_,3371.84
_1483_,3366.6
_3285_,3365.74
_4132_,3365.42
_0509_,3365.06
net4307,3363.705
_2604_,3362.89
_2387_,3361.74
net3927,3360.735
_0860_,3360.4
_0156_,3360
_0426_,3359.02
_1068_,3356.14
_0016_,3355.82
net2936,3352.64
net1032,3352.38
_1432_,3351.52
_2296_,3350.46
_0628_,3349.635
_3096_,3349.6
net4207,3349
net1111,3348.58
_4109_,3346.88
rf.registers\[9\]\[21\],3345.975
_0262_,3345.4
_3761_,3344.82
_4176_,3341.84
net640,3341.74
net2255,3337.27
_4131_,3337.26
_3242_,3335.06
_0788_,3334.465
net845,3333.78
net3473,3328.975
net1992,3327.4
_3607_,3325.955
_1609_,3325.26
_2764_,3324.42
net524,3322.75
_0403_,3321.88
_0501_,3321.15
net1978,3321.01
net1920,3318.47
net203,3318.41
rf.registers\[1\]\[13\],3317.56
_4024_,3316.86
_4174_,3316.81
_0346_,3312.845
_0218_,3312.03
_2535_,3311.9
net4308,3310.53
_3605_,3307.82
_0408_,3305.4
_0753_,3304.975
_1862_,3303.31
_0928_,3301.66
rf.registers\[25\]\[20\],3301.08
net2525,3300.78
_4152_,3300.08
net2452,3300.02
_3783_,3297.1
_0418_,3296.58
_3413_,3296.18
net2434,3294.12
net13,3293.02
net3254,3292.025
_4005_,3290.58
_4116_,3290.52
net1401,3289.78
_0290_,3288.18
net1221,3287.22
rf.registers\[31\]\[29\],3285
net3588,3284.785
_2555_,3283.14
_0483_,3282.585
_3772_,3281.48
net3944,3281.21
_3258_,3278.74
net1987,3278.26
_1760_,3277.7
_3565_,3275.82
_0258_,3273.485
_4093_,3273
net2276,3272.7
net3209,3272.575
_3162_,3272.44
net669,3272.37
_3816_,3269.47
_3536_,3269.26
net2831,3268.84
_0875_,3267.44
_3570_,3267.36
net3693,3266.34
net2092,3265.78
_0219_,3264.32
net2248,3261.66
_3815_,3257.875
net1573,3256.975
_3446_,3256.82
_0056_,3256.735
net1555,3255.535
rf.registers\[31\]\[0\],3253.99
_1613_,3253.04
net1761,3253.04
_0679_,3252.69
_3371_,3251.3
_0209_,3251.155
_1916_,3250.66
net3872,3250.34
net3103,3248.93
_3150_,3248.78
_3789_,3248.22
_0087_,3246.805
rf.registers\[13\]\[16\],3246.55
_0063_,3245.66
_3645_,3245.44
_3942_,3242.96
_3740_,3242.4
_2663_,3241.9
_0622_,3240.745
_0428_,3240
_0689_,3239.87
_0270_,3238.24
rf.registers\[23\]\[20\],3237.515
net4292,3234.28
net2823,3233.535
net1442,3232.86
_3508_,3231.64
_0661_,3230.245
_0722_,3228.66
net3416,3228.54
net3825,3228.36
_4046_,3226.24
net2970,3224.91
net1548,3224.8
net1373,3224.77
net3954,3224.62
net4416,3223.46
net151,3223.26
net3539,3222.065
_2616_,3221.87
net4384,3221.34
net2880,3221.265
_0618_,3221.2
_0267_,3219.66
net2516,3218.14
_0763_,3217.895
net2986,3217.72
net3542,3215.36
_3460_,3214.44
_4210_,3213.9
_3556_,3213.6
_2863_,3212
net2993,3210.96
net2987,3210.53
net3368,3210.265
rf.registers\[11\]\[18\],3210.215
net1729,3210.02
_3498_,3209.48
_1022_,3209.34
_0865_,3208.565
net2855,3208.095
net3822,3207.78
_3392_,3207.26
net58,3207.13
net4346,3206.83
_4015_,3206.56
net2975,3205.93
net1820,3205.925
_0433_,3205.56
net4072,3205.45
_3849_,3205.3
net2928,3204.78
_2938_,3201.04
_0085_,3196.54
_3088_,3196
net2137,3195.99
net3741,3194.22
_0148_,3193.93
_3465_,3191.94
_3845_,3190.12
net3314,3189.79
net3110,3189.615
_3867_,3189.34
rf.registers\[11\]\[17\],3188.74
net3846,3188.43
_4026_,3188.19
_3657_,3187.22
net3086,3187.145
net3032,3185.1
_0810_,3183.175
net3088,3182.08
rf.registers\[3\]\[3\],3179.88
_3801_,3179.36
net1447,3178.76
rf.registers\[18\]\[12\],3178.4
_3284_,3177.77
rf.registers\[16\]\[10\],3176.44
net163,3174.36
_3339_,3172.28
net3231,3171.84
net3177,3171.6
net2404,3171.28
net1314,3170.695
_0901_,3170.64
_0770_,3170.085
_0537_,3169.94
_3897_,3169.38
_0598_,3168.87
net3324,3168.83
_0621_,3168.46
net3969,3168.2
_0497_,3168.18
_3079_,3165.86
net3708,3165.32
_4017_,3163.8
_1015_,3163.035
rf.registers\[13\]\[8\],3162.65
net3247,3162.575
net1760,3161.93
net3133,3160.86
_0980_,3160.835
net2886,3160.53
net3725,3160.51
_3610_,3160.41
_0946_,3159.68
_2728_,3159.36
net167,3158.28
net3886,3156.58
net369,3156.24
_3072_,3156.02
net4017,3156.02
rf.registers\[14\]\[2\],3155.96
net3162,3155.7
net1629,3155.34
_3846_,3154.68
_1525_,3153.42
_0082_,3153.025
net2495,3152.62
net2951,3151.72
rf.registers\[1\]\[17\],3151.48
net3753,3151.195
_0580_,3150.44
net2143,3150.12
_1039_,3149.98
_4032_,3149.72
_1863_,3149.26
net3033,3149.25
net3555,3148.92
_0275_,3148.665
net124,3147.06
net2967,3145.945
net3403,3145.66
_2341_,3144.48
net3414,3143.875
rf.registers\[28\]\[7\],3142.5
_0739_,3142.12
net4071,3142
net2720,3141.58
_0720_,3141.23
_2765_,3140.71
_3946_,3139.22
_3666_,3139.14
net2966,3139.01
net3393,3138.78
rf.registers\[4\]\[28\],3138.02
_0981_,3137.92
net3884,3137.68
net3098,3137.575
net1661,3136.52
_4052_,3136.26
net2779,3135.98
net3618,3135.69
_0639_,3135.47
net3138,3134.45
net4198,3133.54
net2885,3133.16
net182,3132.14
_0606_,3132.02
net4363,3131.43
_0982_,3130.9
net3726,3130.72
net3482,3130.175
net4359,3130.1
net2517,3129.93
_0167_,3129.72
_0880_,3128.845
net2670,3127.7
net1914,3127.55
_3630_,3126.26
net2765,3125.98
_0021_,3123.635
net3615,3123.42
net1624,3121.88
_0115_,3121.8
net3274,3121.34
net3062,3121.33
_1788_,3120.66
net860,3120.425
net244,3118.42
net1440,3118
net3221,3117.71
rf.registers\[27\]\[29\],3116.03
_0190_,3114.79
_0803_,3114.46
net1728,3114.33
net1583,3113.915
net4486,3113.36
_0443_,3111
net4259,3110.66
net481,3110.2
net4491,3108.86
rf.registers\[20\]\[28\],3107.12
_0645_,3106.78
net1658,3106.02
net2867,3105.04
net202,3104.58
net3538,3104.42
net4115,3104.34
net1434,3104.16
net1137,3104.055
net1365,3103.75
net3875,3103.61
_3115_,3103.53
net4138,3103.49
net3864,3102.74
net3218,3102.62
rf.registers\[8\]\[1\],3102.215
_0043_,3102.12
net1359,3101.48
_4227_,3100.44
net3818,3099.54
net2949,3098.94
net1145,3097.68
_1499_,3097.58
_2443_,3096.72
net3467,3096.575
net1582,3096.44
_3865_,3095.84
net2825,3095.615
net3400,3093.915
net2842,3093.74
net3395,3092.32
net3630,3092.32
net3640,3092.04
_0672_,3091.5
net2514,3090.7
_0160_,3090.52
net2994,3089.63
_1625_,3089.46
net2742,3089.38
net2862,3089.28
net4075,3088.555
_1195_,3087.75
net3759,3087.66
net84,3086.59
_3782_,3086.58
net2753,3086.12
net4103,3086.1
net3902,3085.68
_0629_,3085.585
net3723,3085.27
net2735,3084.875
net4172,3084.71
net3469,3083.92
net3876,3082.37
net3839,3082.155
net3083,3082.06
rf.registers\[4\]\[14\],3081.31
net3796,3080.94
_1763_,3080.89
net2046,3080.54
net408,3080.14
_0576_,3080.11
_2771_,3080.01
net1639,3080
net4062,3079.69
net4443,3079.63
_3302_,3078.92
_3613_,3078.88
net3273,3078.77
net2408,3078.45
net3019,3077.94
rf.registers\[28\]\[6\],3077.595
net4211,3076.43
net4490,3076.16
net4219,3075.91
net2135,3075.72
net1660,3075.66
rf.registers\[10\]\[31\],3075.1
net1148,3074.76
net1840,3074.475
net3957,3073.62
net4184,3073.44
_0584_,3072.98
net3831,3072.92
net4315,3072.39
_4165_,3071.53
_0517_,3071.4
net2997,3071.26
_0767_,3070.56
rf.registers\[4\]\[5\],3070.385
net3167,3069.215
net3076,3068.64
net3581,3068.44
_0287_,3068.26
net4488,3067.36
net3486,3066.795
net3173,3066.6
net3509,3066.46
net4205,3066.36
_0602_,3066
net4131,3065.69
_3274_,3065.66
net14,3065.62
_1875_,3065.54
net3601,3064.7
net3855,3063.42
net2826,3062.91
net2181,3062.815
net4095,3062.385
net4142,3062.2
net2133,3062.01
_2628_,3061.16
rf.registers\[21\]\[9\],3061.05
net3188,3060.96
_3675_,3060.82
net1156,3060.7
net3201,3060.58
net1164,3060.48
net3303,3059.96
_2117_,3059.6
net3488,3058.7
_3626_,3058.57
net2958,3057.54
_2802_,3056.83
net3114,3056.21
net3318,3055.77
_0566_,3055.735
net1999,3055.7
net4074,3055.26
net1963,3054.97
net2617,3054.94
net3422,3054.04
net2758,3053.9
net3191,3053.695
net1977,3052.56
net1988,3052.4
net3775,3052.26
net2000,3052.25
net1980,3051.985
net3516,3051.8
net2050,3051.64
net3527,3051.465
net1591,3051.44
net2898,3050.83
_0848_,3050.68
net4335,3050.635
net3986,3050.37
_2270_,3049.1
net2794,3048.9
net3121,3048.76
_3555_,3048.715
net3964,3048.38
net3841,3048.16
net3850,3047.64
net3978,3047.155
net146,3046.86
net3012,3046.69
net2873,3046.54
net4037,3045.95
net3023,3045.94
net3566,3045.8
net906,3045.74
_3032_,3045.64
net3267,3044.82
net3420,3044.41
net1107,3044.22
net184,3043.42
net2060,3043.375
net4439,3042.48
net4168,3042.41
_0248_,3042.08
net3732,3041.96
net1141,3041.82
net3029,3041.74
net2924,3041.66
_4044_,3041.34
net3291,3041.32
net1759,3041.06
net1575,3040.925
net3773,3040.9
net2785,3040.86
net2947,3040.72
net4331,3040.67
_3256_,3040.64
_0469_,3040.04
net3594,3039.315
net1928,3039.17
net3442,3039.125
net2182,3038.855
net3238,3038.78
net3751,3038.745
_0170_,3038.48
net2775,3038.455
net3448,3037.435
net1602,3037.3
net42,3037.08
net3535,3036.7
net3865,3036.5
net501,3036.17
net3745,3036.01
_3236_,3035.68
_1708_,3035.64
net1322,3035.63
rf.registers\[7\]\[30\],3035.235
net1007,3035.155
_3620_,3034.62
net4179,3034.62
rf.registers\[23\]\[16\],3034.43
_3187_,3034.3
rf.registers\[14\]\[27\],3034.05
_2637_,3034.02
net3790,3033.85
net2904,3033.7
_3514_,3033.08
_0067_,3032.62
_4213_,3032.1
net3286,3031.46
_0744_,3031.355
net4228,3030.59
net154,3030.56
net2608,3030.52
net3607,3030.37
net1140,3030
net2847,3030
net3116,3029.81
net2875,3029.3
net3369,3029.275
_3064_,3029.12
net4026,3028.965
net3160,3028.4
net1313,3028.36
net3801,3028.24
_3027_,3028.2
net3104,3028.12
_2869_,3028.04
_4187_,3027.44
net2916,3027.05
net3214,3027.02
net3514,3026.2
net3186,3026.195
_0973_,3025.87
net3196,3025.7
_1658_,3025.67
net3277,3025.55
net4056,3025.52
net4487,3025.16
net3480,3025.02
net4176,3024.61
_3859_,3024.36
_4049_,3023.94
net1985,3023.76
net2185,3023.72
net1560,3023.62
net3922,3023.62
net3172,3023.58
net2524,3023.24
net3435,3022.76
net380,3022.2
net4489,3021.17
_3734_,3020.92
net1528,3020.71
_1381_,3020.58
_0178_,3020.56
net4116,3020.46
net3554,3020.34
net3096,3020.31
net3926,3020.1
net2934,3019.93
net2118,3019.78
net2609,3019.64
net1088,3019.605
net4263,3019.58
net3070,3019.505
net2282,3019.47
_0162_,3019.27
net1719,3019.26
net2059,3019.19
net3316,3018.84
rf.registers\[29\]\[8\],3018.75
net2595,3018.4
net321,3018.1
net3335,3017.88
net3292,3017.2
net2980,3017.16
net3838,3016.96
_0132_,3016.92
net2518,3016.76
net3685,3016.67
net3763,3016.38
net3490,3016.31
_0781_,3016.2
net1640,3016.14
net4273,3016.08
net3832,3015.935
net2864,3015.89
net1635,3015.62
net3115,3015.61
net2614,3015.545
net3874,3015.24
net2974,3015.21
net4403,3015.01
_0793_,3014.94
net4148,3014.84
_0064_,3014.6
net3219,3014
net3379,3013.78
net3042,3013.725
net4395,3013.64
net3642,3013.46
_3499_,3013.04
net4485,3012.4
net2754,3012.33
net251,3012.3
net3401,3012.11
net1017,3012.06
_0377_,3011.825
net2393,3011.76
net3059,3011.76
net1247,3011.58
net3534,3011.56
_1125_,3011.35
net376,3011.34
net3040,3011.205
net2412,3011.2
net2756,3011.05
_0937_,3010.9
net3285,3010.68
net1993,3010.54
net3803,3009.72
net4006,3009.52
net4063,3009.36
net3862,3009.26
net3522,3009.24
net3870,3009.24
net3696,3009.01
net1643,3008.48
_0211_,3008.44
net2220,3008.32
net4229,3008.25
net2489,3008.18
net846,3008.08
net2410,3007.99
_3025_,3007.98
net3649,3007.88
_3836_,3007.4
net1834,3007.18
net1960,3007.18
net535,3007.14
net3571,3006.82
net3737,3006.8
net4262,3006.78
net276,3006.62
net3857,3006.42
net3464,3006.285
_0845_,3006.075
net4306,3005.88
net4197,3005.74
_0375_,3005.705
net2167,3005.6
_1392_,3005.5
net400,3005.5
_2977_,3005.38
net1874,3005.25
net2121,3005.16
net2194,3004.95
net2827,3004.74
net2338,3004.61
net3692,3003.97
net1718,3003.88
_4127_,3003.77
net3296,3003.665
_0305_,3003.585
net3652,3003.2
net936,3002.8
_3160_,3002.46
net1544,3002.25
net4459,3001.82
net3683,3001.64
net4457,3001.56
_3893_,3001.38
net4122,3001.3
rf.registers\[18\]\[1\],3001.12
net980,3001.035
net2642,3000.86
net4323,3000.79
net454,3000.4
net4215,2999.81
_4020_,2999.52
net1344,2999.22
_2684_,2999.2
net852,2999.14
net4432,2998.94
net4370,2998.84
_0295_,2998.76
net160,2998.7
_0522_,2998.68
net3628,2998.6
_4195_,2998.38
net3009,2998.35
net4164,2998.29
net3341,2998.09
net4144,2998.08
net4099,2997.8
net2719,2997.74
net2320,2997.19
_0362_,2997.04
net3080,2997.04
net3123,2996.89
net4373,2996.84
net1956,2996.82
net409,2996.64
net3227,2996.29
net2090,2995.875
net2106,2995.62
net3340,2995.37
net3168,2995.18
net1215,2995.08
net4404,2994.85
net780,2994.82
_3635_,2994.76
_0611_,2994.26
net2356,2994.16
net4145,2994.02
net3199,2993.85
net4050,2993.8
net1889,2993.46
net500,2993.37
net2838,2993.26
net3391,2992.85
net371,2992.76
_0983_,2992.72
net3808,2992.54
net2360,2992.46
net3943,2992.19
_0065_,2992.12
net1422,2991.64
net3331,2991.57
net2622,2991.28
net4402,2991.195
net3783,2991.115
_3137_,2990.89
net162,2990.86
net3915,2990.7
net2766,2990.26
net1128,2989.94
net245,2989.84
_0329_,2989.8
net3659,2989.66
net4039,2989.66
_1824_,2989.62
_0979_,2989.255
net1144,2989.06
net2045,2989.02
net2102,2988.84
net4085,2988.76
net4109,2988.74
net1134,2988.3
net1526,2987.58
net2247,2987.42
net2411,2987.26
net2954,2987
net300,2986.38
net3738,2985.93
net4466,2985.83
net778,2985.38
net3584,2985.38
net625,2985.32
net1877,2985.27
net345,2985.25
net2349,2985.03
net2528,2984.96
net2604,2984.91
net2127,2984.84
_0159_,2984.78
_3754_,2984.74
net4221,2984.49
net2603,2984.38
net511,2984.34
net4051,2983.99
net4178,2983.97
net3126,2983.69
net3278,2983.34
rf.registers\[21\]\[19\],2983.33
net401,2983.32
net3869,2982.95
net3404,2982.5
net4421,2982.48
net3466,2982.38
net4451,2982.32
net2798,2981.76
_0095_,2981.4
net402,2981.24
net1539,2981.18
net3805,2980.68
net3907,2980.46
net273,2980.44
net4086,2980.335
net3269,2980.29
net2619,2980.23
net4478,2979.92
net1363,2979.79
net2802,2979.72
_0278_,2979.56
net2691,2979.54
net4096,2979.5
net3562,2979.475
net2506,2979.4
net3814,2979.3
net4340,2979.295
net2768,2979.12
net3676,2978.46
net3714,2978.415
net4472,2978.37
_4199_,2978.28
_1159_,2978.21
net4008,2977.78
net3965,2977.64
net3329,2977.415
net4382,2977.14
net4227,2976.83
net2291,2976.72
net3570,2976.7
net3147,2976.6
_0712_,2976.58
net3746,2976.55
net4061,2976.515
net470,2976.48
net1626,2976.46
net363,2976.27
net4364,2975.98
net370,2975.9
_3461_,2975.735
net1500,2975.6
net3477,2975.44
_0176_,2975.38
net885,2975.28
net3217,2975.1
net4003,2974.85
net503,2974.7
net3797,2974.64
net3945,2974.54
net2685,2974.4
net4070,2974.25
net844,2974.18
net438,2973.18
net156,2973.02
rf.registers\[29\]\[9\],2973
net924,2972.88
net2612,2972.82
net3027,2972.51
net2293,2972.5
net4194,2972.41
_3807_,2972.3
net3861,2972.155
net4200,2972.05
_3458_,2971.96
net3128,2971.75
net3180,2971.72
net3537,2971.5
net1135,2971.17
net4195,2971.01
net1961,2970.99
net725,2970.66
net2657,2970.52
_1700_,2970.5
net3789,2970.44
net3867,2970.3
net1667,2969.98
net4448,2969.97
net346,2969.88
net2394,2969.88
net209,2969.755
net1984,2969.46
_3606_,2969.28
_1397_,2969.27
rf.registers\[0\]\[14\],2969.08
net3678,2969
net4394,2969
net3767,2968.92
net1812,2968.73
net2589,2968.58
net4327,2968.11
net1467,2967.8
net3039,2967.68
net4004,2967.61
net3319,2967.49
net1222,2967.455
net1630,2967.14
net2679,2966.74
net549,2966.7
net4281,2966.58
net4408,2966.48
net4334,2966.44
net3611,2966.42
net4304,2966.31
_0296_,2966.21
net258,2966.16
net3185,2966.1
_1976_,2965.96
net2996,2965.9
net1871,2965.84
net1892,2965.66
net1525,2965.28
net3956,2965.18
net3069,2965.03
net1587,2964.76
net318,2964.62
net2695,2964.42
net161,2964.33
net349,2964.18
net1659,2964.08
_3288_,2964.03
net1390,2963.92
_3420_,2963.86
net2816,2963.72
_3245_,2963.24
net4328,2963.22
_2970_,2963.175
net1835,2962.9
net2687,2962.57
net194,2962.535
net4271,2962.47
net781,2962.34
rf.registers\[24\]\[3\],2962.315
net4283,2962.3
net252,2962.24
net3836,2962.155
net1033,2961.96
net4087,2961.78
net1804,2961.74
net4298,2961.67
net2577,2961.34
rf.registers\[29\]\[31\],2961.23
net3827,2961.18
rf.registers\[17\]\[1\],2961.06
net3399,2960.94
net2537,2960.83
net2057,2960.8
net2406,2960.55
net3250,2960.55
net2119,2960.38
net1126,2960.34
net3026,2960.32
net3959,2960.29
net2201,2959.89
net529,2959.72
net4149,2959.32
net3153,2959.16
net1633,2959.02
net149,2958.98
net457,2958.92
net297,2958.48
net4066,2958.48
net923,2958.34
net3085,2958.3
net456,2957.96
net178,2957.92
net150,2957.8
net3205,2957.68
net1777,2957.46
_3080_,2957.44
net3812,2957.01
net3038,2956.92
rf.registers\[0\]\[17\],2956.68
_4098_,2956.66
net1899,2956.62
net208,2956.51
net1119,2956.48
net1942,2956.46
net2849,2956.42
net2578,2956.35
net3344,2956.08
net3101,2955.89
_0088_,2955.8
net2186,2955.78
net2120,2955.6
net472,2955.56
net4113,2955.56
net3392,2955.49
net4110,2955.42
net4475,2955.4
net4313,2955.25
net3025,2955.2
net2681,2955.16
net4291,2955.05
net1351,2954.815
net1902,2954.74
net416,2954.71
net3125,2954.65
net4196,2954.1
net1216,2954
net3374,2953.95
net3107,2953.88
net1397,2953.84
net4090,2953.8
net1173,2953.78
net4354,2953.76
_0868_,2953.58
net3674,2953.32
_0869_,2953.22
net4447,2953.03
net4170,2952.97
net2532,2952.87
net2445,2952.84
net1354,2952.78
net4428,2952.73
net266,2952.66
net4218,2952.21
_2650_,2952.16
net2047,2951.45
net3207,2951.32
net2776,2951.17
net2721,2951.14
net1966,2951.12
net2160,2950.9
net2413,2950.81
net3929,2950.68
_0764_,2950.665
net4253,2950.49
net1666,2950.2
_2996_,2950.12
net2417,2950.05
net3261,2949.92
net243,2949.68
net3471,2949.27
net4264,2949.06
net3050,2948.79
net2427,2948.6
net4422,2948.58
net1244,2948.16
rf.registers\[7\]\[25\],2947.98
net3512,2947.98
_0553_,2947.925
net3989,2947.74
net329,2947.34
net4286,2947.3
_0551_,2947.24
_0336_,2946.84
net279,2946.8
net375,2946.79
_1947_,2946.55
rf.registers\[4\]\[25\],2946.51
net418,2946.07
net2126,2946.02
net238,2946
net3452,2945.92
net808,2945.9
net446,2945.82
net4377,2945.7
net3525,2945.66
net4282,2945.64
net4118,2945.56
net3456,2945.52
net3432,2945.43
net2339,2945.07
net2054,2944.88
_0185_,2944.78
_2750_,2944.73
net2494,2944.34
net1951,2944.27
net1385,2944
_0658_,2943.88
net3108,2943.81
net784,2943.72
_3312_,2943.7
net2821,2943.63
_3375_,2943.52
net4064,2943.4
net933,2943.24
net1997,2943.09
net4470,2942.955
net1424,2942.1
net3118,2942.01
net517,2941.9
net2228,2941.88
net4256,2941.85
net2804,2941.8
net3164,2941.79
net1665,2941.5
net2523,2941.475
net1776,2941.3
net3106,2941.2
net692,2940.98
net2209,2940.95
net3807,2940.935
_1707_,2940.93
net4181,2940.82
net3736,2940.53
net3610,2940.33
net388,2939.47
net839,2939.38
net2844,2939.08
net4381,2938.98
_3332_,2938.94
net993,2938.94
_0807_,2938.82
net3730,2938.775
net2891,2938.76
net2273,2938.68
net3336,2938.6
_2460_,2938.4
net3373,2938.4
net2240,2938.33
net3617,2938.26
net1183,2938.06
net2283,2937.91
net3924,2937.88
net3731,2937.82
net2548,2937.71
net4252,2937.69
net2579,2937.56
net3501,2937.48
net3711,2937.46
net1642,2937.39
net4167,2937.38
net3946,2937.32
net4143,2937.32
net4068,2937.24
net4267,2937.185
net3495,2936.95
net502,2936.85
net715,2936.68
net4199,2936.46
net4224,2936.25
net1793,2936.03
net1143,2936.02
net4284,2935.87
net3849,2935.8
net2036,2935.65
net4202,2935.4
net232,2935.14
net2223,2935.04
_2107_,2934.935
_1018_,2934.56
net2269,2934.56
net3824,2934.48
net4440,2934.46
net3363,2934.19
net3952,2934.12
net3170,2933.9
net4265,2933.87
net3313,2933.85
net4330,2933.78
net2172,2933.62
net3887,2933.54
net3928,2933.3
net4374,2933.22
net2114,2933.18
_0072_,2933.16
net1338,2932.92
net3963,2932.88
_3028_,2932.86
net4367,2932.74
net2027,2932.7
net1837,2932.44
net2646,2932.4
net4355,2932.28
net2611,2932.12
net4464,2932
net2507,2931.56
_3611_,2931.34
net2969,2931.02
net3967,2930.98
net1538,2930.86
net1507,2930.82
net3899,2930.75
net2035,2930.74
net4365,2930.61
net1060,2930.515
_0090_,2930.29
_3379_,2930.16
net1267,2930.03
net2784,2929.64
net296,2929.18
_0322_,2929.095
net1913,2929.02
net4186,2928.9
_0636_,2928.875
net4034,2928.87
net2919,2928.78
rf.registers\[2\]\[4\],2928.68
net2669,2928.62
net1846,2928.4
net4216,2928.08
net588,2927.99
net1425,2927.88
net3102,2927.84
net4300,2927.68
net2264,2927.62
_3227_,2927.6
net978,2927.3
net1540,2926.92
net587,2926.84
net2058,2926.84
net1053,2926.8
net385,2926.62
_4101_,2926.44
rf.registers\[22\]\[11\],2926.3
net2923,2926.19
_0692_,2926.17
_3778_,2926.08
net2326,2925.94
net854,2925.7
net422,2925.52
rf.registers\[0\]\[16\],2925.46
net1937,2925.46
net3786,2925.38
net1927,2925.25
net190,2924.85
net4204,2924.57
net2468,2924.495
net3354,2924.43
net3777,2924.16
net2519,2924.03
_3030_,2923.88
net4005,2923.86
net1628,2923.74
net4305,2923.52
net3384,2923.45
net3163,2923.16
net1917,2922.75
_3558_,2922.7
_3698_,2922.6
net310,2922.58
net1644,2922.5
net1477,2922.46
net1324,2922.42
rf.registers\[4\]\[26\],2922.34
net4358,2922.31
net3276,2922.02
_0013_,2922
rf.registers\[29\]\[27\],2921.74
_3141_,2921.56
net4383,2921.54
net4187,2921.49
net1155,2921.4
net1919,2921.4
net3111,2921.34
net4014,2921.34
net2623,2921.28
net2677,2921.165
net2881,2921.14
net4376,2921.08
net2095,2921.01
net1878,2921
net3462,2920.88
net1778,2920.84
net2806,2920.66
net4092,2920.54
_3585_,2920.5
_0950_,2920.45
_2237_,2920.37
net3856,2920.18
_0221_,2919.96
_0565_,2919.96
net3536,2919.94
net4480,2919.92
net4177,2919.84
net2748,2919.75
net2883,2919.72
net2446,2919.57
net3935,2919.46
net2308,2919.45
net3934,2919.42
net1819,2919.41
net3157,2919.28
net3905,2919.18
net4173,2919.18
net1433,2919.17
net1998,2919.07
net3916,2918.96
net1426,2918.78
net3338,2918.78
net2123,2918.68
net4289,2918.64
net1827,2918.51
net4467,2918.46
net2926,2918.26
net2414,2917.82
net782,2917.7
net1853,2917.37
net3468,2917.22
net340,2917.16
net1112,2916.95
net2190,2916.8
net4175,2916.8
net2509,2916.42
net2286,2916.38
rf.registers\[31\]\[23\],2916.26
net4208,2916.21
rf.registers\[13\]\[26\],2916.18
net147,2916.14
net4473,2916.14
net4482,2916.13
net894,2916.02
net1865,2915.82
net4156,2915.69
net1480,2915.68
net372,2915.5
net3087,2914.94
net2353,2914.9
net1809,2914.79
net3195,2914.74
net1138,2914.47
net2153,2914.19
net4171,2914.18
net1113,2914.12
net2618,2914.12
_3760_,2914.06
net2496,2913.85
net222,2913.72
net4049,2913.5
net4311,2912.93
net413,2912.7
net707,2912.7
net2193,2912.51
net1000,2912.44
net4310,2912.2
net2643,2912.06
net1118,2911.93
net2105,2911.84
net1312,2911.64
net2500,2911.24
net2038,2911.12
net2915,2911.03
net3066,2910.81
net1220,2910.72
net2131,2910.7
_1836_,2910.38
net1172,2910.34
net3326,2910.13
net1580,2910.1
net3034,2910.005
net3041,2909.88
net3259,2909.81
net2585,2909.78
_0101_,2909.745
net4185,2908.77
net2596,2908.73
net4126,2908.72
net1949,2908.67
net4343,2908.66
net1876,2908.55
net4349,2908.18
net4326,2908.06
net428,2908.035
net1939,2907.81
net706,2907.72
net1872,2907.58
net3842,2907.52
net3117,2907.47
net2281,2907.41
net3130,2907.22
net2252,2907.05
net1125,2906.8
net2361,2906.62
_0838_,2906.555
rf.registers\[1\]\[10\],2906.5
net4222,2906.32
net1651,2906.19
net4296,2906.13
_0442_,2906.08
net1725,2906.07
net4312,2905.94
net2428,2905.85
net200,2905.75
rf.registers\[6\]\[0\],2905.54
net405,2905.13
net2304,2905.07
net4120,2904.78
net2261,2904.74
_2163_,2904.6
rf.registers\[18\]\[7\],2904.58
net20,2904.55
net1648,2904.415
net2638,2904.36
net2212,2904.17
rf.registers\[7\]\[14\],2903.9
_0673_,2903.84
net2416,2903.84
_1134_,2903.72
net4076,2903.66
net2048,2903.11
_3852_,2902.79
net1281,2902.58
net995,2902.56
net2259,2902.43
net419,2902.34
net2061,2902.34
net168,2902.32
_3048_,2902.18
_0878_,2901.995
net4452,2901.96
net4258,2901.87
net1323,2901.85
net2854,2901.78
net4322,2901.47
net1367,2901.09
net2429,2900.81
_2662_,2900.76
net199,2900.62
net2976,2900.6
net2467,2900.56
_2386_,2900.11
net1353,2899.9
net3561,2899.9
net4338,2899.52
net2258,2899.48
_1704_,2898.74
net1838,2898.58
net3381,2897.98
net1579,2897.81
net2487,2897.8
net2676,2897.8
_3440_,2897.64
net842,2897.64
net2210,2897.53
_3246_,2897.2
net4106,2897
_3958_,2896.88
net4455,2896.88
net2009,2896.64
net4437,2896.53
net4140,2896.315
net838,2896.1
_4089_,2896.04
net2325,2896.02
net2469,2895.93
net1829,2895.76
net1593,2895.64
net1287,2895.58
net396,2895.44
net1599,2895.44
net4406,2895.42
_1685_,2895.26
net1546,2895.12
net427,2895.04
net1952,2895.04
net2927,2894.96
net2132,2894.89
net4121,2894.84
net1893,2894.8
net1080,2894.7
net4301,2894.69
_4103_,2894.68
net4093,2894.66
net1607,2894.63
net3144,2894.6
net3053,2894.56
net2130,2894.46
_3018_,2894.34
net1850,2894.33
net1018,2894.22
net1391,2893.92
net183,2893.76
net3530,2893.68
net390,2893.3
net2453,2893.21
rf.registers\[23\]\[6\],2893.08
net188,2892.66
net4191,2892.6
net355,2892.34
_1009_,2892.16
net1868,2892.16
net4484,2892.05
_3211_,2891.86
net2144,2891.78
net3624,2891.62
_0081_,2891.465
net4438,2891.29
net676,2891.22
net4316,2891.16
net1882,2890.69
net397,2890.65
_3426_,2890.22
net235,2890.12
net4380,2890.05
net4426,2890.02
net426,2889.86
net1653,2889.61
_3974_,2889.52
net2531,2889.52
net1600,2889.48
net1841,2889.28
net4225,2889.12
net1218,2889.06
net4468,2889
net1723,2888.56
net1269,2888.53
net948,2888.48
net4442,2888.04
net4285,2887.89
net3669,2887.88
net4375,2887.6
net189,2887.46
rf.registers\[28\]\[20\],2886.5
net2837,2886.4
net1822,2886.16
net2870,2885.54
net4399,2885.34
net2694,2885.23
net3691,2885.14
net2678,2885.13
net4123,2884.94
_0934_,2884.64
net2641,2884.64
net2155,2884.44
net2224,2884.27
net693,2883.72
net1508,2883.48
net947,2883.38
_3041_,2883.23
_3997_,2882.66
net4065,2882.42
net1875,2882.1
_3521_,2882.02
net571,2882
net1896,2881.95
net4297,2881.61
net728,2881.6
net4299,2881.49
net1908,2881.3
net2565,2881.08
net2515,2880.76
net1933,2880.72
net4094,2880.7
net4232,2880.62
net2660,2880.43
net2521,2880.37
net2944,2880.2
net2110,2880.13
net2597,2879.93
net4288,2879.68
net4154,2879.52
net3980,2879.34
net2173,2879.12
net2658,2879.06
net4166,2878.81
_3380_,2878.76
net2213,2878.75
net2930,2878.7
net4010,2878.62
net242,2878.42
net4336,2878.4
net2782,2878.035
net1722,2877.97
net2271,2877.62
net2145,2877.5
net4477,2877.43
net2307,2877.16
_1293_,2877.14
net2893,2876.96
net1825,2876.71
net2574,2876.7
net2684,2876.26
net4290,2876.18
net2397,2875.96
net2503,2875.91
_3971_,2875.52
net379,2875.48
_0526_,2875.38
net3960,2875.18
net4456,2875.15
rf.registers\[25\]\[1\],2874.99
rf.registers\[14\]\[21\],2874.9
net2989,2874.56
net4255,2874.4
net4105,2874.3
net377,2874.22
net1873,2874.11
net2051,2874.04
net2653,2873.98
net2818,2873.98
rf.registers\[5\]\[23\],2873.95
net2493,2873.55
_0323_,2873.17
net4108,2873.12
net1924,2873.09
net4444,2872.82
net4321,2872.55
_3819_,2872.5
net3910,2872.28
net4481,2872.28
net2163,2871.89
net3434,2871.66
net1050,2871.46
net1604,2870.85
_0229_,2870.51
net2520,2870.18
net4420,2870.12
net1631,2869.94
net302,2869.66
net1929,2869.465
_0152_,2869.43
net4469,2869.43
net4125,2869.42
_3148_,2869.26
net1807,2869.14
net2639,2868.98
net2672,2868.85
net4417,2868.8
net2841,2868.58
net2512,2868.29
net1986,2868.22
net4434,2867.98
net2964,2867.96
net1770,2867.53
net2322,2867.18
net4027,2867.035
_3689_,2866.87
net2545,2866.67
rf.registers\[29\]\[13\],2866.425
_3726_,2866.28
net2437,2866.26
net709,2866.1
_3658_,2865.82
net4214,2865.76
net2555,2865.47
net1965,2865.43
net3272,2864.7
net1813,2864.05
net4133,2863.42
net1438,2863.13
net1233,2863.01
net4389,2862.7
net4492,2862.56
net1224,2862.32
rf.registers\[9\]\[13\],2862.1
net1849,2861.55
_3649_,2861.34
_0627_,2861.06
net2290,2860.645
net1632,2860.59
_0424_,2860.4
_0421_,2860.18
net4159,2860.05
net381,2859.72
net4091,2859.56
net4319,2859.56
net1441,2859.38
_2939_,2859.285
net2218,2859.2
_0492_,2859.1
net1814,2858.78
net415,2858.62
_0422_,2857.94
net1945,2857.48
net2386,2857.46
net1058,2857.14
net2340,2857.11
net3030,2856.68
net2689,2856.36
net4411,2856.31
_2086_,2856.235
net4435,2856.12
net4362,2855.91
net4368,2855.88
net2621,2855.38
net2171,2855.36
net2801,2855.3
net2513,2854.91
net1954,2854.84
_1734_,2854.32
net2433,2854.07
_4010_,2853.76
net2388,2853.15
net1124,2853.02
net1641,2852.88
net1901,2852.86
_3073_,2852.82
net2234,2852.79
net2764,2852.785
net2288,2852.48
net3427,2852.1
_3065_,2851.93
net2310,2851.47
net2644,2851.43
net615,2851.42
rf.registers\[29\]\[1\],2851.34
net3529,2851.34
_0385_,2851.33
net3450,2850.95
net1843,2850.88
net2999,2850.82
net1627,2850.78
net1543,2850.725
net1228,2850.63
net2312,2850.6
_3648_,2850.22
net2486,2849.94
net2225,2849.83
net1268,2849.52
net2116,2848.97
net3100,2848.96
net4089,2848.74
net1625,2848.64
net2728,2848.62
net3317,2848.55
net4427,2848.34
_1043_,2848.28
net2262,2848.02
rf.registers\[23\]\[23\],2847.86
net4341,2847.825
net4396,2847.58
net1857,2847.35
net1811,2847
net1724,2846.91
net934,2846.72
net1288,2846.31
net3484,2846.1
net3757,2846.055
_3397_,2845.88
net3743,2845.66
net539,2845.18
net2260,2845
net3648,2844.94
_1993_,2844.42
net4182,2844.08
net2177,2844.01
_0131_,2843.485
net2892,2842.65
net2096,2842.38
net2309,2842.285
net1227,2842.22
net1242,2842.11
net999,2841.96
net2239,2841.87
net1115,2841.24
net992,2840.84
net1116,2840.42
net2692,2840.14
_3467_,2840
net3089,2839.64
net2341,2839.59
net2267,2838.48
net4132,2838.44
net1120,2838.24
net865,2838.06
net2323,2837.89
_4184_,2837.68
net4388,2837.66
net1726,2837.02
net2008,2836.98
net2541,2836.64
net2233,2836.19
net3871,2836.1
net1136,2835.96
net4220,2835.56
net1049,2834.89
net861,2834.88
net1900,2834.67
net4128,2834.405
net1352,2834.2
net1321,2834.18
net4476,2834.18
_0586_,2832.69
net1912,2832.61
net107,2832.22
net205,2831.38
net1289,2831.14
net994,2831.1
net3297,2831.1
net1201,2830.99
_1749_,2830.66
net1592,2830.45
net866,2830.31
net4387,2830.3
net2587,2830.1
_2599_,2829.76
net783,2829.66
net3541,2829.5
net3409,2828.86
net2686,2828.825
net3982,2828.1
net3580,2828.09
_1031_,2828.08
_3579_,2827.52
net1800,2827.23
net1867,2827.1
net2251,2826.94
net2932,2826.93
net1574,2826.605
net868,2825.86
net1559,2825.845
_3495_,2825.74
net3979,2825.58
net4223,2825.23
net508,2825.02
net3325,2824.85
_1917_,2824.38
net250,2824.21
net4329,2823.94
_0988_,2823.84
net997,2823.74
net3940,2823.7
_2194_,2823.575
net2594,2823.34
_1284_,2823.18
net2154,2821.95
net3523,2821.835
net1079,2821.79
net553,2821.64
net1131,2821.605
net1948,2821.3
net2620,2821.16
net2313,2821.14
net2535,2820.86
net4436,2820.68
net2056,2820.44
net2470,2820.28
net2508,2820.04
net364,2819.68
_1474_,2819.56
_3243_,2819.52
net3321,2819.29
net710,2819.18
net2161,2819.05
net4412,2818.49
net4250,2818.48
_4027_,2818.14
net3586,2818.14
net2278,2817.91
net2321,2817.5
net613,2816.98
net1895,2816.92
_3221_,2816.68
net2419,2816.28
net3455,2816.04
net3941,2815.81
net2637,2815.56
_0536_,2815.36
_1528_,2815.325
net1891,2815
net4351,2814.78
net1931,2814.57
net1578,2814.4
rf.registers\[6\]\[14\],2814.3
net62,2814.04
net4073,2814.03
net1432,2813.74
rf.registers\[31\]\[31\],2813.27
net2275,2813.205
net88,2813.1
_0125_,2813.01
net2302,2812.69
_3774_,2812.6
net4423,2812.32
net3137,2812.01
_3102_,2811.86
_3185_,2811.86
net4366,2811.33
net3653,2811.06
_3347_,2810.81
net91,2810.16
net3589,2809.86
rf.registers\[26\]\[22\],2809.705
net2285,2809.33
net3795,2808.48
_3889_,2808.44
net4081,2807.92
net1734,2807.67
_3078_,2807.66
_0746_,2807.28
net4407,2806.88
net3405,2806.72
net2289,2806.46
net4352,2805.9
_0631_,2805.76
net4332,2805.04
net1052,2805.02
net1226,2804.79
net4044,2804.78
net969,2804.52
net2236,2803.88
net2265,2803.47
rf.registers\[5\]\[7\],2803.27
net1245,2803.1
net2491,2803.1
net2760,2802.415
_1547_,2802.26
net2303,2802.04
net1959,2801.61
_3217_,2801.48
net3375,2800.6
net510,2800.48
net1944,2800.4
net3815,2800.07
net3668,2800.01
_2892_,2799.64
net4257,2798.53
_0096_,2798.42
net679,2798.36
_0556_,2798.26
net4209,2798.09
_0232_,2797.735
net3499,2797.72
net2348,2796.71
net2037,2796.4
net4450,2795.49
net1881,2795.46
net1957,2795.34
net3798,2795.22
net1243,2795.13
_4057_,2794.72
net2505,2794.56
_0837_,2794.52
net2301,2794.1
_3220_,2793.72
net1906,2793.52
_0365_,2793.42
rf.registers\[2\]\[28\],2792.72
net2973,2792.71
net3005,2792.7
_0623_,2792.375
_0835_,2791.555
net2305,2791.55
_0564_,2791.53
net2350,2791.52
net1847,2791.08
net3715,2790.47
net22,2789.68
net2214,2789.25
net4153,2788.99
_2526_,2788.79
net1695,2788.34
net1055,2788.2
net4097,2788.2
net1598,2788.06
net3305,2788
net4371,2787.44
net395,2786.76
net2189,2786.52
_3370_,2785.88
net2547,2785.88
_3173_,2785.34
net4414,2784.86
net27,2784.34
net3228,2784.315
net4378,2784.16
net971,2783.92
net1383,2783.43
net4353,2783.36
net3398,2783.065
_0499_,2782.68
net2192,2782.09
_4048_,2781.14
net1941,2781.06
net590,2780.33
net1059,2780.28
net1886,2780.07
net4393,2779.44
net2292,2778.97
net3572,2778.88
net1934,2778.76
net1181,2778.64
_3799_,2778.6
_4055_,2778.52
net2777,2778.35
_3422_,2777.75
_2800_,2777.53
_0084_,2777.38
_4123_,2777.34
net2246,2777.05
net1935,2776.95
_3351_,2776.8
_3250_,2776.51
net3485,2776.14
net2593,2775.92
net4260,2775.78
net2277,2775.14
_3530_,2775
net3417,2774.62
_0667_,2774.2
net2202,2773.93
net1329,2773.02
net3061,2772.98
net1652,2772.88
_1989_,2772.36
net4212,2771.97
net4391,2771.48
_3304_,2771.46
net1905,2771.21
net2510,2771.18
_3765_,2771.14
net2231,2770.835
net4052,2770.64
net1547,2770.4
net1958,2770.33
net2739,2769.83
net972,2769.72
_0925_,2768.88
net145,2768.88
net3136,2768.58
net3647,2768.58
net299,2768.44
net399,2764.77
net3035,2764.64
_0847_,2764.535
net3728,2764.355
net3657,2764.3
_3583_,2763.74
net4165,2763.54
_1669_,2763.5
_4214_,2763.46
net1815,2762.93
net441,2762.76
_0604_,2761.18
rf.registers\[11\]\[29\],2760.99
net94,2760.96
net2164,2760.88
_1932_,2759.38
net155,2759.14
net2511,2759.07
net4098,2758.86
net4274,2758.65
net4152,2758.58
net3232,2758.155
net2327,2758.1
net2488,2758.1
net3151,2757.45
rf.registers\[14\]\[24\],2757.01
_0899_,2756.795
net79,2755.44
net4431,2755.34
net4400,2755.28
net3412,2755.225
net2263,2755.19
net1932,2754.64
_3353_,2754.62
net2430,2754.54
net3159,2754.02
net3882,2754.01
_2240_,2753.98
net2879,2753.76
net4276,2753.15
net1806,2753.11
net3701,2752.19
_3429_,2750.26
net2935,2750.12
net3621,2749.72
_3390_,2748.48
net697,2748.12
_4078_,2747.54
net467,2747.2
net2324,2746.49
net2219,2746.33
_1742_,2745.24
_0312_,2745
net2998,2744.895
_0758_,2744.64
net4021,2744.52
rf.registers\[19\]\[1\],2744.34
_2791_,2744.28
rf.registers\[11\]\[30\],2744.175
net3996,2744.16
net3203,2743.88
net2176,2743.84
_1005_,2743.38
net2797,2742.8
net4409,2742.08
net1019,2742.06
net2573,2741.9
net1361,2741.88
_3986_,2741.72
_2634_,2741.12
net3806,2740.815
net3840,2740.2
_0309_,2740.065
_2445_,2739.84
net3658,2739.7
_3622_,2739.51
_0141_,2739.42
_3151_,2739.26
net2463,2739.06
net3800,2737.915
net2652,2737.82
net2232,2737.47
_2993_,2737.32
net2431,2737.08
_3827_,2736.74
net3626,2736.22
net6,2735.19
net447,2735.04
net2819,2735.035
_1352_,2734.8
net2197,2734.6
_0077_,2733.125
net2963,2733.04
net3127,2732.9
net1235,2732.72
net1916,2732.19
net4317,2732.15
_0786_,2731.7
_2070_,2731.7
_1627_,2731.08
net1364,2730.955
net4134,2730.72
_3418_,2730.32
net1844,2730.2
_2406_,2729.74
_1621_,2728.89
net2178,2728.53
net4415,2728.42
_4205_,2728.36
net3064,2728.12
_0435_,2728.1
net3210,2727.595
net4058,2727.41
net4119,2727.4
_4133_,2727.36
net1061,2726.36
_4035_,2724.28
net4000,2724.13
rf.registers\[28\]\[19\],2723.99
net3497,2723.98
_3318_,2723.81
net2409,2722.93
net966,2722.36
net1794,2721.21
net2762,2721.06
_1985_,2720.54
_2985_,2720.3
_0780_,2720.255
net3809,2719.88
net1232,2719.43
net2237,2719.21
_0047_,2718.22
net2817,2718.08
_0244_,2717.31
rf.registers\[29\]\[12\],2717.26
_0887_,2716.94
net1650,2716.68
_3165_,2716.44
_1056_,2716.42
net1926,2716.4
net51,2716.32
_3793_,2714.36
net4043,2714.23
net474,2714.18
net3740,2714.12
rf.registers\[15\]\[3\],2713.31
net1402,2713.14
_3811_,2713.1
_3321_,2713
_3192_,2712.59
net1994,2712.15
_3887_,2711.47
net3533,2711.46
net4047,2710.7
net1880,2710.46
_0933_,2710.18
_1624_,2710.15
net4001,2709.325
_0129_,2709.23
net4483,2708.59
_3692_,2708.3
net73,2708.175
net2860,2708.1
net890,2707.78
net569,2707.74
_0412_,2707.35
_3654_,2706.95
net2108,2706.24
net3463,2705.87
rf.registers\[28\]\[12\],2705.19
_3922_,2704.9
net2601,2704.82
net2222,2704.71
rf.registers\[29\]\[28\],2704.05
net3769,2704.04
_0798_,2703.78
net2347,2703.67
net1903,2703.63
rf.registers\[29\]\[0\],2703.01
net777,2702.74
_1923_,2702.46
_0817_,2702.16
net3949,2702
net752,2701.57
net1830,2701.57
net3174,2701.49
net909,2701.28
_2109_,2701.01
net2795,2700.11
_3127_,2699.06
net977,2698.82
net1938,2697.88
net2091,2697.64
_3665_,2695.48
net641,2695.26
_1002_,2695.165
net3024,2694.48
net3459,2694.48
net2355,2694.06
net3465,2693.895
net3804,2693.8
_0112_,2693.42
net975,2693.16
_0345_,2693.015
net3768,2692.42
net2773,2691.895
net3304,2691.895
rf.registers\[28\]\[31\],2691.05
_3822_,2690.82
_2870_,2690.085
rf.registers\[15\]\[14\],2689.87
net356,2689.58
_0425_,2689.42
net624,2689.3
net3720,2688.54
net2874,2688.21
net2607,2687.9
_3134_,2687.88
_2534_,2687.8
_3395_,2687.34
net4042,2687.24
net779,2687.04
_3831_,2686.24
net3704,2685.76
_3494_,2685.23
_3238_,2684.7
rf.registers\[4\]\[27\],2684.56
net4136,2683.86
net2208,2683.46
_2633_,2682.78
net2100,2682.56
_0650_,2681.48
net4314,2681.34
net3823,2681.08
net2647,2681.03
net2796,2680.93
net3045,2680.42
rf.registers\[6\]\[13\],2680.04
net2763,2679.9
net2052,2679.655
_1090_,2679.27
rf.registers\[1\]\[27\],2677.94
net4169,2677.88
_0666_,2677.5
net353,2677.45
_0851_,2676.52
_0372_,2676.31
net449,2675.92
_0391_,2675.85
_4025_,2675.77
_3292_,2675.69
net928,2675.58
net614,2675.32
net4124,2674.5
net1989,2674.2
_3956_,2674
net1606,2673.98
_0301_,2673.82
net3037,2673.56
net3461,2673.42
_1144_,2673.21
net3515,2673.18
_4154_,2673.06
net3281,2672.3
_3202_,2672.13
net4460,2671.9
net2490,2671.87
net3911,2671.84
_0250_,2671.76
net328,2670.57
net2345,2669.06
net1122,2668.32
_2235_,2667.96
_0921_,2667.9
_3083_,2667.86
_3486_,2667.6
net1054,2666.28
_3881_,2665.74
_4159_,2665.14
net3402,2665.03
net3355,2664.25
net2398,2663.78
net2661,2663.62
net1399,2663.49
net1983,2662.69
rf.registers\[23\]\[26\],2662.6
_2484_,2661.48
net3987,2661.38
_3144_,2661.28
net694,2661.12
_3930_,2660.64
_3470_,2658.96
_0401_,2658.88
net2094,2658.81
_0662_,2658.53
net2943,2658.05
rf.registers\[17\]\[28\],2657.34
rf.registers\[10\]\[23\],2656.76
net3295,2656.68
_1386_,2656.6
_1618_,2656.4
net2294,2656.29
net3328,2656.29
net2750,2656.24
net521,2656.19
net1995,2655.7
net2569,2655.64
net4462,2655.54
net847,2654.87
net1029,2654.34
net2920,2654.24
net1184,2654.17
net3896,2654.16
net1056,2653.52
net3655,2653.08
net4397,2653.04
_3871_,2652.73
_2411_,2652.535
net899,2652.42
_0354_,2651.94
net1398,2651.78
net1909,2651.5
_1969_,2650.88
_3022_,2648.03
_3502_,2646.85
net4244,2646.75
_1238_,2646.3
_2044_,2646.12
net3081,2646.08
net570,2644.51
_0999_,2644.01
net3446,2643.46
net3776,2643.26
net3300,2642.855
net2865,2642.84
net1291,2642.02
_0818_,2641.88
_0272_,2641.12
net2504,2640.98
_4004_,2640.86
net2905,2640.765
net621,2639.74
_3081_,2639.6
_0893_,2638.88
_3773_,2638.8
_2498_,2638.28
net2918,2638.06
net2931,2637.67
net4357,2637.38
_0371_,2636.04
_0510_,2635.545
net1887,2635.385
net204,2635.36
_3223_,2634.78
net2093,2634.76
net3998,2634.74
net3425,2634.65
_2885_,2634.64
net2187,2633.7
net2654,2633.59
net463,2633.52
_0122_,2633.5
net2812,2633.38
net1225,2633.2
net4272,2633.11
net586,2632.29
net598,2631.4
_2268_,2631.28
net452,2631.15
net114,2630.24
_0304_,2630.23
net4372,2630.13
net682,2629.76
_2523_,2629.38
rf.registers\[26\]\[28\],2628.94
net3475,2628.76
net3634,2628.1
net1563,2627.76
_4074_,2627.18
_4180_,2627.04
_2551_,2626.73
net2115,2626.73
net3120,2625.585
net3931,2625.38
net3270,2625.16
net896,2624.78
_0135_,2624.28
net3913,2624.2
rf.registers\[8\]\[31\],2623.99
net1198,2623.4
net414,2622.8
net2884,2622.655
net1826,2622.34
net3141,2622.175
net3156,2622.15
net862,2622.1
rf.registers\[13\]\[17\],2621.71
net2698,2621.46
net1127,2621
net1566,2620.8
_3208_,2620.66
net2972,2620.58
_2507_,2620.54
net1110,2620.45
net3358,2620.14
net1571,2620.12
net1396,2619.86
_0694_,2619.64
_0427_,2619.6
_2982_,2619.35
net57,2619.35
net3688,2619.26
net919,2618.88
_0464_,2618.76
_0512_,2618.21
_3781_,2618.05
_2838_,2618.04
net3265,2617.99
_3576_,2617.8
net21,2617.78
net2929,2617.63
net2207,2617.49
net3565,2617.235
net3436,2616.9
net3755,2616.52
_2220_,2615.58
net4146,2615.205
net751,2615.19
net3706,2615.04
_0286_,2614.98
net3765,2614.35
_2944_,2614.25
net1915,2613.7
rf.registers\[6\]\[23\],2613.58
net1246,2613.58
_0406_,2613.56
net4079,2613.44
net809,2613.19
net1362,2612.96
_4203_,2612
_2008_,2611.9
_4188_,2611.6
_3168_,2611.565
_3932_,2611.46
net3202,2610.57
net2146,2610.04
net3175,2609.62
net3758,2609.12
net4083,2609.04
net3073,2608.79
net2238,2608.48
net3568,2607.14
net1832,2606.83
net1130,2606.68
net282,2606.17
net1001,2605.84
_0995_,2605.24
_3952_,2605.05
_3706_,2604.9
net3524,2604.74
_1771_,2604.16
rf.registers\[7\]\[9\],2604.015
net1150,2603.7
net412,2603.22
_0396_,2601.68
_3316_,2601.61
net2254,2601.42
net411,2601.36
_0004_,2601.34
net3013,2601.335
net1527,2601.2
rf.registers\[16\]\[22\],2600.92
net3440,2600.44
net241,2600.4
_3085_,2600.34
_0367_,2598.92
_0126_,2598.25
_0588_,2597.9
net887,2596.43
net3702,2596.15
_3472_,2596.08
net1238,2595.06
_0532_,2594.32
net1904,2594.04
net1542,2593.75
_0350_,2593.46
net3044,2592.86
net3457,2592.78
net1320,2592.56
net1435,2592.56
net3900,2592.44
_0197_,2592.41
net4425,2592.32
_2188_,2591.78
net2793,2591.59
rf.registers\[3\]\[10\],2591.58
_0660_,2591.34
_1055_,2591.09
net626,2591.06
net3008,2590.66
_0867_,2590.6
net3942,2590.4
net2196,2590.35
_0460_,2590.21
_3980_,2590.09
_1119_,2589.52
_2701_,2589.48
rf.registers\[24\]\[4\],2589.4
net4294,2589.39
net3237,2589.355
net3449,2589.06
_2994_,2588.84
_1169_,2588.54
net623,2588.5
net3681,2588.34
net3961,2588.2
net2436,2588.06
net515,2587.89
rf.registers\[6\]\[15\],2587.86
net1727,2587.1
net195,2586.45
net2230,2586.23
net272,2586.16
net4045,2586.04
_0318_,2585.94
net83,2585.34
net509,2585.2
net3575,2585.18
net3585,2585
_0220_,2584.725
net1239,2584.7
_3787_,2584.32
net2693,2584.14
net550,2584.06
net1953,2583.78
_0320_,2583.74
_0253_,2583.68
_0638_,2583.66
net3215,2583.42
net3817,2583.32
net2342,2583
_1202_,2582.98
_2761_,2582.28
net1197,2581.98
net3054,2581.88
_0966_,2581.84
_4222_,2580.26
net1193,2580.02
_0994_,2579.47
net3597,2579.04
net4100,2579.02
_3135_,2578.98
rf.registers\[17\]\[15\],2578.88
_3043_,2578.69
net3419,2578.48
net455,2577.89
_3716_,2577.88
net3629,2577.48
_3722_,2577.4
net3756,2577.34
net4012,2576.76
net4217,2575.88
_3317_,2575.37
_4211_,2575.2
_3215_,2574.92
net3673,2574.76
net3067,2574.68
_3753_,2574.64
net1380,2573.74
net336,2573.54
_0340_,2572.94
_1179_,2572.78
net3487,2572.6
_1208_,2571.9
net3557,2570.7
net4461,2570.5
net3520,2569.56
net4161,2569.55
net3244,2569.175
net3553,2569.095
_3948_,2568.99
_4117_,2568.95
net3976,2568.74
net967,2568.66
_0904_,2568.12
net3084,2567.675
net324,2567.3
_4031_,2567.26
_0706_,2567.08
net552,2566.75
_0716_,2566.375
net3968,2566.1
net1769,2565.98
net382,2565.72
net3190,2565.17
_3571_,2564.95
net1737,2564.74
net3593,2564.63
net3504,2564.615
net1736,2564.43
net2877,2563.735
net567,2563.61
_1175_,2563.36
net2581,2563.18
rf.registers\[23\]\[28\],2562.44
_3310_,2562.2
_0674_,2562.04
net2492,2561.79
_3784_,2561.44
net1307,2560.9
_3015_,2560.86
_3933_,2560.57
_3854_,2560.12
net2111,2560.04
_1929_,2559.92
net3966,2559.84
net4016,2559.455
_3553_,2559.3
net3947,2559.265
net4101,2559.02
net1436,2558.98
net3749,2558.38
net253,2558.16
rf.registers\[27\]\[28\],2557.85
_0444_,2557.84
net2843,2557.49
net878,2557.36
net2169,2557.26
_0184_,2557.18
_0039_,2557.02
rf.registers\[2\]\[24\],2556.28
net3472,2556.28
net259,2555.48
net4031,2555.36
net3724,2554.69
net210,2554.44
_1958_,2554.42
_3940_,2554.34
net1603,2554.11
net2866,2554.02
_1650_,2553.56
net246,2553.44
net357,2553.12
net1388,2553.02
net3260,2553
_0862_,2552.94
net1605,2552.92
net2317,2552.79
net1318,2552.72
net1863,2552.4
net1558,2552.275
net2235,2552.14
net430,2550.9
net198,2550.82
net1379,2550.75
_3324_,2550.34
net4433,2550.31
net3047,2549.98
_3903_,2549.8
_3786_,2549.16
net3908,2549.08
net3792,2548.98
_0885_,2548.84
net4270,2548.77
net3415,2548.69
_0832_,2548.56
_2333_,2548.5
rf.registers\[6\]\[31\],2548.16
net1946,2548
_4067_,2547.38
net3016,2546.8
_1697_,2546.14
_4219_,2545.68
net3343,2545.37
net4419,2545.22
_0737_,2544.52
_2392_,2544.41
net3211,2544.32
_3647_,2543.81
net2306,2543.62
_0897_,2543.48
net3289,2543.34
_3538_,2543.3
net1384,2543.28
net3984,2542.84
net1139,2542.42
net2605,2541.73
net476,2541.5
net2722,2541.45
net4233,2541.05
net207,2540.98
_3796_,2540.64
net1694,2540.09
net3423,2539.51
_3951_,2538.99
net3263,2538.755
net3437,2538.515
_3779_,2537.72
net1186,2537.57
_0828_,2537.48
net3421,2537.42
_3790_,2537.31
net3545,2536.78
net1646,2536.76
_0383_,2536.66
net3299,2536.51
net4234,2536.31
net2104,2536.28
_2914_,2536.19
_1649_,2536.16
net261,2535.68
_3153_,2535.52
net3994,2535.4
net2979,2535.1
_0802_,2535.08
net927,2534.32
_1250_,2533.94
_0769_,2533.92
net4213,2533.38
_1597_,2532.92
net3506,2532.36
rf.registers\[4\]\[12\],2532.14
net2965,2532.035
net3306,2531.92
_0669_,2531.9
net2673,2531.79
net1922,2531.76
net3333,2531.71
net4424,2531.55
rf.registers\[6\]\[18\],2531.01
net1063,2530.82
net1381,2530.65
net1848,2530.64
net3424,2530.3
net1564,2529.92
_2594_,2529.9
_1321_,2529.82
net2588,2529.66
_4097_,2529.52
net3547,2529.32
_3966_,2528.54
_3035_,2528.48
net900,2528.02
net1799,2527.76
net3596,2527.58
_0292_,2527.51
net4002,2527.4
net2902,2527.31
net1816,2526.84
_2250_,2526.5
net2912,2526.35
net2896,2526.14
_1089_,2525.97
_0431_,2525.94
net4158,2525.69
net3508,2525.55
net1328,2525.53
_3281_,2525.51
rf.registers\[26\]\[1\],2525.29
net1223,2525.22
net4345,2524.38
net3894,2523.66
net2822,2522.58
net1236,2522.42
_1691_,2522.34
net1930,2522.16
net1031,2520.815
_0761_,2520.8
net522,2520.76
_3431_,2520.16
net2405,2520.14
net2740,2520.1
net2407,2519.78
net3287,2519.675
_3814_,2519.52
net3962,2519.42
_3473_,2519.14
_3680_,2517.62
_1234_,2517.03
net2438,2516.98
net1102,2516.94
_3325_,2516.85
net2563,2516.74
rf.registers\[29\]\[19\],2515.98
net2227,2515.46
_1725_,2515.32
net3727,2515.29
rf.registers\[12\]\[22\],2515.22
net435,2515.15
_2506_,2515
_3581_,2514.32
_0787_,2514.14
net564,2514.06
net1884,2513.08
net1801,2512.95
net3380,2511.98
net2249,2511.76
_3042_,2511.66
_1096_,2511.16
rf.registers\[26\]\[31\],2511.07
net229,2511
_0573_,2510.66
net2357,2510.16
net3639,2510.08
net2098,2509.91
net3240,2509.66
net2168,2509.4
net1395,2509.24
net2856,2509.235
net1240,2509.16
net2352,2508.375
net342,2508.3
_3539_,2507.9
net1552,2507.84
net1229,2507.43
net4275,2506.2
net206,2505.94
net3142,2505.82
_2593_,2504.9
net177,2504.76
_2438_,2504.57
_0255_,2504.46
net403,2504.45
_3253_,2504.3
net451,2503.79
net1649,2503.79
_3990_,2503.76
net3441,2503.26
_3730_,2502.5
_3525_,2502.41
net2315,2502.36
_0698_,2501.77
net389,2501.4
net3006,2501.04
net394,2500.86
net1647,2500.86
net3165,2500.32
_0369_,2499.86
_0294_,2499
net3981,2498.92
_4137_,2498.88
_3132_,2498.8
net417,2498.7
net3602,2497.85
_2177_,2497.84
_4182_,2497.66
net2744,2497.34
net4180,2497.14
_1629_,2496.64
_3352_,2496.56
_4190_,2496.14
net2808,2495.96
_0153_,2495.68
net4458,2495.54
_1323_,2495.53
net3406,2495.24
net3526,2494.96
_3455_,2494.73
net3474,2494.42
net3780,2494.32
_1047_,2494.28
net3367,2494.28
net541,2494.2
_0993_,2494.115
_2068_,2493.97
_2772_,2493.82
_1622_,2493.66
net1375,2493.42
net2462,2493.4
net4020,2493.3
_4073_,2492.82
net1565,2492.4
net671,2492.2
net2747,2491.76
_2030_,2491.56
net4059,2491.12
_2951_,2491.08
net1839,2488.62
net3078,2488.49
net2961,2488.39
_3673_,2488.02
_0037_,2487.98
net4320,2487.98
_2015_,2487.45
net3194,2485.92
net2859,2485.82
net599,2485.48
net480,2485.27
net2200,2485.01
net3748,2484.09
_1107_,2484
_3792_,2483.57
_0137_,2483.495
net824,2483.2
net440,2482.64
_1265_,2482.54
net2295,2482.44
rf.registers\[31\]\[12\],2481.915
net1192,2481.91
net2553,2481.14
net3671,2481.05
net1921,2480.94
net1371,2480.705
net4356,2480.28
net96,2479.98
_2419_,2479.73
_2990_,2479.38
_3248_,2478.8
_1963_,2478.66
net3663,2478.52
_1010_,2478.49
net3181,2478.4
net1368,2478.16
_3650_,2477.86
net3132,2477.72
_0382_,2477.37
_4060_,2477.22
net2953,2477.01
net2344,2476.95
net2761,2476.8
_0520_,2475.94
net3577,2475.42
_3060_,2475.32
net1231,2475.13
net2745,2474.95
_1011_,2474.84
net1349,2474.73
_1927_,2474.675
rf.registers\[14\]\[22\],2474.59
_2223_,2474.44
net1947,2474.025
_3247_,2473.91
net71,2473.62
_2488_,2473.43
_0133_,2473.195
_3337_,2473.01
_1060_,2472.54
net1214,2472.42
_2927_,2472.4
_1361_,2471.66
net3241,2470.86
net2280,2470.77
net1217,2470.46
_2758_,2470.4
_3856_,2469.52
net2680,2469.51
net2299,2469.46
net3654,2468.48
net2245,2468.4
net2241,2467.8
net1545,2467.44
_2331_,2467.4
_1422_,2466.96
_4099_,2466.58
_3929_,2465.69
net4266,2465.52
_3029_,2465.05
net473,2464.74
_2261_,2464.37
_3126_,2464.18
net325,2464.02
net3859,2463.8
_2515_,2463.26
net4206,2463.18
_3490_,2462.89
_2229_,2462.7
net3972,2461.84
net3308,2461.44
_0493_,2461.06
net2836,2460.92
net3656,2460.84
_2095_,2459.9
net4151,2459.78
net2759,2459.12
net1798,2458.92
_4030_,2458.86
net4055,2458.62
_4125_,2458.6
net475,2458.58
_0601_,2458.045
_3000_,2457.84
_0243_,2457.64
net690,2457.5
net1576,2456.98
net1845,2456.87
net3975,2456.71
net1389,2456.58
_0061_,2456.18
rf.registers\[14\]\[17\],2455.88
net2942,2455.3
net1376,2455.21
_1203_,2454.78
net2389,2454.5
net1597,2454.2
net2690,2454.04
_2510_,2453.66
_4058_,2453.4
net3092,2452.54
_0182_,2451.765
_0684_,2451.44
net746,2451.36
net3021,2451.35
_3449_,2451.24
_3275_,2451.2
net1990,2451.2
net3560,2450.78
net3985,2450.66
net3010,2450.52
_3560_,2450.32
net2895,2449.98
rf.registers\[17\]\[8\],2449.9
net2174,2449.76
net1842,2449.47
_0823_,2449.36
_0663_,2449.22
net3752,2449.07
net3698,2448.72
net1106,2448.62
rf.registers\[7\]\[26\],2448.485
net3672,2448.32
net1047,2447.66
net3491,2447.38
_0541_,2447.26
net668,2446.86
_2321_,2446.8
net935,2446.76
net3390,2445.94
net1370,2445.835
net2834,2445.78
_3294_,2445.55
net341,2444.96
_3619_,2444.21
_0656_,2444.1
net2107,2443.27
net2134,2442.89
net1940,2442.69
_0649_,2442.64
_0968_,2442.285
net1964,2442.05
net3774,2441.28
net3666,2441.22
net3249,2441.21
net3591,2441.02
_3696_,2440.86
net2783,2440.57
net2215,2440.55
net4104,2440.44
_0750_,2440.38
net77,2440.2
net675,2439.54
_2638_,2439.35
_2007_,2438.04
net925,2437.82
net3540,2437.82
net4295,2437.21
_3775_,2436.92
_3707_,2436.66
net3252,2436.2
_0581_,2436.115
net3150,2436.1
_0898_,2435.84
net3193,2435.68
_3523_,2435.04
net3569,2435.02
net536,2434.7
net904,2434.36
_2245_,2434.3
_3973_,2434.05
net1870,2433.49
net1923,2432.09
_3715_,2431.88
net3895,2431.76
_3876_,2431.54
net3283,2431.24
net1554,2431.23
net1553,2430.96
net1562,2430.9
_2383_,2430.77
_1383_,2430.6
net2195,2430.53
net3018,2430.52
_0574_,2430.42
_0476_,2429.54
_1544_,2429.51
net3904,2429.32
net3718,2429.25
net3271,2429.185
net3212,2429.08
rf.registers\[28\]\[9\],2428.63
net3200,2428.48
net2199,2427.55
net2948,2426.62
net2566,2426.57
net3307,2426.42
_3222_,2426.34
_3279_,2426.32
net3075,2426.22
net3528,2425.76
_0643_,2425.68
_4145_,2425.46
net2852,2425.1
net3235,2425.1
net1162,2425.02
_2292_,2424.92
net153,2424.84
net2559,2424.66
net991,2424.44
net327,2424.06
net1879,2423.93
net1497,2422.8
_3445_,2421.92
net3060,2421.66
net3213,2421.34
_0755_,2420.995
net681,2420.92
_1829_,2420.78
net3282,2420.5
net1048,2420.36
_0260_,2419.86
net1585,2419.54
net3903,2419.4
net1393,2419.185
net3997,2419
net1567,2418.52
net4348,2417.88
_3287_,2417.68
net4390,2417.61
net903,2417.08
_0235_,2417
_2332_,2416.87
_1035_,2416.52
net3750,2416.02
_1765_,2415.62
net1105,2415.18
net359,2415.02
net398,2414.8
_2718_,2414.71
_3341_,2414.7
net3868,2414.7
net2640,2414.06
net1386,2413.62
net3226,2412.56
net2921,2412.48
net2645,2412.31
_1034_,2412.26
net1021,2412.08
_0710_,2411.74
net4139,2411.66
_0965_,2411.62
net1833,2411.1
_3686_,2411.02
_3340_,2410.84
_4177_,2410.37
net4130,2410.02
net1020,2409.55
_2435_,2408.82
net3302,2408.46
_2756_,2408.36
_0617_,2407.94
net642,2407.9
net3511,2407.38
_0964_,2407.02
_1356_,2406.88
_3669_,2406.54
_0820_,2406.125
net3496,2406.03
net2055,2405.4
net227,2405.36
net2977,2405.28
_3107_,2404.1
net4226,2404.05
net192,2403.9
net1250,2403.82
_3001_,2403.56
net2099,2402.98
_2749_,2402.59
net1147,2402.36
_0468_,2401.85
_2525_,2401.84
net1556,2401.58
_3118_,2401.18
net883,2400.77
net1803,2399.44
net3197,2398.9
_3104_,2398.86
_2531_,2398.69
_0252_,2398.56
net1664,2398.2
_1283_,2398.03
_0018_,2397.985
net1821,2397.9
_2385_,2397.11
_4063_,2397.04
_2323_,2396.68
_0023_,2396.46
_3205_,2396.41
_1794_,2396.02
_3857_,2395.68
net3734,2395.46
rf.registers\[9\]\[6\],2395.3
net2497,2395.17
net4088,2394.88
net1189,2393.82
net448,2393.76
net4041,2393.3
net3919,2393.29
_2707_,2393.06
net3595,2393.03
_3590_,2392.52
net4379,2392.48
net2903,2392.18
net4324,2392.04
_3322_,2391.66
_0857_,2391.615
net3481,2391.3
net4025,2391.175
net3828,2390.78
_4206_,2390.44
net996,2390.34
net2336,2390.16
_1653_,2389.34
_2613_,2388.94
_1449_,2388.22
_0400_,2388.18
_3056_,2387.945
_4068_,2387.8
net1720,2387.4
net453,2386.695
net1792,2386.36
net3970,2386.06
net892,2386.02
net2835,2385.67
_2965_,2385.59
net1087,2385.18
net4162,2385.01
net2780,2384.66
_1394_,2384.63
net3613,2384.44
net3802,2384.285
_0353_,2384.1
net3377,2383.56
_2517_,2383.515
net3063,2383.26
net110,2383
net705,2382.64
net1550,2382.135
_3832_,2381.95
_3272_,2381.04
_0589_,2380.67
rf.registers\[20\]\[23\],2380.1
_3228_,2379.04
net2502,2378.42
net4318,2378.02
_2903_,2377.15
_3804_,2376.73
net3852,2376.73
net3912,2376.22
_3507_,2376.14
net4137,2373.94
net1721,2373.68
net4029,2373.68
_3802_,2372.84
_3820_,2372.84
net3248,2372.72
_3524_,2372.56
net918,2372.32
net3853,2371.72
net1377,2371.305
_2706_,2370.96
net1779,2370.875
_0103_,2369.055
net47,2369.02
net3176,2368.94
_1001_,2368.72
net247,2368.34
net1387,2367.75
_0414_,2367.58
net1004,2367.5
_3049_,2367.29
net2858,2366.56
_3660_,2366.37
net3327,2366.09
_1163_,2365.93
net348,2365.68
_0299_,2365.62
net4018,2365.24
_3268_,2365.08
_1660_,2365.04
_1402_,2364.94
_3747_,2364.92
_0521_,2364.1
_0001_,2364
_0616_,2363.76
_3741_,2363.66
net3833,2363.38
net3843,2363.19
_4087_,2363.04
net2606,2362.65
net2616,2361.635
net3973,2361.56
net2554,2361.27
net3778,2360.98
net2829,2360.84
net3830,2360.48
net1864,2360.38
net1943,2360.28
net3239,2360.13
net1808,2360.03
_3679_,2359.9
net3733,2359.69
net843,2359.62
_3249_,2359.58
net3660,2359.275
net3923,2358.46
net3764,2358.095
net2602,2357.6
_0271_,2357.54
net2432,2357.42
net538,2356.26
net1378,2356.24
net2938,2355.84
net4117,2355.58
net3950,2355.46
net2279,2355.38
rf.registers\[20\]\[20\],2355.065
_3764_,2355
rf.registers\[12\]\[10\],2354.16
net4032,2353.8
_3037_,2353.16
net1733,2353.16
net3999,2352.48
net3389,2352.44
net1109,2352.37
net3074,2351.83
_1563_,2351.68
rf.registers\[26\]\[5\],2351.45
net3883,2351.43
net193,2351.3
net3453,2350.99
net1836,2349.92
_3271_,2349.9
net3046,2349.73
_3546_,2349.64
_3594_,2349.28
net3097,2349.16
net1735,2348.92
net565,2348.42
_0972_,2347.78
_3416_,2347.71
net3951,2347.22
net1572,2346.7
_0017_,2346.58
_1099_,2346.4
net3631,2345.4
net520,2344.79
net3337,2344.7
net712,2344.38
net2243,2343.78
net3760,2343.62
net2959,2343.6
net4203,2343.11
net4033,2342.94
net2147,2342.75
net337,2342.37
_3934_,2342.24
net3583,2342.215
net1831,2341.88
net3370,2341.17
net2869,2340.94
net2845,2340.5
_1964_,2339.52
net3342,2338.92
net3243,2338.52
_1959_,2338.35
_0630_,2337.935
_3617_,2337.64
_2983_,2337.14
net2216,2336.88
net406,2335.36
net3113,2335.08
net3754,2334.68
net2736,2334.66
net3835,2334.54
net4254,2334.32
net3143,2334.24
_2615_,2333.96
_3097_,2333.32
net958,2333.32
net1797,2333.22
net478,2333.075
net4078,2333
net3703,2332.5
net4210,2332.21
net3791,2331.98
net3863,2331.48
net3604,2331.38
_2071_,2331.08
_3719_,2330.94
_0355_,2330.74
net2978,2330.74
_2509_,2330.68
_2714_,2329.98
rf.registers\[13\]\[27\],2329.17
net3619,2328.08
net776,2327.23
_0545_,2327.2
net2049,2327.2
net106,2327
net1888,2326.98
net2897,2326.955
net3022,2326.4
_3200_,2325.88
_1199_,2325.5
net2109,2324.94
_0733_,2324.825
_2554_,2324.74
_3621_,2324.64
net2960,2324.48
net3518,2324.46
net3179,2324.16
net1185,2324.08
net1009,2323.155
net3712,2322.91
net3383,2322.32
_3334_,2322.1
net3376,2321.78
_3123_,2321.76
_4196_,2321.76
rf.registers\[11\]\[20\],2321.48
_2136_,2321.26
net2270,2321.26
_4166_,2320.4
_4071_,2319.62
_3817_,2319.15
net1561,2318.535
_3780_,2317.78
net2211,2317.68
_0181_,2317.34
net1866,2315.84
_3404_,2315.74
_0539_,2315.48
_1545_,2314.86
_4118_,2314.74
_2542_,2314.62
net3198,2314.18
_3385_,2313.96
_3303_,2313.805
net3357,2313.43
net1862,2313.25
_4053_,2313.24
_4122_,2312.26
net3396,2312.2
net2771,2311.94
net2396,2311.56
net404,2311.24
_1960_,2310.84
net3679,2310.2
net439,2309.61
rf.registers\[1\]\[0\],2308.56
_3459_,2307.86
net3031,2307.22
net701,2307.14
net3606,2307.12
net649,2306.94
_2381_,2306.735
_0713_,2305.94
net320,2305.24
net3112,2304.87
_0888_,2304.23
net2800,2304.12
net4337,2304.08
_3892_,2303.91
net2995,2303.56
net619,2303.36
net3330,2302.18
_1737_,2301.46
net886,2301.24
net3301,2300.62
_3405_,2300.53
net1890,2300.51
_4218_,2299.38
net1372,2298.72
net1108,2297.44
net3255,2296.98
net2423,2296.94
_3795_,2296.84
net617,2296.5
net3564,2296.42
net2466,2296.33
net2287,2296.31
net2422,2296.21
net1011,2295.84
_3442_,2295.82
net4111,2295.56
net3710,2295.52
net4028,2295.32
net3627,2295.16
net2544,2295
_3067_,2293.895
net4474,2293.83
_2829_,2293.28
_0654_,2293.22
rf.registers\[12\]\[26\],2292.78
_2959_,2292.28
net3279,2291.64
_1538_,2291.62
net31,2291.55
net3713,2291.55
_2753_,2291.44
net3348,2290.37
net2848,2290.18
net2557,2289.46
_2777_,2289.3
net3513,2288.1
_3280_,2287.97
net4277,2287.97
net176,2287.94
net1594,2287.55
_0970_,2287.26
net2857,2286.86
net1810,2286.78
net1936,2286.56
net3109,2286.48
net2674,2286.46
net727,2286.06
_0121_,2285.76
net3917,2285.58
net1869,2284.6
net2939,2284.5
net1423,2284.08
net2162,2284.07
_3895_,2282.78
_3269_,2282.66
_0640_,2281.74
net1861,2281.26
net1392,2280.98
net1570,2280.82
_0571_,2280.765
net1230,2280.23
net3781,2279.78
_1769_,2279.59
net3590,2279.3
net3430,2279.16
_0515_,2279.005
_3788_,2279
net2882,2278.98
_1487_,2278.84
net228,2278.14
net663,2277.68
net4009,2277.075
net2774,2276.97
net2732,2276.9
net3717,2276.83
rf.registers\[1\]\[12\],2276.6
net50,2276.1
_4059_,2275.28
_2384_,2275.23
net3638,2275.17
_1805_,2274.2
_3842_,2273.63
_0594_,2273.005
_2585_,2271.82
net4157,2271.42
net280,2270.32
_2696_,2267.79
net2803,2267.32
net2815,2267.32
net3694,2266.83
net1002,2266.46
net1894,2266.27
_1172_,2266.03
_3851_,2265.66
net1374,2265.59
_0609_,2265.265
net3251,2265.18
net2539,2265.16
net3135,2264.73
_3074_,2264.32
net3821,2264.05
_3184_,2263.38
_0874_,2262.66
_3777_,2262.58
net2733,2262.3
net1123,2262.28
net2888,2261.94
_0615_,2261.42
_1030_,2261.15
net2871,2260.54
net3001,2260.26
net3366,2260.04
net523,2259.9
net3579,2259.18
net1551,2258.41
_0570_,2258.16
net1955,2257.74
net3493,2257.49
net1805,2257.24
net2751,2257.11
rf.registers\[11\]\[6\],2256.46
net3257,2256.3
_3904_,2256.22
_1859_,2255.68
net112,2255.68
net2659,2255.66
net3682,2255.44
net2250,2255.4
net3411,2255.4
net1534,2255.1
net2570,2255.05
net568,2254.44
_0704_,2254.28
net3266,2253.69
net4201,2253.28
net1255,2253.22
_0347_,2252.7
_0173_,2252.42
net3145,2252.37
net3563,2252.12
net3550,2251.7
net36,2251.6
_0055_,2251.58
net3051,2251.24
net2583,2251.18
net3937,2251.14
_0942_,2250.76
_1393_,2249.97
net2952,2249.62
_3916_,2249.3
net3015,2248.46
net636,2248.42
net4057,2247.41
net3517,2247.29
_3517_,2247.11
_1950_,2247.1
net525,2246.27
net3608,2245.715
net4013,2245.66
net3438,2245.65
_3254_,2245.48
_0314_,2245.18
net1577,2245.18
_4216_,2244.96
_0844_,2244.76
_3320_,2244.57
_0417_,2244.34
_0646_,2244.22
_3627_,2244.2
net3385,2243.89
net3897,2243.68
_1362_,2243.46
net3914,2243.26
net1588,2243.04
net3192,2242.3
net2421,2241.48
_3701_,2241.32
_2346_,2240.02
net2217,2239.93
net1918,2239.68
net3332,2239.66
net1590,2239.58
net1596,2239.48
_1171_,2239.34
net2922,2239.28
net3443,2238.88
net4261,2238.51
net3426,2238.45
net2786,2238.4
net4069,2238.38
_2957_,2238.33
net133,2238.16
net726,2237.76
_0587_,2237.64
_2858_,2237.54
net3003,2237.54
rf.registers\[24\]\[16\],2237.515
net1569,2237.42
_1832_,2237.06
net3644,2236.62
net4135,2236.11
_2926_,2235.59
net2170,2234.83
net3028,2234.51
_1300_,2233.84
_3143_,2233.76
net3184,2233.1
_2716_,2232.28
net1300,2231.33
net3782,2229.66
net4112,2229.56
net3349,2229.44
net3245,2229.14
net4302,2229.08
_0348_,2228.72
net3826,2228.7
net937,2228.56
net4418,2228.295
net3505,2227.82
net3675,2227.54
net3048,2227.44
_3075_,2227.26
net3311,2227.16
net4155,2226.68
net1350,2226.06
net974,2225.4
net3707,2225.22
net152,2224.3
_3441_,2224
_1330_,2223.54
_2052_,2223.51
_0230_,2222.7
net2,2222.28
_0343_,2222.18
_1683_,2221.96
net2839,2220.55
net4019,2220.295
net2913,2220.16
_0941_,2220.02
_3748_,2219.94
_2987_,2219.76
_1955_,2219.69
net3552,2219.4
_3052_,2218.98
net2809,2218.26
net4230,2217.72
net2420,2217.42
net1581,2217.18
net2333,2217.16
_3833_,2216.68
_2082_,2216.26
_0815_,2216.06
net4413,2215.9
_3516_,2215.84
_1730_,2215.685
_0134_,2215.44
net2741,2214.55
_0212_,2214.48
net561,2213.96
_0006_,2213.76
_3965_,2213.48
net3665,2213.41
net3072,2213.32
net2726,2213.22
_3417_,2213.14
_4070_,2212.93
net3592,2212.54
net2158,2212.43
net1883,2212.15
net2198,2211.79
net482,2211.53
_3175_,2211.44
rf.registers\[22\]\[30\],2211.01
_0635_,2211.005
net3854,2210.66
net1589,2209.53
net421,2208.7
_1816_,2208.5
_1593_,2208.34
net4479,2208.16
net4174,2207.92
_0789_,2207.64
net1241,2207.5
net3519,2207.21
net2820,2207.14
_1495_,2206.62
net2889,2206.62
net2946,2206.62
net664,2205.8
_1116_,2205.76
net4342,2205.27
net2799,2204.8
net3641,2204.62
net2772,2204.48
net3667,2204.34
net4269,2203.41
net1910,2202.82
net3816,2202.68
_3357_,2202.4
net2534,2201.36
net3576,2200.96
_1741_,2200.94
net4188,2200.81
net444,2200.72
net3845,2200.68
net2498,2200.22
net3246,2199.79
net3007,2199.64
net226,2199.58
_1736_,2199.36
net384,2199.24
net330,2199.14
net1249,2198.76
_0871_,2198.475
net1996,2197.42
_3231_,2197.29
net3371,2197.18
_2211_,2196.72
net2982,2196.21
_0387_,2196.16
net3860,2195.84
net2878,2194.82
net1175,2194.34
net3312,2194
net3729,2193.16
net2890,2192.73
_0378_,2192.2
_3591_,2191.94
net1042,2191.84
net4048,2191.72
net2311,2191.27
net1818,2190.83
net1549,2190.28
net3880,2190.2
net4036,2189.98
_0736_,2189.62
_0821_,2189.52
net3256,2188.84
_0719_,2188.76
net3939,2188.65
_2673_,2188.02
_3008_,2187.58
net445,2187.27
_2442_,2187.255
_3004_,2186.62
net2868,2186.5
_3809_,2185.96
net1663,2185.88
net2990,2184.82
_4143_,2184.21
net1790,2183.95
_3365_,2183.78
net3885,2183.54
net191,2183.46
net358,2183.2
net3458,2182.76
net1188,2182.62
net2887,2182.34
net1851,2182.23
net1382,2182.185
_4040_,2182.16
net3230,2181.06
_3758_,2179.88
net4360,2179.36
net1489,2179.16
net3558,2179.14
net2586,2178.88
_4043_,2178.26
net3315,2176.47
_0080_,2176.16
_4021_,2176.01
net2418,2176.01
_3944_,2175.96
_3813_,2175.6
net2221,2174.47
net3323,2174.38
net2755,2174.13
net2791,2172.98
net929,2172.58
net1584,2172.48
_4112_,2172.02
_2486_,2171.56
_3937_,2171.3
_0405_,2170.725
_3721_,2170.7
net3543,2169.66
net1852,2169.22
_0200_,2168.76
_0676_,2168.48
net3892,2168.44
net4385,2166.78
net3204,2166.58
net3521,2166.19
net2833,2166.165
_3146_,2166.1
net1802,2165.92
net1601,2165.53
net3813,2165.08
net3636,2164.18
_4119_,2163.62
net2941,2163.57
net3546,2163.42
net56,2162.6
net3834,2162.16
net2226,2162
net2792,2161.55
_0293_,2161.445
net383,2161.18
net4279,2160.39
_3206_,2160.34
net867,2159.98
_2398_,2159.92
net3280,2159.84
net2053,2158.6
net700,2158.52
net4053,2158.5
net3242,2157.29
net4038,2156.96
net3352,2156.6
_2352_,2156.52
net2590,2156.18
_2359_,2156.1
net1330,2155.92
net1129,2155.82
net2727,2155.27
net3794,2155.19
_3615_,2155
_1061_,2154.54
net1568,2154.26
_3224_,2154
net1041,2153.78
net1290,2153.44
_2077_,2153.37
net221,2153.36
net1586,2152.82
net560,2152.58
net3182,2152.44
_3384_,2152.14
net3445,2151.76
_0234_,2151.68
_3492_,2151.68
net3223,2151.4
net3253,2150.47
rf.registers\[15\]\[4\],2150.28
net1595,2149.8
net3881,2149.36
_2284_,2149.08
_0288_,2148.625
net3810,2148.6
_3358_,2147.58
_0281_,2147.44
_2401_,2147.2
net3288,2147.06
_3982_,2146.98
net3898,2146.94
net3993,2146.56
net1860,2145.98
net703,2145.7
net2770,2145.1
net957,2145.06
net3058,2144.87
net2828,2144.64
_3977_,2144.38
net678,2143.96
_3708_,2143.57
_2828_,2143.04
_0226_,2142.745
_3229_,2142.2
net4449,2141.78
net3695,2141.65
net4183,2141.2
net3131,2140.84
_4056_,2140.54
net2613,2140.07
net3684,2139.92
_0771_,2139.32
_2133_,2139.2
net1142,2138.52
_1952_,2138.28
_3685_,2137.84
net1299,2137.82
_2748_,2137.65
rf.registers\[12\]\[19\],2136.82
net1030,2136.1
_1117_,2135.68
net319,2135.46
net2814,2135.42
net1219,2135.34
net750,2134.76
net3268,2134.72
net3454,2134.54
net3408,2133.28
net2546,2132.91
_1735_,2132.89
net2787,2132.78
net3599,2132.495
net3387,2131.08
net1078,2131.04
net3625,2130.14
net2138,2129.03
net2064,2129.02
net1755,2128.44
net3322,2128.3
net1298,2127.82
_2524_,2127.47
net3290,2125.87
net3837,2125.82
_1717_,2125.51
net684,2125.42
_1590_,2125.06
_3890_,2124.78
net2533,2124.78
_0841_,2124.02
net3893,2123.52
net4235,2122.97
net3082,2121.72
_3999_,2121.61
net3394,2120.81
net3670,2119.96
rf.registers\[16\]\[5\],2119.895
net540,2119.18
rf.registers\[31\]\[19\],2118.54
net3161,2118.41
net3651,2117.2
_2416_,2116.85
net1191,2116.84
net2894,2116.75
rf.registers\[11\]\[25\],2116.68
_3518_,2116.5
net4192,2116.44
_0282_,2115.8
net3811,2115.72
net53,2115.24
net884,2115.24
net2917,2114.88
net2530,2114.3
net2136,2113.02
net2451,2112.84
_2459_,2112.82
rf.registers\[30\]\[15\],2112.075
net1855,2111.97
_3101_,2110.78
net59,2110.76
_0490_,2110.68
_0327_,2110.56
net4241,2110.46
net3700,2109.45
rf.registers\[26\]\[6\],2108.04
_0071_,2107.965
net3036,2107.95
_3142_,2107.9
net1360,2107.85
rf.registers\[11\]\[0\],2107.64
_1167_,2107.14
net4127,2107.12
net2191,2105.41
rf.registers\[4\]\[19\],2104.18
_2683_,2103.8
_0766_,2103.23
rf.registers\[28\]\[13\],2102.595
_2370_,2102.36
net260,2102.36
net2538,2102.1
net3071,2102
net760,2101.1
net2805,2100.75
net563,2100.02
net3169,2099.89
_3749_,2099.74
net4189,2099.545
net2253,2099.24
net4303,2098.15
net2778,2097.8
_2191_,2097.24
net691,2097.16
_3900_,2097.12
_2041_,2096.92
net3056,2096.48
net1027,2096.4
_1077_,2096.17
_4029_,2095.94
_1233_,2095.6
net4454,2095.42
net1099,2094.91
net1437,2094.8
rf.registers\[23\]\[15\],2094.62
rf.registers\[21\]\[31\],2094.46
_1024_,2093.62
net3664,2093.58
net3761,2093.34
net2790,2093.12
net3361,2092.99
net4114,2092.58
_4163_,2091.54
net2675,2090.9
net1982,2090.6
_0032_,2090.515
_0974_,2089.86
_0158_,2089.32
rf.registers\[13\]\[5\],2088.78
_3260_,2088.74
net3397,2088.04
net301,2087.6
net117,2087.42
net4392,2087.4
_3702_,2087.24
net3293,2086.955
net1791,2086.9
_1023_,2086.59
net3359,2086.29
net3891,2086.19
net3149,2085.47
net526,2085.42
net3933,2085.32
_1988_,2085.21
net689,2084.87
net2425,2084.7
_1189_,2084.44
net3431,2083.82
_3161_,2083.66
rf.registers\[21\]\[1\],2083.5
net2527,2083.3
rf.registers\[10\]\[30\],2083.28
_0386_,2082.95
_2019_,2082.46
_2412_,2081.92
_1230_,2081.42
rf.registers\[19\]\[24\],2081.225
rf.registers\[15\]\[26\],2081.19
net2988,2080.9
rf.registers\[14\]\[23\],2080.27
rf.registers\[13\]\[30\],2079.66
rf.registers\[26\]\[4\],2079.63
net2526,2078.8
net2971,2078.8
_2479_,2078.24
net2362,2077.34
net4190,2077.08
rf.registers\[17\]\[20\],2076.8
_2932_,2076.5
_0947_,2076.44
_3434_,2076.22
net3582,2075.82
_0169_,2075
net4248,2074.02
net2909,2073.98
_2630_,2073.7
_3797_,2072.94
net3851,2072.66
net1258,2072.16
_4193_,2071.96
net143,2071.62
net3772,2070.98
net2899,2070.95
net4471,2070.64
_4114_,2070.13
_1809_,2070.02
_1404_,2069.96
net2501,2069.66
net3353,2069.52
rf.registers\[13\]\[2\],2069.49
net4035,2068.66
net1394,2068.36
_0357_,2067.56
_1403_,2067.56
net3766,2067.56
net2354,2067.455
_3301_,2067.41
net29,2066.98
net54,2066.92
rf.registers\[25\]\[26\],2066.71
net3779,2066.28
net3632,2066.02
_2519_,2065.64
_0259_,2065.38
_1922_,2065.38
net3298,2065.02
_0161_,2064.98
_1302_,2064.68
net2103,2064.52
net2767,2064.46
net1103,2063.69
rf.registers\[2\]\[29\],2063.04
_3733_,2062.8
net3677,2062.34
net3705,2061.99
_2348_,2061.32
net3345,2061.09
net1789,2060.02
net3365,2059.335
_1506_,2058.96
_3541_,2057.28
_3909_,2057.16
rf.registers\[9\]\[31\],2056.94
net3470,2056.42
_2254_,2056.02
net3216,2055.715
rf.registers\[10\]\[6\],2055.28
rf.registers\[30\]\[21\],2055.28
net3544,2055.14
_4138_,2054.68
net1907,2054.59
net2266,2054.57
_2881_,2054.52
rf.registers\[6\]\[9\],2053.865
rf.registers\[4\]\[0\],2053.82
rf.registers\[14\]\[7\],2053.67
_3497_,2053.64
net1104,2053.54
_2248_,2051.54
_3214_,2051.42
net3418,2050.74
net708,2050.66
net2580,2050.52
_0578_,2050.36
rf.registers\[27\]\[21\],2050.32
_2635_,2050.2
_3457_,2050.07
net1981,2050.03
net4247,2049.38
net3014,2049.14
_1586_,2048.76
rf.registers\[2\]\[5\],2048.68
_2704_,2048.525
_2780_,2047.86
net3055,2047.2
net2749,2046.62
_1019_,2046.51
_1316_,2046.24
_2553_,2045.94
rf.registers\[25\]\[8\],2045.89
_3656_,2045.88
net2575,2045.72
_3808_,2044.16
net2117,2043.61
_1825_,2043.15
net2610,2042.86
_1027_,2042.66
rf.registers\[27\]\[30\],2042.06
net1732,2041.64
_3917_,2040.12
_0404_,2039.56
_3743_,2039.24
_0225_,2038.86
_3672_,2038.61
net2582,2038.4
_0311_,2038.38
_3750_,2036.82
_0924_,2036.73
net2671,2036.62
_2402_,2036.6
_3659_,2036.54
_0542_,2036.52
rf.registers\[24\]\[17\],2035.66
_3491_,2035.08
net2426,2034.79
net3364,2034.67
rf.registers\[0\]\[19\],2034.5
net2861,2034.28
net3479,2034.08
net2957,2032.98
net436,2032.88
_3389_,2032.27
_3333_,2031.98
_2824_,2030.62
net683,2030.15
net1443,2030.11
rf.registers\[25\]\[16\],2029.935
_3829_,2029.44
_1382_,2029.1
net2129,2028.82
net4238,2028.82
_3484_,2028.71
rf.registers\[25\]\[21\],2028.54
_3981_,2028.5
net4022,2028.46
_3252_,2028.09
_3720_,2027.86
_3913_,2027.48
net3635,2027.24
net3784,2027.22
_2196_,2027.16
_2226_,2027.06
rf.registers\[5\]\[11\],2026.74
_3235_,2026.34
net3921,2026.32
_1541_,2026.08
_0724_,2024.34
net374,2024.24
net772,2023.73
_2074_,2023.71
_3140_,2023.24
net3918,2022.82
_1486_,2022.62
_3810_,2022.44
_3034_,2022.42
net3439,2020.63
_4033_,2020.34
net116,2019.74
net2026,2019.275
net1634,2018.91
_2544_,2017.84
net897,2017.34
net1259,2016.9
rf.registers\[13\]\[23\],2016.47
_4018_,2016.46
_1490_,2016.16
net298,2016.14
net2351,2014.16
_2207_,2014.12
net2769,2013.78
net420,2013.3
_1275_,2011.94
_3888_,2011.32
_1879_,2010.8
net9,2010.08
_2014_,2009.7
_0562_,2009.48
net4060,2009.06
net4129,2008.86
net1278,2008.65
_0325_,2007.83
_0600_,2007.7
_3305_,2007.2
_3593_,2007.02
net3386,2006.51
_3724_,2006.4
_3835_,2005.84
_3213_,2005.74
_2172_,2005.1
_0154_,2004.48
rf.registers\[5\]\[16\],2004.16
rf.registers\[5\]\[0\],2004.1
net537,2004.02
_0742_,2003.83
_0277_,2003.56
net2297,2003.5
_1373_,2003.12
_3024_,2002.91
_2702_,2002.36
_3031_,2001.58
net3049,2001.14
net4040,2001.08
net3556,2000.88
_0603_,1999.26
rf.registers\[31\]\[5\],1998.34
_3363_,1998.3
_0762_,1998.16
_4088_,1997.68
_3752_,1997.34
_0809_,1997.02
net3079,1996.63
_2574_,1996.46
net3567,1996.02
net3573,1995.94
net1089,1995.9
rf.registers\[19\]\[22\],1995.86
_4160_,1995.26
net1520,1994.56
net643,1994.18
rf.registers\[11\]\[26\],1994.07
net1738,1993.76
_3548_,1993.57
rf.registers\[15\]\[16\],1993.34
_0534_,1992.96
net2682,1992.48
_3559_,1992.28
rf.registers\[19\]\[2\],1992.06
net2101,1992.03
net932,1990.92
net1132,1990.78
_0801_,1990.41
net3154,1989.98
_2334_,1989.7
net2435,1989.7
rf.registers\[13\]\[24\],1989.59
rf.registers\[18\]\[27\],1989.04
net686,1988.88
_0525_,1988.72
_0647_,1988.32
net433,1987.58
net4361,1987.55
_3100_,1987.52
_0923_,1987.36
net905,1986.88
_0097_,1986.865
net1824,1986.62
net2983,1986.26
rf.registers\[0\]\[2\],1985.94
rf.registers\[12\]\[25\],1984.98
net3603,1984.56
_1748_,1984.28
net2900,1984.26
_3313_,1983.75
_3105_,1983.69
rf.registers\[30\]\[10\],1982.9
rf.registers\[13\]\[22\],1982.88
_1086_,1982.4
net3990,1982.34
net1005,1982.22
_2174_,1981.66
rf.registers\[27\]\[16\],1981.39
net3017,1981.215
net4084,1980.7
_1632_,1980.48
_3232_,1979.94
_4151_,1979.58
net2853,1979.38
rf.registers\[14\]\[9\],1979.24
_2528_,1978.98
_2470_,1978.92
net3183,1978.83
rf.registers\[30\]\[16\],1978.67
_2300_,1978.48
_3226_,1978.38
_4144_,1978.26
net3623,1977.74
net3171,1977.44
_0911_,1977.42
_3448_,1977.34
net3148,1977.32
_2747_,1976.84
_0208_,1976.75
net2688,1976.2
net4245,1975.04
net2063,1974.74
net3574,1974.56
net849,1974.36
net680,1974.32
_3572_,1973.64
net1925,1973.36
net3234,1973.04
_3433_,1973.02
net2945,1972.91
net2029,1972.615
_2378_,1972.48
_2259_,1972.17
_1776_,1971.5
_3286_,1971.49
_3255_,1970.18
_0967_,1969.86
rf.registers\[31\]\[30\],1969.8
net3955,1969.7
_2836_,1967.9
_2660_,1966.45
net3643,1966.02
_2910_,1965.68
_3172_,1965.68
net1856,1965.6
_2236_,1965.24
_3183_,1965.1
net4333,1964.12
rf.registers\[8\]\[28\],1963.48
_3848_,1963.06
net3771,1962.98
_1718_,1962.87
net442,1961.84
_2280_,1961.67
net3451,1961.6
rf.registers\[17\]\[3\],1961.5
rf.registers\[11\]\[13\],1959.82
_3574_,1959.23
net1657,1958.78
_2374_,1958.4
_0213_,1958.345
rf.registers\[22\]\[16\],1957.36
rf.registers\[2\]\[10\],1956.74
rf.registers\[28\]\[23\],1956.11
net970,1955.88
net1256,1955.84
rf.registers\[6\]\[12\],1955.42
_2155_,1955.35
net1674,1955.1
_2500_,1955.02
net67,1954.7
_1081_,1954.66
net4405,1954.66
net3236,1954.18
net1003,1954.16
_1460_,1953.83
_2980_,1953.6
_0637_,1953.475
_4041_,1953.1
rf.registers\[12\]\[5\],1952.3
net711,1951.9
net432,1951.7
_1482_,1950.58
_0155_,1949.78
_1291_,1949.16
net702,1948.3
net1859,1947.9
rf.registers\[23\]\[29\],1947.52
rf.registers\[27\]\[26\],1947.52
net2813,1947.44
rf.registers\[0\]\[25\],1947.235
_4016_,1947
_2496_,1945.74
_2078_,1945.16
net2175,1944.96
net2846,1944.8
rf.registers\[22\]\[21\],1944.04
_4129_,1943.68
net3829,1943.63
net1616,1942.86
net3991,1942.48
rf.registers\[5\]\[30\],1942.18
rf.registers\[25\]\[24\],1941.68
rf.registers\[4\]\[2\],1941.68
_2992_,1940.92
net262,1940.88
net471,1940.42
_2439_,1940.36
net4239,1940.23
net103,1939.71
_3886_,1939.18
_3424_,1939.16
net601,1939.02
_1850_,1938.05
_0452_,1936.56
net26,1936.46
_3493_,1936.36
net3043,1935.92
_4124_,1935.86
_3360_,1935.7
_2900_,1935.68
_1312_,1935.61
_2936_,1935.38
_0399_,1935.18
net2381,1935.1
_3957_,1934.96
_0465_,1934.72
_2233_,1934.32
_3828_,1933.83
rf.registers\[10\]\[20\],1933.42
net85,1933.16
_3855_,1933
rf.registers\[14\]\[14\],1932.52
rf.registers\[30\]\[12\],1932.18
net2743,1931.77
_1303_,1931.76
_0306_,1931.725
_0007_,1931.64
net2274,1930.53
rf.registers\[16\]\[1\],1930.235
_1999_,1930.12
net4007,1929.9
net3428,1929.895
rf.registers\[19\]\[28\],1929.88
net695,1929.58
rf.registers\[26\]\[23\],1928.94
net3958,1928.08
net1828,1927.96
net2112,1927.75
_3266_,1927.72
net973,1927.6
net1521,1927.3
_2147_,1927
net4465,1926.8
_3496_,1926.78
_0957_,1926.36
net2319,1924.76
net3220,1924.76
_3354_,1923.72
_3595_,1923.46
net4430,1923.44
_3757_,1923.34
net2256,1922.95
net33,1922.61
_1871_,1922.58
_0471_,1922.48
_3033_,1922.38
_1133_,1921.4
_3744_,1921.27
_1599_,1921.02
net3310,1920.11
_3914_,1919.94
rf.registers\[1\]\[6\],1919.935
net2908,1919.48
rf.registers\[17\]\[31\],1919.38
_3825_,1918.62
net877,1918.02
net1707,1918
net2380,1917.495
_0585_,1917.085
_3908_,1916.86
_0280_,1916.84
_0068_,1916.72
rf.registers\[6\]\[1\],1915.76
_0948_,1915.09
_0596_,1914.74
_1503_,1914.7
_3520_,1913.18
_2609_,1912.8
_4164_,1912.56
rf.registers\[3\]\[9\],1912.4
net3532,1912.045
_2661_,1911.98
net2402,1911.07
_0991_,1910.8
net1619,1910.68
rf.registers\[25\]\[4\],1910.67
net2062,1910.22
_1292_,1909.8
net990,1909.2
net3094,1908.98
net3091,1908.825
rf.registers\[22\]\[29\],1908.52
net2030,1908.475
_3131_,1908.42
rf.registers\[21\]\[5\],1907.76
net3988,1907.04
_1074_,1906.98
net2626,1906.22
_3513_,1906.16
_0528_,1906.13
net888,1906.02
net917,1905.73
net1991,1905.26
rf.registers\[10\]\[28\],1905.06
rf.registers\[21\]\[8\],1905.04
_2725_,1904.76
net2141,1903.84
net1176,1903.48
_1663_,1903.43
net3878,1903
_0005_,1902.645
net4080,1901.95
_2972_,1901.94
net3124,1901.36
net3787,1901.29
_1918_,1901.18
_4198_,1900.88
_1770_,1900.62
net627,1900.38
net89,1899.96
rf.registers\[21\]\[12\],1899.12
rf.registers\[5\]\[31\],1898.86
net1253,1898.8
net3356,1898.78
_1042_,1898.6
_3428_,1898.52
net1028,1898.52
net1254,1898.03
net4054,1897.98
net2346,1897.76
net1898,1897.51
_2629_,1897.42
net3680,1897.1
net4249,1896.8
net1405,1895.86
net2377,1895.54
rf.registers\[1\]\[21\],1895.2
net2551,1895.14
rf.registers\[5\]\[20\],1894.98
_0715_,1894.895
net2471,1894.2
net4163,1893.15
net3633,1892.66
net4240,1892.02
net2399,1891.58
_0610_,1891.44
_3959_,1891.34
_3393_,1891.08
_2399_,1890.34
net3476,1889.68
rf.registers\[6\]\[17\],1888.68
rf.registers\[15\]\[7\],1888.65
net898,1887.97
net1421,1887.9
_1659_,1887.74
_1413_,1887.23
_1127_,1887.1
rf.registers\[7\]\[0\],1886.7
net3690,1886.68
_3346_,1886.63
net2901,1886.59
net1430,1885.98
net960,1885.6
_1851_,1885.54
net3925,1885.48
rf.registers\[4\]\[10\],1884.82
net3224,1884.82
net3052,1884.32
_3742_,1884.2
net2403,1883.74
net1705,1883.66
_3869_,1883.38
_3738_,1881.28
net1460,1881.06
net1418,1879.84
net1962,1879.56
rf.registers\[2\]\[27\],1879.52
net4287,1878.86
net2156,1878.8
net2483,1878.48
_3315_,1877.85
_1789_,1877.44
net3977,1877.22
rf.registers\[15\]\[2\],1876.89
net622,1876.79
_2489_,1876.7
net1675,1876.28
_2252_,1875.92
net2850,1875.24
_2894_,1874.72
net850,1873.94
net3620,1873.7
net2332,1873.69
net2910,1873.02
_3998_,1872.2
_0440_,1872.02
_3902_,1871.96
_0721_,1871.31
net1458,1871.26
net2476,1870.68
net1251,1870.46
net3974,1869.46
_1317_,1868.36
net3983,1868.04
_2873_,1867.98
net3388,1867.63
_3688_,1866.68
_3047_,1866.31
net284,1865.37
net3788,1864.76
_3046_,1864.64
net2484,1864.44
net2940,1863.91
_3543_,1863.9
net3820,1863.645
_3699_,1863.53
_3051_,1863.24
net3057,1863.11
rf.registers\[15\]\[0\],1863.02
_0149_,1862.32
net3378,1862.3
rf.registers\[3\]\[0\],1861.18
net1277,1860.48
net1257,1860.34
_0916_,1859.9
net4011,1859.24
rf.registers\[14\]\[1\],1859.2
_1235_,1858.54
rf.registers\[8\]\[29\],1858.06
net4082,1857.14
_1744_,1857.08
_4065_,1856.84
net3502,1856.58
_0579_,1856.56
net648,1856.375
rf.registers\[0\]\[18\],1855.94
net2628,1855.6
_3090_,1855.02
rf.registers\[25\]\[13\],1854.52
net3819,1854.02
net2337,1853.9
rf.registers\[14\]\[10\],1853.84
_0011_,1853.64
_3850_,1853.64
rf.registers\[30\]\[27\],1852.65
_2571_,1851.66
rf.registers\[12\]\[31\],1851.18
net3548,1850.64
_4178_,1850.22
_3451_,1850.02
_4045_,1849.6
_3432_,1849.16
net1459,1848.84
rf.registers\[15\]\[13\],1848.72
_2069_,1848.16
_1463_,1847.94
net2025,1847.93
_3896_,1847.54
rf.registers\[31\]\[10\],1845.38
rf.registers\[8\]\[30\],1844.18
rf.registers\[27\]\[17\],1842.92
net1795,1842.55
net1618,1842.18
_2218_,1842.06
_3697_,1841.66
rf.registers\[31\]\[22\],1841.66
clknet_6_32_0_CLK,1841.64
net1740,1841.38
_1223_,1840.78
net1519,1840.54
_3601_,1840.26
_3875_,1840.18
net2015,1839.6
_1114_,1837.9
_0727_,1837.1
net1753,1837.08
net3721,1837.02
rf.registers\[31\]\[17\],1836.26
_2968_,1836.25
_3873_,1835.7
net2097,1835.7
net4150,1835.7
net1704,1835.52
_4168_,1834.4
_3414_,1834.36
net1335,1834.36
_3771_,1834.3
net1787,1834.245
_3178_,1834.09
net4463,1833.73
_0805_,1833.46
net2041,1833.14
_2264_,1832.25
_3824_,1832.1
net4293,1831
net1151,1829.66
_1280_,1829.14
net3866,1828.97
_2573_,1826.54
net1062,1826.52
net1529,1826.42
_1427_,1826.17
net1774,1825.72
net2157,1825.32
net2746,1825.32
net2480,1825.28
_2208_,1825.24
rf.registers\[21\]\[6\],1825.2
_2260_,1824.9
_4142_,1824.355
_0593_,1824.3
_1642_,1824.2
_2256_,1824.04
net1199,1823.87
_1948_,1823.84
_4007_,1823.015
net1970,1822.78
net1265,1822.7
_1093_,1821.72
net704,1820.52
_2499_,1820.28
_2606_,1820.14
net1331,1819.9
net2335,1818.64
_1714_,1818.44
net3222,1818.14
net3351,1817.68
_3695_,1817.54
net2314,1817.28
rf.registers\[5\]\[12\],1817.24
net1252,1817.17
net2002,1815.81
rf.registers\[5\]\[17\],1815.56
_3723_,1815.42
_3086_,1815.26
rf.registers\[2\]\[8\],1815.04
net3716,1814.95
net477,1814.94
_0458_,1814.16
net1536,1814.1
rf.registers\[15\]\[27\],1813.4
net1788,1813.38
rf.registers\[0\]\[22\],1813.36
net968,1812.72
net2925,1812.5
rf.registers\[20\]\[30\],1811.94
rf.registers\[10\]\[1\],1811.32
_2121_,1811.3
net893,1810.88
net1505,1810.34
rf.registers\[25\]\[6\],1809.94
_2228_,1809.92
net2024,1809.92
_0366_,1809.14
net1699,1808
_4171_,1807.98
rf.registers\[20\]\[18\],1807.52
_3800_,1807.4
_2677_,1806.86
_0321_,1806.75
net2023,1806.2
net930,1806.18
net696,1806.14
net2001,1805.59
net1744,1805.5
net479,1805.17
_2234_,1804.62
_1183_,1804.49
_0919_,1803.78
net3382,1803.7
_3290_,1803.67
net1678,1803.12
net2475,1802.94
net46,1802.66
net2071,1802.28
rf.registers\[19\]\[19\],1802.055
net1420,1801.66
_4189_,1801.63
_0456_,1801
rf.registers\[31\]\[20\],1801
net2365,1799.92
net1537,1799.64
net1273,1799.13
rf.registers\[12\]\[17\],1798.6
net3697,1798.48
net2142,1798.45
net1333,1798.32
_1198_,1797.62
net4280,1796.99
net3494,1795.82
_0308_,1795.48
net3598,1794.84
_3840_,1794.64
net2016,1794.62
net566,1793.64
net1461,1793.64
net1773,1793.6
net2624,1793.54
net1264,1793.5
net3992,1793.43
net2370,1792.94
net17,1792.92
_3953_,1792.18
_3643_,1791.86
_0487_,1791.34
_3296_,1791.3
net2003,1790.4
_1840_,1790.2
_0827_,1789.625
rf.registers\[9\]\[9\],1789.62
net2022,1788.46
_4100_,1788.24
net1342,1788.1
_2754_,1788.01
_4150_,1787.54
net2140,1787.52
net2300,1787.45
net1332,1787.4
net3612,1787.34
_3631_,1787.13
net1672,1786.76
net4401,1786.43
net1662,1785.46
rf.registers\[22\]\[6\],1785.05
net1747,1784.2
net1468,1784
net1504,1783.12
net618,1783.1
_3293_,1782.62
net1656,1782.56
net2013,1782.56
net1609,1782.34
_3061_,1782.06
_2058_,1781.82
rf.registers\[17\]\[0\],1781.74
net2472,1781.56
net4242,1781.2
net2477,1781.12
_0083_,1780.57
net1051,1780.02
net2372,1779.48
net1817,1779.38
net1756,1779.08
net1739,1778.96
net1786,1778.8
_3070_,1778.12
rf.registers\[3\]\[20\],1778.09
_2421_,1777.83
_3879_,1777.78
net2478,1777.68
net1090,1777.48
_4161_,1777.32
net1771,1777.11
_2373_,1776.98
net2007,1776.78
net1730,1776.04
net2070,1775.76
_3159_,1775.68
_0508_,1775.48
net2028,1775.48
net1345,1775.32
_4023_,1775.23
_3402_,1775.06
net2962,1774.62
net1190,1774.26
rf.registers\[20\]\[19\],1774.18
net1535,1774.12
net2454,1773.58
_2209_,1773.32
_0477_,1773.28
net907,1772.96
rf.registers\[6\]\[10\],1772.66
_2877_,1772.6
net3844,1772.38
net1146,1772.32
net1530,1771.68
net2165,1771.12
_1553_,1771.1
net2088,1770.47
net1885,1770.4
net3206,1770.16
_2643_,1769.5
_4019_,1769.44
_2589_,1769.42
net1456,1769.32
_0652_,1768.98
_3668_,1768.76
rf.registers\[10\]\[29\],1768.46
net4107,1768.32
_3374_,1767.9
net1429,1767.86
_1020_,1767.52
net1972,1767.44
net3722,1767.16
net4160,1767.12
net4193,1766.99
_2849_,1766.9
net1768,1766.46
net3936,1765.77
net3429,1765.6
net3275,1765.58
_2027_,1765
net3909,1764.32
_3599_,1764.275
_3603_,1764.26
net4350,1764.26
net2536,1764.1
_0317_,1762.26
_0944_,1761.925
net2076,1761.82
net2415,1761.02
net1612,1760.98
_0165_,1760.8
net2457,1760.68
net2017,1760.52
net1532,1760.5
net2724,1760.26
rf.registers\[18\]\[2\],1760.1
net2599,1760.04
net3158,1759.82
net1655,1759.62
_1695_,1759.26
net1453,1759.26
_0951_,1759.02
net902,1758.98
rf.registers\[28\]\[28\],1758.96
net1261,1758.8
net2455,1758.73
net1523,1758.64
net2018,1758.48
net1764,1758.24
net1404,1758.06
_1353_,1757.94
_2342_,1757.78
_0324_,1757.74
_2418_,1757.74
rf.registers\[6\]\[28\],1757.69
net1701,1757.53
rf.registers\[13\]\[14\],1757.43
_3863_,1757.38
net1406,1757.18
net1712,1757.02
net2649,1756.98
net2656,1756.82
net2718,1756.76
net2937,1756.72
net1668,1756.58
rf.registers\[24\]\[9\],1756.52
_0486_,1756.38
net1509,1756.38
net3099,1756.32
net1411,1756.26
net2373,1756.24
net1270,1756.21
_4155_,1756.16
_2737_,1756.02
_0861_,1755.78
net2956,1755.78
rf.registers\[13\]\[13\],1755.54
net1968,1755.32
net2704,1755.18
net1752,1754.97
net1462,1754.93
net1452,1754.73
net1503,1754.7
net1671,1754.68
net2021,1754.61
_0987_,1754.265
net2364,1754.24
net2229,1754.11
net1522,1753.73
net2385,1753.66
rf.registers\[20\]\[13\],1753
net1615,1752.86
net2479,1752.86
net2077,1752.65
net2010,1752.59
net2073,1752.56
net2083,1752.37
net1518,1752.21
_1727_,1752.18
net2713,1752.18
net2082,1752.12
rf.registers\[16\]\[2\],1751.86
_3480_,1751.79
_0360_,1751.685
_0463_,1751.605
_0157_,1751.54
net2066,1751.535
net1455,1751.44
net3129,1750.7
net2044,1750.68
net1464,1750.46
_1298_,1750.28
net1742,1750.25
_2409_,1750.2
net2708,1750.18
net1325,1749.95
rf.registers\[1\]\[22\],1749.94
rf.registers\[5\]\[26\],1749.64
net1417,1749.58
net2074,1749.39
net1702,1749.26
_2253_,1749.08
_3306_,1749.02
_3423_,1748.94
net1266,1748.9
_1123_,1748.88
net2571,1748.74
net2122,1748.66
net2632,1748.66
net2716,1748.64
_3106_,1748.3
net1427,1748.28
net1691,1748.26
rf.registers\[4\]\[15\],1748.225
net1709,1748.08
net2040,1747.92
net2703,1747.9
rf.registers\[1\]\[26\],1747.76
net2635,1747.57
net1698,1747.56
net1713,1747.54
_2612_,1747.18
net1775,1747
_4126_,1746.84
net4147,1746.8
net1416,1746.77
net889,1746.76
net1636,1746.69
_4172_,1746.64
net3646,1746.56
net1336,1746.4
rf.registers\[16\]\[24\],1746.28
net2634,1746.08
net3848,1746.055
net2149,1745.96
net2368,1745.94
net2561,1745.9
_0826_,1745.86
rf.registers\[19\]\[3\],1745.76
net1408,1745.66
net3258,1745.57
rf.registers\[3\]\[5\],1745.54
net1260,1745.48
net2662,1745.46
_0457_,1745.36
net1784,1745.34
net1854,1745.16
net1466,1745.14
_1919_,1745.12
net2124,1745.12
rf.registers\[14\]\[29\],1745.01
net1465,1744.82
net1415,1744.81
net3002,1744.77
net37,1744.7
net1513,1744.7
net2376,1744.51
net2464,1744.46
net1710,1744.42
_3907_,1744.38
net2128,1744.36
net1763,1744.26
net775,1744.12
net2086,1744
net2006,1743.92
rf.registers\[21\]\[27\],1743.9
net2706,1743.79
net2712,1743.76
_0036_,1743.72
net2005,1743.72
net2591,1743.71
net1638,1743.6
net1531,1743.5
net1714,1743.38
net2627,1743.26
net3444,1743.22
net2089,1743.14
net2069,1743.09
net1717,1742.98
net1697,1742.96
net1428,1742.82
net2080,1742.81
net1276,1742.74
net1337,1742.57
rf.registers\[0\]\[9\],1742.54
net113,1742.52
net1967,1742.46
net2709,1742.46
_1571_,1742.37
net1780,1742.37
net2375,1742.36
net1449,1742.32
net1623,1742.16
net2707,1741.76
_3225_,1741.64
net1621,1741.63
net2699,1741.43
net1746,1741.32
net2011,1741.32
net837,1741.3
net1275,1741.28
net1502,1741.26
net2444,1741.24
net1445,1741.2
net1772,1741.16
net1451,1741.1
net1783,1740.98
_2835_,1740.88
net1279,1740.87
net1765,1740.82
_1686_,1740.76
net1410,1740.63
net1751,1740.54
net1974,1740.46
net1613,1740.42
net2081,1740.39
rf.registers\[30\]\[23\],1740.31
net1654,1740
net2701,1739.94
net1785,1739.88
net2832,1739.86
net2440,1739.48
_3011_,1739.3
_1095_,1739.12
net2448,1738.98
net2461,1738.86
net2012,1738.84
net1766,1738.75
net1708,1738.73
net1501,1738.72
net2139,1738.7
net1696,1738.69
net1412,1738.44
net1271,1738.36
net2391,1738.2
net1516,1738.12
net1514,1738
net2666,1737.91
net1750,1737.7
net1524,1737.69
_1951_,1737.53
rf.registers\[22\]\[12\],1737.51
net2700,1737.34
net2378,1737
net2710,1736.92
net2085,1736.91
net2705,1736.89
net1274,1736.83
net1444,1736.77
_1192_,1736.74
net2665,1736.7
_0341_,1736.61
net2384,1736.61
_1307_,1736.585
_0388_,1736.44
net2667,1736.4
net1715,1736.29
net2465,1736.28
net1782,1736.26
net1700,1736.24
net1781,1736.18
net2482,1736.02
net2711,1735.895
net1515,1735.82
net2382,1735.71
_3868_,1735.62
net2714,1735.48
net2439,1735.43
net1767,1735.41
net1506,1735.4
net2367,1735.39
net2664,1735.36
_1080_,1735.32
net2981,1735.32
net1745,1735.26
net2715,1735.13
net1403,1735.05
net1971,1735
net2450,1734.8
net1622,1734.69
rf.registers\[11\]\[16\],1734.52
net2668,1734
net2985,1733.95
net2401,1733.94
_0790_,1733.92
net3735,1733.66
_3655_,1733.56
net2020,1733.52
net2600,1733.43
net2033,1733.42
net2390,1733.28
net2400,1733.25
net2650,1732.87
_0834_,1732.54
net1450,1732.01
net1498,1731.96
net1153,1731.93
net2631,1731.84
rf.registers\[20\]\[5\],1731.82
net1693,1731.82
net1748,1731.68
net1692,1731.65
net2004,1731.57
net2039,1731.46
net2363,1731.21
net2730,1731.18
net2084,1731.11
net2447,1731.07
net3262,1731.01
net2079,1730.86
net2598,1730.75
net2717,1730.53
net1263,1730.18
_3186_,1730.04
net2072,1730.03
net2442,1729.77
net1414,1729.76
rf.registers\[9\]\[24\],1729.72
net1976,1729.66
rf.registers\[0\]\[29\],1729.46
net2655,1729.22
net2702,1729.1
net1512,1729.08
net2031,1728.95
net2148,1728.74
net2481,1728.56
rf.registers\[25\]\[23\],1728.21
rf.registers\[27\]\[1\],1728.21
net2458,1728.06
net2729,1728.03
_3991_,1727.8
_2081_,1727.62
_2560_,1727.56
net1611,1727.48
_2012_,1727.24
net2150,1727
_2762_,1726.98
net2549,1726.82
_4085_,1726.61
_0283_,1726.295
_2570_,1726.29
net1670,1725.76
net2648,1725.48
rf.registers\[29\]\[29\],1725.46
_1743_,1725.44
_2998_,1725.04
rf.registers\[2\]\[17\],1724.7
_3880_,1724.68
_2766_,1724.6
net2043,1724.59
net3090,1724.52
_0201_,1724.3
net2068,1723.42
_3474_,1723.055
net688,1722.5
net4046,1722.48
_3552_,1722.18
_3234_,1721.67
net1533,1721.38
_2816_,1721.22
rf.registers\[2\]\[22\],1721.16
net1711,1720.52
net2556,1720.29
rf.registers\[16\]\[3\],1720.26
rf.registers\[1\]\[5\],1720.26
_4080_,1720.24
_3725_,1719.82
rf.registers\[10\]\[7\],1719.32
_2644_,1718.98
_1407_,1718.72
_1645_,1718.3
net699,1718.16
_3016_,1718.12
net1743,1718.12
rf.registers\[16\]\[28\],1718.02
_1437_,1717.34
rf.registers\[6\]\[30\],1717.28
_0379_,1717.22
net3948,1717.18
rf.registers\[24\]\[14\],1717.04
_0315_,1716.96
_3823_,1716.74
rf.registers\[8\]\[24\],1716.395
net1676,1716.1
_0984_,1715.46
net836,1714.9
_1892_,1714.86
_0062_,1714.74
net2042,1714.74
_2953_,1714.33
_1957_,1713.94
net2807,1713.68
net4325,1713.32
net2151,1713.26
net1334,1713.24
net2906,1713.15
_1766_,1712.96
net3890,1712.74
net3225,1712.63
net979,1712.5
net3879,1712.08
_2310_,1710.88
net616,1710.68
clknet_6_54_0_CLK,1709.82
net2522,1709.76
rf.registers\[24\]\[8\],1709.62
net76,1709.58
net2034,1709.25
_3911_,1708.8
_1635_,1708.53
_0523_,1708.365
net2629,1707.76
net2459,1707.66
net2663,1707.44
net3609,1707.44
net1182,1707.14
_2598_,1706.985
_3464_,1706.96
net2636,1706.76
_4022_,1706.58
_0614_,1706.31
net1407,1705.38
net1975,1705.22
rf.registers\[9\]\[5\],1704.76
net1673,1704.76
clknet_6_2_0_CLK,1704.14
_0276_,1703.9
net2369,1703.16
_0785_,1703.02
rf.registers\[1\]\[16\],1702.8
_0680_,1702.325
net2473,1702.32
_2619_,1701.82
net3662,1701.72
_1694_,1701.65
net1741,1701.35
_2135_,1700.66
rf.registers\[24\]\[24\],1700.44
net2449,1700.16
net1488,1699.6
_3839_,1699.5
_1366_,1699.4
net1346,1699.14
_3838_,1699.12
_3204_,1699.06
net851,1698.32
net2067,1698.2
net3433,1697.92
net437,1697.42
_0729_,1696.9
net3507,1696.34
net2725,1695.34
rf.registers\[27\]\[4\],1695.3
net1706,1695.3
net1419,1695.26
net1454,1695.22
net2474,1694.94
_3960_,1694.86
net2651,1694.72
rf.registers\[27\]\[24\],1694.66
net1463,1694.62
net3531,1694.54
_1773_,1694.52
net677,1694.32
net1969,1694.32
net3119,1694.3
net1446,1694.12
net2485,1693.9
_1478_,1693.64
_0128_,1693.4
_3110_,1693.38
_0683_,1693
net2014,1692.76
net1620,1692.72
net1617,1692.52
net2731,1691.7
net2540,1691.61
net2075,1691.42
net2366,1691.4
net2371,1691.155
_3403_,1690.92
_3297_,1690.8
net2392,1690.72
net1413,1690.55
net2633,1689.76
net2955,1689.71
net2166,1689.2
_0092_,1688.965
_0922_,1688.76
net1614,1688.68
net2032,1688.53
net1008,1688.42
_3600_,1688.22
net1272,1688.12
_0709_,1688.06
net2379,1688.02
_3071_,1688
net2383,1687.78
net4251,1687.73
net1679,1687.5
net1637,1687.26
net1149,1687.18
net1457,1687.14
net1973,1687.08
net1154,1687.02
net1731,1686.71
net2443,1686.46
net2630,1686.34
net1280,1686.28
net1703,1686.2
_1218_,1686.1
net2592,1686.07
rf.registers\[26\]\[10\],1686.01
net2019,1685.69
net2456,1685.62
_0595_,1685.56
_0559_,1685.5
net3350,1685.26
net2087,1685.14
_1254_,1685.12
net1749,1685.02
net1610,1685
_0485_,1684.68
net2125,1684.52
net3906,1684.48
_2812_,1684.38
net1409,1684.28
net2078,1684.08
rf.registers\[28\]\[11\],1684.02
net2441,1683.98
net1157,1683.97
net1716,1683.96
_2801_,1683.8
rf.registers\[15\]\[30\],1683.45
net2374,1683.4
net4231,1683.4
net1431,1683.22
net1669,1683.22
_0926_,1683.18
net2152,1682.66
net1757,1682.06
_0029_,1681.76
_3319_,1681.48
net3661,1681.26
net1262,1681.12
net1517,1680.32
_1896_,1679.995
net2065,1679.65
_1231_,1679.615
rf.registers\[21\]\[30\],1679.61
net1754,1679.52
rf.registers\[7\]\[18\],1679.395
_2338_,1679.12
rf.registers\[25\]\[17\],1678
net1677,1677.8
net32,1677.54
net4023,1675.96
net4141,1675.3
_3841_,1674.73
net2159,1674.5
_2946_,1674.38
net2625,1674.19
net2460,1673.68
rf.registers\[28\]\[22\],1673.39
_1966_,1672.74
_2115_,1672.68
net3799,1672.36
net1541,1672.28
_2842_,1670.82
_1906_,1670.54
net1152,1670.44
net2696,1670.39
_3350_,1670.22
net3166,1669.96
_1369_,1669.92
rf.registers\[21\]\[28\],1669.67
rf.registers\[5\]\[5\],1669.5
_3270_,1668.85
net687,1668.62
net1762,1668.59
net2560,1668.21
_0884_,1667.62
_1601_,1667.32
_2578_,1666.5
_1278_,1666.47
net1006,1666.42
_2659_,1666.22
_1715_,1666.13
rf.registers\[31\]\[4\],1666.08
_3551_,1664.99
rf.registers\[12\]\[27\],1663.96
_0393_,1663.14
_0914_,1663
_1728_,1662.98
_0776_,1661.6
net3460,1660.46
net2907,1659.96
_4091_,1659.32
net2683,1658.62
_1941_,1658.58
net2334,1658.34
net1187,1656.96
_0297_,1656.82
_2566_,1656.035
net3600,1655.405
_2048_,1655.12
_2514_,1654.98
_3766_,1654.8
rf.registers\[14\]\[19\],1654.385
_1804_,1653.86
_2279_,1653.76
clknet_6_42_0_CLK,1653.515
rf.registers\[3\]\[4\],1653.36
rf.registers\[5\]\[9\],1652.7
_3230_,1652.68
_3307_,1652.47
_0850_,1652.44
rf.registers\[16\]\[13\],1652.2
rf.registers\[6\]\[22\],1651.58
_0113_,1651.18
rf.registers\[4\]\[21\],1651.08
_1160_,1650.94
net410,1650.92
_1173_,1650.26
rf.registers\[3\]\[7\],1648.4
net2499,1648.28
net2738,1647.52
_0136_,1647.48
net2359,1647.1
rf.registers\[7\]\[19\],1646.44
_1581_,1645.44
rf.registers\[6\]\[3\],1644.86
net2737,1644.72
_2158_,1644.32
_1784_,1643.95
_0266_,1643.48
_1251_,1641.34
_0022_,1640.4
net3095,1639.94
_3436_,1637.96
clknet_6_12_0_CLK,1637.88
_2556_,1637.48
_2572_,1637.04
_3941_,1636.82
_1699_,1636.44
_0326_,1636.38
_1592_,1635.68
net908,1635.64
rf.registers\[20\]\[21\],1635.22
net3605,1634.86
rf.registers\[12\]\[21\],1634.66
clknet_6_18_0_CLK,1634.6
_1796_,1633.22
_1633_,1632.64
_2665_,1631.84
rf.registers\[15\]\[10\],1631.76
net3178,1631.72
net1796,1631.64
net1400,1631.56
_2991_,1630.46
net3000,1630.22
net3004,1630.05
net3339,1629.78
net3229,1628.99
net2830,1628.76
rf.registers\[3\]\[11\],1628.58
net3686,1628.44
_0605_,1627.955
net378,1626.86
net3152,1626.72
_2021_,1626.46
rf.registers\[21\]\[16\],1625.01
_1537_,1624.6
_4110_,1624.26
_1469_,1624.16
rf.registers\[21\]\[26\],1623.18
_2318_,1622.76
net1490,1622.76
_3089_,1622.74
_2124_,1620.82
_2552_,1620.55
rf.registers\[1\]\[30\],1619.02
net1133,1619.02
_0890_,1617.8
_2053_,1616.72
_3962_,1616.72
_1505_,1615.52
_3349_,1615.28
_1542_,1614.92
net55,1614.22
_3482_,1614.1
_3604_,1613.96
net3622,1613.64
_2925_,1613.06
net3264,1612.92
_2161_,1612.7
net3762,1612.5
_2216_,1612.1
_0976_,1611.8
rf.registers\[4\]\[9\],1611.44
_0799_,1611.06
rf.registers\[29\]\[21\],1610.84
_1940_,1610.64
net3447,1610.64
_1536_,1610.1
_4128_,1610.04
_1191_,1609.94
_1376_,1609.26
clknet_6_56_0_CLK,1608.195
_3330_,1607.92
rf.registers\[29\]\[18\],1606.65
net2757,1606.18
_0503_,1606.15
_3376_,1606.07
rf.registers\[26\]\[15\],1605.22
net3413,1605.04
net3011,1604.83
_0102_,1604.68
_2917_,1604.58
net3189,1604.3
rf.registers\[15\]\[29\],1603.53
rf.registers\[22\]\[25\],1602.995
net1100,1602.8
net714,1602.24
rf.registers\[11\]\[31\],1602.02
net4236,1601.74
net3360,1601.28
rf.registers\[5\]\[27\],1601.24
_1147_,1600.94
_2908_,1600.6
net1858,1599
_3597_,1598.12
_1651_,1597.53
_2175_,1596.06
net3362,1595.66
net3503,1594.8
rf.registers\[30\]\[24\],1594.57
_0196_,1593.38
_1360_,1593.23
_2440_,1592.64
_1210_,1592.58
net4369,1592.46
rf.registers\[19\]\[27\],1591.6
_1345_,1591.52
net4410,1591.5
rf.registers\[17\]\[22\],1591.4
_4014_,1590.64
rf.registers\[24\]\[22\],1590.12
net2296,1589.64
_1354_,1589.3
_3608_,1589.08
_3447_,1588.38
net4077,1587.82
net1608,1587.67
_3939_,1585.92
_1945_,1585.9
_0482_,1585.8
_1457_,1585.7
_0846_,1585.475
net855,1584.94
_1355_,1584.68
rf.registers\[5\]\[21\],1584.27
net3065,1584.08
_0106_,1583.56
_1115_,1582.86
_3314_,1582.83
_0364_,1582.8
_1211_,1582.05
_1416_,1581.52
_2353_,1581.32
rf.registers\[30\]\[9\],1581.3
_0613_,1581.22
rf.registers\[24\]\[2\],1580.98
_2340_,1580.89
rf.registers\[30\]\[14\],1579.68
_0873_,1579.34
rf.registers\[19\]\[7\],1579.02
_3265_,1578.92
_2502_,1578.32
_2624_,1578.06
net698,1577.44
_2856_,1577.26
_1636_,1576.45
rf.registers\[14\]\[31\],1575.33
_2189_,1574.94
_2266_,1574.56
rf.registers\[22\]\[31\],1573.5
rf.registers\[26\]\[7\],1573.21
_1128_,1573.08
rf.registers\[7\]\[15\],1572.82
net4398,1572.22
rf.registers\[24\]\[13\],1571.92
_0337_,1571.08
clknet_6_55_0_CLK,1569.84
net3334,1569.25
net959,1568.74
_0843_,1568.48
_3634_,1568.48
_3677_,1568.26
_0894_,1568.13
clknet_6_36_0_CLK,1566.64
_3342_,1566.35
net4237,1566.32
_0438_,1565.605
_0792_,1565.13
_2075_,1565
rf.registers\[8\]\[16\],1563.98
_2320_,1562.9
rf.registers\[21\]\[10\],1561.91
_1441_,1561.72
_2940_,1561.67
_3870_,1561.44
net1234,1561.09
rf.registers\[19\]\[6\],1561.06
_3935_,1560.86
_1468_,1559.84
_3195_,1559.38
_3931_,1559.12
_0450_,1558
net857,1557.22
_2679_,1555.52
_0530_,1555.5
_0960_,1555.335
_1924_,1555.14
rf.registers\[8\]\[9\],1554.96
clknet_6_47_0_CLK,1554.915
_0634_,1554.84
_4170_,1554.36
_1751_,1554.1
_3995_,1553.1
rf.registers\[24\]\[1\],1552.66
_2823_,1552.46
_3348_,1552.26
_2964_,1552.22
net3793,1551.88
_3259_,1551.7
net3889,1550.66
_2203_,1549.8
rf.registers\[6\]\[4\],1549.42
_3477_,1549.37
_0174_,1548.14
_3276_,1548.04
_1712_,1547.82
rf.registers\[12\]\[12\],1547.64
_1798_,1547.24
_1997_,1546.22
_3112_,1543.58
_0768_,1543.46
_3356_,1543.2
_3691_,1542.24
_3739_,1541.52
net1499,1540.88
clknet_6_57_0_CLK,1540.78
_0091_,1540.42
rf.registers\[15\]\[28\],1540.36
net2824,1540.04
_0143_,1539.465
rf.registers\[24\]\[15\],1539.12
_3108_,1538.48
rf.registers\[22\]\[7\],1538.38
_0123_,1538.34
_0978_,1538.1
_1827_,1536.96
net3093,1536.79
_4111_,1536.76
_2840_,1536.72
_2063_,1536.56
rf.registers\[24\]\[0\],1536.56
_2149_,1536.54
_1857_,1536.36
clknet_6_58_0_CLK,1535.64
_1980_,1535.4
rf.registers\[19\]\[12\],1535.24
_2325_,1534.72
clknet_6_4_0_CLK,1534.51
_0529_,1534.28
_2198_,1534.22
_0330_,1532.36
net2811,1532.24
_3921_,1532.02
rf.registers\[8\]\[11\],1530.1
_2568_,1529.42
_1606_,1529.06
_1065_,1528.9
_1551_,1528.75
_0002_,1528.465
_1420_,1527.7
clknet_6_31_0_CLK,1527.38
_2319_,1527.02
_2143_,1526.78
_3901_,1525.93
_3976_,1525.68
_1803_,1525.5
_0800_,1524.68
_2043_,1524.64
net3146,1524.22
rf.registers\[8\]\[10\],1523.88
_2212_,1523.66
rf.registers\[0\]\[7\],1523.46
_1782_,1523.16
_1157_,1522.92
_2286_,1522.9
net3932,1521.76
net3971,1521.22
_3194_,1520.7
net347,1520.66
net25,1519.98
_0701_,1519.69
net551,1518.56
rf.registers\[16\]\[14\],1517.76
rf.registers\[16\]\[27\],1517.64
_2267_,1517.19
_2847_,1516
_1628_,1515.96
_2379_,1515.44
_1516_,1514.7
_2128_,1514.2
_3017_,1514.08
rf.registers\[3\]\[23\],1514.02
net69,1513.74
_2324_,1513.64
clknet_6_16_0_CLK,1513.615
clknet_6_14_0_CLK,1513.46
_2217_,1512.84
net920,1512.5
_1206_,1512
rf.registers\[1\]\[2\],1511.84
net2863,1511.3
_0625_,1510.8
net3873,1510.78
rf.registers\[26\]\[16\],1510.76
_1753_,1510.64
_3343_,1509.79
rf.registers\[21\]\[15\],1508.2
_1648_,1507.37
_2467_,1507.22
_4009_,1506.97
_0449_,1506.54
_2923_,1505.32
_1540_,1504.86
_2646_,1504.4
_1295_,1504.28
rf.registers\[4\]\[31\],1504.18
net3888,1503.54
net1178,1503.32
rf.registers\[7\]\[28\],1503.3
clknet_6_45_0_CLK,1502.88
_1428_,1502.44
_3542_,1502.34
_3443_,1502.07
_3377_,1501.66
_1142_,1501.18
_3860_,1500.86
_1267_,1499.62
_4141_,1499.62
_3915_,1498.34
net674,1497.88
rf.registers\[30\]\[3\],1497.5
_1329_,1496.99
rf.registers\[17\]\[29\],1496.9
_0886_,1496.405
_0045_,1496.38
net157,1496.08
rf.registers\[7\]\[3\],1496.03
_3547_,1495.94
_3563_,1495.88
_0590_,1495.05
_1585_,1494.9
_1564_,1494.44
_1583_,1493.2
_0349_,1492.86
_3179_,1491.53
_0952_,1491.485
net557,1491.28
rf.registers\[2\]\[0\],1491.12
_0546_,1490.52
net3559,1488.76
_3694_,1488.4
rf.registers\[4\]\[8\],1487.46
_0263_,1487.38
_1973_,1487.18
_0935_,1487.14
net670,1487.08
_2522_,1486.52
_2915_,1486.42
_1118_,1485.37
_2197_,1485.09
_2538_,1484.34
rf.registers\[28\]\[5\],1483.74
_0409_,1483.4
net4246,1483.23
net858,1483.22
rf.registers\[19\]\[4\],1482.9
_3532_,1482.78
rf.registers\[2\]\[13\],1482.72
_3746_,1482.7
_3450_,1482.58
rf.registers\[0\]\[26\],1480.52
_1040_,1480.42
net2914,1479.97
rf.registers\[23\]\[11\],1479.54
net30,1479.44
rf.registers\[21\]\[7\],1478.99
rf.registers\[5\]\[13\],1478.72
_1994_,1478.42
_0714_,1478.22
_0459_,1478
_4115_,1477.34
_0728_,1477.28
_1137_,1476.74
_2294_,1476.62
_2640_,1476.6
_1400_,1476.2
net3410,1476.02
net1069,1475.92
_1059_,1475.84
rf.registers\[14\]\[4\],1475.58
rf.registers\[7\]\[5\],1475.58
_3019_,1475.56
_2214_,1475.2
rf.registers\[16\]\[0\],1475.12
rf.registers\[30\]\[29\],1475.02
net5,1474.96
_2886_,1474.82
_3731_,1474.8
net219,1474.78
net3140,1474.73
rf.registers\[28\]\[29\],1474.62
_3667_,1473.98
rf.registers\[1\]\[24\],1473.95
_0806_,1473.7
_1594_,1473.62
rf.registers\[16\]\[16\],1473.235
rf.registers\[9\]\[10\],1472.69
_3905_,1472.64
_0058_,1472.565
net3901,1471.72
_0723_,1470.94
net100,1470.74
_1778_,1470.5
_0734_,1469.9
_1336_,1469.5
_2505_,1469.5
_0686_,1469.3
_1612_,1468.49
net3134,1468.12
_0363_,1468.035
_0241_,1468.025
_2054_,1467.58
rf.registers\[24\]\[20\],1467.54
_1085_,1466.98
_0498_,1466.48
net2851,1466.3
rf.registers\[13\]\[20\],1466.16
rf.registers\[26\]\[18\],1466.065
_2403_,1466.06
_1543_,1465.74
_4220_,1465.16
_0437_,1465.06
_1406_,1464.75
rf.registers\[0\]\[6\],1464.68
_0436_,1464.26
_1442_,1463.98
rf.registers\[19\]\[20\],1463.86
_2763_,1463.22
_2449_,1462.62
_2477_,1462.4
_1986_,1462.06
_0265_,1462
rf.registers\[30\]\[6\],1462
rf.registers\[1\]\[23\],1461.86
_0187_,1461.68
rf.registers\[26\]\[9\],1461.64
_0707_,1461.52
_1701_,1461.24
_2520_,1460.92
net373,1460.4
_3373_,1459.54
net848,1459.54
_1647_,1458.82
net3498,1457.82
_0920_,1457.78
_0313_,1457.475
_2596_,1456.4
_0166_,1456.21
_1984_,1456.18
rf.registers\[22\]\[2\],1456.12
rf.registers\[23\]\[19\],1455.76
_0041_,1455.695
_0824_,1454.98
_3139_,1453.56
net3995,1452.76
rf.registers\[14\]\[6\],1452.14
rf.registers\[18\]\[23\],1450.515
rf.registers\[20\]\[24\],1448.3
_4012_,1448.06
_0813_,1447.32
_3644_,1446.48
_1051_,1445.96
_3197_,1445.95
_3670_,1444.74
_0107_,1444.4
net3233,1443.56
_2988_,1442.02
_1673_,1441.74
_1340_,1441.72
_1623_,1441.44
net3510,1441.335
_2482_,1441.26
net737,1441.24
_0908_,1440.02
_3177_,1439.82
_2532_,1439.72
net2584,1439.04
net976,1438.66
net3551,1438.56
net3105,1438.36
net3549,1438.32
_1484_,1438.22
_3063_,1437.58
rf.registers\[17\]\[10\],1437.5
_1145_,1437.38
net3346,1437.28
net2318,1437.06
_1637_,1436.6
_0094_,1436.56
rf.registers\[10\]\[10\],1436.36
_1287_,1435.44
_4113_,1434.79
rf.registers\[28\]\[17\],1434.79
_1867_,1434.54
_2080_,1434.2
_1472_,1434.08
clknet_6_25_0_CLK,1433.72
_3776_,1433.24
rf.registers\[1\]\[14\],1432.98
clknet_6_37_0_CLK,1432.885
_2693_,1432.4
_3727_,1431.92
rf.registers\[20\]\[27\],1431.44
clknet_6_5_0_CLK,1430.86
_2269_,1430.8
_0247_,1430.44
_4054_,1430.11
clknet_6_15_0_CLK,1429.98
_1914_,1429.71
_1937_,1429.4
net2331,1428.85
_1626_,1428
_0775_,1427.82
_3717_,1427.62
_2395_,1427.16
rf.registers\[3\]\[25\],1427
_1561_,1426.82
rf.registers\[17\]\[25\],1426.7
_0876_,1426.64
_1105_,1426.08
_4090_,1425.8
_1273_,1425.62
net3478,1425.04
_2681_,1423.75
_1555_,1423.47
_3994_,1422.08
clknet_6_44_0_CLK,1421.54
_3311_,1421.41
rf.registers\[11\]\[12\],1421.02
_3338_,1420.8
rf.registers\[5\]\[2\],1419.32
net3645,1418.86
rf.registers\[23\]\[12\],1418.68
_2689_,1418.54
_0990_,1418.48
_1126_,1416.6
rf.registers\[7\]\[11\],1416.38
rf.registers\[0\]\[11\],1415.84
_3267_,1415.76
net1355,1415.66
_2494_,1415.4
rf.registers\[1\]\[4\],1414.78
_1854_,1413.22
_1410_,1413.11
_4156_,1412.96
net429,1412.94
_0677_,1412.88
_3368_,1410.82
_0830_,1410.66
_1762_,1409.7
_1688_,1409.46
_2050_,1409.44
_2485_,1408.96
net4067,1408.56
net1177,1408.3
net1010,1408.03
rf.registers\[18\]\[16\],1407.2
_2557_,1406.52
_3201_,1406.34
_3462_,1406.2
_3533_,1405.4
_0891_,1404.94
_0665_,1404.52
_3295_,1404.12
_3714_,1403.8
_1177_,1403.46
rf.registers\[3\]\[15\],1401.54
rf.registers\[5\]\[24\],1401.04
clknet_6_8_0_CLK,1399.72
rf.registers\[5\]\[4\],1398.86
clknet_6_49_0_CLK,1398.6
net1174,1398.26
_3066_,1398.22
_2093_,1397.74
net542,1397.34
net3020,1397.08
_0866_,1397.04
net901,1396.9
_2105_,1395.86
net2752,1395.32
rf.registers\[8\]\[7\],1395.14
_3729_,1394.92
clknet_6_22_0_CLK,1394.26
net3500,1392.24
clknet_6_41_0_CLK,1391.92
_0642_,1391.56
net485,1391.56
_2896_,1391.28
_1970_,1390.32
rf.registers\[28\]\[16\],1389.96
rf.registers\[24\]\[25\],1389.76
rf.registers\[25\]\[29\],1389.56
clknet_6_33_0_CLK,1389.34
rf.registers\[3\]\[29\],1389.3
_2009_,1389.16
clknet_6_17_0_CLK,1387.2
_1129_,1387.02
rf.registers\[26\]\[25\],1386.965
_3289_,1386.92
rf.registers\[28\]\[0\],1386.9
_1079_,1386.88
_3812_,1386.34
net1167,1386.02
rf.registers\[11\]\[27\],1385.64
net3294,1385.44
_2376_,1384.7
_2090_,1384.62
_2463_,1383.72
_1886_,1383.68
net3320,1383.68
_3454_,1383
_1419_,1382.96
clknet_6_62_0_CLK,1382.3
net660,1382.24
_3483_,1382.04
net628,1381.12
_2948_,1380.98
_3592_,1380.96
_3128_,1380.16
rf.registers\[27\]\[9\],1380.02
net2204,1379.98
net2984,1379.72
rf.registers\[3\]\[24\],1379.64
rf.registers\[22\]\[27\],1376.74
_1972_,1376.43
_0194_,1375.68
_4034_,1375.62
_0014_,1375.4
rf.registers\[3\]\[21\],1374.14
rf.registers\[15\]\[1\],1373.96
net512,1373.92
_1214_,1373.36
_1578_,1373.16
rf.registers\[23\]\[14\],1373.15
_0144_,1372.6
rf.registers\[7\]\[27\],1372.2
rf.registers\[16\]\[21\],1371.36
net513,1371.33
_4047_,1370.68
rf.registers\[30\]\[25\],1369.96
net2562,1369.78
_1121_,1369.36
_3378_,1368.04
_1729_,1367.87
_0550_,1367.76
net92,1367.26
net3770,1367.16
net2558,1366.06
_0711_,1365.96
net3877,1364.8
_0563_,1364.6
_0269_,1364.48
rf.registers\[20\]\[1\],1364.3
_3156_,1364.02
net460,1363.71
rf.registers\[20\]\[4\],1363.26
_2735_,1362.8
net2330,1362.44
net61,1362.38
_2169_,1361.88
_1087_,1361.52
rf.registers\[7\]\[23\],1361.18
_1412_,1360.4
_3578_,1359.6
net3139,1359.52
_4135_,1359.02
_1987_,1358.97
_0561_,1358.715
_1368_,1358.42
_3469_,1358.06
_3111_,1357.78
_2745_,1357.62
_3791_,1357.41
_4162_,1356.78
_3193_,1356.7
rf.registers\[21\]\[22\],1356.48
rf.registers\[16\]\[26\],1356.2
_1016_,1355.3
net1091,1354.48
clknet_6_21_0_CLK,1354.195
net672,1354.14
clknet_6_40_0_CLK,1353.6
clknet_6_20_0_CLK,1353.46
_0760_,1353.115
net572,1351.56
_1787_,1351.02
clknet_6_43_0_CLK,1350.72
_2010_,1350.64
_1740_,1349.9
_2695_,1349.17
_2736_,1349.16
_1856_,1348.6
_1338_,1348.52
_1448_,1348.42
rf.registers\[11\]\[4\],1348.04
_3476_,1347.58
_3864_,1347.05
_2513_,1345.66
_3309_,1344.87
net16,1344.32
rf.registers\[26\]\[29\],1342.84
_2778_,1342.4
net673,1341.8
clknet_6_9_0_CLK,1341.45
_3409_,1341.4
_4149_,1340.16
net290,1339.78
_1498_,1339.74
net148,1337.56
_0675_,1336.56
rf.registers\[0\]\[5\],1335.1
_0506_,1335.095
net556,1334.88
net316,1334.74
_2004_,1333.34
_1967_,1333.32
net2781,1333.3
rf.registers\[16\]\[7\],1332.54
net173,1332.24
_2278_,1332.14
net461,1332.14
net115,1331.32
net1179,1330.84
net943,1329.34
net840,1329.26
_0953_,1329
net1292,1326.12
net159,1326.04
net3347,1324.66
net1680,1323.94
_1187_,1323.78
clknet_6_60_0_CLK,1323.66
net3407,1323.4
net4344,1322.94
_1325_,1322.16
_3009_,1322.1
_0664_,1321.85
net1205,1321.82
_2195_,1321.64
rf.registers\[27\]\[22\],1321.36
rf.registers\[0\]\[1\],1321.02
_1996_,1320.93
rf.registers\[5\]\[18\],1320.24
_1237_,1319.79
_1452_,1319.76
clknet_6_27_0_CLK,1319.51
net158,1319.44
clknet_6_13_0_CLK,1319.34
_2709_,1318.64
net3699,1318.58
_3396_,1318.29
_3891_,1317.52
_0475_,1316.485
_1049_,1316.32
net317,1316.2
net555,1316.08
clknet_6_11_0_CLK,1315.86
net1340,1315.68
net938,1314.86
rf.registers\[20\]\[7\],1314.24
net2992,1314.13
_1471_,1313.82
rf.registers\[24\]\[30\],1313.32
net629,1313.02
rf.registers\[11\]\[5\],1312.74
rf.registers\[17\]\[9\],1312.36
net631,1312.26
rf.registers\[24\]\[12\],1312.04
net483,1311.8
_1359_,1311.52
_1926_,1311.37
_2492_,1310.84
_1425_,1310.68
_1903_,1310.54
_0748_,1310.24
rf.registers\[3\]\[14\],1309.9
clknet_6_53_0_CLK,1309.68
net931,1309.62
net3785,1308.4
rf.registers\[12\]\[16\],1308.28
rf.registers\[26\]\[19\],1307.98
net311,1307.4
net2244,1307.28
net2567,1307.22
_2150_,1306.34
_3219_,1306.26
_1865_,1306.14
_2165_,1305.18
_0050_,1305.15
rf.registers\[14\]\[8\],1304.48
_0302_,1304.4
_2813_,1303.88
rf.registers\[15\]\[8\],1303.46
net596,1302.96
_1943_,1302.88
net2179,1302.64
net859,1302.56
_0075_,1301.9
_1509_,1301.58
net1356,1300.98
rf.registers\[15\]\[11\],1300.78
net338,1300.7
net285,1300.54
_0697_,1300.36
net630,1299.81
rf.registers\[18\]\[20\],1299.32
_0527_,1299.04
net180,1299.02
clknet_6_48_0_CLK,1299.02
_1067_,1298.77
net3930,1298.715
_0073_,1298.66
_2215_,1298.4
_0511_,1297.115
_1692_,1296.88
_0289_,1296.535
_2140_,1295.98
clknet_6_24_0_CLK,1295.92
_2653_,1295.86
_2013_,1295.26
net1044,1295
_1281_,1293.86
net3747,1293.4
net2840,1293.1
net2968,1291.86
net3372,1291.75
_3899_,1291.74
_0472_,1291.26
_0189_,1291.22
net558,1290.78
net493,1290.74
_1764_,1290.17
net620,1290.06
_3113_,1289.7
_0765_,1289.16
_2160_,1288.84
net718,1288.61
clknet_6_63_0_CLK,1287.62
_1845_,1287.58
_2038_,1286.86
net1684,1286.78
rf.registers\[12\]\[3\],1286.09
net174,1286.02
clknet_6_61_0_CLK,1285.65
net1101,1285.38
rf.registers\[18\]\[30\],1285.26
_3191_,1284.86
rf.registers\[9\]\[23\],1284.76
net1481,1284.54
net638,1284.46
_2152_,1283.38
net3739,1283.32
net1163,1283.18
net74,1282.98
rf.registers\[14\]\[11\],1282.92
_2171_,1282.78
net2876,1282.74
net961,1282.14
net1487,1282.08
rf.registers\[12\]\[4\],1282.03
net214,1281.62
net1286,1281.58
_3190_,1280.9
rf.registers\[17\]\[24\],1280.76
_2437_,1280.34
net267,1280.34
_1132_,1280.16
_0881_,1280.06
net1319,1279.28
net233,1278.8
_2277_,1278.56
net391,1278.56
net665,1278.38
net832,1278.38
net291,1278.26
net1347,1277.6
net1076,1277.18
_3926_,1276.72
net589,1276.58
_0900_,1276.19
_0859_,1276.12
net288,1275.725
_1842_,1275.24
net534,1275.22
net1043,1274.98
_3818_,1274.32
net1343,1274.32
_4086_,1274.22
_3588_,1274.2
_0446_,1273.86
net2184,1273.78
rf.registers\[29\]\[30\],1273.76
_2541_,1272.96
net1165,1272.92
rf.registers\[22\]\[28\],1272.82
net286,1272.8
_3068_,1272.78
_1671_,1272.52
_1520_,1272.22
_1246_,1271.34
_1982_,1271.1
net504,1270.8
net450,1270.78
rf.registers\[13\]\[29\],1270.19
net187,1270.18
net407,1269.14
rf.registers\[25\]\[11\],1268.86
rf.registers\[18\]\[9\],1268.76
_0524_,1268.68
net1476,1268.38
net2298,1268.23
rf.registers\[7\]\[29\],1268.02
net248,1267.86
_0567_,1266.97
net223,1266.88
rf.registers\[22\]\[19\],1266.41
net211,1266.08
net1478,1265.36
net81,1265.2
net3709,1265.14
_1398_,1264.3
_2930_,1264.28
_0624_,1264.175
net545,1264.1
net527,1264.09
net3614,1263.94
_2546_,1263.7
_2846_,1263.6
_0998_,1263.03
net1065,1262.5
_0410_,1262.2
net365,1262.2
rf.registers\[2\]\[23\],1261.66
_1488_,1261.6
clknet_6_50_0_CLK,1261.35
net761,1260.96
_1598_,1260.88
net1326,1260.64
net1339,1260.53
rf.registers\[27\]\[23\],1260.34
net1075,1260.02
clknet_6_46_0_CLK,1260
net1492,1259.96
_0700_,1259.78
net239,1259.56
net505,1259.54
_1607_,1259.08
rf.registers\[8\]\[3\],1259
net2789,1258.93
_0052_,1258.4
net172,1258.24
net1510,1258.22
net2183,1258.12
net753,1257.64
rf.registers\[30\]\[28\],1256.76
net1448,1256.48
net335,1256.4
_3598_,1256.28
net819,1256.16
_1318_,1255.64
net1022,1255.46
net1085,1254.7
_3988_,1254.68
net2734,1254.53
clknet_6_3_0_CLK,1254.04
_3010_,1254.02
net1315,1253.94
net951,1253.91
net604,1253.88
_3755_,1253.52
_2890_,1253.32
net464,1253.18
_2057_,1253.08
net256,1253.04
_1411_,1253.02
_2025_,1252.28
_1101_,1251.9
_2783_,1251.88
_0163_,1251.52
_0186_,1250.42
net546,1250.38
net458,1250.22
_2243_,1249.76
_2567_,1249.44
rf.registers\[8\]\[25\],1248.9
net393,1248.86
net2329,1248.4
rf.registers\[22\]\[26\],1248.22
_1240_,1247.54
_2339_,1247.48
net185,1247.48
_3564_,1247.18
clknet_6_6_0_CLK,1247.06
_1459_,1246.93
_0381_,1246.92
net1209,1246.72
net645,1246.52
_2380_,1245.82
net1283,1245.48
_1709_,1245.42
_1431_,1245.08
net910,1244.32
net354,1244.06
_3407_,1244.04
_3641_,1243.62
net2933,1243.44
net944,1243.38
net730,1242.5
_2781_,1242.28
_2265_,1242.14
_1149_,1241.66
net657,1241.54
rf.registers\[22\]\[4\],1241.46
_1439_,1241.14
net825,1240.8
net949,1240.32
rf.registers\[27\]\[19\],1240.24
_3398_,1239.58
_1462_,1239.5
_4028_,1239.16
net576,1238.7
_2210_,1238.08
_4081_,1238
_0842_,1237.89
net559,1237.84
_2919_,1237.64
net215,1237.62
_1858_,1237.54
net1064,1237.54
_1037_,1237
net747,1236.66
_1286_,1236.59
net1034,1236.56
_0791_,1235.64
_0929_,1234.86
_3975_,1234.24
_1007_,1233.185
net940,1233.08
net3719,1232.8
net60,1232.78
rf.registers\[0\]\[12\],1232.44
_1395_,1232.4
net962,1232.32
clknet_6_38_0_CLK,1231.845
_2168_,1231.72
net666,1231.7
net2572,1231.32
net3938,1231.24
net963,1231.08
_3291_,1230.8
_3954_,1230.42
_3093_,1229.625
_1661_,1229.3
clknet_6_35_0_CLK,1229.06
net212,1228.62
net827,1227.66
_2028_,1226.66
net368,1226.38
net609,1226.32
_0423_,1226.185
net869,1225.92
_3013_,1225.26
net289,1225.04
_1387_,1224.94
net833,1224.68
_2079_,1224.53
_2154_,1224.44
net387,1223.72
_4200_,1223.16
net633,1223.16
rf.registers\[10\]\[14\],1223.08
_1048_,1222.99
net315,1222.3
net2180,1222.14
_2587_,1222.08
_2413_,1222
_3756_,1221.84
_0747_,1221.8
_0955_,1221.74
net635,1221.52
clknet_6_52_0_CLK,1221.36
_1508_,1221.08
net1071,1220.8
net339,1220.7
_2423_,1220.44
_3728_,1220.44
net1686,1220.435
_0479_,1220.185
net813,1220.18
net292,1220.06
net196,1219.72
net610,1219.64
_3834_,1219.54
net577,1218.94
clknet_6_0_0_CLK,1218.6
_0291_,1218.4
_0180_,1218.38
_2433_,1218.1
net543,1218.08
net360,1217.74
_1664_,1217.68
rf.registers\[21\]\[18\],1217.6
_0975_,1217.58
net459,1217.3
net1358,1217.24
net217,1217.04
net841,1216.76
_3410_,1216.56
net295,1215.6
net611,1215.38
rf.registers\[21\]\[11\],1215.37
net268,1214.94
net1045,1214.8
net213,1214.56
_0332_,1214.52
net606,1214.44
net424,1214.06
net817,1213.48
net1479,1212.94
net224,1212.64
net774,1212.36
net1166,1212.08
_0236_,1212.04
_2826_,1212.04
net1068,1211.74
_3237_,1211.72
net950,1211.7
net1341,1211.64
_1270_,1211.2
net425,1211.16
_1242_,1211.15
net742,1211.06
net312,1210.92
net490,1210.9
net138,1210.78
net218,1210.74
net230,1210.66
net322,1210.64
net1308,1210.22
_1209_,1210.075
net785,1209.96
net797,1209.6
net573,1209.56
net1348,1209.56
rf.registers\[16\]\[18\],1209.36
net3847,1209.28
net1327,1209.16
_3125_,1209.14
net516,1209.04
net1473,1208.96
net181,1208.66
net1096,1208.34
net1470,1207.6
_3038_,1207.18
_1507_,1206.92
net361,1206.78
net964,1206.68
_1247_,1206.62
net1685,1206.5
net351,1206.46
net1472,1206.46
_1078_,1206.38
_2625_,1205.62
net946,1205.6
net257,1205.56
net1180,1205.54
net236,1205.48
net314,1205.18
_0478_,1205.08
net506,1205.08
net1357,1204.96
net164,1204.495
net554,1204.14
_1513_,1204
_0502_,1203.82
_1248_,1203.73
net1471,1203.58
net225,1203.48
_1455_,1203.3
_1732_,1203.24
net169,1203.24
_3853_,1203.12
net352,1203.06
net350,1202.88
_2029_,1202.86
net469,1202.76
_1130_,1202.68
rf.registers\[10\]\[11\],1202.5
net1171,1202.46
net277,1202.32
net874,1201.96
clknet_6_51_0_CLK,1201.48
net1469,1201.26
rf.registers\[13\]\[11\],1201.1
net466,1201.08
net1317,1200.72
net271,1200.64
net240,1200.62
_3023_,1200.54
net234,1200.42
net1086,1199.82
net1024,1199.74
net1511,1199.68
rf.registers\[11\]\[3\],1199.46
net494,1199.34
net249,1199.26
net495,1198.88
_1112_,1198.8
_3704_,1198.74
_2199_,1198.7
net175,1198.2
net1316,1197.96
net1077,1197.9
net585,1197.74
_0877_,1196.96
net366,1196.82
net1097,1196.8
net717,1196.56
_1681_,1196.44
net332,1196.16
_1931_,1195.8
_1713_,1195.44
net269,1194.9
net465,1194.78
_1535_,1193.64
rf.registers\[17\]\[16\],1193.16
net597,1192.74
_1212_,1192.02
net367,1191.48
_2884_,1190.7
_2329_,1190.64
net3492,1190.56
_0089_,1190.4
_3050_,1190.2
_1554_,1189.96
_2960_,1189.92
_3884_,1189.88
net434,1189.78
net488,1189.52
_1884_,1189.3
net914,1189.04
_0031_,1188.975
_3136_,1188.4
_3586_,1187.88
_1165_,1187.28
_1152_,1187.12
_1774_,1186.46
net864,1185.44
_3529_,1185.14
net1074,1184.08
_0909_,1184.045
rf.registers\[14\]\[30\],1184
net880,1183.96
_1279_,1182.84
_4202_,1182.8
_1815_,1182.14
clknet_6_30_0_CLK,1182
net595,1181.82
net343,1181.6
net486,1181.42
rf.registers\[18\]\[15\],1181.3
net1208,1181.1
net3187,1181.1
rf.registers\[25\]\[19\],1180.62
clknet_6_34_0_CLK,1180.22
_3282_,1179.27
_0108_,1179.16
_0540_,1179.08
_1464_,1178.74
_1331_,1178.46
net2576,1178.44
_1201_,1178.08
_1953_,1177.52
_1992_,1177.52
_4083_,1176.58
_0856_,1176.38
_2249_,1176.23
rf.registers\[5\]\[6\],1176.16
net826,1176.06
net484,1176
net2911,1175.99
net2206,1175.64
net1304,1175.6
net789,1175.56
net1095,1175.335
rf.registers\[2\]\[18\],1175.04
_2397_,1174.7
rf.registers\[31\]\[24\],1174.54
_2843_,1174.18
rf.registers\[4\]\[29\],1174.16
_2183_,1174.06
_2878_,1173.06
net1073,1172.78
_1046_,1172.14
_1494_,1172.1
net916,1172.08
_1504_,1172.04
_1529_,1172.04
net3068,1171.68
_3109_,1171.4
net758,1171.18
_3924_,1171.04
_3323_,1170.36
net548,1169.58
_3147_,1169.42
net806,1169.42
net281,1169.08
_2547_,1168.5
net3920,1167.9
net1311,1167.58
_1443_,1167.48
rf.registers\[15\]\[9\],1167.24
net487,1167.14
net333,1166.88
_4006_,1166.82
rf.registers\[21\]\[21\],1166.48
net733,1166.2
_1562_,1165.95
_2999_,1164.74
net201,1164.695
_3566_,1164.64
_1257_,1164.53
net1683,1164.32
net1067,1164.16
clknet_6_59_0_CLK,1163.96
net724,1163.94
net794,1163.84
net1295,1163.54
net814,1163.34
_3636_,1163.19
net334,1163.12
_1418_,1162.46
_2855_,1162.46
_3589_,1161.66
net605,1161.4
net263,1161.02
net793,1161.02
net231,1160.94
_3562_,1160.86
net326,1160.48
_4064_,1160.32
_2298_,1160.12
_0172_,1160
net823,1160
rf.registers\[13\]\[4\],1159.86
net659,1159.8
net870,1159.46
_2721_,1159.34
_1814_,1159.28
rf.registers\[26\]\[27\],1159.255
net582,1158.84
net739,1158.72
net72,1158.24
_2850_,1158.08
net942,1157.84
net721,1157.62
rf.registers\[21\]\[23\],1157.17
_2016_,1156.48
net759,1156.36
rf.registers\[16\]\[19\],1156.33
net3687,1156.04
_1998_,1155.82
net922,1155.62
rf.registers\[25\]\[0\],1155.58
_0033_,1155.34
rf.registers\[15\]\[19\],1154.84
clknet_6_10_0_CLK,1154.48
_3504_,1154.18
net186,1153.84
rf.registers\[17\]\[13\],1153.5
net532,1153.42
net921,1153.23
net803,1152.96
net983,1152.88
net278,1152.8
_2039_,1152.63
net651,1152.26
rf.registers\[21\]\[13\],1152.2
rf.registers\[14\]\[16\],1152.04
net562,1151.89
net220,1151.48
net1037,1151.24
net965,1151.12
net331,1151.08
_1634_,1150.72
net533,1150.62
_3826_,1150.34
net821,1150.32
net955,1150.32
net807,1150.12
net323,1149.72
_2989_,1149.68
net743,1149.68
net265,1149.6
net1202,1149.54
net264,1149.22
net1196,1149.06
net831,1148.38
net762,1148.26
net915,1148.26
net731,1147.78
net872,1147.74
net658,1147.7
_2666_,1147.68
_2726_,1147.66
net790,1147.62
rf.registers\[30\]\[13\],1147.54
_3386_,1147.28
net237,1147.22
net802,1147.2
net654,1146.6
_4107_,1146.38
rf.registers\[16\]\[23\],1146.08
net734,1146
_1518_,1145.16
net1493,1145.1
net982,1144.98
net574,1143.74
net2316,1143.6
net507,1143.26
net723,1142.58
_1667_,1141.28
rf.registers\[21\]\[24\],1140.96
_0804_,1140.46
_2700_,1140.18
net764,1139.62
net1098,1139.56
_0597_,1139.4
net362,1139.26
_0215_,1139.08
_0864_,1138.9
net489,1137.74
_3188_,1137.64
_2407_,1137.62
_3300_,1137.46
_2720_,1136.7
net3489,1136.4
rf.registers\[29\]\[7\],1136
net639,1135.88
net1121,1135.84
_1256_,1135.82
net255,1135.78
_2129_,1135.76
net745,1135.56
rf.registers\[8\]\[18\],1135.18
net863,1135.18
net912,1135.12
_3233_,1134.94
_3511_,1134.54
clknet_6_7_0_CLK,1134.54
_1888_,1133.98
net2568,1133.86
_3877_,1133.06
net786,1133.02
_2809_,1131.74
net632,1130.36
_0863_,1130.12
rf.registers\[19\]\[14\],1129.915
_2658_,1129.64
net496,1129.24
_1821_,1127.68
rf.registers\[9\]\[11\],1127.62
rf.registers\[0\]\[27\],1127.36
clknet_6_19_0_CLK,1127.24
net2543,1126.45
net719,1126.18
net254,1125.42
net787,1125.42
net828,1125.02
rf.registers\[9\]\[2\],1125
net1013,1124.98
_2790_,1124.86
_2817_,1124.72
net270,1124.72
_2448_,1124.4
_0057_,1124.38
_4134_,1123.84
_1693_,1123.215
net197,1122.98
net939,1122.82
rf.registers\[30\]\[17\],1122.57
net1084,1122.34
_2558_,1122.04
_3989_,1121.66
net830,1121.16
rf.registers\[9\]\[18\],1120.9
net656,1120.6
_2432_,1120.58
_2185_,1120.52
_4146_,1120.48
_1161_,1120.34
net749,1119.34
rf.registers\[1\]\[31\],1118.9
clknet_6_1_0_CLK,1117.92
rf.registers\[2\]\[6\],1117.9
_0445_,1117.76
rf.registers\[27\]\[11\],1117.74
net716,1116.56
_1573_,1116.54
_1754_,1116.18
rf.registers\[11\]\[2\],1116.1
net729,1115.08
_4153_,1114.75
net216,1114.72
_2103_,1114.54
net1093,1114.18
net1491,1114.02
net3637,1113.8
_3927_,1113.06
net497,1113.06
clknet_6_26_0_CLK,1112.54
_2011_,1112.36
net602,1111.92
_0685_,1111.76
_2600_,1111.76
_2743_,1111.54
rf.registers\[12\]\[24\],1111.54
net1170,1111.36
net835,1110.82
_3561_,1110.36
net773,1110.02
_3653_,1109.72
_1193_,1109.02
_1306_,1108.88
net720,1108.52
_4136_,1108.34
_3614_,1107.67
_0538_,1107.06
rf.registers\[0\]\[8\],1107
net583,1105.42
net170,1105.37
net165,1105.02
_1294_,1104.62
_1630_,1104.39
net166,1104.22
rf.registers\[27\]\[31\],1103.815
rf.registers\[4\]\[20\],1102.86
_1977_,1102.56
net171,1102.32
net1284,1102.22
net1160,1102.02
_1942_,1101.85
net4243,1101.82
_2441_,1101.78
_1371_,1101.42
net1305,1101.4
_0668_,1100.92
_3624_,1100.41
net121,1099.7
net754,1099.66
net386,1099.2
_0681_,1098.74
net637,1098.54
_0310_,1098.4
rf.registers\[13\]\[12\],1098.38
net1301,1098.14
_0651_,1097.54
_0936_,1097.49
_0836_,1097.02
net1161,1096.94
net594,1096.64
_3501_,1096.48
_3124_,1096.24
_0882_,1095.72
net1083,1095.42
net1016,1095
net578,1094.82
net128,1094.58
_2905_,1094.46
_2120_,1094.4
_3972_,1093.68
rf.registers\[18\]\[25\],1093.46
clknet_6_39_0_CLK,1093.26
_0854_,1092.675
net1046,1092.6
_3421_,1092.24
net591,1091.04
_1097_,1091.02
_2995_,1090.94
_0046_,1090.725
net713,1090.62
_3985_,1090.54
net795,1090.32
rf.registers\[22\]\[22\],1090.12
_1750_,1089.84
clknet_6_23_0_CLK,1089.68
_2458_,1089.5
net518,1089.38
_1946_,1089.19
net818,1089.16
_1064_,1088.9
_1120_,1088.42
_1795_,1088.42
rf.registers\[27\]\[3\],1088.28
net804,1088.06
_0118_,1087.8
_1170_,1087.48
net891,1087.02
_2605_,1085.98
_3682_,1085.82
net1168,1085.52
_1839_,1084.4
_0205_,1083.6
net575,1083.32
rf.registers\[4\]\[18\],1083.2
_1512_,1081.96
_3180_,1081.92
rf.registers\[12\]\[30\],1081.38
_3883_,1081.16
rf.registers\[18\]\[0\],1080.78
rf.registers\[3\]\[2\],1080.76
net3077,1080.73
rf.registers\[7\]\[8\],1080.52
_0749_,1080.28
net981,1080.1
rf.registers\[23\]\[5\],1080.02
_1756_,1079.96
_2113_,1079.9
net2542,1079.68
net796,1079.4
net788,1078.34
net93,1077.4
_1990_,1076.94
rf.registers\[15\]\[12\],1076.77
_1344_,1076.6
_0913_,1076.4
_3401_,1076.02
rf.registers\[9\]\[29\],1075.02
_1493_,1075
_0268_,1074.96
net879,1074.78
rf.registers\[7\]\[13\],1074.7
_1479_,1074.2
rf.registers\[3\]\[8\],1074.18
rf.registers\[5\]\[3\],1073.88
_0568_,1072.44
net1036,1072.18
net593,1072.16
_1461_,1071.64
net650,1071.52
_0150_,1071.34
_0279_,1071.32
rf.registers\[2\]\[2\],1071.04
_1522_,1070.94
net498,1070
net1040,1069.66
net1210,1069.09
_2056_,1068.53
_2937_,1068.38
_3510_,1068.3
net820,1068.28
_2241_,1068.22
_1174_,1068
net954,1067.36
_3996_,1066.9
_2156_,1066.6
net647,1066.22
net392,1065.82
_2487_,1065.18
_1414_,1065.1
_1670_,1064.8
rf.registers\[4\]\[23\],1063.96
_0020_,1063.94
_3158_,1063.7
rf.registers\[19\]\[29\],1063.36
net1690,1063.3
net531,1062.56
_3628_,1062.38
_2976_,1062.3
_3359_,1059.8
rf.registers\[15\]\[22\],1058.99
_2950_,1058.58
_1759_,1058.24
net732,1058.24
_3336_,1057.97
_0889_,1057.1
net1038,1056.6
_3164_,1054
net736,1053.96
_2326_,1053.2
net810,1053.16
net1285,1052.9
net801,1052.88
_2973_,1052.84
_2360_,1052.14
_2806_,1051.64
_2462_,1051.14
rf.registers\[15\]\[21\],1050.57
rf.registers\[10\]\[17\],1049.9
_1823_,1049.04
_2819_,1048.74
rf.registers\[11\]\[22\],1048.72
rf.registers\[2\]\[9\],1048.5
_1036_,1047.96
rf.registers\[14\]\[28\],1047.46
net834,1046.64
net1200,1046.54
net287,1046.44
_3882_,1045.98
net653,1045.98
_1473_,1045.68
_1082_,1045.66
_2201_,1045.6
_1808_,1045.58
net608,1043.86
net1012,1043.86
_0114_,1043.645
net528,1043.58
rf.registers\[3\]\[30\],1042.795
_1492_,1042.5
_1768_,1042.24
_3145_,1042.22
net10,1041.74
_1883_,1041.7
_2687_,1041.46
_2153_,1041.24
net953,1040.88
rf.registers\[13\]\[10\],1040.56
_2564_,1040.3
_3987_,1039.99
_1510_,1038.98
_1640_,1038.9
_1739_,1037.78
rf.registers\[17\]\[2\],1037.2
net579,1036.94
_2356_,1036.16
_2098_,1035.5
rf.registers\[24\]\[21\],1035.04
_0795_,1033.83
rf.registers\[18\]\[26\],1033.48
rf.registers\[26\]\[0\],1033.46
_0432_,1033.44
_0151_,1033.325
rf.registers\[23\]\[9\],1033.26
net75,1032.92
rf.registers\[9\]\[26\],1032.88
_4204_,1032.26
_3155_,1032.18
_3002_,1032.08
net313,1032.08
net685,1031.5
_0451_,1030.645
net1194,1030.02
_3345_,1029.04
net667,1028.84
_2088_,1028.64
_0986_,1028.5
_2508_,1028.02
rf.registers\[8\]\[27\],1027.18
_3537_,1027
rf.registers\[15\]\[25\],1026.96
net805,1026.52
_1615_,1026.44
_1772_,1025.98
rf.registers\[24\]\[23\],1025.98
_3174_,1025.16
rf.registers\[30\]\[2\],1024.4
_1793_,1023.94
_3584_,1023.72
_4158_,1023.6
net64,1023.34
net468,1023.3
_1000_,1023.04
rf.registers\[16\]\[9\],1022.96
rf.registers\[22\]\[5\],1022.46
net1688,1022.4
net1483,1022.28
_0015_,1022
net1204,1021.72
rf.registers\[14\]\[18\],1021.42
_1322_,1021.1
_1217_,1021.02
_2655_,1021.02
net1306,1020.6
net443,1019.7
net634,1019.62
net998,1019.36
_0961_,1019.02
_1641_,1018.88
rf.registers\[23\]\[17\],1018.72
net584,1018.58
net1485,1018.42
net1082,1018.14
net1092,1017.96
_2157_,1017.12
net1206,1016.82
_3762_,1015.4
net547,1015.08
net644,1014.3
_1497_,1013.81
net1475,1013.8
rf.registers\[18\]\[5\],1013.64
_1032_,1013.6
_0895_,1012.755
_1841_,1012.7
_0389_,1011.63
_1390_,1011.18
rf.registers\[30\]\[7\],1010.16
_3861_,1010.1
_2316_,1009.9
rf.registers\[18\]\[22\],1009.48
_1399_,1009.46
rf.registers\[25\]\[15\],1009.32
net822,1008.88
_1025_,1008.36
net757,1008.3
net1484,1007.92
_3167_,1007.74
_1213_,1007.24
_0811_,1007.14
_2094_,1006.94
_2364_,1006.66
_0328_,1005.88
net38,1005.28
net738,1004.56
_3544_,1004.24
rf.registers\[9\]\[19\],1004.12
_0285_,1003.94
net871,1003.28
rf.registers\[19\]\[10\],1003.02
_3425_,1002.16
net1081,1001.7
_2308_,1001.54
_0419_,1001.18
rf.registers\[31\]\[11\],1001.16
net763,1000.76
net952,1000.24
_3415_,999.5
_1981_,999.38
_1458_,999.2
net1681,998.7
net1025,997.22
_2096_,997.2
_2974_,996.94
_2656_,995.92
rf.registers\[10\]\[8\],995.58
net1070,994.92
_3798_,994.86
rf.registers\[23\]\[18\],994.74
net1015,994.32
rf.registers\[25\]\[25\],994.18
rf.registers\[20\]\[29\],994.14
clknet_6_28_0_CLK,993.04
net722,992.8
rf.registers\[23\]\[4\],992.46
_3732_,992.34
_0740_,992.2
net2950,991.9
_3344_,991.88
_1220_,991.32
net661,990.56
rf.registers\[24\]\[27\],990
_3661_,989.49
rf.registers\[10\]\[3\],988.02
_2975_,987.34
_3045_,987.2
_1873_,986.9
_2396_,986.64
_2651_,986.52
net1293,985.4
_1255_,985.34
_1835_,985.31
_3978_,985.24
net1158,985.24
_0074_,984.94
net811,984.22
net1494,984.18
_3806_,984.16
net1687,984.1
_0030_,983.6
_3769_,983.47
clknet_4_12_0_CLK,983.32
_1889_,982.355
rf.registers\[12\]\[8\],980.76
_3053_,980.64
_1071_,980.2
_2362_,979.76
_3116_,978.49
_1721_,977.76
net1309,977.76
_2184_,977.48
_3240_,977.34
_1971_,976.55
_3830_,976.32
net815,975.76
net1211,974.16
_0619_,973.86
net646,973.84
net800,972.22
_0373_,972.14
_1454_,971.48
_2180_,971
net34,970.92
_2649_,970.44
net748,970.32
_0879_,969.84
rf.registers\[16\]\[11\],969.78
_3567_,969.18
rf.registers\[20\]\[9\],969.06
_0195_,968.68
rf.registers\[18\]\[19\],968.36
_2131_,967.78
_1722_,967.32
net812,967.2
_1833_,967.02
_3596_,966.54
_2434_,966.26
net913,965.72
_1515_,965.7
_2723_,965.42
rf.registers\[4\]\[16\],965.42
_1076_,964.3
_1898_,963.74
_1109_,963.62
_0455_,963.395
_2811_,962.88
_3925_,962.34
_3117_,962.32
net956,962
rf.registers\[10\]\[25\],961.92
net1689,961.54
_3534_,961.48
_2301_,960.68
_2618_,959.39
_2425_,959.14
rf.registers\[6\]\[6\],959.03
rf.registers\[13\]\[15\],958.44
_1843_,958
_2943_,956.86
_1869_,956.44
rf.registers\[25\]\[27\],956.08
_3277_,955.02
_1881_,954.73
_3412_,954.64
rf.registers\[3\]\[28\],954.42
_1677_,954.2
_0434_,953.84
_0351_,952.7
_2335_,952.3
_2455_,952.02
clknet_4_8_0_CLK,951.77
_2632_,951.74
_2351_,951.72
rf.registers\[17\]\[21\],951.38
_4096_,951.14
net305,951.08
net612,950.7
_0513_,949.59
_3923_,949.24
_1219_,949.2
_1539_,949.04
rf.registers\[20\]\[0\],947.52
_1341_,946.59
rf.registers\[17\]\[12\],945.76
_1900_,945.74
_4207_,945.18
_2561_,945.06
net652,944.96
rf.registers\[0\]\[23\],944.66
_1261_,944.46
clknet_4_1_0_CLK,944.07
net853,943.38
_2785_,942.56
_1710_,942.14
net45,942.14
net1039,941.28
_0467_,941.18
_3549_,940.34
_4120_,940.32
_2064_,940.14
_2731_,939.56
_2848_,939.3
rf.registers\[25\]\[14\],939.02
rf.registers\[17\]\[5\],938.9
_2759_,938.78
_2219_,938.16
_0191_,937.98
rf.registers\[10\]\[15\],936.52
net876,935.92
net530,934.92
net431,934.32
_0242_,933.18
rf.registers\[9\]\[25\],933.08
_1440_,932.8
_0142_,932.3
_4106_,931.91
rf.registers\[12\]\[0\],931.28
_2875_,931.18
_3968_,931.1
rf.registers\[23\]\[2\],930.84
rf.registers\[13\]\[9\],930.48
_2862_,930.44
_1746_,930.34
_2595_,929.38
rf.registers\[29\]\[15\],928.7
_3059_,928.68
_1574_,928.36
_0284_,928.1
_3821_,927.34
clknet_4_13_0_CLK,927.32
rf.registers\[26\]\[12\],926.88
_3218_,926.36
_3633_,926.36
net97,926.34
_3843_,925.86
_2408_,925.48
_2774_,925.12
rf.registers\[29\]\[3\],924.62
_1138_,924.45
rf.registers\[18\]\[14\],923.96
_0035_,923.48
_2705_,922.3
_1962_,921.15
net767,920.9
clknet_4_2_0_CLK,920.81
_2106_,920.22
clknet_4_4_0_CLK,920.12
rf.registers\[2\]\[26\],919.6
_0943_,918.32
_2314_,918.22
net1495,917.56
_2137_,917.5
_1775_,916.34
_3955_,915.88
_2859_,915.87
rf.registers\[3\]\[26\],915.42
_1877_,915.4
_0042_,914.92
rf.registers\[15\]\[17\],914.17
_3298_,914.06
_1566_,913.86
rf.registers\[1\]\[25\],913.44
_1176_,912.14
rf.registers\[14\]\[13\],912.14
rf.registers\[2\]\[25\],912.06
_3209_,911.76
_2181_,911.42
_2490_,910.36
rf.registers\[27\]\[5\],909.82
rf.registers\[9\]\[8\],909.6
_1846_,909.54
clknet_4_14_0_CLK,908.07
_1184_,907.76
net1296,906.98
rf.registers\[29\]\[25\],906.94
_3770_,905.85
net798,904.96
_0376_,903.72
_3898_,903.28
rf.registers\[8\]\[2\],902.72
_3920_,902.04
_2091_,900.84
net799,900.8
_3367_,900.32
_3737_,900.18
_3382_,900.12
rf.registers\[30\]\[5\],899.86
_1801_,898.98
_0398_,897.5
_1349_,896.82
_2857_,896.44
net3650,895.92
rf.registers\[0\]\[3\],895.56
_2285_,894.68
_3531_,892.6
rf.registers\[21\]\[17\],892.54
clknet_4_5_0_CLK,892.51
rf.registers\[10\]\[18\],892.32
rf.registers\[26\]\[8\],892.24
rf.registers\[6\]\[16\],892
_2067_,891.06
rf.registers\[16\]\[31\],890.6
clknet_4_15_0_CLK,890.53
net769,890.48
rf.registers\[23\]\[25\],890.3
rf.registers\[8\]\[12\],890.04
_3885_,889.4
rf.registers\[22\]\[10\],889.28
_2394_,888.88
_1848_,888.86
clknet_4_6_0_CLK,887.42
_1887_,886.98
_0819_,886.8
_1028_,886.76
clknet_4_9_0_CLK,886.45
_1521_,886.16
_1531_,885.12
rf.registers\[9\]\[27\],884.5
clknet_6_29_0_CLK,884.015
net1035,883.4
net1023,882.74
_1819_,882.66
rf.registers\[19\]\[18\],882.58
_2529_,882.38
_1311_,882.04
clknet_4_3_0_CLK,881.67
net829,880.64
_1207_,880
_2309_,879.94
_1216_,878.76
rf.registers\[9\]\[1\],878.6
_0896_,878.565
_1066_,878.54
net755,878.3
rf.registers\[29\]\[17\],878.04
net771,877.34
_2363_,877.2
_1895_,876.56
rf.registers\[1\]\[15\],875.9
_1476_,875.8
_2949_,874.92
_3149_,874.02
_0223_,871.64
rf.registers\[3\]\[18\],871.26
_0569_,868.94
_0245_,868.405
_2768_,868.3
_4082_,867.76
net1094,867
_0554_,866.3
_2814_,866.02
_3020_,866.02
_2231_,865.98
_2727_,865.81
_3438_,864.24
rf.registers\[24\]\[28\],863.5
net293,862.08
_1467_,861.9
net768,861.28
net1294,860
_2956_,859.84
_1111_,859.58
_1151_,859.42
_2710_,858.22
net741,857
_3512_,856.86
_1263_,856.52
rf.registers\[10\]\[0\],856.42
rf.registers\[24\]\[6\],856.28
_2622_,855.06
clknet_4_0_0_CLK,854.78
_2611_,854.65
_4092_,854.54
_2127_,853.46
_3609_,853.2
_3466_,852.96
_3612_,852.9
clknet_4_10_0_CLK,852.47
clknet_4_7_0_CLK,851.32
rf.registers\[16\]\[4\],851.26
_0025_,851.24
_1243_,850.66
_2694_,849.74
_2719_,849.06
net519,848.34
net1482,848.14
rf.registers\[7\]\[17\],847.66
net2328,846.4
_2668_,846.36
_2222_,846.04
_2713_,845.8
_2002_,845.54
_2299_,845.26
_1822_,845.14
_1580_,844.86
net48,844.84
net423,844.62
_0548_,844.505
rf.registers\[2\]\[11\],844.5
_0171_,844.28
_2375_,844.28
_2740_,843.32
_0872_,843.3
rf.registers\[16\]\[29\],843.02
rf.registers\[31\]\[28\],842.42
net274,842.24
_1935_,842.18
net462,840.94
_0903_,840.695
_2664_,840.63
net607,840.18
_2469_,839.88
rf.registers\[20\]\[6\],839.64
net744,839.22
_2047_,838.8
rf.registers\[8\]\[26\],838.66
_2451_,838.1
rf.registers\[10\]\[27\],837.52
net662,837.42
_2227_,836.34
_2603_,836.32
rf.registers\[5\]\[28\],835.42
_1405_,834.64
rf.registers\[11\]\[15\],834.6
net80,834.32
_2475_,834.08
net344,834.02
_2929_,833.34
_1491_,831.88
rf.registers\[28\]\[30\],830.84
rf.registers\[23\]\[27\],830.4
_0222_,830.3
_3335_,829.16
_0078_,828.76
net1282,828.35
_2032_,828
_1726_,827.8
rf.registers\[1\]\[9\],826.66
_3471_,826.56
rf.registers\[27\]\[8\],826.06
_3874_,825.18
_1434_,824.88
_1577_,824.4
_1266_,823.18
net1066,823.08
_1100_,823.04
_3711_,822.74
_1666_,822.17
_2073_,822.02
_0473_,821.64
_3391_,820.36
_3910_,819.98
net123,819.04
_1423_,818.9
_2833_,818.1
_2481_,817.5
_2607_,816.8
_1912_,816.56
_2414_,816.42
_1194_,816.4
_2497_,816.3
rf.registers\[15\]\[5\],815.88
_0751_,815.455
net1195,815.2
_1724_,815.06
_1616_,814.84
_0840_,814.18
_2100_,813.12
_2200_,812.78
_2767_,812.66
rf.registers\[9\]\[15\],812.3
_1974_,812.28
rf.registers\[22\]\[3\],812.08
rf.registers\[19\]\[30\],811.98
_2511_,811.72
_3299_,811.1
rf.registers\[5\]\[10\],810.38
_1241_,810.37
rf.registers\[16\]\[30\],809.58
_2315_,809.56
_3006_,809.56
rf.registers\[9\]\[12\],809.54
clknet_4_11_0_CLK,809.53
_2548_,809.4
_2024_,808.82
_2815_,808.02
_0028_,807.54
_1745_,807.32
net2550,806.6
_4194_,806.06
_3618_,806.02
_1444_,805.98
_1447_,805.83
_3210_,805.54
net1159,805.42
_3527_,805.4
_2306_,805.08
_1657_,805.04
rf.registers\[1\]\[20\],804.96
rf.registers\[22\]\[24\],804.54
_2344_,804.24
rf.registers\[12\]\[1\],803.6
rf.registers\[10\]\[9\],803.32
_0300_,803.3
_2020_,802.12
_2614_,801.3
net308,801.08
_1907_,799.48
_3767_,799.46
_1738_,799.08
_2102_,798.98
rf.registers\[31\]\[8\],798.16
net130,798.16
_2193_,798.06
net1072,798
rf.registers\[10\]\[4\],797.88
rf.registers\[20\]\[17\],797.78
_0384_,797.6
_2097_,797.28
_0130_,796.98
_1274_,796.72
_2654_,795.28
net309,794.98
_2092_,794.8
rf.registers\[7\]\[20\],794.72
net111,794.68
rf.registers\[25\]\[28\],793.64
_1600_,791.48
net1682,791.46
_3662_,790.62
_0633_,790.36
_1668_,790.16
net307,789.64
rf.registers\[20\]\[31\],789.4
_2272_,788.94
_2369_,788.46
_2282_,787.34
rf.registers\[25\]\[18\],786.55
_2205_,786.54
rf.registers\[6\]\[29\],785.92
_2583_,782.6
_1384_,782.54
rf.registers\[27\]\[7\],781.26
_2312_,780.84
net765,780.78
_4228_,779.48
rf.registers\[26\]\[24\],779.14
_0146_,779.09
_1388_,778.66
_1313_,777.96
_1818_,777.42
_3569_,777.36
_2345_,777.04
_4042_,777.02
_1731_,775.96
_3122_,775.92
clknet_2_2_1_CLK,775.43
_0040_,775.26
_1533_,775.16
_0394_,774.015
_0831_,773.92
_2336_,773.68
_1831_,773.54
_3963_,773.18
_0592_,773.16
net304,772.56
rf.registers\[13\]\[7\],772.32
_3505_,772.3
_3573_,772.2
clknet_3_6_0_CLK,771.81
rf.registers\[0\]\[24\],771.4
_3069_,770.2
_2239_,769.46
_2803_,769.28
_0591_,768.36
_2602_,768.02
net499,767.84
_0557_,767.14
_1910_,767.1
_1421_,766.8
_1530_,766.5
_3582_,766.46
_2427_,766.3
_3452_,764.68
_2263_,764.42
_2051_,764.18
rf.registers\[8\]\[5\],764.12
_0535_,763.175
_0175_,762.965
clknet_2_3_1_CLK,762.87
net581,762.6
_2608_,762.58
_1327_,762.44
net306,762.22
clknet_2_0_1_CLK,762.21
_0420_,761.96
net1297,761.86
net275,761.78
_0572_,761.07
_1672_,760.48
clknet_3_1_0_CLK,760.16
net756,759.06
_2751_,758.92
net926,758.76
net303,758.06
_3602_,757.84
rf.registers\[21\]\[29\],757.44
_1033_,757.32
rf.registers\[22\]\[23\],755.98
rf.registers\[21\]\[4\],755.74
_2230_,754.6
_2979_,754.52
_0188_,754.34
clknet_2_1_1_CLK,754.05
_1733_,753.66
net1474,753.42
_2141_,751.96
_1852_,751.88
net1212,751.36
_3522_,750.72
_2860_,750.3
_3408_,750.26
_3388_,750
_2391_,748.62
_1496_,748.56
rf.registers\[13\]\[21\],748.34
_2952_,747.68
_2688_,747.66
_1826_,747.58
rf.registers\[30\]\[30\],747.32
_2864_,745.8
_1168_,745.44
_0657_,744.6
_4108_,743.82
net791,743.64
_0193_,743.245
net82,740.82
_1860_,740.36
net2205,738.74
_2388_,737.38
rf.registers\[23\]\[1\],736.18
net600,736.18
_2729_,734.9
clknet_3_2_0_CLK,734.2
rf.registers\[20\]\[25\],733.44
_2173_,732.02
_0447_,732
net655,731.72
_1150_,731.66
clknet_3_3_0_CLK,731
net39,730.92
_2844_,730.88
clknet_3_0_0_CLK,730.5
net766,729.94
rf.registers\[18\]\[10\],729.66
_2796_,729.36
_0907_,728.14
_1050_,727.77
_2358_,727.46
_4148_,726.82
_3894_,726.58
_4181_,726.58
net770,725.7
_1347_,725.16
net140,724.48
_1519_,724.4
_0731_,723.22
rf.registers\[3\]\[13\],723.12
_1791_,723.1
net856,723.06
_1389_,722.7
_1029_,722.26
_1135_,722.18
_2623_,721.82
rf.registers\[28\]\[26\],721.8
_0331_,720.7
rf.registers\[29\]\[10\],720.64
_0316_,719.98
_2162_,719.82
_2739_,718.62
_4008_,717.52
_1438_,714.24
_1038_,713.46
_2580_,713.42
_1296_,712.62
_1385_,711.735
clknet_3_7_0_CLK,710.7
_2670_,709.94
_2390_,709.56
rf.registers\[30\]\[20\],709.44
_3858_,709.26
net514,708.79
_1072_,708.75
_3257_,708.38
clknet_1_0_1_CLK,707.95
_0932_,707.78
_0429_,706.715
clknet_0_CLK,706.45
net873,706.16
_2456_,705.48
_1229_,704.34
clknet_1_1_1_CLK,702.35
_0583_,701.535
_1342_,701.5
_1351_,699.84
_1236_,699.26
_2958_,699.26
net792,698.5
_4157_,697.88
_2699_,697.1
_1534_,697.08
_0120_,696.6
_1268_,696.6
_2839_,695.32
_2377_,695.28
rf.registers\[12\]\[9\],694.82
_1552_,694
_3664_,693.7
_1638_,693.34
rf.registers\[29\]\[26\],693.26
_1091_,692.72
_1501_,692.18
_1450_,691.2
_2178_,691.14
_3768_,691.02
_0977_,690.98
_1631_,690.52
_0374_,689.225
_2907_,689.18
_1196_,688.86
_0959_,688.26
net35,688.06
net1203,687.98
_1045_,687.94
_2026_,687.32
rf.registers\[28\]\[3\],686.18
_1880_,685.84
net881,685.76
_2887_,685.24
rf.registers\[1\]\[3\],684.74
_2042_,684.52
_1915_,683.6
_1652_,682.72
_0344_,681.18
rf.registers\[28\]\[10\],680.92
_1828_,680.68
rf.registers\[19\]\[11\],680.62
_1188_,680.57
_2581_,680.04
net1486,679.54
_1408_,678.76
_1357_,676.96
_2066_,676.74
_1415_,676.44
clknet_3_5_0_CLK,675.72
net43,675.34
_0705_,674.96
_4104_,674.22
_1153_,673.76
net2203,672.98
rf.registers\[23\]\[30\],672.85
_3651_,672.84
_2257_,671.44
_1227_,671.14
_1475_,670.4
_2291_,670.4
_3331_,670.16
_0782_,670.08
_2176_,667.72
_2934_,667.34
_2981_,666.58
_1949_,666.34
_1861_,666.04
_1785_,663.36
_0533_,662.12
rf.registers\[11\]\[9\],661.56
_1310_,661.555
_0359_,660.88
_1396_,660.72
_1689_,660.64
_2255_,659.54
_2876_,659.3
_0000_,658.8
_1684_,658.58
_1180_,657.88
_1363_,657.02
_2450_,656.72
_3489_,656.04
_1197_,654.3
_1334_,654.2
_3678_,653.94
_2204_,652.64
net125,652.58
_1309_,651.84
_0599_,651.82
_1644_,651.74
_1378_,651.27
_3263_,651.19
_1110_,650.8
rf.registers\[28\]\[8\],650.32
_1702_,650.2
_2691_,650.16
_2732_,649.08
_2631_,648.72
_1864_,648.04
_2192_,647.58
_2961_,647.58
_2182_,646.68
_3012_,646.62
rf.registers\[18\]\[11\],646.26
rf.registers\[19\]\[26\],646.02
_0544_,645.96
rf.registers\[23\]\[24\],645.8
rf.registers\[14\]\[25\],643.66
_3400_,643.26
_1140_,643.08
net2242,642.84
_1546_,641.66
rf.registers\[19\]\[9\],641.24
clknet_3_4_0_CLK,640.92
_1878_,640.6
_2899_,640.48
_0240_,639.505
rf.registers\[28\]\[14\],638.62
_1445_,638.24
_0703_,637.88
_1348_,637.6
_1262_,636.32
rf.registers\[8\]\[14\],634.4
_1053_,632.6
rf.registers\[1\]\[7\],632.32
_2424_,631.9
_1131_,631.86
net1303,631.74
rf.registers\[23\]\[13\],631.455
rf.registers\[10\]\[21\],630.46
_1088_,629.22
_2415_,628.74
_1920_,628.12
rf.registers\[21\]\[3\],627.2
net492,625.18
_1603_,624.94
_4121_,624.34
_2853_,623.64
_1104_,623.42
_1939_,623.4
_3751_,623.34
_3044_,622.1
_2933_,621.7
_1855_,621.6
_1643_,620.84
rf.registers\[23\]\[8\],620.06
_1723_,619.76
_2430_,619.4
_2167_,618.8
_1933_,617.8
_0678_,616.84
_3092_,616.72
_2023_,616.66
_2006_,616.34
_1983_,616.16
_4185_,615.76
net1213,615.48
_3485_,614.7
_1954_,614.44
_2454_,612.3
net119,612.3
_3710_,611.92
rf.registers\[11\]\[24\],611.88
_1375_,611.58
_2365_,611.28
rf.registers\[18\]\[3\],610.54
_2005_,608.58
_3362_,607.74
_0494_,607.28
_1602_,604.82
_1391_,604.78
_1696_,604.34
_2251_,603.74
rf.registers\[25\]\[5\],602.82
_2562_,602.36
_2969_,601.82
net1310,601.2
net120,601.08
_2789_,600.98
_2302_,600.34
_1894_,600.18
net1169,599.82
_2114_,598.54
rf.registers\[28\]\[2\],597.89
rf.registers\[14\]\[3\],597.68
_0796_,596.8
_0380_,596.54
rf.registers\[2\]\[19\],596.5
_2322_,596.04
_1890_,595.7
_1619_,595.4
rf.registers\[15\]\[24\],595
_4072_,594.92
_1706_,593.92
_1003_,593.28
_2130_,592.42
_2967_,591.04
_3394_,589.74
_3283_,588.94
_1849_,588.34
rf.registers\[7\]\[1\],588.28
_1568_,587.88
_3444_,586.8
_1057_,584.88
_1451_,584.16
_1289_,583.82
_2389_,583.74
rf.registers\[12\]\[2\],582.18
_1301_,581.895
_4076_,580.56
rf.registers\[17\]\[30\],579.52
_1558_,578.78
_1374_,578.44
_0852_,577.665
_2247_,577.52
_3241_,577.48
_2187_,576.28
_2472_,575.7
_0754_,575.26
_2400_,575.2
_1975_,572.96
_0648_,571.86
net988,571.78
_2830_,570.26
_2110_,570.02
_0717_,568.92
_1786_,568.9
_1719_,567.84
_2854_,566.4
rf.registers\[0\]\[10\],566.24
net66,566.22
_3039_,565.34
_2151_,563.78
rf.registers\[17\]\[11\],563.36
_2590_,562.16
_1968_,561.67
_1244_,561.28
_2810_,558.46
_3076_,557.56
_0370_,557.34
_1595_,556.7
_3182_,556.4
_1154_,555.54
rf.registers\[24\]\[29\],555.32
rf.registers\[2\]\[3\],554.66
_3878_,553.17
_4167_,552.28
net126,551.36
_2641_,550.56
_1928_,550.54
net3,550.02
_3683_,547.56
_4050_,547
net985,546.44
_2971_,546.4
_1477_,546.36
_1579_,545.84
_3703_,545.82
_2916_,545.58
_0206_,545.445
_2851_,545.16
net987,545.1
rf.registers\[31\]\[1\],543.42
_1620_,540.92
_3984_,538.96
_1417_,536.96
_1936_,536.96
_3992_,536.92
_1548_,535.48
_1232_,535.3
_2730_,534.9
_2711_,534.32
_1377_,534.24
_1511_,533.83
_2909_,533.04
_1837_,531.74
_2741_,530.76
net989,530.655
rf.registers\[6\]\[5\],529.58
_1092_,529.27
_2966_,528.26
_1885_,527.88
rf.registers\[12\]\[15\],526.46
rf.registers\[24\]\[18\],525.32
rf.registers\[18\]\[29\],520.88
net986,519.96
_0759_,519.94
_2018_,519.34
_1122_,518.86
rf.registers\[29\]\[11\],518.42
_1783_,517.96
_1200_,517.82
_1143_,517.61
_2947_,516.76
_3138_,516.56
_4095_,516.52
rf.registers\[13\]\[25\],515.72
_2825_,515.56
_1401_,514.67
_3844_,514.48
_4077_,514.46
rf.registers\[26\]\[3\],512.72
rf.registers\[25\]\[9\],512.36
_0093_,511.3
rf.registers\[7\]\[24\],510.66
rf.registers\[28\]\[4\],508.42
_1249_,506.76
_2040_,506.7
_1567_,504.88
_0199_,504.785
_0756_,504.66
_2436_,503.94
_2883_,502.58
_1617_,501.35
_2533_,501.28
_0453_,500.16
_1679_,499.08
_4140_,498.54
_3763_,496.34
_1991_,493.88
_2503_,492.04
net294,491.18
net875,490.88
net18,489.9
net882,489.34
_1758_,489.14
_1897_,488.72
net984,488.2
_1611_,488.16
_1324_,486.84
_3176_,486.72
rf.registers\[14\]\[12\],486.66
_1834_,484.9
_2457_,484.5
_3372_,481.4
_0931_,480.82
_2757_,479.54
net4,478.34
_2275_,477.02
_3587_,476.56
_2366_,475
_1605_,473.32
_0500_,471.78
rf.registers\[23\]\[31\],471.74
_1761_,468.6
_0547_,468.545
rf.registers\[28\]\[27\],467.48
net49,466.9
_0902_,466.6
_0958_,466.5
clknet_2_3_0_CLK,466.29
clknet_2_1_0_CLK,465.49
clknet_2_0_0_CLK,463.9
clknet_2_2_0_CLK,463.56
_4105_,463.2
_1575_,463.06
_2760_,462.36
clknet_1_0_0_CLK,461.22
rf.registers\[30\]\[22\],460.88
_2738_,460.78
_1264_,460.67
_1582_,460.32
_1570_,459.99
_2712_,458.94
_1141_,458.12
_1158_,458.02
_1106_,457.58
_0480_,457.24
clknet_1_1_0_CLK,456.86
_3430_,456.68
_1802_,456.32
_2770_,456.24
_1557_,455.82
_2645_,455.22
_2317_,454.86
_1716_,453.96
_3361_,453.88
_2132_,453.32
_2601_,452.94
rf.registers\[22\]\[1\],452.6
_2328_,452.26
_2920_,451.52
_1792_,451.18
_2591_,448.74
rf.registers\[11\]\[19\],448.28
rf.registers\[1\]\[29\],447.3
_1075_,446.72
_3005_,446.45
_1346_,446.02
_0356_,445.185
_1470_,444.48
net132,444.2
_1930_,443.3
_4130_,440.46
_2779_,439.14
_2062_,437.42
_1549_,436.76
_2831_,434.6
rf.registers\[5\]\[8\],433.76
_2225_,433.46
_2921_,433.02
_2112_,427.88
net491,427.7
_1572_,425.02
_0849_,424.805
_1288_,424.72
net40,423.08
_2116_,422.92
_2164_,422.1
rf.registers\[22\]\[0\],421.78
_2084_,420.46
_1098_,419.35
_0507_,419.26
_0257_,418.86
_2493_,418.62
_1610_,415.44
_0752_,415.08
net945,414.74
_3640_,414.46
_1332_,413.76
_2242_,413.5
_2035_,413.34
_1379_,413.08
rf.registers\[7\]\[10\],412.58
_1687_,411.62
_3427_,411.4
_2343_,410.98
rf.registers\[30\]\[0\],410.76
rf.registers\[8\]\[23\],409.46
rf.registers\[9\]\[30\],408.56
_2922_,405.38
rf.registers\[13\]\[6\],404.6
_2676_,404.52
_1799_,403.64
rf.registers\[4\]\[3\],403.18
_1446_,403.02
_2000_,402.96
_2138_,402.66
_1285_,402.38
rf.registers\[20\]\[11\],401.86
_2798_,401.16
_1523_,401.04
_2046_,400.3
_1868_,396.48
_1853_,395.78
net118,395.38
_3216_,395.12
net1496,393.84
_1872_,392.07
_2955_,391.04
_1017_,390.86
_1480_,390.66
_1676_,388.94
net580,387.66
_2912_,386.42
_3575_,385.66
_2879_,385.6
rf.registers\[24\]\[10\],385.3
_1069_,385.1
_2874_,382.08
net816,381.98
_3718_,381.24
_2031_,380.26
_2037_,379.26
_0912_,378.465
_2861_,378.3
_2895_,377.48
_2569_,377.3
_0233_,373.94
_1146_,373.9
_1654_,373.5
net127,372.1
_3663_,371.76
rf.registers\[2\]\[31\],371.38
_1239_,370.9
_2882_,370.86
rf.registers\[16\]\[17\],370.62
_1800_,369.88
_3540_,369.86
_2724_,369.8
_4039_,369.34
_1178_,368.72
rf.registers\[4\]\[13\],367.92
rf.registers\[11\]\[21\],367.64
net1302,367.24
rf.registers\[13\]\[28\],367.175
_1752_,366.9
_2099_,365.02
_2431_,364.16
_1343_,363.2
_2667_,361.84
_2085_,361.7
_1662_,361.64
_0104_,361.26
net4445,360.24
_1485_,357.37
_3157_,357.06
rf.registers\[8\]\[20\],356.94
_3355_,356
_1290_,352.44
_1674_,352.26
rf.registers\[17\]\[7\],351.24
_0833_,350.92
_1938_,350.9
_1532_,350.88
_1874_,350.7
_1433_,350.46
net52,350.08
_1058_,350
rf.registers\[26\]\[13\],349.55
_1304_,349.12
_2797_,347.82
net135,347.72
_2865_,347.18
_0019_,345.62
_1108_,345.2
_2303_,343.6
_1084_,343.1
_1430_,340.6
_3481_,340.3
_4191_,340.02
_2108_,339.72
_3130_,338.42
_2872_,338.34
rf.registers\[4\]\[24\],338.1
_2588_,336.96
_1370_,333.38
_3021_,333.34
_2827_,333.1
rf.registers\[17\]\[23\],332.8
rf.registers\[24\]\[7\],332.54
_1222_,332.52
_3399_,332.44
_2685_,331.76
_2539_,331.68
_1226_,330.54
_2426_,330.42
rf.registers\[20\]\[14\],330.08
_1166_,329.5
rf.registers\[18\]\[31\],329.14
rf.registers\[21\]\[0\],329.14
_3805_,328.22
_2034_,327.42
_1526_,327.24
rf.registers\[29\]\[2\],323.28
_3077_,322.92
_2119_,322.72
rf.registers\[11\]\[11\],321.66
_1335_,319.94
rf.registers\[14\]\[26\],319.94
rf.registers\[27\]\[14\],319.64
_2033_,318.68
_1252_,318.2
_1893_,317.78
_3938_,316.76
_1807_,316.5
rf.registers\[31\]\[3\],315.56
_1767_,315.4
_2935_,315.36
_1817_,315.18
_2680_,314.6
_1253_,313.98
_2617_,312.68
_2997_,312.46
rf.registers\[27\]\[10\],311.86
net1207,311.42
_2466_,310.44
_0816_,310.4
rf.registers\[8\]\[17\],309.04
rf.registers\[22\]\[14\],308.98
_1591_,307.42
_1838_,304.62
_3084_,303.54
_2480_,303.2
_2512_,302.62
_2429_,301.64
_2746_,300.66
_1314_,299.28
_2647_,298.7
_1934_,298.68
_3970_,298.26
_2428_,297.75
_0797_,296.36
_2898_,296.26
_2478_,295.91
_2733_,295.8
rf.registers\[21\]\[14\],294.34
net134,294.02
_2775_,293.58
_4217_,292.12
_1911_,289.7
rf.registers\[7\]\[21\],288.1
_2473_,287.24
_1364_,286.76
_1690_,285.56
_2549_,282.92
rf.registers\[29\]\[5\],282.8
rf.registers\[10\]\[19\],281.5
_1260_,281.18
_2262_,280.76
_1608_,279.84
_1319_,279.44
net1026,279.42
rf.registers\[3\]\[17\],277.46
_0691_,277.365
_2001_,276.98
_1588_,275.72
rf.registers\[12\]\[6\],275.54
_1426_,275.46
_3094_,275.14
net740,274.5
_1277_,273.82
_0231_,273.72
_2368_,273.44
_1757_,273.42
rf.registers\[23\]\[0\],271.86
rf.registers\[18\]\[13\],270.48
_3196_,270.42
_3014_,269.76
rf.registers\[13\]\[3\],269.64
_1720_,269.1
rf.registers\[2\]\[30\],267.72
_2795_,266.54
rf.registers\[27\]\[18\],266.42
_2190_,266.4
_1806_,266.06
_1830_,266
_3154_,265.88
_0778_,265.56
_2984_,265.44
_2821_,264.26
_1409_,262.86
_2452_,261.52
_0392_,260.72
_2540_,260.58
_1680_,260.2
_0261_,259.92
_1978_,257.94
_1315_,257.88
_1665_,257.78
_1083_,256.68
_1797_,255.62
_1350_,255.56
_1259_,255.5
_2104_,255.22
_1204_,253.84
rf.registers\[6\]\[7\],253.18
net19,252.88
_3479_,251.98
_4062_,250.88
_2669_,250.8
_1269_,250.38
_3463_,249.7
_1272_,248.92
_1979_,248.5
_2146_,248.28
net1014,248.22
_1465_,247.48
_2901_,246.02
_2134_,245.68
_1891_,245.6
_1228_,245.2
_2536_,244.14
_1961_,244.12
_2674_,243.86
_1820_,243.36
_3007_,243.24
_1747_,243.2
_2297_,241.56
_1847_,241.54
_1186_,240.76
rf.registers\[18\]\[28\],239.26
rf.registers\[7\]\[12\],238.58
_2543_,238.46
_2476_,236.34
_2355_,235.85
_1550_,235.56
_3308_,233.96
_1190_,231.1
_2579_,230.98
rf.registers\[10\]\[13\],230.58
_1965_,228.54
_2382_,227.86
_1339_,227.18
_2866_,225.56
_2072_,225.38
_3736_,225.32
_2911_,223.66
_2576_,222.91
_1185_,222.72
_4147_,222.64
_2246_,222.54
_3103_,221.74
_2055_,220.9
_3837_,220.88
_2559_,220.66
_2221_,219.78
_3329_,218.6
net142,218.6
rf.registers\[9\]\[3\],217.5
net122,217.04
_1102_,217.02
rf.registers\[2\]\[20\],216.24
_1844_,216.04
_2126_,215.18
net28,215.08
_2483_,214.68
net2552,214.51
rf.registers\[20\]\[16\],214.26
_2123_,214.02
rf.registers\[2\]\[16\],213.68
_2036_,213.56
_2311_,213.4
_1282_,213.36
rf.registers\[28\]\[15\],213.2
_2924_,212.96
_1587_,212.16
_1224_,212.12
_1576_,211.68
_2083_,210.68
rf.registers\[20\]\[26\],210.28
_2213_,209.52
_3637_,208.92
_0773_,207.6
_3676_,206.86
_2675_,206.22
rf.registers\[6\]\[20\],206.22
_0100_,206.1
_1905_,206.03
_1596_,205.36
_1489_,204.46
_2122_,204.46
_2776_,202.92
_1162_,201.02
_3945_,200.7
_2918_,200.66
rf.registers\[15\]\[18\],200.52
net44,200.02
_2327_,198.52
_1305_,198.48
_1070_,197.94
_1565_,197.72
_3468_,197.24
_2003_,196.78
net8,195.88
_2786_,194.86
_2307_,193.5
_2521_,193.34
_3652_,192.215
_1044_,192.16
_2852_,192
_1527_,191.62
_2891_,191.36
_4037_,190.72
_3328_,189.9
_2232_,189.76
_2017_,189.5
_2101_,186.08
_1500_,185.3
_3475_,184.92
_3054_,184.84
net144,184.8
_0745_,182.94
_1205_,182.92
_2148_,182.42
_3519_,180.62
_2061_,179.68
_3181_,178.67
_1899_,178
_2941_,177.72
rf.registers\[1\]\[19\],176.32
_1779_,175.82
_1225_,175.12
rf.registers\[31\]\[16\],174.32
_3623_,174.22
_2206_,173.98
_1866_,173.66
_2453_,172.36
_4036_,171.86
_1271_,171.38
_2672_,171.04
rf.registers\[5\]\[25\],168.32
_1705_,168.06
_1904_,164.48
_1337_,164.1
_2627_,163.38
_2045_,162.64
_1909_,162.4
rf.registers\[9\]\[0\],160.72
rf.registers\[1\]\[28\],160.46
_1698_,160.16
_2620_,159.5
_1639_,159.42
_2621_,159.34
_2893_,155.16
_2271_,153.66
_3119_,151.38
_2410_,150.04
rf.registers\[15\]\[31\],147.56
rf.registers\[28\]\[24\],147.5
_1921_,147.2
rf.registers\[3\]\[22\],144.76
rf.registers\[30\]\[18\],144.66
_2288_,144.64
_0127_,144.3
_2125_,143.22
_2782_,143.22
_1156_,142.96
_0099_,141.86
rf.registers\[11\]\[7\],141.72
_4094_,139.22
_1780_,139.16
rf.registers\[0\]\[31\],138.74
_1781_,134.26
_1514_,132.98
_1094_,132.66
_2179_,132.54
_2304_,130.38
_1308_,129.74
rf.registers\[29\]\[24\],127.88
_1052_,127.84
_2337_,127.5
_1466_,126.6
_2059_,120.7
_2931_,118.12
_2904_,117.2
_2357_,116.9
_1041_,115.5
_2495_,114.38
_2954_,114.36
_0682_,113.1
_2769_,111.82
_2889_,108.22
rf.registers\[3\]\[1\],107.42
rf.registers\[2\]\[12\],105.9
_2350_,104.62
_1481_,104.3
net129,101.16
_2166_,98.82
_1155_,95.58
rf.registers\[1\]\[1\],95.44
net603,93.06
_3950_,92.98
_3203_,90.54
_2170_,90.14
_4066_,87.12
_1614_,85.72
_1584_,82.3
_2089_,81.42
rf.registers\[8\]\[6\],80.34
_1062_,79.94
_2582_,79.92
_2648_,79.08
_1524_,78.14
_1073_,75.48
rf.registers\[22\]\[15\],68.34
_2906_,66.32
_2592_,64.96
rf.registers\[11\]\[8\],62.96
clknet_leaf_832_CLK,58.36
clknet_leaf_450_CLK,54.635
clknet_leaf_194_CLK,54.56
clknet_leaf_683_CLK,53.26
_2799_,50.42
clknet_leaf_522_CLK,49.62
clknet_leaf_95_CLK,48.82
clknet_leaf_291_CLK,48.72
clknet_leaf_728_CLK,48.16
clknet_leaf_115_CLK,47.74
clknet_leaf_515_CLK,46.56
clknet_leaf_22_CLK,46.54
clknet_leaf_310_CLK,46.44
clknet_leaf_794_CLK,46.36
clknet_leaf_696_CLK,46.06
clknet_leaf_690_CLK,45.72
clknet_leaf_345_CLK,45.68
clknet_leaf_24_CLK,45.36
clknet_leaf_101_CLK,44.92
clknet_leaf_52_CLK,44.54
clknet_leaf_175_CLK,44.48
clknet_leaf_173_CLK,44.18
clknet_leaf_752_CLK,44.18
clknet_leaf_656_CLK,44.16
clknet_leaf_827_CLK,43.34
clknet_leaf_495_CLK,42.9
clknet_leaf_263_CLK,42.66
_1328_,42.58
clknet_leaf_667_CLK,42.58
_4069_,42.56
clknet_leaf_326_CLK,41.92
clknet_leaf_594_CLK,41.76
clknet_leaf_749_CLK,41.68
clknet_leaf_818_CLK,41.62
clknet_leaf_447_CLK,41.54
clknet_leaf_593_CLK,41.5
clknet_leaf_133_CLK,41.24
clknet_leaf_489_CLK,40.92
clknet_leaf_16_CLK,40.78
clknet_leaf_396_CLK,40.5
clknet_leaf_665_CLK,40.3
clknet_leaf_155_CLK,40.02
clknet_leaf_131_CLK,39.9
clknet_leaf_758_CLK,39.66
clknet_leaf_261_CLK,39.62
clknet_leaf_702_CLK,39.52
clknet_leaf_191_CLK,39.14
clknet_leaf_80_CLK,38.7
clknet_leaf_536_CLK,38.44
clknet_leaf_250_CLK,38.4
clknet_leaf_500_CLK,37.9
clknet_leaf_651_CLK,37.64
clknet_leaf_464_CLK,37.6
clknet_leaf_736_CLK,37.06
clknet_leaf_268_CLK,37.02
clknet_leaf_377_CLK,36.98
clknet_leaf_565_CLK,36.64
clknet_leaf_83_CLK,36.48
clknet_leaf_580_CLK,36.3
clknet_leaf_278_CLK,36.26
clknet_leaf_289_CLK,36.1
clknet_leaf_358_CLK,36.1
clknet_leaf_681_CLK,35.8
clknet_leaf_879_CLK,35.56
clknet_leaf_246_CLK,35.52
clknet_leaf_598_CLK,35.14
clknet_leaf_35_CLK,35.1
clknet_leaf_29_CLK,34.34
clknet_leaf_68_CLK,34.34
_3577_,34.2
clknet_leaf_449_CLK,34.14
clknet_leaf_636_CLK,33.92
clknet_leaf_116_CLK,33.62
clknet_leaf_329_CLK,33.08
clknet_leaf_235_CLK,32.84
clknet_leaf_150_CLK,32.66
clknet_leaf_738_CLK,32.64
clknet_leaf_284_CLK,32.2
clknet_leaf_520_CLK,31.88
clknet_leaf_826_CLK,31.62
clknet_leaf_634_CLK,31.46
clknet_leaf_882_CLK,31.08
clknet_leaf_811_CLK,30.96
clknet_leaf_87_CLK,30.12
rf.registers\[5\]\[29\],29.82
clknet_leaf_130_CLK,29.7
clknet_leaf_789_CLK,29.44
clknet_leaf_474_CLK,29.16
clknet_leaf_90_CLK,28.74
clknet_leaf_601_CLK,28.7
clknet_leaf_670_CLK,28.66
clknet_leaf_757_CLK,27.74
clknet_leaf_764_CLK,27.1
clknet_leaf_405_CLK,27.02
clknet_leaf_412_CLK,26.94
clknet_leaf_209_CLK,26.76
clknet_leaf_486_CLK,26.68
clknet_leaf_469_CLK,26.56
clknet_leaf_463_CLK,26.42
clknet_leaf_624_CLK,26.14
clknet_leaf_613_CLK,26.06
clknet_leaf_638_CLK,25.64
clknet_leaf_129_CLK,25.635
clknet_leaf_8_CLK,25.22
clknet_leaf_641_CLK,25.18
clknet_leaf_676_CLK,25.1
clknet_leaf_473_CLK,24.18
clknet_leaf_560_CLK,23.5
_3055_,23.46
clknet_leaf_599_CLK,22.96
clknet_leaf_836_CLK,22.88
clknet_leaf_695_CLK,22.54
clknet_leaf_369_CLK,22
clknet_leaf_421_CLK,21.78
clknet_leaf_646_CLK,20.48
clknet_leaf_846_CLK,20.2
clknet_leaf_298_CLK,20.04
clknet_leaf_880_CLK,20
clknet_leaf_642_CLK,19.6
clknet_leaf_439_CLK,19.46
clknet_leaf_481_CLK,18.44
clknet_leaf_176_CLK,17.82
clknet_leaf_625_CLK,17.82
clknet_leaf_5_CLK,17.56
clknet_leaf_743_CLK,16.94
rf.registers\[20\]\[10\],16.16
clknet_leaf_654_CLK,16.1
_1560_,15.84
clknet_leaf_816_CLK,15.38
net592,15.22
A1[4],14.9
clknet_leaf_48_CLK,14.46
_1139_,14.34
_1320_,14.34
clknet_leaf_435_CLK,14.26
clknet_leaf_688_CLK,14.22
A1[3],13.98
A3[4],13.98
rf.registers\[0\]\[21\],13.98
clknet_leaf_858_CLK,13.96
rf.registers\[26\]\[30\],13.86
clknet_leaf_15_CLK,13.8
_2868_,13.64
rf.registers\[23\]\[3\],13.64
_3129_,13.56
clknet_leaf_521_CLK,13.34
clknet_leaf_842_CLK,13.22
_2290_,13.1
clknet_leaf_106_CLK,12.88
A1[2],12.6
A3[3],12.6
_2845_,12.6
rf.registers\[20\]\[3\],12.48
clknet_leaf_803_CLK,12.42
net141,12.24
rf.registers\[20\]\[8\],12.22
_2361_,11.92
clknet_leaf_716_CLK,11.92
_1380_,11.84
rf.registers\[18\]\[21\],11.84
rf.registers\[16\]\[6\],11.64
alu_result[11],11.24
A3[2],11.22
rf.registers\[10\]\[26\],10.96
_2715_,10.9
_1113_,10.8
alu_result[15],10.78
A1[1],10.76
A2[4],10.76
A3[0],10.76
A3[1],10.76
rf.registers\[11\]\[1\],10.74
_2945_,10.5
WD3[20],10.45
net911,10.44
A1[0],10.42
A2[3],10.42
rf.registers\[29\]\[14\],10.42
alu_result[20],10.32
A2[2],10.3
rf.registers\[9\]\[14\],10.26
_1148_,10.2
clknet_leaf_850_CLK,10.12
alu_result[9],9.88
rf.registers\[12\]\[7\],9.88
rf.registers\[4\]\[22\],9.88
_2913_,9.86
_1810_,9.84
rf.registers\[18\]\[18\],9.74
_2690_,9.72
_2928_,9.5
alu_result[8],9.42
alu_result[22],9.4
rf.registers\[15\]\[6\],9.36
RD1[28],9.31
rf.registers\[5\]\[15\],9.22
WD3[21],9.09
_2371_,9.04
alu_result[23],8.96
rf.registers\[4\]\[30\],8.96
_2577_,8.92
rf.registers\[25\]\[10\],8.88
rf.registers\[0\]\[13\],8.84
rf.registers\[23\]\[21\],8.84
_2202_,8.74
_1424_,8.7
_2692_,8.62
rf.registers\[6\]\[24\],8.58
alu_result[10],8.5
rf.registers\[29\]\[16\],8.4
RD1[11],8.39
RD1[20],8.39
RD2[0],8.39
RD2[17],8.39
RD2[26],8.39
RD2[9],8.39
rf.registers\[15\]\[23\],8.36
rf.registers\[14\]\[20\],8.14
rf.registers\[12\]\[23\],8.06
rf.registers\[17\]\[6\],8.06
alu_result[0],8.04
alu_result[12],8.04
alu_result[13],8.04
alu_result[14],8.04
alu_result[16],8.04
alu_result[17],8.04
alu_result[18],8.04
alu_result[19],8.04
alu_result[1],8.04
alu_result[21],8.04
alu_result[24],8.04
alu_result[25],8.04
alu_result[26],8.04
alu_result[27],8.04
alu_result[28],8.04
alu_result[29],8.04
alu_result[2],8.04
alu_result[30],8.04
alu_result[31],8.04
alu_result[3],8.04
alu_result[4],8.04
alu_result[5],8.04
alu_result[6],8.04
alu_result[7],8.04
rf.registers\[3\]\[19\],8.04
_2584_,7.88
_2417_,7.68
_1429_,7.58
_2354_,7.56
_2708_,7.56
rf.registers\[2\]\[21\],7.56
rf.registers\[18\]\[24\],7.54
_1711_,7.44
rf.registers\[1\]\[8\],7.38
rf.registers\[2\]\[1\],7.22
rf.registers\[26\]\[11\],7.2
rf.registers\[30\]\[19\],7.12
clknet_leaf_56_CLK,7.11
_2145_,7.1
rf.registers\[16\]\[20\],7.1
_2518_,7.06
rf.registers\[7\]\[4\],7.04
RD1[12],7.03
RD1[29],7.03
RD1[3],7.03
RD2[18],7.03
rf.registers\[0\]\[15\],6.98
rf.registers\[17\]\[27\],6.96
_2652_,6.86
clknet_leaf_857_CLK,6.82
_2807_,6.78
WD3[28],6.77
WD3[4],6.77
rf.registers\[17\]\[14\],6.74
RD2[1],6.69
_2742_,6.66
_2744_,6.66
rf.registers\[8\]\[8\],6.66
rf.registers\[10\]\[2\],6.64
rf.registers\[27\]\[13\],6.64
_1136_,6.6
rf.registers\[18\]\[4\],6.52
rf.registers\[6\]\[26\],6.52
_2118_,6.44
_2841_,6.44
_2636_,6.4
_2545_,6.36
_2076_,6.32
WD3[0],6.31
WD3[12],6.31
WD3[16],6.31
WD3[24],6.31
WD3[8],6.31
alu_opcode[0],6.31
_1790_,6.3
rf.registers\[7\]\[22\],6.3
_2504_,6.28
rf.registers\[4\]\[6\],6.28
rf.registers\[31\]\[15\],6.2
rf.registers\[15\]\[15\],6.18
rf.registers\[3\]\[31\],6.18
rf.registers\[9\]\[22\],6.16
_3082_,6.14
_1054_,6.06
_2330_,6.06
_2537_,6.06
_2586_,6.06
rf.registers\[24\]\[26\],6.06
WD3[14],5.97
WD3[22],5.97
WD3[26],5.97
WD3[2],5.97
WD3[30],5.97
WD3[6],5.97
WE3,5.97
_2755_,5.86
_3515_,5.84
rf.registers\[17\]\[18\],5.84
rf.registers\[20\]\[15\],5.84
_2283_,5.74
_2986_,5.74
rf.registers\[0\]\[0\],5.74
_2832_,5.72
_2880_,5.72
rf.registers\[12\]\[13\],5.68
rf.registers\[14\]\[0\],5.68
rf.registers\[18\]\[6\],5.68
rf.registers\[21\]\[20\],5.68
WD3[10],5.63
WD3[18],5.63
WD3[13],5.41
WD3[29],5.41
WD3[9],5.41
_1678_,5.38
rf.registers\[0\]\[20\],5.38
rf.registers\[7\]\[31\],5.38
rf.registers\[13\]\[0\],5.34
rf.registers\[26\]\[26\],5.34
rf.registers\[10\]\[16\],5.28
_1569_,5.26
_2773_,5.26
_2822_,5.26
_2837_,5.26
rf.registers\[21\]\[25\],5.26
_1358_,5.12
WD3[7],5.07
WD3[17],4.95
WD3[1],4.95
WD3[25],4.95
WD3[5],4.95
alu_opcode[1],4.95
net735,4.94
_1682_,4.92
_1902_,4.92
_2717_,4.92
_2787_,4.92
_2942_,4.92
rf.registers\[6\]\[21\],4.92
rf.registers\[7\]\[7\],4.92
rf.registers\[31\]\[14\],4.9
rf.registers\[5\]\[19\],4.9
rf.registers\[2\]\[15\],4.82
_1675_,4.8
_1777_,4.8
rf.registers\[19\]\[31\],4.8
rf.registers\[24\]\[5\],4.8
rf.registers\[7\]\[6\],4.8
_1372_,4.76
_1925_,4.76
rf.registers\[4\]\[11\],4.76
rf.registers\[22\]\[13\],4.68
RD1[6],4.61
WD3[11],4.61
WD3[15],4.61
WD3[19],4.61
WD3[23],4.61
WD3[27],4.61
WD3[31],4.61
WD3[3],4.61
net941,4.56
_2276_,4.48
_2657_,4.48
_2784_,4.48
_2888_,4.48
_2902_,4.48
_1813_,4.46
rf.registers\[25\]\[22\],4.46
rf.registers\[17\]\[17\],4.44
rf.registers\[24\]\[31\],4.44
rf.registers\[2\]\[14\],4.44
rf.registers\[4\]\[4\],4.44
_1876_,4.42
net2564,4.42
rf.registers\[19\]\[25\],4.36
_2867_,4.34
rf.registers\[30\]\[26\],4.34
rf.registers\[31\]\[13\],4.34
rf.registers\[31\]\[26\],4.34
net139,4.34
rf.registers\[0\]\[30\],4.22
rf.registers\[12\]\[18\],4.22
rf.registers\[27\]\[27\],4.22
_3406_,4.2
_2144_,4.02
_2465_,4.02
_2491_,4.02
_2792_,4.02
_1367_,4
_2897_,4
rf.registers\[22\]\[18\],4
rf.registers\[14\]\[5\],3.98
rf.registers\[19\]\[15\],3.98
rf.registers\[1\]\[18\],3.98
rf.registers\[20\]\[12\],3.98
rf.registers\[20\]\[22\],3.98
rf.registers\[23\]\[10\],3.98
rf.registers\[26\]\[21\],3.98
rf.registers\[28\]\[21\],3.98
rf.registers\[29\]\[23\],3.98
rf.registers\[31\]\[27\],3.98
rf.registers\[3\]\[6\],3.98
rf.registers\[9\]\[7\],3.98
RD1[0],3.93
RD1[10],3.93
RD1[13],3.93
RD1[14],3.93
RD1[15],3.93
RD1[16],3.93
RD1[17],3.93
RD1[18],3.93
RD1[19],3.93
RD1[1],3.93
RD1[21],3.93
RD1[22],3.93
RD1[23],3.93
RD1[24],3.93
RD1[25],3.93
RD1[26],3.93
RD1[27],3.93
RD1[2],3.93
RD1[30],3.93
RD1[31],3.93
RD1[4],3.93
RD1[5],3.93
RD1[7],3.93
RD1[8],3.93
RD1[9],3.93
RD2[10],3.93
RD2[11],3.93
RD2[12],3.93
RD2[13],3.93
RD2[14],3.93
RD2[15],3.93
RD2[16],3.93
RD2[19],3.93
RD2[20],3.93
RD2[21],3.93
RD2[22],3.93
RD2[23],3.93
RD2[24],3.93
RD2[25],3.93
RD2[27],3.93
RD2[28],3.93
RD2[29],3.93
RD2[2],3.93
RD2[30],3.93
RD2[31],3.93
RD2[3],3.93
RD2[4],3.93
RD2[5],3.93
RD2[6],3.93
RD2[7],3.93
RD2[8],3.93
_2273_,3.9
rf.registers\[16\]\[12\],3.9
rf.registers\[26\]\[2\],3.9
net131,3.88
_2186_,3.68
_1245_,3.64
_2404_,3.64
_2530_,3.64
_1453_,3.56
_2686_,3.56
_2808_,3.54
_2818_,3.54
rf.registers\[10\]\[24\],3.44
rf.registers\[14\]\[15\],3.44
rf.registers\[22\]\[9\],3.44
rf.registers\[26\]\[14\],3.44
rf.registers\[30\]\[31\],3.44
rf.registers\[7\]\[2\],3.44
_1297_,3.42
_2575_,3.42
rf.registers\[12\]\[20\],3.42
_2752_,3.4
_2111_,3.3
_2281_,3.3
_2820_,3.3
rf.registers\[17\]\[19\],3.3
rf.registers\[28\]\[1\],3.3
rf.registers\[5\]\[14\],3.3
rf.registers\[6\]\[19\],3.3
rf.registers\[6\]\[2\],3.3
rf.registers\[8\]\[22\],3.3
net544,3.18
_2274_,3.1
_2474_,3.1
_2464_,3.08
rf.registers\[10\]\[5\],3.08
rf.registers\[22\]\[20\],3.08
rf.registers\[29\]\[6\],3.08
rf.registers\[31\]\[6\],3.08
rf.registers\[10\]\[12\],2.98
rf.registers\[11\]\[28\],2.98
rf.registers\[15\]\[20\],2.98
rf.registers\[18\]\[8\],2.98
rf.registers\[19\]\[16\],2.98
rf.registers\[19\]\[17\],2.98
rf.registers\[23\]\[22\],2.98
rf.registers\[25\]\[31\],2.98
rf.registers\[30\]\[4\],2.98
rf.registers\[31\]\[21\],2.98
rf.registers\[31\]\[25\],2.98
rf.registers\[8\]\[4\],2.98
net136,2.98
_1517_,2.96
_1811_,2.96
_1812_,2.96
rf.registers\[11\]\[23\],2.96
rf.registers\[16\]\[25\],2.96
rf.registers\[17\]\[26\],2.96
rf.registers\[19\]\[8\],2.96
rf.registers\[20\]\[2\],2.96
rf.registers\[25\]\[2\],2.96
rf.registers\[26\]\[17\],2.96
rf.registers\[28\]\[25\],2.96
rf.registers\[30\]\[11\],2.96
rf.registers\[6\]\[27\],2.96
rf.registers\[9\]\[16\],2.96
rf.registers\[9\]\[17\],2.96
_2142_,2.84
_2471_,2.64
_1124_,2.62
_2060_,2.62
_2610_,2.62
rf.registers\[0\]\[4\],2.62
rf.registers\[11\]\[10\],2.62
rf.registers\[11\]\[14\],2.62
rf.registers\[12\]\[11\],2.62
rf.registers\[12\]\[28\],2.62
rf.registers\[12\]\[29\],2.62
rf.registers\[13\]\[31\],2.62
rf.registers\[18\]\[17\],2.62
rf.registers\[22\]\[8\],2.62
rf.registers\[23\]\[7\],2.62
rf.registers\[25\]\[30\],2.62
rf.registers\[27\]\[6\],2.62
rf.registers\[29\]\[20\],2.62
rf.registers\[30\]\[1\],2.62
rf.registers\[31\]\[2\],2.62
rf.registers\[31\]\[7\],2.62
rf.registers\[3\]\[16\],2.62
rf.registers\[3\]\[27\],2.62
rf.registers\[6\]\[11\],2.62
rf.registers\[8\]\[13\],2.62
rf.registers\[8\]\[15\],2.62
rf.registers\[9\]\[4\],2.62
_2372_,2.52
rf.registers\[19\]\[0\],2.52
rf.registers\[29\]\[22\],2.52
_1182_,2.5
_1589_,2.5
_1604_,2.5
_1995_,2.5
_3166_,2.5
rf.registers\[13\]\[1\],2.5
rf.registers\[27\]\[2\],2.5
rf.registers\[2\]\[7\],2.5
net137,2.5
rf.registers\[8\]\[0\],2.38
_2722_,2.3
_3091_,2.3
_1276_,2.16
_2293_,2.16
_2461_,2.16
_2642_,2.16
_2671_,2.16
_2678_,2.16
rf.registers\[16\]\[8\],2.16
rf.registers\[19\]\[5\],2.16
rf.registers\[26\]\[20\],2.16
rf.registers\[22\]\[17\],2.06
rf.registers\[24\]\[11\],2.06
rf.registers\[6\]\[8\],2.06
_1221_,2.04
_1870_,2.04
_2224_,2.04
_2289_,2.04
_2788_,2.04
rf.registers\[10\]\[22\],2.04
rf.registers\[27\]\[15\],2.04
rf.registers\[9\]\[20\],2.04
_1063_,1.84
_1913_,1.7
_2393_,1.7
rf.registers\[9\]\[28\],1.7
_2258_,1.6
rf.registers\[12\]\[14\],1.6
rf.registers\[13\]\[18\],1.6
rf.registers\[13\]\[19\],1.6
rf.registers\[16\]\[15\],1.6
rf.registers\[19\]\[21\],1.6
rf.registers\[19\]\[23\],1.6
rf.registers\[1\]\[11\],1.6
rf.registers\[24\]\[19\],1.6
rf.registers\[25\]\[3\],1.6
rf.registers\[27\]\[0\],1.6
rf.registers\[27\]\[12\],1.6
rf.registers\[27\]\[25\],1.6
rf.registers\[29\]\[4\],1.6
rf.registers\[31\]\[18\],1.6
rf.registers\[31\]\[9\],1.6
rf.registers\[3\]\[12\],1.6
rf.registers\[4\]\[17\],1.6
rf.registers\[4\]\[1\],1.6
rf.registers\[4\]\[7\],1.6
rf.registers\[5\]\[1\],1.6
rf.registers\[5\]\[22\],1.6
rf.registers\[6\]\[25\],1.6
rf.registers\[7\]\[16\],1.6
_2347_,1.26
_1901_,1.14
_2565_,1.14
_2871_,1.14
rf.registers\[0\]\[28\],1.14
rf.registers\[17\]\[4\],1.14
rf.registers\[19\]\[13\],1.14
rf.registers\[21\]\[2\],1.14
rf.registers\[25\]\[12\],1.14
rf.registers\[27\]\[20\],1.14
rf.registers\[8\]\[19\],1.14
_1333_,0.46
_2244_,0.46
_2962_,0.46
