
===========================================================================
report_checks -path_delay min (Hold)
============================================================================
======================= Fastest Corner ===================================

Startpoint: _1285_ (rising edge-triggered flip-flop clocked by core_clock)
Endpoint: _1285_ (rising edge-triggered flip-flop clocked by core_clock)
Path Group: core_clock
Path Type: min
Corner: Fastest

Fanout     Cap    Slew   Delay    Time   Description
-----------------------------------------------------------------------------
                          0.00    0.00   clock core_clock (rise edge)
                          0.00    0.00   clock source latency
     1    0.07    0.00    0.00    0.00 ^ clk (in)
                                         clk (net)
                  0.00    0.00    0.00 ^ clkbuf_0_clk/A (sky130_fd_sc_hd__clkbuf_16)
     9    0.22    0.18    0.18    0.19 ^ clkbuf_0_clk/X (sky130_fd_sc_hd__clkbuf_16)
                                         clknet_0_clk (net)
                  0.18    0.01    0.19 ^ clkbuf_3_4__f_clk/A (sky130_fd_sc_hd__clkbuf_16)
    12    0.09    0.09    0.16    0.35 ^ clkbuf_3_4__f_clk/X (sky130_fd_sc_hd__clkbuf_16)
                                         clknet_3_4__leaf_clk (net)
                  0.09    0.00    0.35 ^ _1285_/CLK (sky130_fd_sc_hd__dfxtp_4)
     4    0.10    0.10    0.29    0.65 v _1285_/Q (sky130_fd_sc_hd__dfxtp_4)
                                         display_inst.counter[4] (net)
                  0.10    0.00    0.65 v _0705_/A (sky130_fd_sc_hd__xor2_1)
     1    0.01    0.05    0.15    0.80 v _0705_/X (sky130_fd_sc_hd__xor2_1)
                                         _0034_ (net)
                  0.05    0.00    0.80 v _1285_/D (sky130_fd_sc_hd__dfxtp_4)
                                  0.80   data arrival time

                          0.00    0.00   clock core_clock (rise edge)
                          0.00    0.00   clock source latency
     1    0.07    0.00    0.00    0.00 ^ clk (in)
                                         clk (net)
                  0.00    0.00    0.00 ^ clkbuf_0_clk/A (sky130_fd_sc_hd__clkbuf_16)
     9    0.22    0.18    0.18    0.19 ^ clkbuf_0_clk/X (sky130_fd_sc_hd__clkbuf_16)
                                         clknet_0_clk (net)
                  0.18    0.01    0.19 ^ clkbuf_3_4__f_clk/A (sky130_fd_sc_hd__clkbuf_16)
    12    0.09    0.09    0.16    0.35 ^ clkbuf_3_4__f_clk/X (sky130_fd_sc_hd__clkbuf_16)
                                         clknet_3_4__leaf_clk (net)
                  0.09    0.00    0.35 ^ _1285_/CLK (sky130_fd_sc_hd__dfxtp_4)
                          0.00    0.35   clock reconvergence pessimism
                         -0.04    0.32   library hold time
                                  0.32   data required time
-----------------------------------------------------------------------------
                                  0.32   data required time
                                 -0.80   data arrival time
-----------------------------------------------------------------------------
                                  0.48   slack (MET)


Startpoint: _1300_ (rising edge-triggered flip-flop clocked by core_clock)
Endpoint: _1300_ (rising edge-triggered flip-flop clocked by core_clock)
Path Group: core_clock
Path Type: min
Corner: Fastest

Fanout     Cap    Slew   Delay    Time   Description
-----------------------------------------------------------------------------
                          0.00    0.00   clock core_clock (rise edge)
                          0.00    0.00   clock source latency
     1    0.07    0.00    0.00    0.00 ^ clk (in)
                                         clk (net)
                  0.00    0.00    0.00 ^ clkbuf_0_clk/A (sky130_fd_sc_hd__clkbuf_16)
     9    0.22    0.18    0.18    0.19 ^ clkbuf_0_clk/X (sky130_fd_sc_hd__clkbuf_16)
                                         clknet_0_clk (net)
                  0.18    0.01    0.19 ^ clkbuf_3_1__f_clk/A (sky130_fd_sc_hd__clkbuf_16)
    13    0.09    0.09    0.16    0.35 ^ clkbuf_3_1__f_clk/X (sky130_fd_sc_hd__clkbuf_16)
                                         clknet_3_1__leaf_clk (net)
                  0.09    0.00    0.35 ^ _1300_/CLK (sky130_fd_sc_hd__dfxtp_4)
     2    0.11    0.11    0.29    0.64 v _1300_/Q (sky130_fd_sc_hd__dfxtp_4)
                                         display_inst.counter[19] (net)
                  0.11    0.02    0.66 v _0745_/A (sky130_fd_sc_hd__xor2_2)
     1    0.03    0.07    0.18    0.84 v _0745_/X (sky130_fd_sc_hd__xor2_2)
                                         _0049_ (net)
                  0.07    0.00    0.84 v _1300_/D (sky130_fd_sc_hd__dfxtp_4)
                                  0.84   data arrival time

                          0.00    0.00   clock core_clock (rise edge)
                          0.00    0.00   clock source latency
     1    0.07    0.00    0.00    0.00 ^ clk (in)
                                         clk (net)
                  0.00    0.00    0.00 ^ clkbuf_0_clk/A (sky130_fd_sc_hd__clkbuf_16)
     9    0.22    0.18    0.18    0.19 ^ clkbuf_0_clk/X (sky130_fd_sc_hd__clkbuf_16)
                                         clknet_0_clk (net)
                  0.18    0.01    0.19 ^ clkbuf_3_1__f_clk/A (sky130_fd_sc_hd__clkbuf_16)
    13    0.09    0.09    0.16    0.35 ^ clkbuf_3_1__f_clk/X (sky130_fd_sc_hd__clkbuf_16)
                                         clknet_3_1__leaf_clk (net)
                  0.09    0.00    0.35 ^ _1300_/CLK (sky130_fd_sc_hd__dfxtp_4)
                          0.00    0.35   clock reconvergence pessimism
                         -0.04    0.31   library hold time
                                  0.31   data required time
-----------------------------------------------------------------------------
                                  0.31   data required time
                                 -0.84   data arrival time
-----------------------------------------------------------------------------
                                  0.53   slack (MET)


Startpoint: _1281_ (rising edge-triggered flip-flop clocked by core_clock)
Endpoint: _1282_ (rising edge-triggered flip-flop clocked by core_clock)
Path Group: core_clock
Path Type: min
Corner: Fastest

Fanout     Cap    Slew   Delay    Time   Description
-----------------------------------------------------------------------------
                          0.00    0.00   clock core_clock (rise edge)
                          0.00    0.00   clock source latency
     1    0.07    0.00    0.00    0.00 ^ clk (in)
                                         clk (net)
                  0.00    0.00    0.00 ^ clkbuf_0_clk/A (sky130_fd_sc_hd__clkbuf_16)
     9    0.22    0.18    0.18    0.19 ^ clkbuf_0_clk/X (sky130_fd_sc_hd__clkbuf_16)
                                         clknet_0_clk (net)
                  0.18    0.01    0.19 ^ clkbuf_3_1__f_clk/A (sky130_fd_sc_hd__clkbuf_16)
    13    0.09    0.09    0.16    0.35 ^ clkbuf_3_1__f_clk/X (sky130_fd_sc_hd__clkbuf_16)
                                         clknet_3_1__leaf_clk (net)
                  0.09    0.00    0.35 ^ _1281_/CLK (sky130_fd_sc_hd__dfxtp_4)
     7    0.15    0.14    0.32    0.67 v _1281_/Q (sky130_fd_sc_hd__dfxtp_4)
                                         display_inst.counter[0] (net)
                  0.14    0.01    0.69 v _0698_/A (sky130_fd_sc_hd__xor2_2)
     1    0.03    0.07    0.19    0.88 v _0698_/X (sky130_fd_sc_hd__xor2_2)
                                         _0031_ (net)
                  0.07    0.00    0.88 v _1282_/D (sky130_fd_sc_hd__dfxtp_4)
                                  0.88   data arrival time

                          0.00    0.00   clock core_clock (rise edge)
                          0.00    0.00   clock source latency
     1    0.07    0.00    0.00    0.00 ^ clk (in)
                                         clk (net)
                  0.00    0.00    0.00 ^ clkbuf_0_clk/A (sky130_fd_sc_hd__clkbuf_16)
     9    0.22    0.18    0.18    0.19 ^ clkbuf_0_clk/X (sky130_fd_sc_hd__clkbuf_16)
                                         clknet_0_clk (net)
                  0.18    0.01    0.19 ^ clkbuf_3_1__f_clk/A (sky130_fd_sc_hd__clkbuf_16)
    13    0.09    0.09    0.16    0.35 ^ clkbuf_3_1__f_clk/X (sky130_fd_sc_hd__clkbuf_16)
                                         clknet_3_1__leaf_clk (net)
                  0.09    0.00    0.35 ^ _1282_/CLK (sky130_fd_sc_hd__dfxtp_4)
                          0.00    0.35   clock reconvergence pessimism
                         -0.04    0.31   library hold time
                                  0.31   data required time
-----------------------------------------------------------------------------
                                  0.31   data required time
                                 -0.88   data arrival time
-----------------------------------------------------------------------------
                                  0.57   slack (MET)


Startpoint: _1298_ (rising edge-triggered flip-flop clocked by core_clock)
Endpoint: _1298_ (rising edge-triggered flip-flop clocked by core_clock)
Path Group: core_clock
Path Type: min
Corner: Fastest

Fanout     Cap    Slew   Delay    Time   Description
-----------------------------------------------------------------------------
                          0.00    0.00   clock core_clock (rise edge)
                          0.00    0.00   clock source latency
     1    0.07    0.00    0.00    0.00 ^ clk (in)
                                         clk (net)
                  0.00    0.00    0.00 ^ clkbuf_0_clk/A (sky130_fd_sc_hd__clkbuf_16)
     9    0.22    0.18    0.18    0.19 ^ clkbuf_0_clk/X (sky130_fd_sc_hd__clkbuf_16)
                                         clknet_0_clk (net)
                  0.18    0.01    0.19 ^ clkbuf_3_2__f_clk/A (sky130_fd_sc_hd__clkbuf_16)
    14    0.09    0.08    0.15    0.35 ^ clkbuf_3_2__f_clk/X (sky130_fd_sc_hd__clkbuf_16)
                                         clknet_3_2__leaf_clk (net)
                  0.08    0.01    0.36 ^ _1298_/CLK (sky130_fd_sc_hd__dfxtp_4)
     3    0.15    0.14    0.32    0.67 v _1298_/Q (sky130_fd_sc_hd__dfxtp_4)
                                         display_inst.counter[17] (net)
                  0.15    0.01    0.69 v _0741_/A (sky130_fd_sc_hd__xnor2_2)
     1    0.03    0.10    0.19    0.88 v _0741_/Y (sky130_fd_sc_hd__xnor2_2)
                                         _0047_ (net)
                  0.10    0.00    0.88 v _1298_/D (sky130_fd_sc_hd__dfxtp_4)
                                  0.88   data arrival time

                          0.00    0.00   clock core_clock (rise edge)
                          0.00    0.00   clock source latency
     1    0.07    0.00    0.00    0.00 ^ clk (in)
                                         clk (net)
                  0.00    0.00    0.00 ^ clkbuf_0_clk/A (sky130_fd_sc_hd__clkbuf_16)
     9    0.22    0.18    0.18    0.19 ^ clkbuf_0_clk/X (sky130_fd_sc_hd__clkbuf_16)
                                         clknet_0_clk (net)
                  0.18    0.01    0.19 ^ clkbuf_3_2__f_clk/A (sky130_fd_sc_hd__clkbuf_16)
    14    0.09    0.08    0.15    0.35 ^ clkbuf_3_2__f_clk/X (sky130_fd_sc_hd__clkbuf_16)
                                         clknet_3_2__leaf_clk (net)
                  0.08    0.01    0.36 ^ _1298_/CLK (sky130_fd_sc_hd__dfxtp_4)
                          0.00    0.36   clock reconvergence pessimism
                         -0.05    0.31   library hold time
                                  0.31   data required time
-----------------------------------------------------------------------------
                                  0.31   data required time
                                 -0.88   data arrival time
-----------------------------------------------------------------------------
                                  0.57   slack (MET)


Startpoint: _1337_ (rising edge-triggered flip-flop clocked by core_clock)
Endpoint: _1337_ (rising edge-triggered flip-flop clocked by core_clock)
Path Group: core_clock
Path Type: min
Corner: Fastest

Fanout     Cap    Slew   Delay    Time   Description
-----------------------------------------------------------------------------
                          0.00    0.00   clock core_clock (rise edge)
                          0.00    0.00   clock source latency
     1    0.07    0.00    0.00    0.00 ^ clk (in)
                                         clk (net)
                  0.00    0.00    0.00 ^ clkbuf_0_clk/A (sky130_fd_sc_hd__clkbuf_16)
     9    0.22    0.18    0.18    0.19 ^ clkbuf_0_clk/X (sky130_fd_sc_hd__clkbuf_16)
                                         clknet_0_clk (net)
                  0.18    0.01    0.19 ^ clkbuf_3_5__f_clk/A (sky130_fd_sc_hd__clkbuf_16)
    16    0.10    0.09    0.16    0.36 ^ clkbuf_3_5__f_clk/X (sky130_fd_sc_hd__clkbuf_16)
                                         clknet_3_5__leaf_clk (net)
                  0.09    0.00    0.36 ^ _1337_/CLK (sky130_fd_sc_hd__dfxtp_2)
     2    0.05    0.08    0.27    0.63 v _1337_/Q (sky130_fd_sc_hd__dfxtp_2)
                                         regfile_inst.registers[10][6] (net)
                  0.08    0.00    0.63 v _0793_/A (sky130_fd_sc_hd__and2_1)
     1    0.01    0.05    0.13    0.76 v _0793_/X (sky130_fd_sc_hd__and2_1)
                                         _0583_ (net)
                  0.05    0.00    0.77 v _0794_/A (sky130_fd_sc_hd__clkbuf_2)
     1    0.03    0.09    0.13    0.90 v _0794_/X (sky130_fd_sc_hd__clkbuf_2)
                                         _0086_ (net)
                  0.09    0.01    0.90 v _1337_/D (sky130_fd_sc_hd__dfxtp_2)
                                  0.90   data arrival time

                          0.00    0.00   clock core_clock (rise edge)
                          0.00    0.00   clock source latency
     1    0.07    0.00    0.00    0.00 ^ clk (in)
                                         clk (net)
                  0.00    0.00    0.00 ^ clkbuf_0_clk/A (sky130_fd_sc_hd__clkbuf_16)
     9    0.22    0.18    0.18    0.19 ^ clkbuf_0_clk/X (sky130_fd_sc_hd__clkbuf_16)
                                         clknet_0_clk (net)
                  0.18    0.01    0.19 ^ clkbuf_3_5__f_clk/A (sky130_fd_sc_hd__clkbuf_16)
    16    0.10    0.09    0.16    0.36 ^ clkbuf_3_5__f_clk/X (sky130_fd_sc_hd__clkbuf_16)
                                         clknet_3_5__leaf_clk (net)
                  0.09    0.00    0.36 ^ _1337_/CLK (sky130_fd_sc_hd__dfxtp_2)
                          0.00    0.36   clock reconvergence pessimism
                         -0.05    0.31   library hold time
                                  0.31   data required time
-----------------------------------------------------------------------------
                                  0.31   data required time
                                 -0.90   data arrival time
-----------------------------------------------------------------------------
                                  0.60   slack (MET)


Startpoint: _1363_ (rising edge-triggered flip-flop clocked by core_clock)
Endpoint: _1363_ (rising edge-triggered flip-flop clocked by core_clock)
Path Group: core_clock
Path Type: min
Corner: Fastest

Fanout     Cap    Slew   Delay    Time   Description
-----------------------------------------------------------------------------
                          0.00    0.00   clock core_clock (rise edge)
                          0.00    0.00   clock source latency
     1    0.07    0.00    0.00    0.00 ^ clk (in)
                                         clk (net)
                  0.00    0.00    0.00 ^ clkbuf_0_clk/A (sky130_fd_sc_hd__clkbuf_16)
     9    0.22    0.18    0.18    0.19 ^ clkbuf_0_clk/X (sky130_fd_sc_hd__clkbuf_16)
                                         clknet_0_clk (net)
                  0.18    0.01    0.19 ^ clkbuf_3_2__f_clk/A (sky130_fd_sc_hd__clkbuf_16)
    14    0.09    0.08    0.15    0.35 ^ clkbuf_3_2__f_clk/X (sky130_fd_sc_hd__clkbuf_16)
                                         clknet_3_2__leaf_clk (net)
                  0.08    0.01    0.35 ^ _1363_/CLK (sky130_fd_sc_hd__dfxtp_4)
     1    0.08    0.18    0.32    0.68 ^ _1363_/Q (sky130_fd_sc_hd__dfxtp_4)
                                         regfile_inst.registers[15][0] (net)
                  0.19    0.02    0.70 ^ _1015_/A (sky130_fd_sc_hd__inv_4)
     3    0.12    0.13    0.11    0.81 v _1015_/Y (sky130_fd_sc_hd__inv_4)
                                         _0226_ (net)
                  0.13    0.02    0.83 v _0855_/A (sky130_fd_sc_hd__nand2_1)
     1    0.01    0.08    0.10    0.94 ^ _0855_/Y (sky130_fd_sc_hd__nand2_1)
                                         _0112_ (net)
                  0.08    0.00    0.94 ^ _1363_/D (sky130_fd_sc_hd__dfxtp_4)
                                  0.94   data arrival time

                          0.00    0.00   clock core_clock (rise edge)
                          0.00    0.00   clock source latency
     1    0.07    0.00    0.00    0.00 ^ clk (in)
                                         clk (net)
                  0.00    0.00    0.00 ^ clkbuf_0_clk/A (sky130_fd_sc_hd__clkbuf_16)
     9    0.22    0.18    0.18    0.19 ^ clkbuf_0_clk/X (sky130_fd_sc_hd__clkbuf_16)
                                         clknet_0_clk (net)
                  0.18    0.01    0.19 ^ clkbuf_3_2__f_clk/A (sky130_fd_sc_hd__clkbuf_16)
    14    0.09    0.08    0.15    0.35 ^ clkbuf_3_2__f_clk/X (sky130_fd_sc_hd__clkbuf_16)
                                         clknet_3_2__leaf_clk (net)
                  0.08    0.01    0.35 ^ _1363_/CLK (sky130_fd_sc_hd__dfxtp_4)
                          0.00    0.35   clock reconvergence pessimism
                         -0.02    0.34   library hold time
                                  0.34   data required time
-----------------------------------------------------------------------------
                                  0.34   data required time
                                 -0.94   data arrival time
-----------------------------------------------------------------------------
                                  0.60   slack (MET)


Startpoint: _1379_ (rising edge-triggered flip-flop clocked by core_clock)
Endpoint: _1379_ (rising edge-triggered flip-flop clocked by core_clock)
Path Group: core_clock
Path Type: min
Corner: Fastest

Fanout     Cap    Slew   Delay    Time   Description
-----------------------------------------------------------------------------
                          0.00    0.00   clock core_clock (rise edge)
                          0.00    0.00   clock source latency
     1    0.07    0.00    0.00    0.00 ^ clk (in)
                                         clk (net)
                  0.00    0.00    0.00 ^ clkbuf_0_clk/A (sky130_fd_sc_hd__clkbuf_16)
     9    0.22    0.18    0.18    0.19 ^ clkbuf_0_clk/X (sky130_fd_sc_hd__clkbuf_16)
                                         clknet_0_clk (net)
                  0.18    0.01    0.19 ^ clkbuf_3_1__f_clk/A (sky130_fd_sc_hd__clkbuf_16)
    13    0.09    0.09    0.16    0.35 ^ clkbuf_3_1__f_clk/X (sky130_fd_sc_hd__clkbuf_16)
                                         clknet_3_1__leaf_clk (net)
                  0.09    0.00    0.35 ^ _1379_/CLK (sky130_fd_sc_hd__dfxtp_4)
     5    0.20    0.18    0.35    0.70 v _1379_/Q (sky130_fd_sc_hd__dfxtp_4)
                                         display_inst.digit_select[0] (net)
                  0.18    0.02    0.72 v _0886_/A (sky130_fd_sc_hd__xnor2_2)
     2    0.03    0.08    0.19    0.91 v _0886_/Y (sky130_fd_sc_hd__xnor2_2)
                                         _0128_ (net)
                  0.08    0.00    0.91 v _1379_/D (sky130_fd_sc_hd__dfxtp_4)
                                  0.91   data arrival time

                          0.00    0.00   clock core_clock (rise edge)
                          0.00    0.00   clock source latency
     1    0.07    0.00    0.00    0.00 ^ clk (in)
                                         clk (net)
                  0.00    0.00    0.00 ^ clkbuf_0_clk/A (sky130_fd_sc_hd__clkbuf_16)
     9    0.22    0.18    0.18    0.19 ^ clkbuf_0_clk/X (sky130_fd_sc_hd__clkbuf_16)
                                         clknet_0_clk (net)
                  0.18    0.01    0.19 ^ clkbuf_3_1__f_clk/A (sky130_fd_sc_hd__clkbuf_16)
    13    0.09    0.09    0.16    0.35 ^ clkbuf_3_1__f_clk/X (sky130_fd_sc_hd__clkbuf_16)
                                         clknet_3_1__leaf_clk (net)
                  0.09    0.00    0.35 ^ _1379_/CLK (sky130_fd_sc_hd__dfxtp_4)
                          0.00    0.35   clock reconvergence pessimism
                         -0.05    0.31   library hold time
                                  0.31   data required time
-----------------------------------------------------------------------------
                                  0.31   data required time
                                 -0.91   data arrival time
-----------------------------------------------------------------------------
                                  0.61   slack (MET)


Startpoint: _1293_ (rising edge-triggered flip-flop clocked by core_clock)
Endpoint: _1293_ (rising edge-triggered flip-flop clocked by core_clock)
Path Group: core_clock
Path Type: min
Corner: Fastest

Fanout     Cap    Slew   Delay    Time   Description
-----------------------------------------------------------------------------
                          0.00    0.00   clock core_clock (rise edge)
                          0.00    0.00   clock source latency
     1    0.07    0.00    0.00    0.00 ^ clk (in)
                                         clk (net)
                  0.00    0.00    0.00 ^ clkbuf_0_clk/A (sky130_fd_sc_hd__clkbuf_16)
     9    0.22    0.18    0.18    0.19 ^ clkbuf_0_clk/X (sky130_fd_sc_hd__clkbuf_16)
                                         clknet_0_clk (net)
                  0.18    0.01    0.19 ^ clkbuf_3_5__f_clk/A (sky130_fd_sc_hd__clkbuf_16)
    16    0.10    0.09    0.16    0.36 ^ clkbuf_3_5__f_clk/X (sky130_fd_sc_hd__clkbuf_16)
                                         clknet_3_5__leaf_clk (net)
                  0.09    0.01    0.36 ^ _1293_/CLK (sky130_fd_sc_hd__dfxtp_4)
     6    0.17    0.16    0.33    0.69 v _1293_/Q (sky130_fd_sc_hd__dfxtp_4)
                                         display_inst.counter[12] (net)
                  0.17    0.03    0.72 v _0727_/A (sky130_fd_sc_hd__xor2_4)
     1    0.06    0.08    0.20    0.92 v _0727_/X (sky130_fd_sc_hd__xor2_4)
                                         _0042_ (net)
                  0.08    0.01    0.93 v _1293_/D (sky130_fd_sc_hd__dfxtp_4)
                                  0.93   data arrival time

                          0.00    0.00   clock core_clock (rise edge)
                          0.00    0.00   clock source latency
     1    0.07    0.00    0.00    0.00 ^ clk (in)
                                         clk (net)
                  0.00    0.00    0.00 ^ clkbuf_0_clk/A (sky130_fd_sc_hd__clkbuf_16)
     9    0.22    0.18    0.18    0.19 ^ clkbuf_0_clk/X (sky130_fd_sc_hd__clkbuf_16)
                                         clknet_0_clk (net)
                  0.18    0.01    0.19 ^ clkbuf_3_5__f_clk/A (sky130_fd_sc_hd__clkbuf_16)
    16    0.10    0.09    0.16    0.36 ^ clkbuf_3_5__f_clk/X (sky130_fd_sc_hd__clkbuf_16)
                                         clknet_3_5__leaf_clk (net)
                  0.09    0.01    0.36 ^ _1293_/CLK (sky130_fd_sc_hd__dfxtp_4)
                          0.00    0.36   clock reconvergence pessimism
                         -0.04    0.32   library hold time
                                  0.32   data required time
-----------------------------------------------------------------------------
                                  0.32   data required time
                                 -0.93   data arrival time
-----------------------------------------------------------------------------
                                  0.62   slack (MET)


Startpoint: _1299_ (rising edge-triggered flip-flop clocked by core_clock)
Endpoint: _1299_ (rising edge-triggered flip-flop clocked by core_clock)
Path Group: core_clock
Path Type: min
Corner: Fastest

Fanout     Cap    Slew   Delay    Time   Description
-----------------------------------------------------------------------------
                          0.00    0.00   clock core_clock (rise edge)
                          0.00    0.00   clock source latency
     1    0.07    0.00    0.00    0.00 ^ clk (in)
                                         clk (net)
                  0.00    0.00    0.00 ^ clkbuf_0_clk/A (sky130_fd_sc_hd__clkbuf_16)
     9    0.22    0.18    0.18    0.19 ^ clkbuf_0_clk/X (sky130_fd_sc_hd__clkbuf_16)
                                         clknet_0_clk (net)
                  0.18    0.01    0.19 ^ clkbuf_3_6__f_clk/A (sky130_fd_sc_hd__clkbuf_16)
    15    0.11    0.09    0.16    0.36 ^ clkbuf_3_6__f_clk/X (sky130_fd_sc_hd__clkbuf_16)
                                         clknet_3_6__leaf_clk (net)
                  0.10    0.01    0.36 ^ _1299_/CLK (sky130_fd_sc_hd__dfxtp_4)
     5    0.13    0.13    0.31    0.68 v _1299_/Q (sky130_fd_sc_hd__dfxtp_4)
                                         display_inst.counter[18] (net)
                  0.14    0.03    0.71 v _0743_/A (sky130_fd_sc_hd__xor2_4)
     8    0.09    0.10    0.21    0.91 v _0743_/X (sky130_fd_sc_hd__xor2_4)
                                         _0048_ (net)
                  0.11    0.02    0.93 v _1299_/D (sky130_fd_sc_hd__dfxtp_4)
                                  0.93   data arrival time

                          0.00    0.00   clock core_clock (rise edge)
                          0.00    0.00   clock source latency
     1    0.07    0.00    0.00    0.00 ^ clk (in)
                                         clk (net)
                  0.00    0.00    0.00 ^ clkbuf_0_clk/A (sky130_fd_sc_hd__clkbuf_16)
     9    0.22    0.18    0.18    0.19 ^ clkbuf_0_clk/X (sky130_fd_sc_hd__clkbuf_16)
                                         clknet_0_clk (net)
                  0.18    0.01    0.19 ^ clkbuf_3_6__f_clk/A (sky130_fd_sc_hd__clkbuf_16)
    15    0.11    0.09    0.16    0.36 ^ clkbuf_3_6__f_clk/X (sky130_fd_sc_hd__clkbuf_16)
                                         clknet_3_6__leaf_clk (net)
                  0.10    0.01    0.36 ^ _1299_/CLK (sky130_fd_sc_hd__dfxtp_4)
                          0.00    0.36   clock reconvergence pessimism
                         -0.05    0.31   library hold time
                                  0.31   data required time
-----------------------------------------------------------------------------
                                  0.31   data required time
                                 -0.93   data arrival time
-----------------------------------------------------------------------------
                                  0.62   slack (MET)


Startpoint: _1297_ (rising edge-triggered flip-flop clocked by core_clock)
Endpoint: _1297_ (rising edge-triggered flip-flop clocked by core_clock)
Path Group: core_clock
Path Type: min
Corner: Fastest

Fanout     Cap    Slew   Delay    Time   Description
-----------------------------------------------------------------------------
                          0.00    0.00   clock core_clock (rise edge)
                          0.00    0.00   clock source latency
     1    0.07    0.00    0.00    0.00 ^ clk (in)
                                         clk (net)
                  0.00    0.00    0.00 ^ clkbuf_0_clk/A (sky130_fd_sc_hd__clkbuf_16)
     9    0.22    0.18    0.18    0.19 ^ clkbuf_0_clk/X (sky130_fd_sc_hd__clkbuf_16)
                                         clknet_0_clk (net)
                  0.18    0.01    0.19 ^ clkbuf_3_5__f_clk/A (sky130_fd_sc_hd__clkbuf_16)
    16    0.10    0.09    0.16    0.36 ^ clkbuf_3_5__f_clk/X (sky130_fd_sc_hd__clkbuf_16)
                                         clknet_3_5__leaf_clk (net)
                  0.09    0.01    0.36 ^ _1297_/CLK (sky130_fd_sc_hd__dfxtp_4)
     5    0.10    0.10    0.29    0.66 v _1297_/Q (sky130_fd_sc_hd__dfxtp_4)
                                         display_inst.counter[16] (net)
                  0.10    0.01    0.67 v _0740_/A1 (sky130_fd_sc_hd__o211a_1)
     2    0.04    0.12    0.26    0.93 v _0740_/X (sky130_fd_sc_hd__o211a_1)
                                         _0046_ (net)
                  0.12    0.00    0.93 v _1297_/D (sky130_fd_sc_hd__dfxtp_4)
                                  0.93   data arrival time

                          0.00    0.00   clock core_clock (rise edge)
                          0.00    0.00   clock source latency
     1    0.07    0.00    0.00    0.00 ^ clk (in)
                                         clk (net)
                  0.00    0.00    0.00 ^ clkbuf_0_clk/A (sky130_fd_sc_hd__clkbuf_16)
     9    0.22    0.18    0.18    0.19 ^ clkbuf_0_clk/X (sky130_fd_sc_hd__clkbuf_16)
                                         clknet_0_clk (net)
                  0.18    0.01    0.19 ^ clkbuf_3_5__f_clk/A (sky130_fd_sc_hd__clkbuf_16)
    16    0.10    0.09    0.16    0.36 ^ clkbuf_3_5__f_clk/X (sky130_fd_sc_hd__clkbuf_16)
                                         clknet_3_5__leaf_clk (net)
                  0.09    0.01    0.36 ^ _1297_/CLK (sky130_fd_sc_hd__dfxtp_4)
                          0.00    0.36   clock reconvergence pessimism
                         -0.06    0.31   library hold time
                                  0.31   data required time
-----------------------------------------------------------------------------
                                  0.31   data required time
                                 -0.93   data arrival time
-----------------------------------------------------------------------------
                                  0.62   slack (MET)


Startpoint: _1331_ (rising edge-triggered flip-flop clocked by core_clock)
Endpoint: _1331_ (rising edge-triggered flip-flop clocked by core_clock)
Path Group: core_clock
Path Type: min
Corner: Fastest

Fanout     Cap    Slew   Delay    Time   Description
-----------------------------------------------------------------------------
                          0.00    0.00   clock core_clock (rise edge)
                          0.00    0.00   clock source latency
     1    0.07    0.00    0.00    0.00 ^ clk (in)
                                         clk (net)
                  0.00    0.00    0.00 ^ clkbuf_0_clk/A (sky130_fd_sc_hd__clkbuf_16)
     9    0.22    0.18    0.18    0.19 ^ clkbuf_0_clk/X (sky130_fd_sc_hd__clkbuf_16)
                                         clknet_0_clk (net)
                  0.18    0.01    0.19 ^ clkbuf_3_7__f_clk/A (sky130_fd_sc_hd__clkbuf_16)
    12    0.09    0.09    0.16    0.35 ^ clkbuf_3_7__f_clk/X (sky130_fd_sc_hd__clkbuf_16)
                                         clknet_3_7__leaf_clk (net)
                  0.09    0.00    0.35 ^ _1331_/CLK (sky130_fd_sc_hd__dfxtp_4)
     2    0.10    0.10    0.29    0.64 v _1331_/Q (sky130_fd_sc_hd__dfxtp_4)
                                         regfile_inst.registers[10][0] (net)
                  0.10    0.00    0.64 v _0781_/A (sky130_fd_sc_hd__and2_1)
     1    0.02    0.08    0.16    0.80 v _0781_/X (sky130_fd_sc_hd__and2_1)
                                         _0577_ (net)
                  0.08    0.00    0.81 v _0782_/A (sky130_fd_sc_hd__buf_1)
     1    0.02    0.09    0.13    0.93 v _0782_/X (sky130_fd_sc_hd__buf_1)
                                         _0080_ (net)
                  0.09    0.00    0.93 v _1331_/D (sky130_fd_sc_hd__dfxtp_4)
                                  0.93   data arrival time

                          0.00    0.00   clock core_clock (rise edge)
                          0.00    0.00   clock source latency
     1    0.07    0.00    0.00    0.00 ^ clk (in)
                                         clk (net)
                  0.00    0.00    0.00 ^ clkbuf_0_clk/A (sky130_fd_sc_hd__clkbuf_16)
     9    0.22    0.18    0.18    0.19 ^ clkbuf_0_clk/X (sky130_fd_sc_hd__clkbuf_16)
                                         clknet_0_clk (net)
                  0.18    0.01    0.19 ^ clkbuf_3_7__f_clk/A (sky130_fd_sc_hd__clkbuf_16)
    12    0.09    0.09    0.16    0.35 ^ clkbuf_3_7__f_clk/X (sky130_fd_sc_hd__clkbuf_16)
                                         clknet_3_7__leaf_clk (net)
                  0.09    0.00    0.35 ^ _1331_/CLK (sky130_fd_sc_hd__dfxtp_4)
                          0.00    0.35   clock reconvergence pessimism
                         -0.05    0.31   library hold time
                                  0.31   data required time
-----------------------------------------------------------------------------
                                  0.31   data required time
                                 -0.93   data arrival time
-----------------------------------------------------------------------------
                                  0.63   slack (MET)


Startpoint: _1310_ (rising edge-triggered flip-flop clocked by core_clock)
Endpoint: _1310_ (rising edge-triggered flip-flop clocked by core_clock)
Path Group: core_clock
Path Type: min
Corner: Fastest

Fanout     Cap    Slew   Delay    Time   Description
-----------------------------------------------------------------------------
                          0.00    0.00   clock core_clock (rise edge)
                          0.00    0.00   clock source latency
     1    0.07    0.00    0.00    0.00 ^ clk (in)
                                         clk (net)
                  0.00    0.00    0.00 ^ clkbuf_0_clk/A (sky130_fd_sc_hd__clkbuf_16)
     9    0.22    0.18    0.18    0.19 ^ clkbuf_0_clk/X (sky130_fd_sc_hd__clkbuf_16)
                                         clknet_0_clk (net)
                  0.18    0.01    0.19 ^ clkbuf_3_4__f_clk/A (sky130_fd_sc_hd__clkbuf_16)
    12    0.09    0.09    0.16    0.35 ^ clkbuf_3_4__f_clk/X (sky130_fd_sc_hd__clkbuf_16)
                                         clknet_3_4__leaf_clk (net)
                  0.09    0.00    0.35 ^ _1310_/CLK (sky130_fd_sc_hd__dfrtp_4)
     4    0.12    0.26    0.43    0.78 ^ _1310_/Q (sky130_fd_sc_hd__dfrtp_4)
                                         imem_inst.address[11] (net)
                  0.26    0.02    0.80 ^ _0943_/A (sky130_fd_sc_hd__xor2_4)
     1    0.06    0.07    0.13    0.93 v _0943_/X (sky130_fd_sc_hd__xor2_4)
                                         _0059_ (net)
                  0.08    0.01    0.95 v _1310_/D (sky130_fd_sc_hd__dfrtp_4)
                                  0.95   data arrival time

                          0.00    0.00   clock core_clock (rise edge)
                          0.00    0.00   clock source latency
     1    0.07    0.00    0.00    0.00 ^ clk (in)
                                         clk (net)
                  0.00    0.00    0.00 ^ clkbuf_0_clk/A (sky130_fd_sc_hd__clkbuf_16)
     9    0.22    0.18    0.18    0.19 ^ clkbuf_0_clk/X (sky130_fd_sc_hd__clkbuf_16)
                                         clknet_0_clk (net)
                  0.18    0.01    0.19 ^ clkbuf_3_4__f_clk/A (sky130_fd_sc_hd__clkbuf_16)
    12    0.09    0.09    0.16    0.35 ^ clkbuf_3_4__f_clk/X (sky130_fd_sc_hd__clkbuf_16)
                                         clknet_3_4__leaf_clk (net)
                  0.09    0.00    0.35 ^ _1310_/CLK (sky130_fd_sc_hd__dfrtp_4)
                          0.00    0.35   clock reconvergence pessimism
                         -0.04    0.32   library hold time
                                  0.32   data required time
-----------------------------------------------------------------------------
                                  0.32   data required time
                                 -0.95   data arrival time
-----------------------------------------------------------------------------
                                  0.63   slack (MET)


Startpoint: _1319_ (rising edge-triggered flip-flop clocked by core_clock)
Endpoint: _1319_ (rising edge-triggered flip-flop clocked by core_clock)
Path Group: core_clock
Path Type: min
Corner: Fastest

Fanout     Cap    Slew   Delay    Time   Description
-----------------------------------------------------------------------------
                          0.00    0.00   clock core_clock (rise edge)
                          0.00    0.00   clock source latency
     1    0.07    0.00    0.00    0.00 ^ clk (in)
                                         clk (net)
                  0.00    0.00    0.00 ^ clkbuf_0_clk/A (sky130_fd_sc_hd__clkbuf_16)
     9    0.22    0.18    0.18    0.19 ^ clkbuf_0_clk/X (sky130_fd_sc_hd__clkbuf_16)
                                         clknet_0_clk (net)
                  0.18    0.01    0.19 ^ clkbuf_3_4__f_clk/A (sky130_fd_sc_hd__clkbuf_16)
    12    0.09    0.09    0.16    0.35 ^ clkbuf_3_4__f_clk/X (sky130_fd_sc_hd__clkbuf_16)
                                         clknet_3_4__leaf_clk (net)
                  0.09    0.00    0.36 ^ _1319_/CLK (sky130_fd_sc_hd__dfrtp_4)
     6    0.16    0.33    0.48    0.83 ^ _1319_/Q (sky130_fd_sc_hd__dfrtp_4)
                                         imem_inst.address[20] (net)
                  0.33    0.01    0.84 ^ _0928_/A (sky130_fd_sc_hd__xor2_2)
     1    0.02    0.06    0.12    0.96 v _0928_/X (sky130_fd_sc_hd__xor2_2)
                                         _0068_ (net)
                  0.06    0.00    0.96 v _1319_/D (sky130_fd_sc_hd__dfrtp_4)
                                  0.96   data arrival time

                          0.00    0.00   clock core_clock (rise edge)
                          0.00    0.00   clock source latency
     1    0.07    0.00    0.00    0.00 ^ clk (in)
                                         clk (net)
                  0.00    0.00    0.00 ^ clkbuf_0_clk/A (sky130_fd_sc_hd__clkbuf_16)
     9    0.22    0.18    0.18    0.19 ^ clkbuf_0_clk/X (sky130_fd_sc_hd__clkbuf_16)
                                         clknet_0_clk (net)
                  0.18    0.01    0.19 ^ clkbuf_3_4__f_clk/A (sky130_fd_sc_hd__clkbuf_16)
    12    0.09    0.09    0.16    0.35 ^ clkbuf_3_4__f_clk/X (sky130_fd_sc_hd__clkbuf_16)
                                         clknet_3_4__leaf_clk (net)
                  0.09    0.00    0.36 ^ _1319_/CLK (sky130_fd_sc_hd__dfrtp_4)
                          0.00    0.36   clock reconvergence pessimism
                         -0.03    0.32   library hold time
                                  0.32   data required time
-----------------------------------------------------------------------------
                                  0.32   data required time
                                 -0.96   data arrival time
-----------------------------------------------------------------------------
                                  0.63   slack (MET)


Startpoint: _1294_ (rising edge-triggered flip-flop clocked by core_clock)
Endpoint: _1294_ (rising edge-triggered flip-flop clocked by core_clock)
Path Group: core_clock
Path Type: min
Corner: Fastest

Fanout     Cap    Slew   Delay    Time   Description
-----------------------------------------------------------------------------
                          0.00    0.00   clock core_clock (rise edge)
                          0.00    0.00   clock source latency
     1    0.07    0.00    0.00    0.00 ^ clk (in)
                                         clk (net)
                  0.00    0.00    0.00 ^ clkbuf_0_clk/A (sky130_fd_sc_hd__clkbuf_16)
     9    0.22    0.18    0.18    0.19 ^ clkbuf_0_clk/X (sky130_fd_sc_hd__clkbuf_16)
                                         clknet_0_clk (net)
                  0.18    0.01    0.19 ^ clkbuf_3_0__f_clk/A (sky130_fd_sc_hd__clkbuf_16)
    16    0.11    0.10    0.17    0.36 ^ clkbuf_3_0__f_clk/X (sky130_fd_sc_hd__clkbuf_16)
                                         clknet_3_0__leaf_clk (net)
                  0.10    0.00    0.36 ^ _1294_/CLK (sky130_fd_sc_hd__dfxtp_4)
     4    0.11    0.10    0.30    0.67 v _1294_/Q (sky130_fd_sc_hd__dfxtp_4)
                                         display_inst.counter[13] (net)
                  0.10    0.00    0.67 v _0728_/B1 (sky130_fd_sc_hd__a21oi_4)
     1    0.05    0.19    0.18    0.85 ^ _0728_/Y (sky130_fd_sc_hd__a21oi_4)
                                         _0561_ (net)
                  0.19    0.01    0.85 ^ _0730_/A (sky130_fd_sc_hd__nor2_2)
     1    0.04    0.10    0.09    0.95 v _0730_/Y (sky130_fd_sc_hd__nor2_2)
                                         _0043_ (net)
                  0.10    0.01    0.95 v _1294_/D (sky130_fd_sc_hd__dfxtp_4)
                                  0.95   data arrival time

                          0.00    0.00   clock core_clock (rise edge)
                          0.00    0.00   clock source latency
     1    0.07    0.00    0.00    0.00 ^ clk (in)
                                         clk (net)
                  0.00    0.00    0.00 ^ clkbuf_0_clk/A (sky130_fd_sc_hd__clkbuf_16)
     9    0.22    0.18    0.18    0.19 ^ clkbuf_0_clk/X (sky130_fd_sc_hd__clkbuf_16)
                                         clknet_0_clk (net)
                  0.18    0.01    0.19 ^ clkbuf_3_0__f_clk/A (sky130_fd_sc_hd__clkbuf_16)
    16    0.11    0.10    0.17    0.36 ^ clkbuf_3_0__f_clk/X (sky130_fd_sc_hd__clkbuf_16)
                                         clknet_3_0__leaf_clk (net)
                  0.10    0.00    0.36 ^ _1294_/CLK (sky130_fd_sc_hd__dfxtp_4)
                          0.00    0.36   clock reconvergence pessimism
                         -0.05    0.32   library hold time
                                  0.32   data required time
-----------------------------------------------------------------------------
                                  0.32   data required time
                                 -0.95   data arrival time
-----------------------------------------------------------------------------
                                  0.64   slack (MET)


Startpoint: _1289_ (rising edge-triggered flip-flop clocked by core_clock)
Endpoint: _1289_ (rising edge-triggered flip-flop clocked by core_clock)
Path Group: core_clock
Path Type: min
Corner: Fastest

Fanout     Cap    Slew   Delay    Time   Description
-----------------------------------------------------------------------------
                          0.00    0.00   clock core_clock (rise edge)
                          0.00    0.00   clock source latency
     1    0.07    0.00    0.00    0.00 ^ clk (in)
                                         clk (net)
                  0.00    0.00    0.00 ^ clkbuf_0_clk/A (sky130_fd_sc_hd__clkbuf_16)
     9    0.22    0.18    0.18    0.19 ^ clkbuf_0_clk/X (sky130_fd_sc_hd__clkbuf_16)
                                         clknet_0_clk (net)
                  0.18    0.01    0.19 ^ clkbuf_3_1__f_clk/A (sky130_fd_sc_hd__clkbuf_16)
    13    0.09    0.09    0.16    0.35 ^ clkbuf_3_1__f_clk/X (sky130_fd_sc_hd__clkbuf_16)
                                         clknet_3_1__leaf_clk (net)
                  0.09    0.00    0.35 ^ _1289_/CLK (sky130_fd_sc_hd__dfxtp_4)
     3    0.08    0.08    0.28    0.63 v _1289_/Q (sky130_fd_sc_hd__dfxtp_4)
                                         display_inst.counter[8] (net)
                  0.08    0.02    0.65 v _0716_/B1 (sky130_fd_sc_hd__a21oi_4)
     1    0.04    0.16    0.15    0.80 ^ _0716_/Y (sky130_fd_sc_hd__a21oi_4)
                                         _0554_ (net)
                  0.16    0.01    0.81 ^ _0717_/B (sky130_fd_sc_hd__nor2_1)
     2    0.04    0.13    0.13    0.94 v _0717_/Y (sky130_fd_sc_hd__nor2_1)
                                         _0038_ (net)
                  0.13    0.00    0.94 v _1289_/D (sky130_fd_sc_hd__dfxtp_4)
                                  0.94   data arrival time

                          0.00    0.00   clock core_clock (rise edge)
                          0.00    0.00   clock source latency
     1    0.07    0.00    0.00    0.00 ^ clk (in)
                                         clk (net)
                  0.00    0.00    0.00 ^ clkbuf_0_clk/A (sky130_fd_sc_hd__clkbuf_16)
     9    0.22    0.18    0.18    0.19 ^ clkbuf_0_clk/X (sky130_fd_sc_hd__clkbuf_16)
                                         clknet_0_clk (net)
                  0.18    0.01    0.19 ^ clkbuf_3_1__f_clk/A (sky130_fd_sc_hd__clkbuf_16)
    13    0.09    0.09    0.16    0.35 ^ clkbuf_3_1__f_clk/X (sky130_fd_sc_hd__clkbuf_16)
                                         clknet_3_1__leaf_clk (net)
                  0.09    0.00    0.35 ^ _1289_/CLK (sky130_fd_sc_hd__dfxtp_4)
                          0.00    0.35   clock reconvergence pessimism
                         -0.06    0.29   library hold time
                                  0.29   data required time
-----------------------------------------------------------------------------
                                  0.29   data required time
                                 -0.94   data arrival time
-----------------------------------------------------------------------------
                                  0.65   slack (MET)


Startpoint: _1340_ (rising edge-triggered flip-flop clocked by core_clock)
Endpoint: _1340_ (rising edge-triggered flip-flop clocked by core_clock)
Path Group: core_clock
Path Type: min
Corner: Fastest

Fanout     Cap    Slew   Delay    Time   Description
-----------------------------------------------------------------------------
                          0.00    0.00   clock core_clock (rise edge)
                          0.00    0.00   clock source latency
     1    0.07    0.00    0.00    0.00 ^ clk (in)
                                         clk (net)
                  0.00    0.00    0.00 ^ clkbuf_0_clk/A (sky130_fd_sc_hd__clkbuf_16)
     9    0.22    0.18    0.18    0.19 ^ clkbuf_0_clk/X (sky130_fd_sc_hd__clkbuf_16)
                                         clknet_0_clk (net)
                  0.18    0.01    0.19 ^ clkbuf_3_3__f_clk/A (sky130_fd_sc_hd__clkbuf_16)
    10    0.11    0.09    0.16    0.36 ^ clkbuf_3_3__f_clk/X (sky130_fd_sc_hd__clkbuf_16)
                                         clknet_3_3__leaf_clk (net)
                  0.10    0.01    0.36 ^ _1340_/CLK (sky130_fd_sc_hd__dfxtp_4)
     2    0.08    0.08    0.28    0.64 v _1340_/Q (sky130_fd_sc_hd__dfxtp_4)
                                         regfile_inst.registers[10][9] (net)
                  0.09    0.02    0.66 v _0799_/A (sky130_fd_sc_hd__and2_4)
     6    0.09    0.09    0.17    0.83 v _0799_/X (sky130_fd_sc_hd__and2_4)
                                         _0586_ (net)
                  0.10    0.02    0.85 v _0800_/A (sky130_fd_sc_hd__buf_1)
     1    0.02    0.06    0.12    0.97 v _0800_/X (sky130_fd_sc_hd__buf_1)
                                         _0089_ (net)
                  0.06    0.00    0.97 v _1340_/D (sky130_fd_sc_hd__dfxtp_4)
                                  0.97   data arrival time

                          0.00    0.00   clock core_clock (rise edge)
                          0.00    0.00   clock source latency
     1    0.07    0.00    0.00    0.00 ^ clk (in)
                                         clk (net)
                  0.00    0.00    0.00 ^ clkbuf_0_clk/A (sky130_fd_sc_hd__clkbuf_16)
     9    0.22    0.18    0.18    0.19 ^ clkbuf_0_clk/X (sky130_fd_sc_hd__clkbuf_16)
                                         clknet_0_clk (net)
                  0.18    0.01    0.19 ^ clkbuf_3_3__f_clk/A (sky130_fd_sc_hd__clkbuf_16)
    10    0.11    0.09    0.16    0.36 ^ clkbuf_3_3__f_clk/X (sky130_fd_sc_hd__clkbuf_16)
                                         clknet_3_3__leaf_clk (net)
                  0.10    0.01    0.36 ^ _1340_/CLK (sky130_fd_sc_hd__dfxtp_4)
                          0.00    0.36   clock reconvergence pessimism
                         -0.04    0.33   library hold time
                                  0.33   data required time
-----------------------------------------------------------------------------
                                  0.33   data required time
                                 -0.97   data arrival time
-----------------------------------------------------------------------------
                                  0.65   slack (MET)


Startpoint: _1330_ (rising edge-triggered flip-flop clocked by core_clock)
Endpoint: _1330_ (rising edge-triggered flip-flop clocked by core_clock)
Path Group: core_clock
Path Type: min
Corner: Fastest

Fanout     Cap    Slew   Delay    Time   Description
-----------------------------------------------------------------------------
                          0.00    0.00   clock core_clock (rise edge)
                          0.00    0.00   clock source latency
     1    0.07    0.00    0.00    0.00 ^ clk (in)
                                         clk (net)
                  0.00    0.00    0.00 ^ clkbuf_0_clk/A (sky130_fd_sc_hd__clkbuf_16)
     9    0.22    0.18    0.18    0.19 ^ clkbuf_0_clk/X (sky130_fd_sc_hd__clkbuf_16)
                                         clknet_0_clk (net)
                  0.18    0.01    0.19 ^ clkbuf_3_3__f_clk/A (sky130_fd_sc_hd__clkbuf_16)
    10    0.11    0.09    0.16    0.36 ^ clkbuf_3_3__f_clk/X (sky130_fd_sc_hd__clkbuf_16)
                                         clknet_3_3__leaf_clk (net)
                  0.09    0.00    0.36 ^ _1330_/CLK (sky130_fd_sc_hd__dfrtp_4)
     3    0.12    0.25    0.43    0.79 ^ _1330_/Q (sky130_fd_sc_hd__dfrtp_4)
                                         imem_inst.address[31] (net)
                  0.26    0.02    0.81 ^ _0910_/A (sky130_fd_sc_hd__xor2_4)
     2    0.07    0.09    0.15    0.96 v _0910_/X (sky130_fd_sc_hd__xor2_4)
                                         _0079_ (net)
                  0.09    0.02    0.97 v _1330_/D (sky130_fd_sc_hd__dfrtp_4)
                                  0.97   data arrival time

                          0.00    0.00   clock core_clock (rise edge)
                          0.00    0.00   clock source latency
     1    0.07    0.00    0.00    0.00 ^ clk (in)
                                         clk (net)
                  0.00    0.00    0.00 ^ clkbuf_0_clk/A (sky130_fd_sc_hd__clkbuf_16)
     9    0.22    0.18    0.18    0.19 ^ clkbuf_0_clk/X (sky130_fd_sc_hd__clkbuf_16)
                                         clknet_0_clk (net)
                  0.18    0.01    0.19 ^ clkbuf_3_3__f_clk/A (sky130_fd_sc_hd__clkbuf_16)
    10    0.11    0.09    0.16    0.36 ^ clkbuf_3_3__f_clk/X (sky130_fd_sc_hd__clkbuf_16)
                                         clknet_3_3__leaf_clk (net)
                  0.09    0.00    0.36 ^ _1330_/CLK (sky130_fd_sc_hd__dfrtp_4)
                          0.00    0.36   clock reconvergence pessimism
                         -0.04    0.32   library hold time
                                  0.32   data required time
-----------------------------------------------------------------------------
                                  0.32   data required time
                                 -0.97   data arrival time
-----------------------------------------------------------------------------
                                  0.65   slack (MET)


Startpoint: _1349_ (rising edge-triggered flip-flop clocked by core_clock)
Endpoint: _1349_ (rising edge-triggered flip-flop clocked by core_clock)
Path Group: core_clock
Path Type: min
Corner: Fastest

Fanout     Cap    Slew   Delay    Time   Description
-----------------------------------------------------------------------------
                          0.00    0.00   clock core_clock (rise edge)
                          0.00    0.00   clock source latency
     1    0.07    0.00    0.00    0.00 ^ clk (in)
                                         clk (net)
                  0.00    0.00    0.00 ^ clkbuf_0_clk/A (sky130_fd_sc_hd__clkbuf_16)
     9    0.22    0.18    0.18    0.19 ^ clkbuf_0_clk/X (sky130_fd_sc_hd__clkbuf_16)
                                         clknet_0_clk (net)
                  0.18    0.01    0.19 ^ clkbuf_3_1__f_clk/A (sky130_fd_sc_hd__clkbuf_16)
    13    0.09    0.09    0.16    0.35 ^ clkbuf_3_1__f_clk/X (sky130_fd_sc_hd__clkbuf_16)
                                         clknet_3_1__leaf_clk (net)
                  0.09    0.00    0.35 ^ _1349_/CLK (sky130_fd_sc_hd__dfxtp_4)
     3    0.08    0.08    0.29    0.64 v _1349_/Q (sky130_fd_sc_hd__dfxtp_4)
                                         regfile_inst.registers[25][2] (net)
                  0.08    0.00    0.65 v _0819_/A0 (sky130_fd_sc_hd__mux2_1)
     1    0.01    0.05    0.18    0.83 v _0819_/X (sky130_fd_sc_hd__mux2_1)
                                         _0597_ (net)
                  0.05    0.00    0.83 v _0820_/A (sky130_fd_sc_hd__buf_1)
     1    0.02    0.10    0.13    0.96 v _0820_/X (sky130_fd_sc_hd__buf_1)
                                         _0098_ (net)
                  0.10    0.00    0.96 v _1349_/D (sky130_fd_sc_hd__dfxtp_4)
                                  0.96   data arrival time

                          0.00    0.00   clock core_clock (rise edge)
                          0.00    0.00   clock source latency
     1    0.07    0.00    0.00    0.00 ^ clk (in)
                                         clk (net)
                  0.00    0.00    0.00 ^ clkbuf_0_clk/A (sky130_fd_sc_hd__clkbuf_16)
     9    0.22    0.18    0.18    0.19 ^ clkbuf_0_clk/X (sky130_fd_sc_hd__clkbuf_16)
                                         clknet_0_clk (net)
                  0.18    0.01    0.19 ^ clkbuf_3_1__f_clk/A (sky130_fd_sc_hd__clkbuf_16)
    13    0.09    0.09    0.16    0.35 ^ clkbuf_3_1__f_clk/X (sky130_fd_sc_hd__clkbuf_16)
                                         clknet_3_1__leaf_clk (net)
                  0.09    0.00    0.35 ^ _1349_/CLK (sky130_fd_sc_hd__dfxtp_4)
                          0.00    0.35   clock reconvergence pessimism
                         -0.05    0.30   library hold time
                                  0.30   data required time
-----------------------------------------------------------------------------
                                  0.30   data required time
                                 -0.96   data arrival time
-----------------------------------------------------------------------------
                                  0.66   slack (MET)


Startpoint: _1288_ (rising edge-triggered flip-flop clocked by core_clock)
Endpoint: _1288_ (rising edge-triggered flip-flop clocked by core_clock)
Path Group: core_clock
Path Type: min
Corner: Fastest

Fanout     Cap    Slew   Delay    Time   Description
-----------------------------------------------------------------------------
                          0.00    0.00   clock core_clock (rise edge)
                          0.00    0.00   clock source latency
     1    0.07    0.00    0.00    0.00 ^ clk (in)
                                         clk (net)
                  0.00    0.00    0.00 ^ clkbuf_0_clk/A (sky130_fd_sc_hd__clkbuf_16)
     9    0.22    0.18    0.18    0.19 ^ clkbuf_0_clk/X (sky130_fd_sc_hd__clkbuf_16)
                                         clknet_0_clk (net)
                  0.18    0.01    0.19 ^ clkbuf_3_6__f_clk/A (sky130_fd_sc_hd__clkbuf_16)
    15    0.11    0.09    0.16    0.36 ^ clkbuf_3_6__f_clk/X (sky130_fd_sc_hd__clkbuf_16)
                                         clknet_3_6__leaf_clk (net)
                  0.10    0.01    0.36 ^ _1288_/CLK (sky130_fd_sc_hd__dfxtp_4)
     6    0.18    0.38    0.46    0.82 ^ _1288_/Q (sky130_fd_sc_hd__dfxtp_4)
                                         display_inst.counter[7] (net)
                  0.38    0.02    0.84 ^ _0714_/A1 (sky130_fd_sc_hd__a21oi_4)
     2    0.06    0.11    0.12    0.96 v _0714_/Y (sky130_fd_sc_hd__a21oi_4)
                                         _0037_ (net)
                  0.11    0.01    0.97 v _1288_/D (sky130_fd_sc_hd__dfxtp_4)
                                  0.97   data arrival time

                          0.00    0.00   clock core_clock (rise edge)
                          0.00    0.00   clock source latency
     1    0.07    0.00    0.00    0.00 ^ clk (in)
                                         clk (net)
                  0.00    0.00    0.00 ^ clkbuf_0_clk/A (sky130_fd_sc_hd__clkbuf_16)
     9    0.22    0.18    0.18    0.19 ^ clkbuf_0_clk/X (sky130_fd_sc_hd__clkbuf_16)
                                         clknet_0_clk (net)
                  0.18    0.01    0.19 ^ clkbuf_3_6__f_clk/A (sky130_fd_sc_hd__clkbuf_16)
    15    0.11    0.09    0.16    0.36 ^ clkbuf_3_6__f_clk/X (sky130_fd_sc_hd__clkbuf_16)
                                         clknet_3_6__leaf_clk (net)
                  0.10    0.01    0.36 ^ _1288_/CLK (sky130_fd_sc_hd__dfxtp_4)
                          0.00    0.36   clock reconvergence pessimism
                         -0.05    0.31   library hold time
                                  0.31   data required time
-----------------------------------------------------------------------------
                                  0.31   data required time
                                 -0.97   data arrival time
-----------------------------------------------------------------------------
                                  0.66   slack (MET)


Startpoint: _1304_ (rising edge-triggered flip-flop clocked by core_clock)
Endpoint: _1304_ (rising edge-triggered flip-flop clocked by core_clock)
Path Group: core_clock
Path Type: min
Corner: Fastest

Fanout     Cap    Slew   Delay    Time   Description
-----------------------------------------------------------------------------
                          0.00    0.00   clock core_clock (rise edge)
                          0.00    0.00   clock source latency
     1    0.07    0.00    0.00    0.00 ^ clk (in)
                                         clk (net)
                  0.00    0.00    0.00 ^ clkbuf_0_clk/A (sky130_fd_sc_hd__clkbuf_16)
     9    0.22    0.18    0.18    0.19 ^ clkbuf_0_clk/X (sky130_fd_sc_hd__clkbuf_16)
                                         clknet_0_clk (net)
                  0.18    0.01    0.19 ^ clkbuf_3_6__f_clk/A (sky130_fd_sc_hd__clkbuf_16)
    15    0.11    0.09    0.16    0.36 ^ clkbuf_3_6__f_clk/X (sky130_fd_sc_hd__clkbuf_16)
                                         clknet_3_6__leaf_clk (net)
                  0.10    0.01    0.37 ^ _1304_/CLK (sky130_fd_sc_hd__dfrtp_4)
    12    0.24    0.51    0.58    0.95 ^ _1304_/Q (sky130_fd_sc_hd__dfrtp_4)
                                         imem_inst.address[5] (net)
                  0.51    0.01    0.95 ^ _0953_/A (sky130_fd_sc_hd__xor2_1)
     1    0.01    0.04    0.06    1.01 v _0953_/X (sky130_fd_sc_hd__xor2_1)
                                         _0053_ (net)
                  0.04    0.00    1.01 v _1304_/D (sky130_fd_sc_hd__dfrtp_4)
                                  1.01   data arrival time

                          0.00    0.00   clock core_clock (rise edge)
                          0.00    0.00   clock source latency
     1    0.07    0.00    0.00    0.00 ^ clk (in)
                                         clk (net)
                  0.00    0.00    0.00 ^ clkbuf_0_clk/A (sky130_fd_sc_hd__clkbuf_16)
     9    0.22    0.18    0.18    0.19 ^ clkbuf_0_clk/X (sky130_fd_sc_hd__clkbuf_16)
                                         clknet_0_clk (net)
                  0.18    0.01    0.19 ^ clkbuf_3_6__f_clk/A (sky130_fd_sc_hd__clkbuf_16)
    15    0.11    0.09    0.16    0.36 ^ clkbuf_3_6__f_clk/X (sky130_fd_sc_hd__clkbuf_16)
                                         clknet_3_6__leaf_clk (net)
                  0.10    0.01    0.37 ^ _1304_/CLK (sky130_fd_sc_hd__dfrtp_4)
                          0.00    0.37   clock reconvergence pessimism
                         -0.02    0.34   library hold time
                                  0.34   data required time
-----------------------------------------------------------------------------
                                  0.34   data required time
                                 -1.01   data arrival time
-----------------------------------------------------------------------------
                                  0.67   slack (MET)


Startpoint: _1328_ (rising edge-triggered flip-flop clocked by core_clock)
Endpoint: _1328_ (rising edge-triggered flip-flop clocked by core_clock)
Path Group: core_clock
Path Type: min
Corner: Fastest

Fanout     Cap    Slew   Delay    Time   Description
-----------------------------------------------------------------------------
                          0.00    0.00   clock core_clock (rise edge)
                          0.00    0.00   clock source latency
     1    0.07    0.00    0.00    0.00 ^ clk (in)
                                         clk (net)
                  0.00    0.00    0.00 ^ clkbuf_0_clk/A (sky130_fd_sc_hd__clkbuf_16)
     9    0.22    0.18    0.18    0.19 ^ clkbuf_0_clk/X (sky130_fd_sc_hd__clkbuf_16)
                                         clknet_0_clk (net)
                  0.18    0.01    0.19 ^ clkbuf_3_0__f_clk/A (sky130_fd_sc_hd__clkbuf_16)
    16    0.11    0.10    0.17    0.36 ^ clkbuf_3_0__f_clk/X (sky130_fd_sc_hd__clkbuf_16)
                                         clknet_3_0__leaf_clk (net)
                  0.10    0.00    0.36 ^ _1328_/CLK (sky130_fd_sc_hd__dfrtp_4)
     7    0.15    0.32    0.47    0.83 ^ _1328_/Q (sky130_fd_sc_hd__dfrtp_4)
                                         imem_inst.address[29] (net)
                  0.32    0.02    0.85 ^ _0913_/A (sky130_fd_sc_hd__xor2_2)
     2    0.04    0.08    0.15    1.00 v _0913_/X (sky130_fd_sc_hd__xor2_2)
                                         _0077_ (net)
                  0.08    0.01    1.00 v _1328_/D (sky130_fd_sc_hd__dfrtp_4)
                                  1.00   data arrival time

                          0.00    0.00   clock core_clock (rise edge)
                          0.00    0.00   clock source latency
     1    0.07    0.00    0.00    0.00 ^ clk (in)
                                         clk (net)
                  0.00    0.00    0.00 ^ clkbuf_0_clk/A (sky130_fd_sc_hd__clkbuf_16)
     9    0.22    0.18    0.18    0.19 ^ clkbuf_0_clk/X (sky130_fd_sc_hd__clkbuf_16)
                                         clknet_0_clk (net)
                  0.18    0.01    0.19 ^ clkbuf_3_0__f_clk/A (sky130_fd_sc_hd__clkbuf_16)
    16    0.11    0.10    0.17    0.36 ^ clkbuf_3_0__f_clk/X (sky130_fd_sc_hd__clkbuf_16)
                                         clknet_3_0__leaf_clk (net)
                  0.10    0.00    0.36 ^ _1328_/CLK (sky130_fd_sc_hd__dfrtp_4)
                          0.00    0.36   clock reconvergence pessimism
                         -0.04    0.33   library hold time
                                  0.33   data required time
-----------------------------------------------------------------------------
                                  0.33   data required time
                                 -1.00   data arrival time
-----------------------------------------------------------------------------
                                  0.68   slack (MET)


Startpoint: _1361_ (rising edge-triggered flip-flop clocked by core_clock)
Endpoint: _1361_ (rising edge-triggered flip-flop clocked by core_clock)
Path Group: core_clock
Path Type: min
Corner: Fastest

Fanout     Cap    Slew   Delay    Time   Description
-----------------------------------------------------------------------------
                          0.00    0.00   clock core_clock (rise edge)
                          0.00    0.00   clock source latency
     1    0.07    0.00    0.00    0.00 ^ clk (in)
                                         clk (net)
                  0.00    0.00    0.00 ^ clkbuf_0_clk/A (sky130_fd_sc_hd__clkbuf_16)
     9    0.22    0.18    0.18    0.19 ^ clkbuf_0_clk/X (sky130_fd_sc_hd__clkbuf_16)
                                         clknet_0_clk (net)
                  0.18    0.01    0.19 ^ clkbuf_3_2__f_clk/A (sky130_fd_sc_hd__clkbuf_16)
    14    0.09    0.08    0.15    0.35 ^ clkbuf_3_2__f_clk/X (sky130_fd_sc_hd__clkbuf_16)
                                         clknet_3_2__leaf_clk (net)
                  0.08    0.01    0.36 ^ _1361_/CLK (sky130_fd_sc_hd__dfxtp_4)
     2    0.06    0.14    0.30    0.66 ^ _1361_/Q (sky130_fd_sc_hd__dfxtp_4)
                                         regfile_inst.registers[25][14] (net)
                  0.14    0.01    0.67 ^ _0850_/A0 (sky130_fd_sc_hd__mux2_1)
     1    0.01    0.09    0.14    0.81 ^ _0850_/X (sky130_fd_sc_hd__mux2_1)
                                         _0616_ (net)
                  0.09    0.00    0.81 ^ _0851_/A (sky130_fd_sc_hd__clkbuf_2)
     1    0.05    0.21    0.20    1.01 ^ _0851_/X (sky130_fd_sc_hd__clkbuf_2)
                                         _0110_ (net)
                  0.21    0.01    1.02 ^ _1361_/D (sky130_fd_sc_hd__dfxtp_4)
                                  1.02   data arrival time

                          0.00    0.00   clock core_clock (rise edge)
                          0.00    0.00   clock source latency
     1    0.07    0.00    0.00    0.00 ^ clk (in)
                                         clk (net)
                  0.00    0.00    0.00 ^ clkbuf_0_clk/A (sky130_fd_sc_hd__clkbuf_16)
     9    0.22    0.18    0.18    0.19 ^ clkbuf_0_clk/X (sky130_fd_sc_hd__clkbuf_16)
                                         clknet_0_clk (net)
                  0.18    0.01    0.19 ^ clkbuf_3_2__f_clk/A (sky130_fd_sc_hd__clkbuf_16)
    14    0.09    0.08    0.15    0.35 ^ clkbuf_3_2__f_clk/X (sky130_fd_sc_hd__clkbuf_16)
                                         clknet_3_2__leaf_clk (net)
                  0.08    0.01    0.36 ^ _1361_/CLK (sky130_fd_sc_hd__dfxtp_4)
                          0.00    0.36   clock reconvergence pessimism
                         -0.03    0.33   library hold time
                                  0.33   data required time
-----------------------------------------------------------------------------
                                  0.33   data required time
                                 -1.02   data arrival time
-----------------------------------------------------------------------------
                                  0.69   slack (MET)


Startpoint: _1377_ (rising edge-triggered flip-flop clocked by core_clock)
Endpoint: _1377_ (rising edge-triggered flip-flop clocked by core_clock)
Path Group: core_clock
Path Type: min
Corner: Fastest

Fanout     Cap    Slew   Delay    Time   Description
-----------------------------------------------------------------------------
                          0.00    0.00   clock core_clock (rise edge)
                          0.00    0.00   clock source latency
     1    0.07    0.00    0.00    0.00 ^ clk (in)
                                         clk (net)
                  0.00    0.00    0.00 ^ clkbuf_0_clk/A (sky130_fd_sc_hd__clkbuf_16)
     9    0.22    0.18    0.18    0.19 ^ clkbuf_0_clk/X (sky130_fd_sc_hd__clkbuf_16)
                                         clknet_0_clk (net)
                  0.18    0.01    0.19 ^ clkbuf_3_0__f_clk/A (sky130_fd_sc_hd__clkbuf_16)
    16    0.11    0.10    0.17    0.36 ^ clkbuf_3_0__f_clk/X (sky130_fd_sc_hd__clkbuf_16)
                                         clknet_3_0__leaf_clk (net)
                  0.10    0.00    0.36 ^ _1377_/CLK (sky130_fd_sc_hd__dfxtp_4)
     3    0.10    0.10    0.30    0.66 v _1377_/Q (sky130_fd_sc_hd__dfxtp_4)
                                         regfile_inst.registers[15][14] (net)
                  0.11    0.02    0.68 v _0882_/A (sky130_fd_sc_hd__and2_1)
     1    0.01    0.06    0.15    0.83 v _0882_/X (sky130_fd_sc_hd__and2_1)
                                         _0632_ (net)
                  0.06    0.00    0.83 v _0883_/A (sky130_fd_sc_hd__buf_2)
     5    0.07    0.11    0.16    0.99 v _0883_/X (sky130_fd_sc_hd__buf_2)
                                         _0126_ (net)
                  0.11    0.01    1.00 v _1377_/D (sky130_fd_sc_hd__dfxtp_4)
                                  1.00   data arrival time

                          0.00    0.00   clock core_clock (rise edge)
                          0.00    0.00   clock source latency
     1    0.07    0.00    0.00    0.00 ^ clk (in)
                                         clk (net)
                  0.00    0.00    0.00 ^ clkbuf_0_clk/A (sky130_fd_sc_hd__clkbuf_16)
     9    0.22    0.18    0.18    0.19 ^ clkbuf_0_clk/X (sky130_fd_sc_hd__clkbuf_16)
                                         clknet_0_clk (net)
                  0.18    0.01    0.19 ^ clkbuf_3_0__f_clk/A (sky130_fd_sc_hd__clkbuf_16)
    16    0.11    0.10    0.17    0.36 ^ clkbuf_3_0__f_clk/X (sky130_fd_sc_hd__clkbuf_16)
                                         clknet_3_0__leaf_clk (net)
                  0.10    0.00    0.36 ^ _1377_/CLK (sky130_fd_sc_hd__dfxtp_4)
                          0.00    0.36   clock reconvergence pessimism
                         -0.06    0.31   library hold time
                                  0.31   data required time
-----------------------------------------------------------------------------
                                  0.31   data required time
                                 -1.00   data arrival time
-----------------------------------------------------------------------------
                                  0.69   slack (MET)


Startpoint: _1339_ (rising edge-triggered flip-flop clocked by core_clock)
Endpoint: _1339_ (rising edge-triggered flip-flop clocked by core_clock)
Path Group: core_clock
Path Type: min
Corner: Fastest

Fanout     Cap    Slew   Delay    Time   Description
-----------------------------------------------------------------------------
                          0.00    0.00   clock core_clock (rise edge)
                          0.00    0.00   clock source latency
     1    0.07    0.00    0.00    0.00 ^ clk (in)
                                         clk (net)
                  0.00    0.00    0.00 ^ clkbuf_0_clk/A (sky130_fd_sc_hd__clkbuf_16)
     9    0.22    0.18    0.18    0.19 ^ clkbuf_0_clk/X (sky130_fd_sc_hd__clkbuf_16)
                                         clknet_0_clk (net)
                  0.18    0.01    0.19 ^ clkbuf_3_4__f_clk/A (sky130_fd_sc_hd__clkbuf_16)
    12    0.09    0.09    0.16    0.35 ^ clkbuf_3_4__f_clk/X (sky130_fd_sc_hd__clkbuf_16)
                                         clknet_3_4__leaf_clk (net)
                  0.09    0.01    0.36 ^ _1339_/CLK (sky130_fd_sc_hd__dfxtp_4)
     3    0.08    0.08    0.28    0.63 v _1339_/Q (sky130_fd_sc_hd__dfxtp_4)
                                         regfile_inst.registers[10][8] (net)
                  0.08    0.02    0.65 v _0797_/A (sky130_fd_sc_hd__and2_4)
     2    0.08    0.08    0.15    0.81 v _0797_/X (sky130_fd_sc_hd__and2_4)
                                         _0585_ (net)
                  0.09    0.02    0.83 v _0798_/A (sky130_fd_sc_hd__clkbuf_2)
     1    0.04    0.11    0.16    0.99 v _0798_/X (sky130_fd_sc_hd__clkbuf_2)
                                         _0088_ (net)
                  0.11    0.01    1.00 v _1339_/D (sky130_fd_sc_hd__dfxtp_4)
                                  1.00   data arrival time

                          0.00    0.00   clock core_clock (rise edge)
                          0.00    0.00   clock source latency
     1    0.07    0.00    0.00    0.00 ^ clk (in)
                                         clk (net)
                  0.00    0.00    0.00 ^ clkbuf_0_clk/A (sky130_fd_sc_hd__clkbuf_16)
     9    0.22    0.18    0.18    0.19 ^ clkbuf_0_clk/X (sky130_fd_sc_hd__clkbuf_16)
                                         clknet_0_clk (net)
                  0.18    0.01    0.19 ^ clkbuf_3_4__f_clk/A (sky130_fd_sc_hd__clkbuf_16)
    12    0.09    0.09    0.16    0.35 ^ clkbuf_3_4__f_clk/X (sky130_fd_sc_hd__clkbuf_16)
                                         clknet_3_4__leaf_clk (net)
                  0.09    0.01    0.36 ^ _1339_/CLK (sky130_fd_sc_hd__dfxtp_4)
                          0.00    0.36   clock reconvergence pessimism
                         -0.05    0.30   library hold time
                                  0.30   data required time
-----------------------------------------------------------------------------
                                  0.30   data required time
                                 -1.00   data arrival time
-----------------------------------------------------------------------------
                                  0.69   slack (MET)


Startpoint: _1342_ (rising edge-triggered flip-flop clocked by core_clock)
Endpoint: _1342_ (rising edge-triggered flip-flop clocked by core_clock)
Path Group: core_clock
Path Type: min
Corner: Fastest

Fanout     Cap    Slew   Delay    Time   Description
-----------------------------------------------------------------------------
                          0.00    0.00   clock core_clock (rise edge)
                          0.00    0.00   clock source latency
     1    0.07    0.00    0.00    0.00 ^ clk (in)
                                         clk (net)
                  0.00    0.00    0.00 ^ clkbuf_0_clk/A (sky130_fd_sc_hd__clkbuf_16)
     9    0.22    0.18    0.18    0.19 ^ clkbuf_0_clk/X (sky130_fd_sc_hd__clkbuf_16)
                                         clknet_0_clk (net)
                  0.18    0.01    0.19 ^ clkbuf_3_7__f_clk/A (sky130_fd_sc_hd__clkbuf_16)
    12    0.09    0.09    0.16    0.35 ^ clkbuf_3_7__f_clk/X (sky130_fd_sc_hd__clkbuf_16)
                                         clknet_3_7__leaf_clk (net)
                  0.09    0.00    0.35 ^ _1342_/CLK (sky130_fd_sc_hd__dfxtp_4)
     2    0.10    0.10    0.29    0.65 v _1342_/Q (sky130_fd_sc_hd__dfxtp_4)
                                         regfile_inst.registers[10][11] (net)
                  0.10    0.00    0.65 v _0803_/A (sky130_fd_sc_hd__and2_4)
     1    0.08    0.08    0.17    0.83 v _0803_/X (sky130_fd_sc_hd__and2_4)
                                         _0588_ (net)
                  0.08    0.01    0.83 v _0804_/A (sky130_fd_sc_hd__buf_2)
     9    0.06    0.10    0.16    0.99 v _0804_/X (sky130_fd_sc_hd__buf_2)
                                         _0091_ (net)
                  0.10    0.01    1.00 v _1342_/D (sky130_fd_sc_hd__dfxtp_4)
                                  1.00   data arrival time

                          0.00    0.00   clock core_clock (rise edge)
                          0.00    0.00   clock source latency
     1    0.07    0.00    0.00    0.00 ^ clk (in)
                                         clk (net)
                  0.00    0.00    0.00 ^ clkbuf_0_clk/A (sky130_fd_sc_hd__clkbuf_16)
     9    0.22    0.18    0.18    0.19 ^ clkbuf_0_clk/X (sky130_fd_sc_hd__clkbuf_16)
                                         clknet_0_clk (net)
                  0.18    0.01    0.19 ^ clkbuf_3_7__f_clk/A (sky130_fd_sc_hd__clkbuf_16)
    12    0.09    0.09    0.16    0.35 ^ clkbuf_3_7__f_clk/X (sky130_fd_sc_hd__clkbuf_16)
                                         clknet_3_7__leaf_clk (net)
                  0.09    0.00    0.35 ^ _1342_/CLK (sky130_fd_sc_hd__dfxtp_4)
                          0.00    0.35   clock reconvergence pessimism
                         -0.05    0.30   library hold time
                                  0.30   data required time
-----------------------------------------------------------------------------
                                  0.30   data required time
                                 -1.00   data arrival time
-----------------------------------------------------------------------------
                                  0.70   slack (MET)


Startpoint: _1291_ (rising edge-triggered flip-flop clocked by core_clock)
Endpoint: _1291_ (rising edge-triggered flip-flop clocked by core_clock)
Path Group: core_clock
Path Type: min
Corner: Fastest

Fanout     Cap    Slew   Delay    Time   Description
-----------------------------------------------------------------------------
                          0.00    0.00   clock core_clock (rise edge)
                          0.00    0.00   clock source latency
     1    0.07    0.00    0.00    0.00 ^ clk (in)
                                         clk (net)
                  0.00    0.00    0.00 ^ clkbuf_0_clk/A (sky130_fd_sc_hd__clkbuf_16)
     9    0.22    0.18    0.18    0.19 ^ clkbuf_0_clk/X (sky130_fd_sc_hd__clkbuf_16)
                                         clknet_0_clk (net)
                  0.18    0.01    0.19 ^ clkbuf_3_6__f_clk/A (sky130_fd_sc_hd__clkbuf_16)
    15    0.11    0.09    0.16    0.36 ^ clkbuf_3_6__f_clk/X (sky130_fd_sc_hd__clkbuf_16)
                                         clknet_3_6__leaf_clk (net)
                  0.10    0.01    0.36 ^ _1291_/CLK (sky130_fd_sc_hd__dfxtp_4)
     7    0.20    0.18    0.35    0.71 v _1291_/Q (sky130_fd_sc_hd__dfxtp_4)
                                         display_inst.counter[10] (net)
                  0.19    0.03    0.74 v _0722_/A1 (sky130_fd_sc_hd__o21a_2)
     1    0.06    0.10    0.26    1.00 v _0722_/X (sky130_fd_sc_hd__o21a_2)
                                         _0040_ (net)
                  0.10    0.01    1.02 v _1291_/D (sky130_fd_sc_hd__dfxtp_4)
                                  1.02   data arrival time

                          0.00    0.00   clock core_clock (rise edge)
                          0.00    0.00   clock source latency
     1    0.07    0.00    0.00    0.00 ^ clk (in)
                                         clk (net)
                  0.00    0.00    0.00 ^ clkbuf_0_clk/A (sky130_fd_sc_hd__clkbuf_16)
     9    0.22    0.18    0.18    0.19 ^ clkbuf_0_clk/X (sky130_fd_sc_hd__clkbuf_16)
                                         clknet_0_clk (net)
                  0.18    0.01    0.19 ^ clkbuf_3_6__f_clk/A (sky130_fd_sc_hd__clkbuf_16)
    15    0.11    0.09    0.16    0.36 ^ clkbuf_3_6__f_clk/X (sky130_fd_sc_hd__clkbuf_16)
                                         clknet_3_6__leaf_clk (net)
                  0.10    0.01    0.36 ^ _1291_/CLK (sky130_fd_sc_hd__dfxtp_4)
                          0.00    0.36   clock reconvergence pessimism
                         -0.05    0.31   library hold time
                                  0.31   data required time
-----------------------------------------------------------------------------
                                  0.31   data required time
                                 -1.02   data arrival time
-----------------------------------------------------------------------------
                                  0.70   slack (MET)


Startpoint: _1370_ (rising edge-triggered flip-flop clocked by core_clock)
Endpoint: _1370_ (rising edge-triggered flip-flop clocked by core_clock)
Path Group: core_clock
Path Type: min
Corner: Fastest

Fanout     Cap    Slew   Delay    Time   Description
-----------------------------------------------------------------------------
                          0.00    0.00   clock core_clock (rise edge)
                          0.00    0.00   clock source latency
     1    0.07    0.00    0.00    0.00 ^ clk (in)
                                         clk (net)
                  0.00    0.00    0.00 ^ clkbuf_0_clk/A (sky130_fd_sc_hd__clkbuf_16)
     9    0.22    0.18    0.18    0.19 ^ clkbuf_0_clk/X (sky130_fd_sc_hd__clkbuf_16)
                                         clknet_0_clk (net)
                  0.18    0.01    0.19 ^ clkbuf_3_2__f_clk/A (sky130_fd_sc_hd__clkbuf_16)
    14    0.09    0.08    0.15    0.35 ^ clkbuf_3_2__f_clk/X (sky130_fd_sc_hd__clkbuf_16)
                                         clknet_3_2__leaf_clk (net)
                  0.08    0.01    0.35 ^ _1370_/CLK (sky130_fd_sc_hd__dfxtp_4)
     3    0.09    0.09    0.28    0.63 v _1370_/Q (sky130_fd_sc_hd__dfxtp_4)
                                         regfile_inst.registers[15][7] (net)
                  0.10    0.02    0.66 v _0868_/A (sky130_fd_sc_hd__and2_1)
     1    0.01    0.05    0.14    0.80 v _0868_/X (sky130_fd_sc_hd__and2_1)
                                         _0625_ (net)
                  0.05    0.00    0.80 v _0869_/A (sky130_fd_sc_hd__clkbuf_4)
     8    0.09    0.13    0.18    0.97 v _0869_/X (sky130_fd_sc_hd__clkbuf_4)
                                         _0119_ (net)
                  0.14    0.02    1.00 v _1370_/D (sky130_fd_sc_hd__dfxtp_4)
                                  1.00   data arrival time

                          0.00    0.00   clock core_clock (rise edge)
                          0.00    0.00   clock source latency
     1    0.07    0.00    0.00    0.00 ^ clk (in)
                                         clk (net)
                  0.00    0.00    0.00 ^ clkbuf_0_clk/A (sky130_fd_sc_hd__clkbuf_16)
     9    0.22    0.18    0.18    0.19 ^ clkbuf_0_clk/X (sky130_fd_sc_hd__clkbuf_16)
                                         clknet_0_clk (net)
                  0.18    0.01    0.19 ^ clkbuf_3_2__f_clk/A (sky130_fd_sc_hd__clkbuf_16)
    14    0.09    0.08    0.15    0.35 ^ clkbuf_3_2__f_clk/X (sky130_fd_sc_hd__clkbuf_16)
                                         clknet_3_2__leaf_clk (net)
                  0.08    0.01    0.35 ^ _1370_/CLK (sky130_fd_sc_hd__dfxtp_4)
                          0.00    0.35   clock reconvergence pessimism
                         -0.06    0.29   library hold time
                                  0.29   data required time
-----------------------------------------------------------------------------
                                  0.29   data required time
                                 -1.00   data arrival time
-----------------------------------------------------------------------------
                                  0.70   slack (MET)


Startpoint: _1325_ (rising edge-triggered flip-flop clocked by core_clock)
Endpoint: _1325_ (rising edge-triggered flip-flop clocked by core_clock)
Path Group: core_clock
Path Type: min
Corner: Fastest

Fanout     Cap    Slew   Delay    Time   Description
-----------------------------------------------------------------------------
                          0.00    0.00   clock core_clock (rise edge)
                          0.00    0.00   clock source latency
     1    0.07    0.00    0.00    0.00 ^ clk (in)
                                         clk (net)
                  0.00    0.00    0.00 ^ clkbuf_0_clk/A (sky130_fd_sc_hd__clkbuf_16)
     9    0.22    0.18    0.18    0.19 ^ clkbuf_0_clk/X (sky130_fd_sc_hd__clkbuf_16)
                                         clknet_0_clk (net)
                  0.18    0.01    0.19 ^ clkbuf_3_2__f_clk/A (sky130_fd_sc_hd__clkbuf_16)
    14    0.09    0.08    0.15    0.35 ^ clkbuf_3_2__f_clk/X (sky130_fd_sc_hd__clkbuf_16)
                                         clknet_3_2__leaf_clk (net)
                  0.08    0.00    0.35 ^ _1325_/CLK (sky130_fd_sc_hd__dfrtp_4)
     5    0.16    0.33    0.47    0.82 ^ _1325_/Q (sky130_fd_sc_hd__dfrtp_4)
                                         imem_inst.address[26] (net)
                  0.34    0.03    0.85 ^ _0918_/A (sky130_fd_sc_hd__xor2_4)
     1    0.07    0.08    0.15    1.00 v _0918_/X (sky130_fd_sc_hd__xor2_4)
                                         _0074_ (net)
                  0.08    0.01    1.01 v _1325_/D (sky130_fd_sc_hd__dfrtp_4)
                                  1.01   data arrival time

                          0.00    0.00   clock core_clock (rise edge)
                          0.00    0.00   clock source latency
     1    0.07    0.00    0.00    0.00 ^ clk (in)
                                         clk (net)
                  0.00    0.00    0.00 ^ clkbuf_0_clk/A (sky130_fd_sc_hd__clkbuf_16)
     9    0.22    0.18    0.18    0.19 ^ clkbuf_0_clk/X (sky130_fd_sc_hd__clkbuf_16)
                                         clknet_0_clk (net)
                  0.18    0.01    0.19 ^ clkbuf_3_2__f_clk/A (sky130_fd_sc_hd__clkbuf_16)
    14    0.09    0.08    0.15    0.35 ^ clkbuf_3_2__f_clk/X (sky130_fd_sc_hd__clkbuf_16)
                                         clknet_3_2__leaf_clk (net)
                  0.08    0.00    0.35 ^ _1325_/CLK (sky130_fd_sc_hd__dfrtp_4)
                          0.00    0.35   clock reconvergence pessimism
                         -0.04    0.31   library hold time
                                  0.31   data required time
-----------------------------------------------------------------------------
                                  0.31   data required time
                                 -1.01   data arrival time
-----------------------------------------------------------------------------
                                  0.71   slack (MET)


Startpoint: _1317_ (rising edge-triggered flip-flop clocked by core_clock)
Endpoint: _1317_ (rising edge-triggered flip-flop clocked by core_clock)
Path Group: core_clock
Path Type: min
Corner: Fastest

Fanout     Cap    Slew   Delay    Time   Description
-----------------------------------------------------------------------------
                          0.00    0.00   clock core_clock (rise edge)
                          0.00    0.00   clock source latency
     1    0.07    0.00    0.00    0.00 ^ clk (in)
                                         clk (net)
                  0.00    0.00    0.00 ^ clkbuf_0_clk/A (sky130_fd_sc_hd__clkbuf_16)
     9    0.22    0.18    0.18    0.19 ^ clkbuf_0_clk/X (sky130_fd_sc_hd__clkbuf_16)
                                         clknet_0_clk (net)
                  0.18    0.01    0.19 ^ clkbuf_3_2__f_clk/A (sky130_fd_sc_hd__clkbuf_16)
    14    0.09    0.08    0.15    0.35 ^ clkbuf_3_2__f_clk/X (sky130_fd_sc_hd__clkbuf_16)
                                         clknet_3_2__leaf_clk (net)
                  0.09    0.01    0.36 ^ _1317_/CLK (sky130_fd_sc_hd__dfrtp_4)
     3    0.09    0.12    0.39    0.75 v _1317_/Q (sky130_fd_sc_hd__dfrtp_4)
                                         imem_inst.address[18] (net)
                  0.12    0.01    0.76 v _0931_/B1 (sky130_fd_sc_hd__a21oi_4)
     1    0.04    0.16    0.17    0.93 ^ _0931_/Y (sky130_fd_sc_hd__a21oi_4)
                                         _0159_ (net)
                  0.16    0.01    0.94 ^ _0932_/B (sky130_fd_sc_hd__nor2_4)
     1    0.07    0.09    0.08    1.01 v _0932_/Y (sky130_fd_sc_hd__nor2_4)
                                         _0066_ (net)
                  0.09    0.01    1.03 v _1317_/D (sky130_fd_sc_hd__dfrtp_4)
                                  1.03   data arrival time

                          0.00    0.00   clock core_clock (rise edge)
                          0.00    0.00   clock source latency
     1    0.07    0.00    0.00    0.00 ^ clk (in)
                                         clk (net)
                  0.00    0.00    0.00 ^ clkbuf_0_clk/A (sky130_fd_sc_hd__clkbuf_16)
     9    0.22    0.18    0.18    0.19 ^ clkbuf_0_clk/X (sky130_fd_sc_hd__clkbuf_16)
                                         clknet_0_clk (net)
                  0.18    0.01    0.19 ^ clkbuf_3_2__f_clk/A (sky130_fd_sc_hd__clkbuf_16)
    14    0.09    0.08    0.15    0.35 ^ clkbuf_3_2__f_clk/X (sky130_fd_sc_hd__clkbuf_16)
                                         clknet_3_2__leaf_clk (net)
                  0.09    0.01    0.36 ^ _1317_/CLK (sky130_fd_sc_hd__dfrtp_4)
                          0.00    0.36   clock reconvergence pessimism
                         -0.04    0.31   library hold time
                                  0.31   data required time
-----------------------------------------------------------------------------
                                  0.31   data required time
                                 -1.03   data arrival time
-----------------------------------------------------------------------------
                                  0.71   slack (MET)


Startpoint: _1359_ (rising edge-triggered flip-flop clocked by core_clock)
Endpoint: _1359_ (rising edge-triggered flip-flop clocked by core_clock)
Path Group: core_clock
Path Type: min
Corner: Fastest

Fanout     Cap    Slew   Delay    Time   Description
-----------------------------------------------------------------------------
                          0.00    0.00   clock core_clock (rise edge)
                          0.00    0.00   clock source latency
     1    0.07    0.00    0.00    0.00 ^ clk (in)
                                         clk (net)
                  0.00    0.00    0.00 ^ clkbuf_0_clk/A (sky130_fd_sc_hd__clkbuf_16)
     9    0.22    0.18    0.18    0.19 ^ clkbuf_0_clk/X (sky130_fd_sc_hd__clkbuf_16)
                                         clknet_0_clk (net)
                  0.18    0.01    0.19 ^ clkbuf_3_4__f_clk/A (sky130_fd_sc_hd__clkbuf_16)
    12    0.09    0.09    0.16    0.35 ^ clkbuf_3_4__f_clk/X (sky130_fd_sc_hd__clkbuf_16)
                                         clknet_3_4__leaf_clk (net)
                  0.09    0.00    0.35 ^ _1359_/CLK (sky130_fd_sc_hd__dfxtp_4)
     3    0.09    0.19    0.33    0.68 ^ _1359_/Q (sky130_fd_sc_hd__dfxtp_4)
                                         regfile_inst.registers[25][12] (net)
                  0.19    0.02    0.70 ^ _0846_/A0 (sky130_fd_sc_hd__mux2_4)
     1    0.05    0.11    0.18    0.88 ^ _0846_/X (sky130_fd_sc_hd__mux2_4)
                                         _0614_ (net)
                  0.11    0.01    0.89 ^ _0847_/A (sky130_fd_sc_hd__buf_8)
     5    0.10    0.12    0.13    1.02 ^ _0847_/X (sky130_fd_sc_hd__buf_8)
                                         _0108_ (net)
                  0.13    0.03    1.05 ^ _1359_/D (sky130_fd_sc_hd__dfxtp_4)
                                  1.05   data arrival time

                          0.00    0.00   clock core_clock (rise edge)
                          0.00    0.00   clock source latency
     1    0.07    0.00    0.00    0.00 ^ clk (in)
                                         clk (net)
                  0.00    0.00    0.00 ^ clkbuf_0_clk/A (sky130_fd_sc_hd__clkbuf_16)
     9    0.22    0.18    0.18    0.19 ^ clkbuf_0_clk/X (sky130_fd_sc_hd__clkbuf_16)
                                         clknet_0_clk (net)
                  0.18    0.01    0.19 ^ clkbuf_3_4__f_clk/A (sky130_fd_sc_hd__clkbuf_16)
    12    0.09    0.09    0.16    0.35 ^ clkbuf_3_4__f_clk/X (sky130_fd_sc_hd__clkbuf_16)
                                         clknet_3_4__leaf_clk (net)
                  0.09    0.00    0.35 ^ _1359_/CLK (sky130_fd_sc_hd__dfxtp_4)
                          0.00    0.35   clock reconvergence pessimism
                         -0.02    0.33   library hold time
                                  0.33   data required time
-----------------------------------------------------------------------------
                                  0.33   data required time
                                 -1.05   data arrival time
-----------------------------------------------------------------------------
                                  0.72   slack (MET)


Startpoint: _1338_ (rising edge-triggered flip-flop clocked by core_clock)
Endpoint: _1338_ (rising edge-triggered flip-flop clocked by core_clock)
Path Group: core_clock
Path Type: min
Corner: Fastest

Fanout     Cap    Slew   Delay    Time   Description
-----------------------------------------------------------------------------
                          0.00    0.00   clock core_clock (rise edge)
                          0.00    0.00   clock source latency
     1    0.07    0.00    0.00    0.00 ^ clk (in)
                                         clk (net)
                  0.00    0.00    0.00 ^ clkbuf_0_clk/A (sky130_fd_sc_hd__clkbuf_16)
     9    0.22    0.18    0.18    0.19 ^ clkbuf_0_clk/X (sky130_fd_sc_hd__clkbuf_16)
                                         clknet_0_clk (net)
                  0.18    0.01    0.19 ^ clkbuf_3_4__f_clk/A (sky130_fd_sc_hd__clkbuf_16)
    12    0.09    0.09    0.16    0.35 ^ clkbuf_3_4__f_clk/X (sky130_fd_sc_hd__clkbuf_16)
                                         clknet_3_4__leaf_clk (net)
                  0.09    0.00    0.35 ^ _1338_/CLK (sky130_fd_sc_hd__dfxtp_2)
     2    0.06    0.10    0.28    0.63 v _1338_/Q (sky130_fd_sc_hd__dfxtp_2)
                                         regfile_inst.registers[10][7] (net)
                  0.10    0.00    0.64 v _0795_/A (sky130_fd_sc_hd__and2_2)
     2    0.05    0.09    0.20    0.83 v _0795_/X (sky130_fd_sc_hd__and2_2)
                                         _0584_ (net)
                  0.10    0.01    0.84 v _0796_/A (sky130_fd_sc_hd__clkbuf_2)
     1    0.04    0.11    0.16    1.01 v _0796_/X (sky130_fd_sc_hd__clkbuf_2)
                                         _0087_ (net)
                  0.11    0.01    1.01 v _1338_/D (sky130_fd_sc_hd__dfxtp_2)
                                  1.01   data arrival time

                          0.00    0.00   clock core_clock (rise edge)
                          0.00    0.00   clock source latency
     1    0.07    0.00    0.00    0.00 ^ clk (in)
                                         clk (net)
                  0.00    0.00    0.00 ^ clkbuf_0_clk/A (sky130_fd_sc_hd__clkbuf_16)
     9    0.22    0.18    0.18    0.19 ^ clkbuf_0_clk/X (sky130_fd_sc_hd__clkbuf_16)
                                         clknet_0_clk (net)
                  0.18    0.01    0.19 ^ clkbuf_3_4__f_clk/A (sky130_fd_sc_hd__clkbuf_16)
    12    0.09    0.09    0.16    0.35 ^ clkbuf_3_4__f_clk/X (sky130_fd_sc_hd__clkbuf_16)
                                         clknet_3_4__leaf_clk (net)
                  0.09    0.00    0.35 ^ _1338_/CLK (sky130_fd_sc_hd__dfxtp_2)
                          0.00    0.35   clock reconvergence pessimism
                         -0.06    0.30   library hold time
                                  0.30   data required time
-----------------------------------------------------------------------------
                                  0.30   data required time
                                 -1.01   data arrival time
-----------------------------------------------------------------------------
                                  0.72   slack (MET)


Startpoint: _1346_ (rising edge-triggered flip-flop clocked by core_clock)
Endpoint: _1346_ (rising edge-triggered flip-flop clocked by core_clock)
Path Group: core_clock
Path Type: min
Corner: Fastest

Fanout     Cap    Slew   Delay    Time   Description
-----------------------------------------------------------------------------
                          0.00    0.00   clock core_clock (rise edge)
                          0.00    0.00   clock source latency
     1    0.07    0.00    0.00    0.00 ^ clk (in)
                                         clk (net)
                  0.00    0.00    0.00 ^ clkbuf_0_clk/A (sky130_fd_sc_hd__clkbuf_16)
     9    0.22    0.18    0.18    0.19 ^ clkbuf_0_clk/X (sky130_fd_sc_hd__clkbuf_16)
                                         clknet_0_clk (net)
                  0.18    0.01    0.19 ^ clkbuf_3_7__f_clk/A (sky130_fd_sc_hd__clkbuf_16)
    12    0.09    0.09    0.16    0.35 ^ clkbuf_3_7__f_clk/X (sky130_fd_sc_hd__clkbuf_16)
                                         clknet_3_7__leaf_clk (net)
                  0.09    0.01    0.36 ^ _1346_/CLK (sky130_fd_sc_hd__dfxtp_4)
     6    0.13    0.12    0.30    0.66 v _1346_/Q (sky130_fd_sc_hd__dfxtp_4)
                                         regfile_inst.registers[10][15] (net)
                  0.12    0.01    0.67 v _0811_/A (sky130_fd_sc_hd__and2_2)
     1    0.03    0.07    0.19    0.85 v _0811_/X (sky130_fd_sc_hd__and2_2)
                                         _0592_ (net)
                  0.07    0.01    0.86 v _0812_/A (sky130_fd_sc_hd__dlymetal6s2s_1)
     1    0.03    0.10    0.16    1.02 v _0812_/X (sky130_fd_sc_hd__dlymetal6s2s_1)
                                         _0095_ (net)
                  0.10    0.00    1.02 v _1346_/D (sky130_fd_sc_hd__dfxtp_4)
                                  1.02   data arrival time

                          0.00    0.00   clock core_clock (rise edge)
                          0.00    0.00   clock source latency
     1    0.07    0.00    0.00    0.00 ^ clk (in)
                                         clk (net)
                  0.00    0.00    0.00 ^ clkbuf_0_clk/A (sky130_fd_sc_hd__clkbuf_16)
     9    0.22    0.18    0.18    0.19 ^ clkbuf_0_clk/X (sky130_fd_sc_hd__clkbuf_16)
                                         clknet_0_clk (net)
                  0.18    0.01    0.19 ^ clkbuf_3_7__f_clk/A (sky130_fd_sc_hd__clkbuf_16)
    12    0.09    0.09    0.16    0.35 ^ clkbuf_3_7__f_clk/X (sky130_fd_sc_hd__clkbuf_16)
                                         clknet_3_7__leaf_clk (net)
                  0.09    0.01    0.36 ^ _1346_/CLK (sky130_fd_sc_hd__dfxtp_4)
                          0.00    0.36   clock reconvergence pessimism
                         -0.05    0.31   library hold time
                                  0.31   data required time
-----------------------------------------------------------------------------
                                  0.31   data required time
                                 -1.02   data arrival time
-----------------------------------------------------------------------------
                                  0.72   slack (MET)


Startpoint: _1376_ (rising edge-triggered flip-flop clocked by core_clock)
Endpoint: _1376_ (rising edge-triggered flip-flop clocked by core_clock)
Path Group: core_clock
Path Type: min
Corner: Fastest

Fanout     Cap    Slew   Delay    Time   Description
-----------------------------------------------------------------------------
                          0.00    0.00   clock core_clock (rise edge)
                          0.00    0.00   clock source latency
     1    0.07    0.00    0.00    0.00 ^ clk (in)
                                         clk (net)
                  0.00    0.00    0.00 ^ clkbuf_0_clk/A (sky130_fd_sc_hd__clkbuf_16)
     9    0.22    0.18    0.18    0.19 ^ clkbuf_0_clk/X (sky130_fd_sc_hd__clkbuf_16)
                                         clknet_0_clk (net)
                  0.18    0.01    0.19 ^ clkbuf_3_1__f_clk/A (sky130_fd_sc_hd__clkbuf_16)
    13    0.09    0.09    0.16    0.35 ^ clkbuf_3_1__f_clk/X (sky130_fd_sc_hd__clkbuf_16)
                                         clknet_3_1__leaf_clk (net)
                  0.09    0.00    0.35 ^ _1376_/CLK (sky130_fd_sc_hd__dfxtp_4)
     5    0.13    0.13    0.30    0.65 v _1376_/Q (sky130_fd_sc_hd__dfxtp_4)
                                         regfile_inst.registers[15][13] (net)
                  0.13    0.03    0.68 v _0880_/A (sky130_fd_sc_hd__and2_1)
     1    0.03    0.10    0.19    0.87 v _0880_/X (sky130_fd_sc_hd__and2_1)
                                         _0631_ (net)
                  0.10    0.00    0.87 v _0881_/A (sky130_fd_sc_hd__buf_2)
     2    0.04    0.08    0.15    1.02 v _0881_/X (sky130_fd_sc_hd__buf_2)
                                         _0125_ (net)
                  0.08    0.01    1.03 v _1376_/D (sky130_fd_sc_hd__dfxtp_4)
                                  1.03   data arrival time

                          0.00    0.00   clock core_clock (rise edge)
                          0.00    0.00   clock source latency
     1    0.07    0.00    0.00    0.00 ^ clk (in)
                                         clk (net)
                  0.00    0.00    0.00 ^ clkbuf_0_clk/A (sky130_fd_sc_hd__clkbuf_16)
     9    0.22    0.18    0.18    0.19 ^ clkbuf_0_clk/X (sky130_fd_sc_hd__clkbuf_16)
                                         clknet_0_clk (net)
                  0.18    0.01    0.19 ^ clkbuf_3_1__f_clk/A (sky130_fd_sc_hd__clkbuf_16)
    13    0.09    0.09    0.16    0.35 ^ clkbuf_3_1__f_clk/X (sky130_fd_sc_hd__clkbuf_16)
                                         clknet_3_1__leaf_clk (net)
                  0.09    0.00    0.35 ^ _1376_/CLK (sky130_fd_sc_hd__dfxtp_4)
                          0.00    0.35   clock reconvergence pessimism
                         -0.04    0.31   library hold time
                                  0.31   data required time
-----------------------------------------------------------------------------
                                  0.31   data required time
                                 -1.03   data arrival time
-----------------------------------------------------------------------------
                                  0.72   slack (MET)


Startpoint: _1292_ (rising edge-triggered flip-flop clocked by core_clock)
Endpoint: _1292_ (rising edge-triggered flip-flop clocked by core_clock)
Path Group: core_clock
Path Type: min
Corner: Fastest

Fanout     Cap    Slew   Delay    Time   Description
-----------------------------------------------------------------------------
                          0.00    0.00   clock core_clock (rise edge)
                          0.00    0.00   clock source latency
     1    0.07    0.00    0.00    0.00 ^ clk (in)
                                         clk (net)
                  0.00    0.00    0.00 ^ clkbuf_0_clk/A (sky130_fd_sc_hd__clkbuf_16)
     9    0.22    0.18    0.18    0.19 ^ clkbuf_0_clk/X (sky130_fd_sc_hd__clkbuf_16)
                                         clknet_0_clk (net)
                  0.18    0.01    0.19 ^ clkbuf_3_3__f_clk/A (sky130_fd_sc_hd__clkbuf_16)
    10    0.11    0.09    0.16    0.36 ^ clkbuf_3_3__f_clk/X (sky130_fd_sc_hd__clkbuf_16)
                                         clknet_3_3__leaf_clk (net)
                  0.09    0.00    0.36 ^ _1292_/CLK (sky130_fd_sc_hd__dfxtp_4)
     4    0.17    0.15    0.33    0.69 v _1292_/Q (sky130_fd_sc_hd__dfxtp_4)
                                         display_inst.counter[11] (net)
                  0.16    0.01    0.70 v _0725_/A (sky130_fd_sc_hd__and3_4)
     4    0.13    0.12    0.23    0.93 v _0725_/X (sky130_fd_sc_hd__and3_4)
                                         _0560_ (net)
                  0.13    0.02    0.95 v _0726_/B (sky130_fd_sc_hd__nor2_1)
     1    0.01    0.08    0.11    1.07 ^ _0726_/Y (sky130_fd_sc_hd__nor2_1)
                                         _0041_ (net)
                  0.08    0.00    1.07 ^ _1292_/D (sky130_fd_sc_hd__dfxtp_4)
                                  1.07   data arrival time

                          0.00    0.00   clock core_clock (rise edge)
                          0.00    0.00   clock source latency
     1    0.07    0.00    0.00    0.00 ^ clk (in)
                                         clk (net)
                  0.00    0.00    0.00 ^ clkbuf_0_clk/A (sky130_fd_sc_hd__clkbuf_16)
     9    0.22    0.18    0.18    0.19 ^ clkbuf_0_clk/X (sky130_fd_sc_hd__clkbuf_16)
                                         clknet_0_clk (net)
                  0.18    0.01    0.19 ^ clkbuf_3_3__f_clk/A (sky130_fd_sc_hd__clkbuf_16)
    10    0.11    0.09    0.16    0.36 ^ clkbuf_3_3__f_clk/X (sky130_fd_sc_hd__clkbuf_16)
                                         clknet_3_3__leaf_clk (net)
                  0.09    0.00    0.36 ^ _1292_/CLK (sky130_fd_sc_hd__dfxtp_4)
                          0.00    0.36   clock reconvergence pessimism
                         -0.02    0.34   library hold time
                                  0.34   data required time
-----------------------------------------------------------------------------
                                  0.34   data required time
                                 -1.07   data arrival time
-----------------------------------------------------------------------------
                                  0.72   slack (MET)


Startpoint: _1353_ (rising edge-triggered flip-flop clocked by core_clock)
Endpoint: _1353_ (rising edge-triggered flip-flop clocked by core_clock)
Path Group: core_clock
Path Type: min
Corner: Fastest

Fanout     Cap    Slew   Delay    Time   Description
-----------------------------------------------------------------------------
                          0.00    0.00   clock core_clock (rise edge)
                          0.00    0.00   clock source latency
     1    0.07    0.00    0.00    0.00 ^ clk (in)
                                         clk (net)
                  0.00    0.00    0.00 ^ clkbuf_0_clk/A (sky130_fd_sc_hd__clkbuf_16)
     9    0.22    0.18    0.18    0.19 ^ clkbuf_0_clk/X (sky130_fd_sc_hd__clkbuf_16)
                                         clknet_0_clk (net)
                  0.18    0.01    0.19 ^ clkbuf_3_6__f_clk/A (sky130_fd_sc_hd__clkbuf_16)
    15    0.11    0.09    0.16    0.36 ^ clkbuf_3_6__f_clk/X (sky130_fd_sc_hd__clkbuf_16)
                                         clknet_3_6__leaf_clk (net)
                  0.10    0.01    0.36 ^ _1353_/CLK (sky130_fd_sc_hd__dfxtp_4)
     5    0.13    0.13    0.30    0.66 v _1353_/Q (sky130_fd_sc_hd__dfxtp_4)
                                         regfile_inst.registers[25][6] (net)
                  0.13    0.00    0.67 v _0827_/A0 (sky130_fd_sc_hd__mux2_1)
     1    0.01    0.07    0.22    0.89 v _0827_/X (sky130_fd_sc_hd__mux2_1)
                                         _0601_ (net)
                  0.07    0.00    0.90 v _0828_/A (sky130_fd_sc_hd__buf_1)
     1    0.03    0.10    0.14    1.04 v _0828_/X (sky130_fd_sc_hd__buf_1)
                                         _0102_ (net)
                  0.10    0.00    1.04 v _1353_/D (sky130_fd_sc_hd__dfxtp_4)
                                  1.04   data arrival time

                          0.00    0.00   clock core_clock (rise edge)
                          0.00    0.00   clock source latency
     1    0.07    0.00    0.00    0.00 ^ clk (in)
                                         clk (net)
                  0.00    0.00    0.00 ^ clkbuf_0_clk/A (sky130_fd_sc_hd__clkbuf_16)
     9    0.22    0.18    0.18    0.19 ^ clkbuf_0_clk/X (sky130_fd_sc_hd__clkbuf_16)
                                         clknet_0_clk (net)
                  0.18    0.01    0.19 ^ clkbuf_3_6__f_clk/A (sky130_fd_sc_hd__clkbuf_16)
    15    0.11    0.09    0.16    0.36 ^ clkbuf_3_6__f_clk/X (sky130_fd_sc_hd__clkbuf_16)
                                         clknet_3_6__leaf_clk (net)
                  0.10    0.01    0.36 ^ _1353_/CLK (sky130_fd_sc_hd__dfxtp_4)
                          0.00    0.36   clock reconvergence pessimism
                         -0.05    0.31   library hold time
                                  0.31   data required time
-----------------------------------------------------------------------------
                                  0.31   data required time
                                 -1.04   data arrival time
-----------------------------------------------------------------------------
                                  0.73   slack (MET)


Startpoint: _1362_ (rising edge-triggered flip-flop clocked by core_clock)
Endpoint: _1362_ (rising edge-triggered flip-flop clocked by core_clock)
Path Group: core_clock
Path Type: min
Corner: Fastest

Fanout     Cap    Slew   Delay    Time   Description
-----------------------------------------------------------------------------
                          0.00    0.00   clock core_clock (rise edge)
                          0.00    0.00   clock source latency
     1    0.07    0.00    0.00    0.00 ^ clk (in)
                                         clk (net)
                  0.00    0.00    0.00 ^ clkbuf_0_clk/A (sky130_fd_sc_hd__clkbuf_16)
     9    0.22    0.18    0.18    0.19 ^ clkbuf_0_clk/X (sky130_fd_sc_hd__clkbuf_16)
                                         clknet_0_clk (net)
                  0.18    0.01    0.19 ^ clkbuf_3_0__f_clk/A (sky130_fd_sc_hd__clkbuf_16)
    16    0.11    0.10    0.17    0.36 ^ clkbuf_3_0__f_clk/X (sky130_fd_sc_hd__clkbuf_16)
                                         clknet_3_0__leaf_clk (net)
                  0.10    0.01    0.36 ^ _1362_/CLK (sky130_fd_sc_hd__dfxtp_1)
     2    0.02    0.08    0.25    0.62 v _1362_/Q (sky130_fd_sc_hd__dfxtp_1)
                                         regfile_inst.registers[25][15] (net)
                  0.08    0.00    0.62 v _0852_/A0 (sky130_fd_sc_hd__mux2_4)
     1    0.09    0.11    0.27    0.89 v _0852_/X (sky130_fd_sc_hd__mux2_4)
                                         _0617_ (net)
                  0.11    0.01    0.89 v _0853_/A (sky130_fd_sc_hd__buf_6)
     9    0.08    0.06    0.14    1.03 v _0853_/X (sky130_fd_sc_hd__buf_6)
                                         _0111_ (net)
                  0.07    0.02    1.05 v _1362_/D (sky130_fd_sc_hd__dfxtp_1)
                                  1.05   data arrival time

                          0.00    0.00   clock core_clock (rise edge)
                          0.00    0.00   clock source latency
     1    0.07    0.00    0.00    0.00 ^ clk (in)
                                         clk (net)
                  0.00    0.00    0.00 ^ clkbuf_0_clk/A (sky130_fd_sc_hd__clkbuf_16)
     9    0.22    0.18    0.18    0.19 ^ clkbuf_0_clk/X (sky130_fd_sc_hd__clkbuf_16)
                                         clknet_0_clk (net)
                  0.18    0.01    0.19 ^ clkbuf_3_0__f_clk/A (sky130_fd_sc_hd__clkbuf_16)
    16    0.11    0.10    0.17    0.36 ^ clkbuf_3_0__f_clk/X (sky130_fd_sc_hd__clkbuf_16)
                                         clknet_3_0__leaf_clk (net)
                  0.10    0.01    0.36 ^ _1362_/CLK (sky130_fd_sc_hd__dfxtp_1)
                          0.00    0.36   clock reconvergence pessimism
                         -0.05    0.32   library hold time
                                  0.32   data required time
-----------------------------------------------------------------------------
                                  0.32   data required time
                                 -1.05   data arrival time
-----------------------------------------------------------------------------
                                  0.73   slack (MET)


Startpoint: _1336_ (rising edge-triggered flip-flop clocked by core_clock)
Endpoint: _1336_ (rising edge-triggered flip-flop clocked by core_clock)
Path Group: core_clock
Path Type: min
Corner: Fastest

Fanout     Cap    Slew   Delay    Time   Description
-----------------------------------------------------------------------------
                          0.00    0.00   clock core_clock (rise edge)
                          0.00    0.00   clock source latency
     1    0.07    0.00    0.00    0.00 ^ clk (in)
                                         clk (net)
                  0.00    0.00    0.00 ^ clkbuf_0_clk/A (sky130_fd_sc_hd__clkbuf_16)
     9    0.22    0.18    0.18    0.19 ^ clkbuf_0_clk/X (sky130_fd_sc_hd__clkbuf_16)
                                         clknet_0_clk (net)
                  0.18    0.01    0.19 ^ clkbuf_3_5__f_clk/A (sky130_fd_sc_hd__clkbuf_16)
    16    0.10    0.09    0.16    0.36 ^ clkbuf_3_5__f_clk/X (sky130_fd_sc_hd__clkbuf_16)
                                         clknet_3_5__leaf_clk (net)
                  0.09    0.00    0.36 ^ _1336_/CLK (sky130_fd_sc_hd__dfxtp_4)
     4    0.10    0.10    0.30    0.66 v _1336_/Q (sky130_fd_sc_hd__dfxtp_4)
                                         regfile_inst.registers[10][5] (net)
                  0.10    0.01    0.67 v _0791_/A (sky130_fd_sc_hd__and2_2)
     1    0.06    0.11    0.21    0.87 v _0791_/X (sky130_fd_sc_hd__and2_2)
                                         _0582_ (net)
                  0.11    0.01    0.89 v _0792_/A (sky130_fd_sc_hd__buf_2)
     1    0.04    0.08    0.16    1.04 v _0792_/X (sky130_fd_sc_hd__buf_2)
                                         _0085_ (net)
                  0.08    0.01    1.05 v _1336_/D (sky130_fd_sc_hd__dfxtp_4)
                                  1.05   data arrival time

                          0.00    0.00   clock core_clock (rise edge)
                          0.00    0.00   clock source latency
     1    0.07    0.00    0.00    0.00 ^ clk (in)
                                         clk (net)
                  0.00    0.00    0.00 ^ clkbuf_0_clk/A (sky130_fd_sc_hd__clkbuf_16)
     9    0.22    0.18    0.18    0.19 ^ clkbuf_0_clk/X (sky130_fd_sc_hd__clkbuf_16)
                                         clknet_0_clk (net)
                  0.18    0.01    0.19 ^ clkbuf_3_5__f_clk/A (sky130_fd_sc_hd__clkbuf_16)
    16    0.10    0.09    0.16    0.36 ^ clkbuf_3_5__f_clk/X (sky130_fd_sc_hd__clkbuf_16)
                                         clknet_3_5__leaf_clk (net)
                  0.09    0.00    0.36 ^ _1336_/CLK (sky130_fd_sc_hd__dfxtp_4)
                          0.00    0.36   clock reconvergence pessimism
                         -0.04    0.32   library hold time
                                  0.32   data required time
-----------------------------------------------------------------------------
                                  0.32   data required time
                                 -1.05   data arrival time
-----------------------------------------------------------------------------
                                  0.73   slack (MET)


Startpoint: _1311_ (rising edge-triggered flip-flop clocked by core_clock)
Endpoint: _1311_ (rising edge-triggered flip-flop clocked by core_clock)
Path Group: core_clock
Path Type: min
Corner: Fastest

Fanout     Cap    Slew   Delay    Time   Description
-----------------------------------------------------------------------------
                          0.00    0.00   clock core_clock (rise edge)
                          0.00    0.00   clock source latency
     1    0.07    0.00    0.00    0.00 ^ clk (in)
                                         clk (net)
                  0.00    0.00    0.00 ^ clkbuf_0_clk/A (sky130_fd_sc_hd__clkbuf_16)
     9    0.22    0.18    0.18    0.19 ^ clkbuf_0_clk/X (sky130_fd_sc_hd__clkbuf_16)
                                         clknet_0_clk (net)
                  0.18    0.01    0.19 ^ clkbuf_3_2__f_clk/A (sky130_fd_sc_hd__clkbuf_16)
    14    0.09    0.08    0.15    0.35 ^ clkbuf_3_2__f_clk/X (sky130_fd_sc_hd__clkbuf_16)
                                         clknet_3_2__leaf_clk (net)
                  0.08    0.00    0.35 ^ _1311_/CLK (sky130_fd_sc_hd__dfrtp_4)
     3    0.10    0.13    0.40    0.75 v _1311_/Q (sky130_fd_sc_hd__dfrtp_4)
                                         imem_inst.address[12] (net)
                  0.13    0.01    0.76 v _0941_/B1 (sky130_fd_sc_hd__a21oi_2)
     1    0.03    0.18    0.18    0.94 ^ _0941_/Y (sky130_fd_sc_hd__a21oi_2)
                                         _0163_ (net)
                  0.18    0.00    0.94 ^ _0942_/B (sky130_fd_sc_hd__nor2_1)
     1    0.02    0.09    0.10    1.04 v _0942_/Y (sky130_fd_sc_hd__nor2_1)
                                         _0060_ (net)
                  0.09    0.00    1.04 v _1311_/D (sky130_fd_sc_hd__dfrtp_4)
                                  1.04   data arrival time

                          0.00    0.00   clock core_clock (rise edge)
                          0.00    0.00   clock source latency
     1    0.07    0.00    0.00    0.00 ^ clk (in)
                                         clk (net)
                  0.00    0.00    0.00 ^ clkbuf_0_clk/A (sky130_fd_sc_hd__clkbuf_16)
     9    0.22    0.18    0.18    0.19 ^ clkbuf_0_clk/X (sky130_fd_sc_hd__clkbuf_16)
                                         clknet_0_clk (net)
                  0.18    0.01    0.19 ^ clkbuf_3_2__f_clk/A (sky130_fd_sc_hd__clkbuf_16)
    14    0.09    0.08    0.15    0.35 ^ clkbuf_3_2__f_clk/X (sky130_fd_sc_hd__clkbuf_16)
                                         clknet_3_2__leaf_clk (net)
                  0.08    0.00    0.35 ^ _1311_/CLK (sky130_fd_sc_hd__dfrtp_4)
                          0.00    0.35   clock reconvergence pessimism
                         -0.04    0.30   library hold time
                                  0.30   data required time
-----------------------------------------------------------------------------
                                  0.30   data required time
                                 -1.04   data arrival time
-----------------------------------------------------------------------------
                                  0.74   slack (MET)


Startpoint: _1368_ (rising edge-triggered flip-flop clocked by core_clock)
Endpoint: _1368_ (rising edge-triggered flip-flop clocked by core_clock)
Path Group: core_clock
Path Type: min
Corner: Fastest

Fanout     Cap    Slew   Delay    Time   Description
-----------------------------------------------------------------------------
                          0.00    0.00   clock core_clock (rise edge)
                          0.00    0.00   clock source latency
     1    0.07    0.00    0.00    0.00 ^ clk (in)
                                         clk (net)
                  0.00    0.00    0.00 ^ clkbuf_0_clk/A (sky130_fd_sc_hd__clkbuf_16)
     9    0.22    0.18    0.18    0.19 ^ clkbuf_0_clk/X (sky130_fd_sc_hd__clkbuf_16)
                                         clknet_0_clk (net)
                  0.18    0.01    0.19 ^ clkbuf_3_5__f_clk/A (sky130_fd_sc_hd__clkbuf_16)
    16    0.10    0.09    0.16    0.36 ^ clkbuf_3_5__f_clk/X (sky130_fd_sc_hd__clkbuf_16)
                                         clknet_3_5__leaf_clk (net)
                  0.09    0.00    0.36 ^ _1368_/CLK (sky130_fd_sc_hd__dfxtp_2)
     2    0.07    0.12    0.29    0.65 v _1368_/Q (sky130_fd_sc_hd__dfxtp_2)
                                         regfile_inst.registers[15][5] (net)
                  0.12    0.01    0.66 v _0864_/A (sky130_fd_sc_hd__and2_2)
     1    0.04    0.08    0.20    0.86 v _0864_/X (sky130_fd_sc_hd__and2_2)
                                         _0623_ (net)
                  0.08    0.01    0.87 v _0865_/A (sky130_fd_sc_hd__buf_1)
     2    0.03    0.13    0.17    1.03 v _0865_/X (sky130_fd_sc_hd__buf_1)
                                         _0117_ (net)
                  0.13    0.00    1.04 v _1368_/D (sky130_fd_sc_hd__dfxtp_2)
                                  1.04   data arrival time

                          0.00    0.00   clock core_clock (rise edge)
                          0.00    0.00   clock source latency
     1    0.07    0.00    0.00    0.00 ^ clk (in)
                                         clk (net)
                  0.00    0.00    0.00 ^ clkbuf_0_clk/A (sky130_fd_sc_hd__clkbuf_16)
     9    0.22    0.18    0.18    0.19 ^ clkbuf_0_clk/X (sky130_fd_sc_hd__clkbuf_16)
                                         clknet_0_clk (net)
                  0.18    0.01    0.19 ^ clkbuf_3_5__f_clk/A (sky130_fd_sc_hd__clkbuf_16)
    16    0.10    0.09    0.16    0.36 ^ clkbuf_3_5__f_clk/X (sky130_fd_sc_hd__clkbuf_16)
                                         clknet_3_5__leaf_clk (net)
                  0.09    0.00    0.36 ^ _1368_/CLK (sky130_fd_sc_hd__dfxtp_2)
                          0.00    0.36   clock reconvergence pessimism
                         -0.06    0.30   library hold time
                                  0.30   data required time
-----------------------------------------------------------------------------
                                  0.30   data required time
                                 -1.04   data arrival time
-----------------------------------------------------------------------------
                                  0.74   slack (MET)


Startpoint: _1375_ (rising edge-triggered flip-flop clocked by core_clock)
Endpoint: _1375_ (rising edge-triggered flip-flop clocked by core_clock)
Path Group: core_clock
Path Type: min
Corner: Fastest

Fanout     Cap    Slew   Delay    Time   Description
-----------------------------------------------------------------------------
                          0.00    0.00   clock core_clock (rise edge)
                          0.00    0.00   clock source latency
     1    0.07    0.00    0.00    0.00 ^ clk (in)
                                         clk (net)
                  0.00    0.00    0.00 ^ clkbuf_0_clk/A (sky130_fd_sc_hd__clkbuf_16)
     9    0.22    0.18    0.18    0.19 ^ clkbuf_0_clk/X (sky130_fd_sc_hd__clkbuf_16)
                                         clknet_0_clk (net)
                  0.18    0.01    0.19 ^ clkbuf_3_7__f_clk/A (sky130_fd_sc_hd__clkbuf_16)
    12    0.09    0.09    0.16    0.35 ^ clkbuf_3_7__f_clk/X (sky130_fd_sc_hd__clkbuf_16)
                                         clknet_3_7__leaf_clk (net)
                  0.09    0.01    0.36 ^ _1375_/CLK (sky130_fd_sc_hd__dfxtp_4)
     5    0.13    0.13    0.29    0.65 v _1375_/Q (sky130_fd_sc_hd__dfxtp_4)
                                         regfile_inst.registers[15][12] (net)
                  0.16    0.05    0.70 v _0878_/A (sky130_fd_sc_hd__and2_4)
     1    0.13    0.12    0.21    0.91 v _0878_/X (sky130_fd_sc_hd__and2_4)
                                         _0630_ (net)
                  0.15    0.05    0.96 v _0879_/A (sky130_fd_sc_hd__clkbuf_1)
     1    0.01    0.04    0.11    1.07 v _0879_/X (sky130_fd_sc_hd__clkbuf_1)
                                         _0124_ (net)
                  0.04    0.00    1.07 v _1375_/D (sky130_fd_sc_hd__dfxtp_4)
                                  1.07   data arrival time

                          0.00    0.00   clock core_clock (rise edge)
                          0.00    0.00   clock source latency
     1    0.07    0.00    0.00    0.00 ^ clk (in)
                                         clk (net)
                  0.00    0.00    0.00 ^ clkbuf_0_clk/A (sky130_fd_sc_hd__clkbuf_16)
     9    0.22    0.18    0.18    0.19 ^ clkbuf_0_clk/X (sky130_fd_sc_hd__clkbuf_16)
                                         clknet_0_clk (net)
                  0.18    0.01    0.19 ^ clkbuf_3_7__f_clk/A (sky130_fd_sc_hd__clkbuf_16)
    12    0.09    0.09    0.16    0.35 ^ clkbuf_3_7__f_clk/X (sky130_fd_sc_hd__clkbuf_16)
                                         clknet_3_7__leaf_clk (net)
                  0.09    0.01    0.36 ^ _1375_/CLK (sky130_fd_sc_hd__dfxtp_4)
                          0.00    0.36   clock reconvergence pessimism
                         -0.03    0.33   library hold time
                                  0.33   data required time
-----------------------------------------------------------------------------
                                  0.33   data required time
                                 -1.07   data arrival time
-----------------------------------------------------------------------------
                                  0.74   slack (MET)


Startpoint: _1323_ (rising edge-triggered flip-flop clocked by core_clock)
Endpoint: _1323_ (rising edge-triggered flip-flop clocked by core_clock)
Path Group: core_clock
Path Type: min
Corner: Fastest

Fanout     Cap    Slew   Delay    Time   Description
-----------------------------------------------------------------------------
                          0.00    0.00   clock core_clock (rise edge)
                          0.00    0.00   clock source latency
     1    0.07    0.00    0.00    0.00 ^ clk (in)
                                         clk (net)
                  0.00    0.00    0.00 ^ clkbuf_0_clk/A (sky130_fd_sc_hd__clkbuf_16)
     9    0.22    0.18    0.18    0.19 ^ clkbuf_0_clk/X (sky130_fd_sc_hd__clkbuf_16)
                                         clknet_0_clk (net)
                  0.18    0.01    0.19 ^ clkbuf_3_4__f_clk/A (sky130_fd_sc_hd__clkbuf_16)
    12    0.09    0.09    0.16    0.35 ^ clkbuf_3_4__f_clk/X (sky130_fd_sc_hd__clkbuf_16)
                                         clknet_3_4__leaf_clk (net)
                  0.09    0.00    0.35 ^ _1323_/CLK (sky130_fd_sc_hd__dfrtp_4)
     3    0.06    0.10    0.37    0.72 v _1323_/Q (sky130_fd_sc_hd__dfrtp_4)
                                         imem_inst.address[24] (net)
                  0.11    0.01    0.74 v _0921_/B1 (sky130_fd_sc_hd__a21oi_1)
     1    0.02    0.23    0.21    0.95 ^ _0921_/Y (sky130_fd_sc_hd__a21oi_1)
                                         _0155_ (net)
                  0.23    0.00    0.95 ^ _0922_/B (sky130_fd_sc_hd__nor2_2)
     2    0.04    0.11    0.10    1.05 v _0922_/Y (sky130_fd_sc_hd__nor2_2)
                                         _0072_ (net)
                  0.11    0.01    1.05 v _1323_/D (sky130_fd_sc_hd__dfrtp_4)
                                  1.05   data arrival time

                          0.00    0.00   clock core_clock (rise edge)
                          0.00    0.00   clock source latency
     1    0.07    0.00    0.00    0.00 ^ clk (in)
                                         clk (net)
                  0.00    0.00    0.00 ^ clkbuf_0_clk/A (sky130_fd_sc_hd__clkbuf_16)
     9    0.22    0.18    0.18    0.19 ^ clkbuf_0_clk/X (sky130_fd_sc_hd__clkbuf_16)
                                         clknet_0_clk (net)
                  0.18    0.01    0.19 ^ clkbuf_3_4__f_clk/A (sky130_fd_sc_hd__clkbuf_16)
    12    0.09    0.09    0.16    0.35 ^ clkbuf_3_4__f_clk/X (sky130_fd_sc_hd__clkbuf_16)
                                         clknet_3_4__leaf_clk (net)
                  0.09    0.00    0.35 ^ _1323_/CLK (sky130_fd_sc_hd__dfrtp_4)
                          0.00    0.35   clock reconvergence pessimism
                         -0.05    0.31   library hold time
                                  0.31   data required time
-----------------------------------------------------------------------------
                                  0.31   data required time
                                 -1.05   data arrival time
-----------------------------------------------------------------------------
                                  0.75   slack (MET)


Startpoint: _1373_ (rising edge-triggered flip-flop clocked by core_clock)
Endpoint: _1373_ (rising edge-triggered flip-flop clocked by core_clock)
Path Group: core_clock
Path Type: min
Corner: Fastest

Fanout     Cap    Slew   Delay    Time   Description
-----------------------------------------------------------------------------
                          0.00    0.00   clock core_clock (rise edge)
                          0.00    0.00   clock source latency
     1    0.07    0.00    0.00    0.00 ^ clk (in)
                                         clk (net)
                  0.00    0.00    0.00 ^ clkbuf_0_clk/A (sky130_fd_sc_hd__clkbuf_16)
     9    0.22    0.18    0.18    0.19 ^ clkbuf_0_clk/X (sky130_fd_sc_hd__clkbuf_16)
                                         clknet_0_clk (net)
                  0.18    0.01    0.19 ^ clkbuf_3_5__f_clk/A (sky130_fd_sc_hd__clkbuf_16)
    16    0.10    0.09    0.16    0.36 ^ clkbuf_3_5__f_clk/X (sky130_fd_sc_hd__clkbuf_16)
                                         clknet_3_5__leaf_clk (net)
                  0.09    0.01    0.36 ^ _1373_/CLK (sky130_fd_sc_hd__dfxtp_4)
     2    0.10    0.10    0.29    0.65 v _1373_/Q (sky130_fd_sc_hd__dfxtp_4)
                                         regfile_inst.registers[15][10] (net)
                  0.10    0.01    0.66 v _0874_/A (sky130_fd_sc_hd__and2_4)
     1    0.08    0.08    0.16    0.83 v _0874_/X (sky130_fd_sc_hd__and2_4)
                                         _0628_ (net)
                  0.09    0.02    0.85 v _0875_/A (sky130_fd_sc_hd__clkbuf_4)
    17    0.08    0.11    0.18    1.04 v _0875_/X (sky130_fd_sc_hd__clkbuf_4)
                                         _0122_ (net)
                  0.12    0.02    1.06 v _1373_/D (sky130_fd_sc_hd__dfxtp_4)
                                  1.06   data arrival time

                          0.00    0.00   clock core_clock (rise edge)
                          0.00    0.00   clock source latency
     1    0.07    0.00    0.00    0.00 ^ clk (in)
                                         clk (net)
                  0.00    0.00    0.00 ^ clkbuf_0_clk/A (sky130_fd_sc_hd__clkbuf_16)
     9    0.22    0.18    0.18    0.19 ^ clkbuf_0_clk/X (sky130_fd_sc_hd__clkbuf_16)
                                         clknet_0_clk (net)
                  0.18    0.01    0.19 ^ clkbuf_3_5__f_clk/A (sky130_fd_sc_hd__clkbuf_16)
    16    0.10    0.09    0.16    0.36 ^ clkbuf_3_5__f_clk/X (sky130_fd_sc_hd__clkbuf_16)
                                         clknet_3_5__leaf_clk (net)
                  0.09    0.01    0.36 ^ _1373_/CLK (sky130_fd_sc_hd__dfxtp_4)
                          0.00    0.36   clock reconvergence pessimism
                         -0.06    0.31   library hold time
                                  0.31   data required time
-----------------------------------------------------------------------------
                                  0.31   data required time
                                 -1.06   data arrival time
-----------------------------------------------------------------------------
                                  0.75   slack (MET)


Startpoint: _1335_ (rising edge-triggered flip-flop clocked by core_clock)
Endpoint: _1335_ (rising edge-triggered flip-flop clocked by core_clock)
Path Group: core_clock
Path Type: min
Corner: Fastest

Fanout     Cap    Slew   Delay    Time   Description
-----------------------------------------------------------------------------
                          0.00    0.00   clock core_clock (rise edge)
                          0.00    0.00   clock source latency
     1    0.07    0.00    0.00    0.00 ^ clk (in)
                                         clk (net)
                  0.00    0.00    0.00 ^ clkbuf_0_clk/A (sky130_fd_sc_hd__clkbuf_16)
     9    0.22    0.18    0.18    0.19 ^ clkbuf_0_clk/X (sky130_fd_sc_hd__clkbuf_16)
                                         clknet_0_clk (net)
                  0.18    0.01    0.19 ^ clkbuf_3_1__f_clk/A (sky130_fd_sc_hd__clkbuf_16)
    13    0.09    0.09    0.16    0.35 ^ clkbuf_3_1__f_clk/X (sky130_fd_sc_hd__clkbuf_16)
                                         clknet_3_1__leaf_clk (net)
                  0.09    0.00    0.35 ^ _1335_/CLK (sky130_fd_sc_hd__dfxtp_4)
     3    0.10    0.10    0.29    0.64 v _1335_/Q (sky130_fd_sc_hd__dfxtp_4)
                                         regfile_inst.registers[10][4] (net)
                  0.11    0.03    0.67 v _0789_/A (sky130_fd_sc_hd__and2_2)
     1    0.06    0.11    0.21    0.88 v _0789_/X (sky130_fd_sc_hd__and2_2)
                                         _0581_ (net)
                  0.11    0.01    0.89 v _0790_/A (sky130_fd_sc_hd__buf_1)
     1    0.03    0.11    0.16    1.05 v _0790_/X (sky130_fd_sc_hd__buf_1)
                                         _0084_ (net)
                  0.11    0.00    1.05 v _1335_/D (sky130_fd_sc_hd__dfxtp_4)
                                  1.05   data arrival time

                          0.00    0.00   clock core_clock (rise edge)
                          0.00    0.00   clock source latency
     1    0.07    0.00    0.00    0.00 ^ clk (in)
                                         clk (net)
                  0.00    0.00    0.00 ^ clkbuf_0_clk/A (sky130_fd_sc_hd__clkbuf_16)
     9    0.22    0.18    0.18    0.19 ^ clkbuf_0_clk/X (sky130_fd_sc_hd__clkbuf_16)
                                         clknet_0_clk (net)
                  0.18    0.01    0.19 ^ clkbuf_3_1__f_clk/A (sky130_fd_sc_hd__clkbuf_16)
    13    0.09    0.09    0.16    0.35 ^ clkbuf_3_1__f_clk/X (sky130_fd_sc_hd__clkbuf_16)
                                         clknet_3_1__leaf_clk (net)
                  0.09    0.00    0.35 ^ _1335_/CLK (sky130_fd_sc_hd__dfxtp_4)
                          0.00    0.35   clock reconvergence pessimism
                         -0.05    0.30   library hold time
                                  0.30   data required time
-----------------------------------------------------------------------------
                                  0.30   data required time
                                 -1.05   data arrival time
-----------------------------------------------------------------------------
                                  0.76   slack (MET)


Startpoint: _1343_ (rising edge-triggered flip-flop clocked by core_clock)
Endpoint: _1343_ (rising edge-triggered flip-flop clocked by core_clock)
Path Group: core_clock
Path Type: min
Corner: Fastest

Fanout     Cap    Slew   Delay    Time   Description
-----------------------------------------------------------------------------
                          0.00    0.00   clock core_clock (rise edge)
                          0.00    0.00   clock source latency
     1    0.07    0.00    0.00    0.00 ^ clk (in)
                                         clk (net)
                  0.00    0.00    0.00 ^ clkbuf_0_clk/A (sky130_fd_sc_hd__clkbuf_16)
     9    0.22    0.18    0.18    0.19 ^ clkbuf_0_clk/X (sky130_fd_sc_hd__clkbuf_16)
                                         clknet_0_clk (net)
                  0.18    0.01    0.19 ^ clkbuf_3_7__f_clk/A (sky130_fd_sc_hd__clkbuf_16)
    12    0.09    0.09    0.16    0.35 ^ clkbuf_3_7__f_clk/X (sky130_fd_sc_hd__clkbuf_16)
                                         clknet_3_7__leaf_clk (net)
                  0.09    0.00    0.35 ^ _1343_/CLK (sky130_fd_sc_hd__dfxtp_4)
     3    0.11    0.11    0.31    0.66 v _1343_/Q (sky130_fd_sc_hd__dfxtp_4)
                                         regfile_inst.registers[10][12] (net)
                  0.11    0.01    0.67 v _0805_/A (sky130_fd_sc_hd__and2_4)
     1    0.08    0.08    0.17    0.84 v _0805_/X (sky130_fd_sc_hd__and2_4)
                                         _0589_ (net)
                  0.09    0.02    0.86 v _0806_/A (sky130_fd_sc_hd__clkbuf_2)
     1    0.05    0.13    0.18    1.04 v _0806_/X (sky130_fd_sc_hd__clkbuf_2)
                                         _0092_ (net)
                  0.14    0.01    1.05 v _1343_/D (sky130_fd_sc_hd__dfxtp_4)
                                  1.05   data arrival time

                          0.00    0.00   clock core_clock (rise edge)
                          0.00    0.00   clock source latency
     1    0.07    0.00    0.00    0.00 ^ clk (in)
                                         clk (net)
                  0.00    0.00    0.00 ^ clkbuf_0_clk/A (sky130_fd_sc_hd__clkbuf_16)
     9    0.22    0.18    0.18    0.19 ^ clkbuf_0_clk/X (sky130_fd_sc_hd__clkbuf_16)
                                         clknet_0_clk (net)
                  0.18    0.01    0.19 ^ clkbuf_3_7__f_clk/A (sky130_fd_sc_hd__clkbuf_16)
    12    0.09    0.09    0.16    0.35 ^ clkbuf_3_7__f_clk/X (sky130_fd_sc_hd__clkbuf_16)
                                         clknet_3_7__leaf_clk (net)
                  0.09    0.00    0.35 ^ _1343_/CLK (sky130_fd_sc_hd__dfxtp_4)
                          0.00    0.35   clock reconvergence pessimism
                         -0.06    0.29   library hold time
                                  0.29   data required time
-----------------------------------------------------------------------------
                                  0.29   data required time
                                 -1.05   data arrival time
-----------------------------------------------------------------------------
                                  0.76   slack (MET)


Startpoint: _1352_ (rising edge-triggered flip-flop clocked by core_clock)
Endpoint: _1352_ (rising edge-triggered flip-flop clocked by core_clock)
Path Group: core_clock
Path Type: min
Corner: Fastest

Fanout     Cap    Slew   Delay    Time   Description
-----------------------------------------------------------------------------
                          0.00    0.00   clock core_clock (rise edge)
                          0.00    0.00   clock source latency
     1    0.07    0.00    0.00    0.00 ^ clk (in)
                                         clk (net)
                  0.00    0.00    0.00 ^ clkbuf_0_clk/A (sky130_fd_sc_hd__clkbuf_16)
     9    0.22    0.18    0.18    0.19 ^ clkbuf_0_clk/X (sky130_fd_sc_hd__clkbuf_16)
                                         clknet_0_clk (net)
                  0.18    0.01    0.19 ^ clkbuf_3_2__f_clk/A (sky130_fd_sc_hd__clkbuf_16)
    14    0.09    0.08    0.15    0.35 ^ clkbuf_3_2__f_clk/X (sky130_fd_sc_hd__clkbuf_16)
                                         clknet_3_2__leaf_clk (net)
                  0.08    0.01    0.36 ^ _1352_/CLK (sky130_fd_sc_hd__dfxtp_4)
     3    0.13    0.13    0.31    0.67 v _1352_/Q (sky130_fd_sc_hd__dfxtp_4)
                                         regfile_inst.registers[25][5] (net)
                  0.13    0.01    0.68 v _0825_/A (sky130_fd_sc_hd__nor2_4)
     1    0.06    0.27    0.25    0.93 ^ _0825_/Y (sky130_fd_sc_hd__nor2_4)
                                         _0600_ (net)
                  0.27    0.01    0.94 ^ _0826_/B1 (sky130_fd_sc_hd__a21oi_4)
     6    0.08    0.12    0.09    1.03 v _0826_/Y (sky130_fd_sc_hd__a21oi_4)
                                         _0101_ (net)
                  0.13    0.02    1.05 v _1352_/D (sky130_fd_sc_hd__dfxtp_4)
                                  1.05   data arrival time

                          0.00    0.00   clock core_clock (rise edge)
                          0.00    0.00   clock source latency
     1    0.07    0.00    0.00    0.00 ^ clk (in)
                                         clk (net)
                  0.00    0.00    0.00 ^ clkbuf_0_clk/A (sky130_fd_sc_hd__clkbuf_16)
     9    0.22    0.18    0.18    0.19 ^ clkbuf_0_clk/X (sky130_fd_sc_hd__clkbuf_16)
                                         clknet_0_clk (net)
                  0.18    0.01    0.19 ^ clkbuf_3_2__f_clk/A (sky130_fd_sc_hd__clkbuf_16)
    14    0.09    0.08    0.15    0.35 ^ clkbuf_3_2__f_clk/X (sky130_fd_sc_hd__clkbuf_16)
                                         clknet_3_2__leaf_clk (net)
                  0.08    0.01    0.36 ^ _1352_/CLK (sky130_fd_sc_hd__dfxtp_4)
                          0.00    0.36   clock reconvergence pessimism
                         -0.06    0.29   library hold time
                                  0.29   data required time
-----------------------------------------------------------------------------
                                  0.29   data required time
                                 -1.05   data arrival time
-----------------------------------------------------------------------------
                                  0.76   slack (MET)


Startpoint: _1350_ (rising edge-triggered flip-flop clocked by core_clock)
Endpoint: _1350_ (rising edge-triggered flip-flop clocked by core_clock)
Path Group: core_clock
Path Type: min
Corner: Fastest

Fanout     Cap    Slew   Delay    Time   Description
-----------------------------------------------------------------------------
                          0.00    0.00   clock core_clock (rise edge)
                          0.00    0.00   clock source latency
     1    0.07    0.00    0.00    0.00 ^ clk (in)
                                         clk (net)
                  0.00    0.00    0.00 ^ clkbuf_0_clk/A (sky130_fd_sc_hd__clkbuf_16)
     9    0.22    0.18    0.18    0.19 ^ clkbuf_0_clk/X (sky130_fd_sc_hd__clkbuf_16)
                                         clknet_0_clk (net)
                  0.18    0.01    0.19 ^ clkbuf_3_2__f_clk/A (sky130_fd_sc_hd__clkbuf_16)
    14    0.09    0.08    0.15    0.35 ^ clkbuf_3_2__f_clk/X (sky130_fd_sc_hd__clkbuf_16)
                                         clknet_3_2__leaf_clk (net)
                  0.08    0.01    0.35 ^ _1350_/CLK (sky130_fd_sc_hd__dfxtp_4)
     3    0.12    0.12    0.31    0.66 v _1350_/Q (sky130_fd_sc_hd__dfxtp_4)
                                         regfile_inst.registers[25][3] (net)
                  0.12    0.01    0.67 v _0821_/A0 (sky130_fd_sc_hd__mux2_1)
     1    0.01    0.06    0.20    0.88 v _0821_/X (sky130_fd_sc_hd__mux2_1)
                                         _0598_ (net)
                  0.06    0.00    0.88 v _0822_/A (sky130_fd_sc_hd__buf_4)
     2    0.10    0.09    0.15    1.03 v _0822_/X (sky130_fd_sc_hd__buf_4)
                                         _0099_ (net)
                  0.11    0.03    1.06 v _1350_/D (sky130_fd_sc_hd__dfxtp_4)
                                  1.06   data arrival time

                          0.00    0.00   clock core_clock (rise edge)
                          0.00    0.00   clock source latency
     1    0.07    0.00    0.00    0.00 ^ clk (in)
                                         clk (net)
                  0.00    0.00    0.00 ^ clkbuf_0_clk/A (sky130_fd_sc_hd__clkbuf_16)
     9    0.22    0.18    0.18    0.19 ^ clkbuf_0_clk/X (sky130_fd_sc_hd__clkbuf_16)
                                         clknet_0_clk (net)
                  0.18    0.01    0.19 ^ clkbuf_3_2__f_clk/A (sky130_fd_sc_hd__clkbuf_16)
    14    0.09    0.08    0.15    0.35 ^ clkbuf_3_2__f_clk/X (sky130_fd_sc_hd__clkbuf_16)
                                         clknet_3_2__leaf_clk (net)
                  0.08    0.01    0.35 ^ _1350_/CLK (sky130_fd_sc_hd__dfxtp_4)
                          0.00    0.35   clock reconvergence pessimism
                         -0.05    0.30   library hold time
                                  0.30   data required time
-----------------------------------------------------------------------------
                                  0.30   data required time
                                 -1.06   data arrival time
-----------------------------------------------------------------------------
                                  0.76   slack (MET)


Startpoint: _1313_ (rising edge-triggered flip-flop clocked by core_clock)
Endpoint: _1313_ (rising edge-triggered flip-flop clocked by core_clock)
Path Group: core_clock
Path Type: min
Corner: Fastest

Fanout     Cap    Slew   Delay    Time   Description
-----------------------------------------------------------------------------
                          0.00    0.00   clock core_clock (rise edge)
                          0.00    0.00   clock source latency
     1    0.07    0.00    0.00    0.00 ^ clk (in)
                                         clk (net)
                  0.00    0.00    0.00 ^ clkbuf_0_clk/A (sky130_fd_sc_hd__clkbuf_16)
     9    0.22    0.18    0.18    0.19 ^ clkbuf_0_clk/X (sky130_fd_sc_hd__clkbuf_16)
                                         clknet_0_clk (net)
                  0.18    0.01    0.19 ^ clkbuf_3_3__f_clk/A (sky130_fd_sc_hd__clkbuf_16)
    10    0.11    0.09    0.16    0.36 ^ clkbuf_3_3__f_clk/X (sky130_fd_sc_hd__clkbuf_16)
                                         clknet_3_3__leaf_clk (net)
                  0.10    0.01    0.37 ^ _1313_/CLK (sky130_fd_sc_hd__dfrtp_4)
     4    0.07    0.17    0.37    0.73 ^ _1313_/Q (sky130_fd_sc_hd__dfrtp_4)
                                         imem_inst.address[14] (net)
                  0.17    0.00    0.73 ^ rebuffer31/A (sky130_fd_sc_hd__dlygate4sd1_1)
     1    0.02    0.18    0.24    0.98 ^ rebuffer31/X (sky130_fd_sc_hd__dlygate4sd1_1)
                                         net53 (net)
                  0.18    0.00    0.98 ^ _0938_/A (sky130_fd_sc_hd__xor2_1)
     1    0.02    0.07    0.12    1.09 v _0938_/X (sky130_fd_sc_hd__xor2_1)
                                         _0062_ (net)
                  0.07    0.00    1.10 v _1313_/D (sky130_fd_sc_hd__dfrtp_4)
                                  1.10   data arrival time

                          0.00    0.00   clock core_clock (rise edge)
                          0.00    0.00   clock source latency
     1    0.07    0.00    0.00    0.00 ^ clk (in)
                                         clk (net)
                  0.00    0.00    0.00 ^ clkbuf_0_clk/A (sky130_fd_sc_hd__clkbuf_16)
     9    0.22    0.18    0.18    0.19 ^ clkbuf_0_clk/X (sky130_fd_sc_hd__clkbuf_16)
                                         clknet_0_clk (net)
                  0.18    0.01    0.19 ^ clkbuf_3_3__f_clk/A (sky130_fd_sc_hd__clkbuf_16)
    10    0.11    0.09    0.16    0.36 ^ clkbuf_3_3__f_clk/X (sky130_fd_sc_hd__clkbuf_16)
                                         clknet_3_3__leaf_clk (net)
                  0.10    0.01    0.37 ^ _1313_/CLK (sky130_fd_sc_hd__dfrtp_4)
                          0.00    0.37   clock reconvergence pessimism
                         -0.03    0.33   library hold time
                                  0.33   data required time
-----------------------------------------------------------------------------
                                  0.33   data required time
                                 -1.10   data arrival time
-----------------------------------------------------------------------------
                                  0.76   slack (MET)


Startpoint: _1367_ (rising edge-triggered flip-flop clocked by core_clock)
Endpoint: _1367_ (rising edge-triggered flip-flop clocked by core_clock)
Path Group: core_clock
Path Type: min
Corner: Fastest

Fanout     Cap    Slew   Delay    Time   Description
-----------------------------------------------------------------------------
                          0.00    0.00   clock core_clock (rise edge)
                          0.00    0.00   clock source latency
     1    0.07    0.00    0.00    0.00 ^ clk (in)
                                         clk (net)
                  0.00    0.00    0.00 ^ clkbuf_0_clk/A (sky130_fd_sc_hd__clkbuf_16)
     9    0.22    0.18    0.18    0.19 ^ clkbuf_0_clk/X (sky130_fd_sc_hd__clkbuf_16)
                                         clknet_0_clk (net)
                  0.18    0.01    0.19 ^ clkbuf_3_3__f_clk/A (sky130_fd_sc_hd__clkbuf_16)
    10    0.11    0.09    0.16    0.36 ^ clkbuf_3_3__f_clk/X (sky130_fd_sc_hd__clkbuf_16)
                                         clknet_3_3__leaf_clk (net)
                  0.10    0.01    0.37 ^ _1367_/CLK (sky130_fd_sc_hd__dfxtp_4)
     4    0.09    0.09    0.30    0.66 v _1367_/Q (sky130_fd_sc_hd__dfxtp_4)
                                         regfile_inst.registers[15][4] (net)
                  0.09    0.01    0.67 v _0862_/A (sky130_fd_sc_hd__and2_2)
     2    0.07    0.12    0.21    0.88 v _0862_/X (sky130_fd_sc_hd__and2_2)
                                         _0622_ (net)
                  0.12    0.01    0.89 v _0863_/A (sky130_fd_sc_hd__clkbuf_2)
     1    0.04    0.11    0.18    1.07 v _0863_/X (sky130_fd_sc_hd__clkbuf_2)
                                         _0116_ (net)
                  0.11    0.01    1.08 v _1367_/D (sky130_fd_sc_hd__dfxtp_4)
                                  1.08   data arrival time

                          0.00    0.00   clock core_clock (rise edge)
                          0.00    0.00   clock source latency
     1    0.07    0.00    0.00    0.00 ^ clk (in)
                                         clk (net)
                  0.00    0.00    0.00 ^ clkbuf_0_clk/A (sky130_fd_sc_hd__clkbuf_16)
     9    0.22    0.18    0.18    0.19 ^ clkbuf_0_clk/X (sky130_fd_sc_hd__clkbuf_16)
                                         clknet_0_clk (net)
                  0.18    0.01    0.19 ^ clkbuf_3_3__f_clk/A (sky130_fd_sc_hd__clkbuf_16)
    10    0.11    0.09    0.16    0.36 ^ clkbuf_3_3__f_clk/X (sky130_fd_sc_hd__clkbuf_16)
                                         clknet_3_3__leaf_clk (net)
                  0.10    0.01    0.37 ^ _1367_/CLK (sky130_fd_sc_hd__dfxtp_4)
                          0.00    0.37   clock reconvergence pessimism
                         -0.05    0.31   library hold time
                                  0.31   data required time
-----------------------------------------------------------------------------
                                  0.31   data required time
                                 -1.08   data arrival time
-----------------------------------------------------------------------------
                                  0.77   slack (MET)


Startpoint: _1372_ (rising edge-triggered flip-flop clocked by core_clock)
Endpoint: _1372_ (rising edge-triggered flip-flop clocked by core_clock)
Path Group: core_clock
Path Type: min
Corner: Fastest

Fanout     Cap    Slew   Delay    Time   Description
-----------------------------------------------------------------------------
                          0.00    0.00   clock core_clock (rise edge)
                          0.00    0.00   clock source latency
     1    0.07    0.00    0.00    0.00 ^ clk (in)
                                         clk (net)
                  0.00    0.00    0.00 ^ clkbuf_0_clk/A (sky130_fd_sc_hd__clkbuf_16)
     9    0.22    0.18    0.18    0.19 ^ clkbuf_0_clk/X (sky130_fd_sc_hd__clkbuf_16)
                                         clknet_0_clk (net)
                  0.18    0.01    0.19 ^ clkbuf_3_0__f_clk/A (sky130_fd_sc_hd__clkbuf_16)
    16    0.11    0.10    0.17    0.36 ^ clkbuf_3_0__f_clk/X (sky130_fd_sc_hd__clkbuf_16)
                                         clknet_3_0__leaf_clk (net)
                  0.10    0.00    0.36 ^ _1372_/CLK (sky130_fd_sc_hd__dfxtp_4)
     3    0.13    0.13    0.31    0.68 v _1372_/Q (sky130_fd_sc_hd__dfxtp_4)
                                         regfile_inst.registers[15][9] (net)
                  0.13    0.03    0.70 v _0872_/A (sky130_fd_sc_hd__and2_2)
     1    0.04    0.08    0.20    0.90 v _0872_/X (sky130_fd_sc_hd__and2_2)
                                         _0627_ (net)
                  0.08    0.01    0.91 v _0873_/A (sky130_fd_sc_hd__buf_2)
     2    0.06    0.09    0.16    1.07 v _0873_/X (sky130_fd_sc_hd__buf_2)
                                         _0121_ (net)
                  0.10    0.01    1.08 v _1372_/D (sky130_fd_sc_hd__dfxtp_4)
                                  1.08   data arrival time

                          0.00    0.00   clock core_clock (rise edge)
                          0.00    0.00   clock source latency
     1    0.07    0.00    0.00    0.00 ^ clk (in)
                                         clk (net)
                  0.00    0.00    0.00 ^ clkbuf_0_clk/A (sky130_fd_sc_hd__clkbuf_16)
     9    0.22    0.18    0.18    0.19 ^ clkbuf_0_clk/X (sky130_fd_sc_hd__clkbuf_16)
                                         clknet_0_clk (net)
                  0.18    0.01    0.19 ^ clkbuf_3_0__f_clk/A (sky130_fd_sc_hd__clkbuf_16)
    16    0.11    0.10    0.17    0.36 ^ clkbuf_3_0__f_clk/X (sky130_fd_sc_hd__clkbuf_16)
                                         clknet_3_0__leaf_clk (net)
                  0.10    0.00    0.36 ^ _1372_/CLK (sky130_fd_sc_hd__dfxtp_4)
                          0.00    0.36   clock reconvergence pessimism
                         -0.05    0.31   library hold time
                                  0.31   data required time
-----------------------------------------------------------------------------
                                  0.31   data required time
                                 -1.08   data arrival time
-----------------------------------------------------------------------------
                                  0.77   slack (MET)


Startpoint: _1312_ (rising edge-triggered flip-flop clocked by core_clock)
Endpoint: _1312_ (rising edge-triggered flip-flop clocked by core_clock)
Path Group: core_clock
Path Type: min
Corner: Fastest

Fanout     Cap    Slew   Delay    Time   Description
-----------------------------------------------------------------------------
                          0.00    0.00   clock core_clock (rise edge)
                          0.00    0.00   clock source latency
     1    0.07    0.00    0.00    0.00 ^ clk (in)
                                         clk (net)
                  0.00    0.00    0.00 ^ clkbuf_0_clk/A (sky130_fd_sc_hd__clkbuf_16)
     9    0.22    0.18    0.18    0.19 ^ clkbuf_0_clk/X (sky130_fd_sc_hd__clkbuf_16)
                                         clknet_0_clk (net)
                  0.18    0.01    0.19 ^ clkbuf_3_4__f_clk/A (sky130_fd_sc_hd__clkbuf_16)
    12    0.09    0.09    0.16    0.35 ^ clkbuf_3_4__f_clk/X (sky130_fd_sc_hd__clkbuf_16)
                                         clknet_3_4__leaf_clk (net)
                  0.09    0.00    0.35 ^ _1312_/CLK (sky130_fd_sc_hd__dfrtp_4)
     3    0.05    0.12    0.33    0.69 ^ _1312_/Q (sky130_fd_sc_hd__dfrtp_4)
                                         imem_inst.address[13] (net)
                  0.12    0.00    0.69 ^ _0939_/A (sky130_fd_sc_hd__nor2_2)
     1    0.05    0.10    0.10    0.79 v _0939_/Y (sky130_fd_sc_hd__nor2_2)
                                         _0162_ (net)
                  0.10    0.00    0.80 v _0940_/B (sky130_fd_sc_hd__nor2_2)
     1    0.04    0.33    0.28    1.08 ^ _0940_/Y (sky130_fd_sc_hd__nor2_2)
                                         _0061_ (net)
                  0.33    0.01    1.08 ^ _1312_/D (sky130_fd_sc_hd__dfrtp_4)
                                  1.08   data arrival time

                          0.00    0.00   clock core_clock (rise edge)
                          0.00    0.00   clock source latency
     1    0.07    0.00    0.00    0.00 ^ clk (in)
                                         clk (net)
                  0.00    0.00    0.00 ^ clkbuf_0_clk/A (sky130_fd_sc_hd__clkbuf_16)
     9    0.22    0.18    0.18    0.19 ^ clkbuf_0_clk/X (sky130_fd_sc_hd__clkbuf_16)
                                         clknet_0_clk (net)
                  0.18    0.01    0.19 ^ clkbuf_3_4__f_clk/A (sky130_fd_sc_hd__clkbuf_16)
    12    0.09    0.09    0.16    0.35 ^ clkbuf_3_4__f_clk/X (sky130_fd_sc_hd__clkbuf_16)
                                         clknet_3_4__leaf_clk (net)
                  0.09    0.00    0.35 ^ _1312_/CLK (sky130_fd_sc_hd__dfrtp_4)
                          0.00    0.35   clock reconvergence pessimism
                         -0.04    0.31   library hold time
                                  0.31   data required time
-----------------------------------------------------------------------------
                                  0.31   data required time
                                 -1.08   data arrival time
-----------------------------------------------------------------------------
                                  0.77   slack (MET)


Startpoint: _1379_ (rising edge-triggered flip-flop clocked by core_clock)
Endpoint: _1380_ (rising edge-triggered flip-flop clocked by core_clock)
Path Group: core_clock
Path Type: min
Corner: Fastest

Fanout     Cap    Slew   Delay    Time   Description
-----------------------------------------------------------------------------
                          0.00    0.00   clock core_clock (rise edge)
                          0.00    0.00   clock source latency
     1    0.07    0.00    0.00    0.00 ^ clk (in)
                                         clk (net)
                  0.00    0.00    0.00 ^ clkbuf_0_clk/A (sky130_fd_sc_hd__clkbuf_16)
     9    0.22    0.18    0.18    0.19 ^ clkbuf_0_clk/X (sky130_fd_sc_hd__clkbuf_16)
                                         clknet_0_clk (net)
                  0.18    0.01    0.19 ^ clkbuf_3_1__f_clk/A (sky130_fd_sc_hd__clkbuf_16)
    13    0.09    0.09    0.16    0.35 ^ clkbuf_3_1__f_clk/X (sky130_fd_sc_hd__clkbuf_16)
                                         clknet_3_1__leaf_clk (net)
                  0.09    0.00    0.35 ^ _1379_/CLK (sky130_fd_sc_hd__dfxtp_4)
     5    0.20    0.18    0.35    0.70 v _1379_/Q (sky130_fd_sc_hd__dfxtp_4)
                                         display_inst.digit_select[0] (net)
                  0.18    0.01    0.71 v _0685_/A (sky130_fd_sc_hd__nand2_4)
     2    0.08    0.19    0.21    0.92 ^ _0685_/Y (sky130_fd_sc_hd__nand2_4)
                                         net3 (net)
                  0.19    0.01    0.93 ^ _0888_/A1 (sky130_fd_sc_hd__o21ai_4)
     6    0.08    0.12    0.12    1.05 v _0888_/Y (sky130_fd_sc_hd__o21ai_4)
                                         _0129_ (net)
                  0.12    0.02    1.08 v _1380_/D (sky130_fd_sc_hd__dfxtp_4)
                                  1.08   data arrival time

                          0.00    0.00   clock core_clock (rise edge)
                          0.00    0.00   clock source latency
     1    0.07    0.00    0.00    0.00 ^ clk (in)
                                         clk (net)
                  0.00    0.00    0.00 ^ clkbuf_0_clk/A (sky130_fd_sc_hd__clkbuf_16)
     9    0.22    0.18    0.18    0.19 ^ clkbuf_0_clk/X (sky130_fd_sc_hd__clkbuf_16)
                                         clknet_0_clk (net)
                  0.18    0.01    0.19 ^ clkbuf_3_3__f_clk/A (sky130_fd_sc_hd__clkbuf_16)
    10    0.11    0.09    0.16    0.36 ^ clkbuf_3_3__f_clk/X (sky130_fd_sc_hd__clkbuf_16)
                                         clknet_3_3__leaf_clk (net)
                  0.10    0.01    0.37 ^ _1380_/CLK (sky130_fd_sc_hd__dfxtp_4)
                          0.00    0.37   clock reconvergence pessimism
                         -0.06    0.31   library hold time
                                  0.31   data required time
-----------------------------------------------------------------------------
                                  0.31   data required time
                                 -1.08   data arrival time
-----------------------------------------------------------------------------
                                  0.77   slack (MET)


Startpoint: _1341_ (rising edge-triggered flip-flop clocked by core_clock)
Endpoint: _1341_ (rising edge-triggered flip-flop clocked by core_clock)
Path Group: core_clock
Path Type: min
Corner: Fastest

Fanout     Cap    Slew   Delay    Time   Description
-----------------------------------------------------------------------------
                          0.00    0.00   clock core_clock (rise edge)
                          0.00    0.00   clock source latency
     1    0.07    0.00    0.00    0.00 ^ clk (in)
                                         clk (net)
                  0.00    0.00    0.00 ^ clkbuf_0_clk/A (sky130_fd_sc_hd__clkbuf_16)
     9    0.22    0.18    0.18    0.19 ^ clkbuf_0_clk/X (sky130_fd_sc_hd__clkbuf_16)
                                         clknet_0_clk (net)
                  0.18    0.01    0.19 ^ clkbuf_3_2__f_clk/A (sky130_fd_sc_hd__clkbuf_16)
    14    0.09    0.08    0.15    0.35 ^ clkbuf_3_2__f_clk/X (sky130_fd_sc_hd__clkbuf_16)
                                         clknet_3_2__leaf_clk (net)
                  0.08    0.01    0.36 ^ _1341_/CLK (sky130_fd_sc_hd__dfxtp_4)
     3    0.10    0.10    0.28    0.64 v _1341_/Q (sky130_fd_sc_hd__dfxtp_4)
                                         regfile_inst.registers[10][10] (net)
                  0.11    0.03    0.67 v _0801_/A (sky130_fd_sc_hd__and2_2)
     2    0.06    0.11    0.21    0.88 v _0801_/X (sky130_fd_sc_hd__and2_2)
                                         _0587_ (net)
                  0.12    0.01    0.90 v _0802_/A (sky130_fd_sc_hd__buf_2)
     1    0.05    0.09    0.17    1.07 v _0802_/X (sky130_fd_sc_hd__buf_2)
                                         _0090_ (net)
                  0.09    0.01    1.08 v _1341_/D (sky130_fd_sc_hd__dfxtp_4)
                                  1.08   data arrival time

                          0.00    0.00   clock core_clock (rise edge)
                          0.00    0.00   clock source latency
     1    0.07    0.00    0.00    0.00 ^ clk (in)
                                         clk (net)
                  0.00    0.00    0.00 ^ clkbuf_0_clk/A (sky130_fd_sc_hd__clkbuf_16)
     9    0.22    0.18    0.18    0.19 ^ clkbuf_0_clk/X (sky130_fd_sc_hd__clkbuf_16)
                                         clknet_0_clk (net)
                  0.18    0.01    0.19 ^ clkbuf_3_2__f_clk/A (sky130_fd_sc_hd__clkbuf_16)
    14    0.09    0.08    0.15    0.35 ^ clkbuf_3_2__f_clk/X (sky130_fd_sc_hd__clkbuf_16)
                                         clknet_3_2__leaf_clk (net)
                  0.08    0.01    0.36 ^ _1341_/CLK (sky130_fd_sc_hd__dfxtp_4)
                          0.00    0.36   clock reconvergence pessimism
                         -0.05    0.31   library hold time
                                  0.31   data required time
-----------------------------------------------------------------------------
                                  0.31   data required time
                                 -1.08   data arrival time
-----------------------------------------------------------------------------
                                  0.77   slack (MET)


Startpoint: _1345_ (rising edge-triggered flip-flop clocked by core_clock)
Endpoint: _1345_ (rising edge-triggered flip-flop clocked by core_clock)
Path Group: core_clock
Path Type: min
Corner: Fastest

Fanout     Cap    Slew   Delay    Time   Description
-----------------------------------------------------------------------------
                          0.00    0.00   clock core_clock (rise edge)
                          0.00    0.00   clock source latency
     1    0.07    0.00    0.00    0.00 ^ clk (in)
                                         clk (net)
                  0.00    0.00    0.00 ^ clkbuf_0_clk/A (sky130_fd_sc_hd__clkbuf_16)
     9    0.22    0.18    0.18    0.19 ^ clkbuf_0_clk/X (sky130_fd_sc_hd__clkbuf_16)
                                         clknet_0_clk (net)
                  0.18    0.01    0.19 ^ clkbuf_3_7__f_clk/A (sky130_fd_sc_hd__clkbuf_16)
    12    0.09    0.09    0.16    0.35 ^ clkbuf_3_7__f_clk/X (sky130_fd_sc_hd__clkbuf_16)
                                         clknet_3_7__leaf_clk (net)
                  0.09    0.01    0.36 ^ _1345_/CLK (sky130_fd_sc_hd__dfxtp_4)
     2    0.11    0.11    0.29    0.65 v _1345_/Q (sky130_fd_sc_hd__dfxtp_4)
                                         regfile_inst.registers[10][14] (net)
                  0.12    0.03    0.68 v _0809_/A (sky130_fd_sc_hd__and2_1)
     1    0.04    0.13    0.21    0.89 v _0809_/X (sky130_fd_sc_hd__and2_1)
                                         _0591_ (net)
                  0.13    0.01    0.89 v _0810_/A (sky130_fd_sc_hd__clkbuf_2)
     1    0.04    0.11    0.18    1.07 v _0810_/X (sky130_fd_sc_hd__clkbuf_2)
                                         _0094_ (net)
                  0.11    0.01    1.07 v _1345_/D (sky130_fd_sc_hd__dfxtp_4)
                                  1.07   data arrival time

                          0.00    0.00   clock core_clock (rise edge)
                          0.00    0.00   clock source latency
     1    0.07    0.00    0.00    0.00 ^ clk (in)
                                         clk (net)
                  0.00    0.00    0.00 ^ clkbuf_0_clk/A (sky130_fd_sc_hd__clkbuf_16)
     9    0.22    0.18    0.18    0.19 ^ clkbuf_0_clk/X (sky130_fd_sc_hd__clkbuf_16)
                                         clknet_0_clk (net)
                  0.18    0.01    0.19 ^ clkbuf_3_7__f_clk/A (sky130_fd_sc_hd__clkbuf_16)
    12    0.09    0.09    0.16    0.35 ^ clkbuf_3_7__f_clk/X (sky130_fd_sc_hd__clkbuf_16)
                                         clknet_3_7__leaf_clk (net)
                  0.09    0.01    0.36 ^ _1345_/CLK (sky130_fd_sc_hd__dfxtp_4)
                          0.00    0.36   clock reconvergence pessimism
                         -0.05    0.30   library hold time
                                  0.30   data required time
-----------------------------------------------------------------------------
                                  0.30   data required time
                                 -1.07   data arrival time
-----------------------------------------------------------------------------
                                  0.77   slack (MET)


Startpoint: _1324_ (rising edge-triggered flip-flop clocked by core_clock)
Endpoint: _1324_ (rising edge-triggered flip-flop clocked by core_clock)
Path Group: core_clock
Path Type: min
Corner: Fastest

Fanout     Cap    Slew   Delay    Time   Description
-----------------------------------------------------------------------------
                          0.00    0.00   clock core_clock (rise edge)
                          0.00    0.00   clock source latency
     1    0.07    0.00    0.00    0.00 ^ clk (in)
                                         clk (net)
                  0.00    0.00    0.00 ^ clkbuf_0_clk/A (sky130_fd_sc_hd__clkbuf_16)
     9    0.22    0.18    0.18    0.19 ^ clkbuf_0_clk/X (sky130_fd_sc_hd__clkbuf_16)
                                         clknet_0_clk (net)
                  0.18    0.01    0.19 ^ clkbuf_3_3__f_clk/A (sky130_fd_sc_hd__clkbuf_16)
    10    0.11    0.09    0.16    0.36 ^ clkbuf_3_3__f_clk/X (sky130_fd_sc_hd__clkbuf_16)
                                         clknet_3_3__leaf_clk (net)
                  0.09    0.00    0.36 ^ _1324_/CLK (sky130_fd_sc_hd__dfrtp_4)
     3    0.07    0.16    0.37    0.73 ^ _1324_/Q (sky130_fd_sc_hd__dfrtp_4)
                                         imem_inst.address[25] (net)
                  0.16    0.01    0.74 ^ _0919_/A (sky130_fd_sc_hd__nor2_2)
     1    0.04    0.09    0.09    0.83 v _0919_/Y (sky130_fd_sc_hd__nor2_2)
                                         _0154_ (net)
                  0.09    0.01    0.83 v _0920_/B (sky130_fd_sc_hd__nor2_1)
     1    0.02    0.31    0.26    1.09 ^ _0920_/Y (sky130_fd_sc_hd__nor2_1)
                                         _0073_ (net)
                  0.31    0.00    1.10 ^ _1324_/D (sky130_fd_sc_hd__dfrtp_4)
                                  1.10   data arrival time

                          0.00    0.00   clock core_clock (rise edge)
                          0.00    0.00   clock source latency
     1    0.07    0.00    0.00    0.00 ^ clk (in)
                                         clk (net)
                  0.00    0.00    0.00 ^ clkbuf_0_clk/A (sky130_fd_sc_hd__clkbuf_16)
     9    0.22    0.18    0.18    0.19 ^ clkbuf_0_clk/X (sky130_fd_sc_hd__clkbuf_16)
                                         clknet_0_clk (net)
                  0.18    0.01    0.19 ^ clkbuf_3_3__f_clk/A (sky130_fd_sc_hd__clkbuf_16)
    10    0.11    0.09    0.16    0.36 ^ clkbuf_3_3__f_clk/X (sky130_fd_sc_hd__clkbuf_16)
                                         clknet_3_3__leaf_clk (net)
                  0.09    0.00    0.36 ^ _1324_/CLK (sky130_fd_sc_hd__dfrtp_4)
                          0.00    0.36   clock reconvergence pessimism
                         -0.04    0.32   library hold time
                                  0.32   data required time
-----------------------------------------------------------------------------
                                  0.32   data required time
                                 -1.10   data arrival time
-----------------------------------------------------------------------------
                                  0.77   slack (MET)


Startpoint: _1364_ (rising edge-triggered flip-flop clocked by core_clock)
Endpoint: _1364_ (rising edge-triggered flip-flop clocked by core_clock)
Path Group: core_clock
Path Type: min
Corner: Fastest

Fanout     Cap    Slew   Delay    Time   Description
-----------------------------------------------------------------------------
                          0.00    0.00   clock core_clock (rise edge)
                          0.00    0.00   clock source latency
     1    0.07    0.00    0.00    0.00 ^ clk (in)
                                         clk (net)
                  0.00    0.00    0.00 ^ clkbuf_0_clk/A (sky130_fd_sc_hd__clkbuf_16)
     9    0.22    0.18    0.18    0.19 ^ clkbuf_0_clk/X (sky130_fd_sc_hd__clkbuf_16)
                                         clknet_0_clk (net)
                  0.18    0.01    0.19 ^ clkbuf_3_4__f_clk/A (sky130_fd_sc_hd__clkbuf_16)
    12    0.09    0.09    0.16    0.35 ^ clkbuf_3_4__f_clk/X (sky130_fd_sc_hd__clkbuf_16)
                                         clknet_3_4__leaf_clk (net)
                  0.09    0.00    0.35 ^ _1364_/CLK (sky130_fd_sc_hd__dfxtp_2)
     2    0.05    0.09    0.27    0.63 v _1364_/Q (sky130_fd_sc_hd__dfxtp_2)
                                         regfile_inst.registers[15][1] (net)
                  0.09    0.01    0.63 v _0856_/A (sky130_fd_sc_hd__or2_4)
     1    0.07    0.09    0.24    0.87 v _0856_/X (sky130_fd_sc_hd__or2_4)
                                         _0619_ (net)
                  0.10    0.02    0.89 v _0857_/A (sky130_fd_sc_hd__clkbuf_2)
     1    0.05    0.13    0.18    1.07 v _0857_/X (sky130_fd_sc_hd__clkbuf_2)
                                         _0113_ (net)
                  0.13    0.01    1.07 v _1364_/D (sky130_fd_sc_hd__dfxtp_2)
                                  1.07   data arrival time

                          0.00    0.00   clock core_clock (rise edge)
                          0.00    0.00   clock source latency
     1    0.07    0.00    0.00    0.00 ^ clk (in)
                                         clk (net)
                  0.00    0.00    0.00 ^ clkbuf_0_clk/A (sky130_fd_sc_hd__clkbuf_16)
     9    0.22    0.18    0.18    0.19 ^ clkbuf_0_clk/X (sky130_fd_sc_hd__clkbuf_16)
                                         clknet_0_clk (net)
                  0.18    0.01    0.19 ^ clkbuf_3_4__f_clk/A (sky130_fd_sc_hd__clkbuf_16)
    12    0.09    0.09    0.16    0.35 ^ clkbuf_3_4__f_clk/X (sky130_fd_sc_hd__clkbuf_16)
                                         clknet_3_4__leaf_clk (net)
                  0.09    0.00    0.35 ^ _1364_/CLK (sky130_fd_sc_hd__dfxtp_2)
                          0.00    0.35   clock reconvergence pessimism
                         -0.06    0.29   library hold time
                                  0.29   data required time
-----------------------------------------------------------------------------
                                  0.29   data required time
                                 -1.07   data arrival time
-----------------------------------------------------------------------------
                                  0.78   slack (MET)


Startpoint: _1369_ (rising edge-triggered flip-flop clocked by core_clock)
Endpoint: _1369_ (rising edge-triggered flip-flop clocked by core_clock)
Path Group: core_clock
Path Type: min
Corner: Fastest

Fanout     Cap    Slew   Delay    Time   Description
-----------------------------------------------------------------------------
                          0.00    0.00   clock core_clock (rise edge)
                          0.00    0.00   clock source latency
     1    0.07    0.00    0.00    0.00 ^ clk (in)
                                         clk (net)
                  0.00    0.00    0.00 ^ clkbuf_0_clk/A (sky130_fd_sc_hd__clkbuf_16)
     9    0.22    0.18    0.18    0.19 ^ clkbuf_0_clk/X (sky130_fd_sc_hd__clkbuf_16)
                                         clknet_0_clk (net)
                  0.18    0.01    0.19 ^ clkbuf_3_2__f_clk/A (sky130_fd_sc_hd__clkbuf_16)
    14    0.09    0.08    0.15    0.35 ^ clkbuf_3_2__f_clk/X (sky130_fd_sc_hd__clkbuf_16)
                                         clknet_3_2__leaf_clk (net)
                  0.08    0.01    0.35 ^ _1369_/CLK (sky130_fd_sc_hd__dfxtp_4)
     2    0.13    0.13    0.30    0.65 v _1369_/Q (sky130_fd_sc_hd__dfxtp_4)
                                         regfile_inst.registers[15][6] (net)
                  0.14    0.03    0.69 v _0866_/A (sky130_fd_sc_hd__and2_2)
     2    0.04    0.08    0.20    0.89 v _0866_/X (sky130_fd_sc_hd__and2_2)
                                         _0624_ (net)
                  0.08    0.01    0.89 v _0867_/A (sky130_fd_sc_hd__dlymetal6s2s_1)
     2    0.03    0.12    0.18    1.08 v _0867_/X (sky130_fd_sc_hd__dlymetal6s2s_1)
                                         _0118_ (net)
                  0.12    0.00    1.08 v _1369_/D (sky130_fd_sc_hd__dfxtp_4)
                                  1.08   data arrival time

                          0.00    0.00   clock core_clock (rise edge)
                          0.00    0.00   clock source latency
     1    0.07    0.00    0.00    0.00 ^ clk (in)
                                         clk (net)
                  0.00    0.00    0.00 ^ clkbuf_0_clk/A (sky130_fd_sc_hd__clkbuf_16)
     9    0.22    0.18    0.18    0.19 ^ clkbuf_0_clk/X (sky130_fd_sc_hd__clkbuf_16)
                                         clknet_0_clk (net)
                  0.18    0.01    0.19 ^ clkbuf_3_2__f_clk/A (sky130_fd_sc_hd__clkbuf_16)
    14    0.09    0.08    0.15    0.35 ^ clkbuf_3_2__f_clk/X (sky130_fd_sc_hd__clkbuf_16)
                                         clknet_3_2__leaf_clk (net)
                  0.08    0.01    0.35 ^ _1369_/CLK (sky130_fd_sc_hd__dfxtp_4)
                          0.00    0.35   clock reconvergence pessimism
                         -0.06    0.30   library hold time
                                  0.30   data required time
-----------------------------------------------------------------------------
                                  0.30   data required time
                                 -1.08   data arrival time
-----------------------------------------------------------------------------
                                  0.78   slack (MET)


Startpoint: _1329_ (rising edge-triggered flip-flop clocked by core_clock)
Endpoint: _1329_ (rising edge-triggered flip-flop clocked by core_clock)
Path Group: core_clock
Path Type: min
Corner: Fastest

Fanout     Cap    Slew   Delay    Time   Description
-----------------------------------------------------------------------------
                          0.00    0.00   clock core_clock (rise edge)
                          0.00    0.00   clock source latency
     1    0.07    0.00    0.00    0.00 ^ clk (in)
                                         clk (net)
                  0.00    0.00    0.00 ^ clkbuf_0_clk/A (sky130_fd_sc_hd__clkbuf_16)
     9    0.22    0.18    0.18    0.19 ^ clkbuf_0_clk/X (sky130_fd_sc_hd__clkbuf_16)
                                         clknet_0_clk (net)
                  0.18    0.01    0.19 ^ clkbuf_3_4__f_clk/A (sky130_fd_sc_hd__clkbuf_16)
    12    0.09    0.09    0.16    0.35 ^ clkbuf_3_4__f_clk/X (sky130_fd_sc_hd__clkbuf_16)
                                         clknet_3_4__leaf_clk (net)
                  0.09    0.01    0.36 ^ _1329_/CLK (sky130_fd_sc_hd__dfrtp_4)
     4    0.08    0.11    0.38    0.74 v _1329_/Q (sky130_fd_sc_hd__dfrtp_4)
                                         imem_inst.address[30] (net)
                  0.11    0.00    0.74 v _0911_/B1 (sky130_fd_sc_hd__a21oi_4)
     1    0.06    0.23    0.20    0.95 ^ _0911_/Y (sky130_fd_sc_hd__a21oi_4)
                                         _0151_ (net)
                  0.23    0.01    0.96 ^ _0912_/B (sky130_fd_sc_hd__nor2_2)
     3    0.06    0.14    0.12    1.08 v _0912_/Y (sky130_fd_sc_hd__nor2_2)
                                         _0078_ (net)
                  0.14    0.01    1.09 v _1329_/D (sky130_fd_sc_hd__dfrtp_4)
                                  1.09   data arrival time

                          0.00    0.00   clock core_clock (rise edge)
                          0.00    0.00   clock source latency
     1    0.07    0.00    0.00    0.00 ^ clk (in)
                                         clk (net)
                  0.00    0.00    0.00 ^ clkbuf_0_clk/A (sky130_fd_sc_hd__clkbuf_16)
     9    0.22    0.18    0.18    0.19 ^ clkbuf_0_clk/X (sky130_fd_sc_hd__clkbuf_16)
                                         clknet_0_clk (net)
                  0.18    0.01    0.19 ^ clkbuf_3_4__f_clk/A (sky130_fd_sc_hd__clkbuf_16)
    12    0.09    0.09    0.16    0.35 ^ clkbuf_3_4__f_clk/X (sky130_fd_sc_hd__clkbuf_16)
                                         clknet_3_4__leaf_clk (net)
                  0.09    0.01    0.36 ^ _1329_/CLK (sky130_fd_sc_hd__dfrtp_4)
                          0.00    0.36   clock reconvergence pessimism
                         -0.06    0.30   library hold time
                                  0.30   data required time
-----------------------------------------------------------------------------
                                  0.30   data required time
                                 -1.09   data arrival time
-----------------------------------------------------------------------------
                                  0.79   slack (MET)


Startpoint: _1371_ (rising edge-triggered flip-flop clocked by core_clock)
Endpoint: _1371_ (rising edge-triggered flip-flop clocked by core_clock)
Path Group: core_clock
Path Type: min
Corner: Fastest

Fanout     Cap    Slew   Delay    Time   Description
-----------------------------------------------------------------------------
                          0.00    0.00   clock core_clock (rise edge)
                          0.00    0.00   clock source latency
     1    0.07    0.00    0.00    0.00 ^ clk (in)
                                         clk (net)
                  0.00    0.00    0.00 ^ clkbuf_0_clk/A (sky130_fd_sc_hd__clkbuf_16)
     9    0.22    0.18    0.18    0.19 ^ clkbuf_0_clk/X (sky130_fd_sc_hd__clkbuf_16)
                                         clknet_0_clk (net)
                  0.18    0.01    0.19 ^ clkbuf_3_6__f_clk/A (sky130_fd_sc_hd__clkbuf_16)
    15    0.11    0.09    0.16    0.36 ^ clkbuf_3_6__f_clk/X (sky130_fd_sc_hd__clkbuf_16)
                                         clknet_3_6__leaf_clk (net)
                  0.10    0.01    0.37 ^ _1371_/CLK (sky130_fd_sc_hd__dfxtp_2)
     2    0.05    0.08    0.27    0.63 v _1371_/Q (sky130_fd_sc_hd__dfxtp_2)
                                         regfile_inst.registers[15][8] (net)
                  0.08    0.00    0.64 v _0870_/A (sky130_fd_sc_hd__and2_2)
     2    0.08    0.13    0.22    0.85 v _0870_/X (sky130_fd_sc_hd__and2_2)
                                         _0626_ (net)
                  0.14    0.02    0.87 v _0871_/A (sky130_fd_sc_hd__clkbuf_4)
     5    0.08    0.12    0.20    1.08 v _0871_/X (sky130_fd_sc_hd__clkbuf_4)
                                         _0120_ (net)
                  0.12    0.02    1.10 v _1371_/D (sky130_fd_sc_hd__dfxtp_2)
                                  1.10   data arrival time

                          0.00    0.00   clock core_clock (rise edge)
                          0.00    0.00   clock source latency
     1    0.07    0.00    0.00    0.00 ^ clk (in)
                                         clk (net)
                  0.00    0.00    0.00 ^ clkbuf_0_clk/A (sky130_fd_sc_hd__clkbuf_16)
     9    0.22    0.18    0.18    0.19 ^ clkbuf_0_clk/X (sky130_fd_sc_hd__clkbuf_16)
                                         clknet_0_clk (net)
                  0.18    0.01    0.19 ^ clkbuf_3_6__f_clk/A (sky130_fd_sc_hd__clkbuf_16)
    15    0.11    0.09    0.16    0.36 ^ clkbuf_3_6__f_clk/X (sky130_fd_sc_hd__clkbuf_16)
                                         clknet_3_6__leaf_clk (net)
                  0.10    0.01    0.37 ^ _1371_/CLK (sky130_fd_sc_hd__dfxtp_2)
                          0.00    0.37   clock reconvergence pessimism
                         -0.06    0.31   library hold time
                                  0.31   data required time
-----------------------------------------------------------------------------
                                  0.31   data required time
                                 -1.10   data arrival time
-----------------------------------------------------------------------------
                                  0.79   slack (MET)


Startpoint: _1322_ (rising edge-triggered flip-flop clocked by core_clock)
Endpoint: _1322_ (rising edge-triggered flip-flop clocked by core_clock)
Path Group: core_clock
Path Type: min
Corner: Fastest

Fanout     Cap    Slew   Delay    Time   Description
-----------------------------------------------------------------------------
                          0.00    0.00   clock core_clock (rise edge)
                          0.00    0.00   clock source latency
     1    0.07    0.00    0.00    0.00 ^ clk (in)
                                         clk (net)
                  0.00    0.00    0.00 ^ clkbuf_0_clk/A (sky130_fd_sc_hd__clkbuf_16)
     9    0.22    0.18    0.18    0.19 ^ clkbuf_0_clk/X (sky130_fd_sc_hd__clkbuf_16)
                                         clknet_0_clk (net)
                  0.18    0.01    0.19 ^ clkbuf_3_0__f_clk/A (sky130_fd_sc_hd__clkbuf_16)
    16    0.11    0.10    0.17    0.36 ^ clkbuf_3_0__f_clk/X (sky130_fd_sc_hd__clkbuf_16)
                                         clknet_3_0__leaf_clk (net)
                  0.10    0.00    0.36 ^ _1322_/CLK (sky130_fd_sc_hd__dfrtp_4)
     4    0.09    0.19    0.38    0.75 ^ _1322_/Q (sky130_fd_sc_hd__dfrtp_4)
                                         imem_inst.address[23] (net)
                  0.20    0.02    0.77 ^ rebuffer53/A (sky130_fd_sc_hd__dlygate4sd1_1)
     1    0.02    0.16    0.23    0.99 ^ rebuffer53/X (sky130_fd_sc_hd__dlygate4sd1_1)
                                         net76 (net)
                  0.16    0.00    0.99 ^ _0923_/A (sky130_fd_sc_hd__xor2_4)
     3    0.06    0.08    0.13    1.12 v _0923_/X (sky130_fd_sc_hd__xor2_4)
                                         _0071_ (net)
                  0.08    0.00    1.13 v _1322_/D (sky130_fd_sc_hd__dfrtp_4)
                                  1.13   data arrival time

                          0.00    0.00   clock core_clock (rise edge)
                          0.00    0.00   clock source latency
     1    0.07    0.00    0.00    0.00 ^ clk (in)
                                         clk (net)
                  0.00    0.00    0.00 ^ clkbuf_0_clk/A (sky130_fd_sc_hd__clkbuf_16)
     9    0.22    0.18    0.18    0.19 ^ clkbuf_0_clk/X (sky130_fd_sc_hd__clkbuf_16)
                                         clknet_0_clk (net)
                  0.18    0.01    0.19 ^ clkbuf_3_0__f_clk/A (sky130_fd_sc_hd__clkbuf_16)
    16    0.11    0.10    0.17    0.36 ^ clkbuf_3_0__f_clk/X (sky130_fd_sc_hd__clkbuf_16)
                                         clknet_3_0__leaf_clk (net)
                  0.10    0.00    0.36 ^ _1322_/CLK (sky130_fd_sc_hd__dfrtp_4)
                          0.00    0.36   clock reconvergence pessimism
                         -0.04    0.33   library hold time
                                  0.33   data required time
-----------------------------------------------------------------------------
                                  0.33   data required time
                                 -1.13   data arrival time
-----------------------------------------------------------------------------
                                  0.80   slack (MET)


Startpoint: _1378_ (rising edge-triggered flip-flop clocked by core_clock)
Endpoint: _1378_ (rising edge-triggered flip-flop clocked by core_clock)
Path Group: core_clock
Path Type: min
Corner: Fastest

Fanout     Cap    Slew   Delay    Time   Description
-----------------------------------------------------------------------------
                          0.00    0.00   clock core_clock (rise edge)
                          0.00    0.00   clock source latency
     1    0.07    0.00    0.00    0.00 ^ clk (in)
                                         clk (net)
                  0.00    0.00    0.00 ^ clkbuf_0_clk/A (sky130_fd_sc_hd__clkbuf_16)
     9    0.22    0.18    0.18    0.19 ^ clkbuf_0_clk/X (sky130_fd_sc_hd__clkbuf_16)
                                         clknet_0_clk (net)
                  0.18    0.01    0.19 ^ clkbuf_3_0__f_clk/A (sky130_fd_sc_hd__clkbuf_16)
    16    0.11    0.10    0.17    0.36 ^ clkbuf_3_0__f_clk/X (sky130_fd_sc_hd__clkbuf_16)
                                         clknet_3_0__leaf_clk (net)
                  0.10    0.00    0.36 ^ _1378_/CLK (sky130_fd_sc_hd__dfxtp_4)
     4    0.16    0.15    0.31    0.67 v _1378_/Q (sky130_fd_sc_hd__dfxtp_4)
                                         regfile_inst.registers[15][15] (net)
                  0.16    0.04    0.71 v _0884_/A (sky130_fd_sc_hd__and2_2)
     1    0.08    0.13    0.26    0.97 v _0884_/X (sky130_fd_sc_hd__and2_2)
                                         _0633_ (net)
                  0.13    0.01    0.97 v _0885_/A (sky130_fd_sc_hd__buf_1)
     1    0.02    0.08    0.15    1.12 v _0885_/X (sky130_fd_sc_hd__buf_1)
                                         _0127_ (net)
                  0.08    0.00    1.12 v _1378_/D (sky130_fd_sc_hd__dfxtp_4)
                                  1.12   data arrival time

                          0.00    0.00   clock core_clock (rise edge)
                          0.00    0.00   clock source latency
     1    0.07    0.00    0.00    0.00 ^ clk (in)
                                         clk (net)
                  0.00    0.00    0.00 ^ clkbuf_0_clk/A (sky130_fd_sc_hd__clkbuf_16)
     9    0.22    0.18    0.18    0.19 ^ clkbuf_0_clk/X (sky130_fd_sc_hd__clkbuf_16)
                                         clknet_0_clk (net)
                  0.18    0.01    0.19 ^ clkbuf_3_0__f_clk/A (sky130_fd_sc_hd__clkbuf_16)
    16    0.11    0.10    0.17    0.36 ^ clkbuf_3_0__f_clk/X (sky130_fd_sc_hd__clkbuf_16)
                                         clknet_3_0__leaf_clk (net)
                  0.10    0.00    0.36 ^ _1378_/CLK (sky130_fd_sc_hd__dfxtp_4)
                          0.00    0.36   clock reconvergence pessimism
                         -0.05    0.32   library hold time
                                  0.32   data required time
-----------------------------------------------------------------------------
                                  0.32   data required time
                                 -1.12   data arrival time
-----------------------------------------------------------------------------
                                  0.80   slack (MET)


Startpoint: _1314_ (rising edge-triggered flip-flop clocked by core_clock)
Endpoint: _1314_ (rising edge-triggered flip-flop clocked by core_clock)
Path Group: core_clock
Path Type: min
Corner: Fastest

Fanout     Cap    Slew   Delay    Time   Description
-----------------------------------------------------------------------------
                          0.00    0.00   clock core_clock (rise edge)
                          0.00    0.00   clock source latency
     1    0.07    0.00    0.00    0.00 ^ clk (in)
                                         clk (net)
                  0.00    0.00    0.00 ^ clkbuf_0_clk/A (sky130_fd_sc_hd__clkbuf_16)
     9    0.22    0.18    0.18    0.19 ^ clkbuf_0_clk/X (sky130_fd_sc_hd__clkbuf_16)
                                         clknet_0_clk (net)
                  0.18    0.01    0.19 ^ clkbuf_3_7__f_clk/A (sky130_fd_sc_hd__clkbuf_16)
    12    0.09    0.09    0.16    0.35 ^ clkbuf_3_7__f_clk/X (sky130_fd_sc_hd__clkbuf_16)
                                         clknet_3_7__leaf_clk (net)
                  0.09    0.01    0.36 ^ _1314_/CLK (sky130_fd_sc_hd__dfrtp_4)
     3    0.10    0.12    0.39    0.75 v _1314_/Q (sky130_fd_sc_hd__dfrtp_4)
                                         imem_inst.address[15] (net)
                  0.13    0.02    0.77 v _0936_/B1 (sky130_fd_sc_hd__a21oi_2)
     1    0.04    0.24    0.23    1.00 ^ _0936_/Y (sky130_fd_sc_hd__a21oi_2)
                                         _0161_ (net)
                  0.24    0.01    1.00 ^ _0937_/B (sky130_fd_sc_hd__nor2_2)
     1    0.04    0.11    0.10    1.10 v _0937_/Y (sky130_fd_sc_hd__nor2_2)
                                         _0063_ (net)
                  0.11    0.01    1.11 v _1314_/D (sky130_fd_sc_hd__dfrtp_4)
                                  1.11   data arrival time

                          0.00    0.00   clock core_clock (rise edge)
                          0.00    0.00   clock source latency
     1    0.07    0.00    0.00    0.00 ^ clk (in)
                                         clk (net)
                  0.00    0.00    0.00 ^ clkbuf_0_clk/A (sky130_fd_sc_hd__clkbuf_16)
     9    0.22    0.18    0.18    0.19 ^ clkbuf_0_clk/X (sky130_fd_sc_hd__clkbuf_16)
                                         clknet_0_clk (net)
                  0.18    0.01    0.19 ^ clkbuf_3_7__f_clk/A (sky130_fd_sc_hd__clkbuf_16)
    12    0.09    0.09    0.16    0.35 ^ clkbuf_3_7__f_clk/X (sky130_fd_sc_hd__clkbuf_16)
                                         clknet_3_7__leaf_clk (net)
                  0.09    0.01    0.36 ^ _1314_/CLK (sky130_fd_sc_hd__dfrtp_4)
                          0.00    0.36   clock reconvergence pessimism
                         -0.05    0.31   library hold time
                                  0.31   data required time
-----------------------------------------------------------------------------
                                  0.31   data required time
                                 -1.11   data arrival time
-----------------------------------------------------------------------------
                                  0.80   slack (MET)


Startpoint: _1326_ (rising edge-triggered flip-flop clocked by core_clock)
Endpoint: _1326_ (rising edge-triggered flip-flop clocked by core_clock)
Path Group: core_clock
Path Type: min
Corner: Fastest

Fanout     Cap    Slew   Delay    Time   Description
-----------------------------------------------------------------------------
                          0.00    0.00   clock core_clock (rise edge)
                          0.00    0.00   clock source latency
     1    0.07    0.00    0.00    0.00 ^ clk (in)
                                         clk (net)
                  0.00    0.00    0.00 ^ clkbuf_0_clk/A (sky130_fd_sc_hd__clkbuf_16)
     9    0.22    0.18    0.18    0.19 ^ clkbuf_0_clk/X (sky130_fd_sc_hd__clkbuf_16)
                                         clknet_0_clk (net)
                  0.18    0.01    0.19 ^ clkbuf_3_1__f_clk/A (sky130_fd_sc_hd__clkbuf_16)
    13    0.09    0.09    0.16    0.35 ^ clkbuf_3_1__f_clk/X (sky130_fd_sc_hd__clkbuf_16)
                                         clknet_3_1__leaf_clk (net)
                  0.09    0.00    0.35 ^ _1326_/CLK (sky130_fd_sc_hd__dfrtp_4)
     6    0.11    0.14    0.41    0.76 v _1326_/Q (sky130_fd_sc_hd__dfrtp_4)
                                         imem_inst.address[27] (net)
                  0.14    0.02    0.78 v _0916_/B1 (sky130_fd_sc_hd__a21oi_4)
     1    0.06    0.22    0.21    0.99 ^ _0916_/Y (sky130_fd_sc_hd__a21oi_4)
                                         _0153_ (net)
                  0.23    0.01    1.00 ^ _0917_/B (sky130_fd_sc_hd__nor2_4)
    15    0.08    0.11    0.09    1.09 v _0917_/Y (sky130_fd_sc_hd__nor2_4)
                                         _0075_ (net)
                  0.12    0.02    1.11 v _1326_/D (sky130_fd_sc_hd__dfrtp_4)
                                  1.11   data arrival time

                          0.00    0.00   clock core_clock (rise edge)
                          0.00    0.00   clock source latency
     1    0.07    0.00    0.00    0.00 ^ clk (in)
                                         clk (net)
                  0.00    0.00    0.00 ^ clkbuf_0_clk/A (sky130_fd_sc_hd__clkbuf_16)
     9    0.22    0.18    0.18    0.19 ^ clkbuf_0_clk/X (sky130_fd_sc_hd__clkbuf_16)
                                         clknet_0_clk (net)
                  0.18    0.01    0.19 ^ clkbuf_3_1__f_clk/A (sky130_fd_sc_hd__clkbuf_16)
    13    0.09    0.09    0.16    0.35 ^ clkbuf_3_1__f_clk/X (sky130_fd_sc_hd__clkbuf_16)
                                         clknet_3_1__leaf_clk (net)
                  0.09    0.00    0.35 ^ _1326_/CLK (sky130_fd_sc_hd__dfrtp_4)
                          0.00    0.35   clock reconvergence pessimism
                         -0.05    0.30   library hold time
                                  0.30   data required time
-----------------------------------------------------------------------------
                                  0.30   data required time
                                 -1.11   data arrival time
-----------------------------------------------------------------------------
                                  0.80   slack (MET)


Startpoint: _1307_ (rising edge-triggered flip-flop clocked by core_clock)
Endpoint: _1307_ (rising edge-triggered flip-flop clocked by core_clock)
Path Group: core_clock
Path Type: min
Corner: Fastest

Fanout     Cap    Slew   Delay    Time   Description
-----------------------------------------------------------------------------
                          0.00    0.00   clock core_clock (rise edge)
                          0.00    0.00   clock source latency
     1    0.07    0.00    0.00    0.00 ^ clk (in)
                                         clk (net)
                  0.00    0.00    0.00 ^ clkbuf_0_clk/A (sky130_fd_sc_hd__clkbuf_16)
     9    0.22    0.18    0.18    0.19 ^ clkbuf_0_clk/X (sky130_fd_sc_hd__clkbuf_16)
                                         clknet_0_clk (net)
                  0.18    0.01    0.19 ^ clkbuf_3_0__f_clk/A (sky130_fd_sc_hd__clkbuf_16)
    16    0.11    0.10    0.17    0.36 ^ clkbuf_3_0__f_clk/X (sky130_fd_sc_hd__clkbuf_16)
                                         clknet_3_0__leaf_clk (net)
                  0.10    0.01    0.37 ^ _1307_/CLK (sky130_fd_sc_hd__dfrtp_4)
     4    0.10    0.22    0.40    0.76 ^ _1307_/Q (sky130_fd_sc_hd__dfrtp_4)
                                         imem_inst.address[8] (net)
                  0.23    0.03    0.79 ^ rebuffer63/A (sky130_fd_sc_hd__dlygate4sd1_1)
     1    0.02    0.14    0.22    1.01 ^ rebuffer63/X (sky130_fd_sc_hd__dlygate4sd1_1)
                                         net86 (net)
                  0.14    0.00    1.01 ^ _0948_/A (sky130_fd_sc_hd__xor2_4)
     2    0.06    0.07    0.11    1.12 v _0948_/X (sky130_fd_sc_hd__xor2_4)
                                         _0056_ (net)
                  0.08    0.01    1.14 v _1307_/D (sky130_fd_sc_hd__dfrtp_4)
                                  1.14   data arrival time

                          0.00    0.00   clock core_clock (rise edge)
                          0.00    0.00   clock source latency
     1    0.07    0.00    0.00    0.00 ^ clk (in)
                                         clk (net)
                  0.00    0.00    0.00 ^ clkbuf_0_clk/A (sky130_fd_sc_hd__clkbuf_16)
     9    0.22    0.18    0.18    0.19 ^ clkbuf_0_clk/X (sky130_fd_sc_hd__clkbuf_16)
                                         clknet_0_clk (net)
                  0.18    0.01    0.19 ^ clkbuf_3_0__f_clk/A (sky130_fd_sc_hd__clkbuf_16)
    16    0.11    0.10    0.17    0.36 ^ clkbuf_3_0__f_clk/X (sky130_fd_sc_hd__clkbuf_16)
                                         clknet_3_0__leaf_clk (net)
                  0.10    0.01    0.37 ^ _1307_/CLK (sky130_fd_sc_hd__dfrtp_4)
                          0.00    0.37   clock reconvergence pessimism
                         -0.04    0.33   library hold time
                                  0.33   data required time
-----------------------------------------------------------------------------
                                  0.33   data required time
                                 -1.14   data arrival time
-----------------------------------------------------------------------------
                                  0.81   slack (MET)


Startpoint: _1287_ (rising edge-triggered flip-flop clocked by core_clock)
Endpoint: _1287_ (rising edge-triggered flip-flop clocked by core_clock)
Path Group: core_clock
Path Type: min
Corner: Fastest

Fanout     Cap    Slew   Delay    Time   Description
-----------------------------------------------------------------------------
                          0.00    0.00   clock core_clock (rise edge)
                          0.00    0.00   clock source latency
     1    0.07    0.00    0.00    0.00 ^ clk (in)
                                         clk (net)
                  0.00    0.00    0.00 ^ clkbuf_0_clk/A (sky130_fd_sc_hd__clkbuf_16)
     9    0.22    0.18    0.18    0.19 ^ clkbuf_0_clk/X (sky130_fd_sc_hd__clkbuf_16)
                                         clknet_0_clk (net)
                  0.18    0.01    0.19 ^ clkbuf_3_6__f_clk/A (sky130_fd_sc_hd__clkbuf_16)
    15    0.11    0.09    0.16    0.36 ^ clkbuf_3_6__f_clk/X (sky130_fd_sc_hd__clkbuf_16)
                                         clknet_3_6__leaf_clk (net)
                  0.10    0.01    0.37 ^ _1287_/CLK (sky130_fd_sc_hd__dfxtp_4)
     3    0.11    0.11    0.30    0.66 v _1287_/Q (sky130_fd_sc_hd__dfxtp_4)
                                         display_inst.counter[6] (net)
                  0.11    0.01    0.67 v _0711_/A (sky130_fd_sc_hd__nor2_4)
     1    0.08    0.36    0.31    0.98 ^ _0711_/Y (sky130_fd_sc_hd__nor2_4)
                                         _0551_ (net)
                  0.36    0.02    1.00 ^ _0712_/B (sky130_fd_sc_hd__nor2_4)
     2    0.07    0.13    0.09    1.09 v _0712_/Y (sky130_fd_sc_hd__nor2_4)
                                         _0036_ (net)
                  0.14    0.02    1.11 v _1287_/D (sky130_fd_sc_hd__dfxtp_4)
                                  1.11   data arrival time

                          0.00    0.00   clock core_clock (rise edge)
                          0.00    0.00   clock source latency
     1    0.07    0.00    0.00    0.00 ^ clk (in)
                                         clk (net)
                  0.00    0.00    0.00 ^ clkbuf_0_clk/A (sky130_fd_sc_hd__clkbuf_16)
     9    0.22    0.18    0.18    0.19 ^ clkbuf_0_clk/X (sky130_fd_sc_hd__clkbuf_16)
                                         clknet_0_clk (net)
                  0.18    0.01    0.19 ^ clkbuf_3_6__f_clk/A (sky130_fd_sc_hd__clkbuf_16)
    15    0.11    0.09    0.16    0.36 ^ clkbuf_3_6__f_clk/X (sky130_fd_sc_hd__clkbuf_16)
                                         clknet_3_6__leaf_clk (net)
                  0.10    0.01    0.37 ^ _1287_/CLK (sky130_fd_sc_hd__dfxtp_4)
                          0.00    0.37   clock reconvergence pessimism
                         -0.06    0.30   library hold time
                                  0.30   data required time
-----------------------------------------------------------------------------
                                  0.30   data required time
                                 -1.11   data arrival time
-----------------------------------------------------------------------------
                                  0.81   slack (MET)


Startpoint: _1374_ (rising edge-triggered flip-flop clocked by core_clock)
Endpoint: _1374_ (rising edge-triggered flip-flop clocked by core_clock)
Path Group: core_clock
Path Type: min
Corner: Fastest

Fanout     Cap    Slew   Delay    Time   Description
-----------------------------------------------------------------------------
                          0.00    0.00   clock core_clock (rise edge)
                          0.00    0.00   clock source latency
     1    0.07    0.00    0.00    0.00 ^ clk (in)
                                         clk (net)
                  0.00    0.00    0.00 ^ clkbuf_0_clk/A (sky130_fd_sc_hd__clkbuf_16)
     9    0.22    0.18    0.18    0.19 ^ clkbuf_0_clk/X (sky130_fd_sc_hd__clkbuf_16)
                                         clknet_0_clk (net)
                  0.18    0.01    0.19 ^ clkbuf_3_0__f_clk/A (sky130_fd_sc_hd__clkbuf_16)
    16    0.11    0.10    0.17    0.36 ^ clkbuf_3_0__f_clk/X (sky130_fd_sc_hd__clkbuf_16)
                                         clknet_3_0__leaf_clk (net)
                  0.10    0.00    0.36 ^ _1374_/CLK (sky130_fd_sc_hd__dfxtp_4)
     6    0.17    0.16    0.33    0.69 v _1374_/Q (sky130_fd_sc_hd__dfxtp_4)
                                         regfile_inst.registers[15][11] (net)
                  0.17    0.03    0.72 v _0876_/A (sky130_fd_sc_hd__and2_2)
     1    0.05    0.09    0.23    0.94 v _0876_/X (sky130_fd_sc_hd__and2_2)
                                         _0629_ (net)
                  0.09    0.01    0.95 v _0877_/A (sky130_fd_sc_hd__buf_2)
     1    0.05    0.09    0.16    1.11 v _0877_/X (sky130_fd_sc_hd__buf_2)
                                         _0123_ (net)
                  0.10    0.01    1.13 v _1374_/D (sky130_fd_sc_hd__dfxtp_4)
                                  1.13   data arrival time

                          0.00    0.00   clock core_clock (rise edge)
                          0.00    0.00   clock source latency
     1    0.07    0.00    0.00    0.00 ^ clk (in)
                                         clk (net)
                  0.00    0.00    0.00 ^ clkbuf_0_clk/A (sky130_fd_sc_hd__clkbuf_16)
     9    0.22    0.18    0.18    0.19 ^ clkbuf_0_clk/X (sky130_fd_sc_hd__clkbuf_16)
                                         clknet_0_clk (net)
                  0.18    0.01    0.19 ^ clkbuf_3_0__f_clk/A (sky130_fd_sc_hd__clkbuf_16)
    16    0.11    0.10    0.17    0.36 ^ clkbuf_3_0__f_clk/X (sky130_fd_sc_hd__clkbuf_16)
                                         clknet_3_0__leaf_clk (net)
                  0.10    0.00    0.36 ^ _1374_/CLK (sky130_fd_sc_hd__dfxtp_4)
                          0.00    0.36   clock reconvergence pessimism
                         -0.05    0.31   library hold time
                                  0.31   data required time
-----------------------------------------------------------------------------
                                  0.31   data required time
                                 -1.13   data arrival time
-----------------------------------------------------------------------------
                                  0.81   slack (MET)


Startpoint: _1351_ (rising edge-triggered flip-flop clocked by core_clock)
Endpoint: _1351_ (rising edge-triggered flip-flop clocked by core_clock)
Path Group: core_clock
Path Type: min
Corner: Fastest

Fanout     Cap    Slew   Delay    Time   Description
-----------------------------------------------------------------------------
                          0.00    0.00   clock core_clock (rise edge)
                          0.00    0.00   clock source latency
     1    0.07    0.00    0.00    0.00 ^ clk (in)
                                         clk (net)
                  0.00    0.00    0.00 ^ clkbuf_0_clk/A (sky130_fd_sc_hd__clkbuf_16)
     9    0.22    0.18    0.18    0.19 ^ clkbuf_0_clk/X (sky130_fd_sc_hd__clkbuf_16)
                                         clknet_0_clk (net)
                  0.18    0.01    0.19 ^ clkbuf_3_7__f_clk/A (sky130_fd_sc_hd__clkbuf_16)
    12    0.09    0.09    0.16    0.35 ^ clkbuf_3_7__f_clk/X (sky130_fd_sc_hd__clkbuf_16)
                                         clknet_3_7__leaf_clk (net)
                  0.09    0.00    0.35 ^ _1351_/CLK (sky130_fd_sc_hd__dfxtp_4)
     4    0.10    0.10    0.30    0.65 v _1351_/Q (sky130_fd_sc_hd__dfxtp_4)
                                         regfile_inst.registers[25][4] (net)
                  0.10    0.01    0.66 v _0823_/A0 (sky130_fd_sc_hd__mux2_2)
     1    0.03    0.09    0.23    0.89 v _0823_/X (sky130_fd_sc_hd__mux2_2)
                                         _0599_ (net)
                  0.09    0.00    0.90 v _0824_/A (sky130_fd_sc_hd__buf_2)
    17    0.08    0.14    0.19    1.08 v _0824_/X (sky130_fd_sc_hd__buf_2)
                                         _0100_ (net)
                  0.14    0.02    1.10 v _1351_/D (sky130_fd_sc_hd__dfxtp_4)
                                  1.10   data arrival time

                          0.00    0.00   clock core_clock (rise edge)
                          0.00    0.00   clock source latency
     1    0.07    0.00    0.00    0.00 ^ clk (in)
                                         clk (net)
                  0.00    0.00    0.00 ^ clkbuf_0_clk/A (sky130_fd_sc_hd__clkbuf_16)
     9    0.22    0.18    0.18    0.19 ^ clkbuf_0_clk/X (sky130_fd_sc_hd__clkbuf_16)
                                         clknet_0_clk (net)
                  0.18    0.01    0.19 ^ clkbuf_3_7__f_clk/A (sky130_fd_sc_hd__clkbuf_16)
    12    0.09    0.09    0.16    0.35 ^ clkbuf_3_7__f_clk/X (sky130_fd_sc_hd__clkbuf_16)
                                         clknet_3_7__leaf_clk (net)
                  0.09    0.00    0.35 ^ _1351_/CLK (sky130_fd_sc_hd__dfxtp_4)
                          0.00    0.35   clock reconvergence pessimism
                         -0.06    0.29   library hold time
                                  0.29   data required time
-----------------------------------------------------------------------------
                                  0.29   data required time
                                 -1.10   data arrival time
-----------------------------------------------------------------------------
                                  0.81   slack (MET)


Startpoint: _1347_ (rising edge-triggered flip-flop clocked by core_clock)
Endpoint: _1347_ (rising edge-triggered flip-flop clocked by core_clock)
Path Group: core_clock
Path Type: min
Corner: Fastest

Fanout     Cap    Slew   Delay    Time   Description
-----------------------------------------------------------------------------
                          0.00    0.00   clock core_clock (rise edge)
                          0.00    0.00   clock source latency
     1    0.07    0.00    0.00    0.00 ^ clk (in)
                                         clk (net)
                  0.00    0.00    0.00 ^ clkbuf_0_clk/A (sky130_fd_sc_hd__clkbuf_16)
     9    0.22    0.18    0.18    0.19 ^ clkbuf_0_clk/X (sky130_fd_sc_hd__clkbuf_16)
                                         clknet_0_clk (net)
                  0.18    0.01    0.19 ^ clkbuf_3_4__f_clk/A (sky130_fd_sc_hd__clkbuf_16)
    12    0.09    0.09    0.16    0.35 ^ clkbuf_3_4__f_clk/X (sky130_fd_sc_hd__clkbuf_16)
                                         clknet_3_4__leaf_clk (net)
                  0.09    0.00    0.35 ^ _1347_/CLK (sky130_fd_sc_hd__dfxtp_4)
     2    0.12    0.11    0.30    0.65 v _1347_/Q (sky130_fd_sc_hd__dfxtp_4)
                                         regfile_inst.registers[25][0] (net)
                  0.11    0.01    0.67 v _0815_/A0 (sky130_fd_sc_hd__mux2_2)
     1    0.05    0.11    0.26    0.93 v _0815_/X (sky130_fd_sc_hd__mux2_2)
                                         _0595_ (net)
                  0.11    0.01    0.94 v _0816_/A (sky130_fd_sc_hd__clkbuf_2)
     1    0.04    0.11    0.17    1.11 v _0816_/X (sky130_fd_sc_hd__clkbuf_2)
                                         _0096_ (net)
                  0.11    0.01    1.12 v _1347_/D (sky130_fd_sc_hd__dfxtp_4)
                                  1.12   data arrival time

                          0.00    0.00   clock core_clock (rise edge)
                          0.00    0.00   clock source latency
     1    0.07    0.00    0.00    0.00 ^ clk (in)
                                         clk (net)
                  0.00    0.00    0.00 ^ clkbuf_0_clk/A (sky130_fd_sc_hd__clkbuf_16)
     9    0.22    0.18    0.18    0.19 ^ clkbuf_0_clk/X (sky130_fd_sc_hd__clkbuf_16)
                                         clknet_0_clk (net)
                  0.18    0.01    0.19 ^ clkbuf_3_4__f_clk/A (sky130_fd_sc_hd__clkbuf_16)
    12    0.09    0.09    0.16    0.35 ^ clkbuf_3_4__f_clk/X (sky130_fd_sc_hd__clkbuf_16)
                                         clknet_3_4__leaf_clk (net)
                  0.09    0.00    0.35 ^ _1347_/CLK (sky130_fd_sc_hd__dfxtp_4)
                          0.00    0.35   clock reconvergence pessimism
                         -0.05    0.30   library hold time
                                  0.30   data required time
-----------------------------------------------------------------------------
                                  0.30   data required time
                                 -1.12   data arrival time
-----------------------------------------------------------------------------
                                  0.82   slack (MET)


Startpoint: _1358_ (rising edge-triggered flip-flop clocked by core_clock)
Endpoint: _1358_ (rising edge-triggered flip-flop clocked by core_clock)
Path Group: core_clock
Path Type: min
Corner: Fastest

Fanout     Cap    Slew   Delay    Time   Description
-----------------------------------------------------------------------------
                          0.00    0.00   clock core_clock (rise edge)
                          0.00    0.00   clock source latency
     1    0.07    0.00    0.00    0.00 ^ clk (in)
                                         clk (net)
                  0.00    0.00    0.00 ^ clkbuf_0_clk/A (sky130_fd_sc_hd__clkbuf_16)
     9    0.22    0.18    0.18    0.19 ^ clkbuf_0_clk/X (sky130_fd_sc_hd__clkbuf_16)
                                         clknet_0_clk (net)
                  0.18    0.01    0.19 ^ clkbuf_3_5__f_clk/A (sky130_fd_sc_hd__clkbuf_16)
    16    0.10    0.09    0.16    0.36 ^ clkbuf_3_5__f_clk/X (sky130_fd_sc_hd__clkbuf_16)
                                         clknet_3_5__leaf_clk (net)
                  0.09    0.00    0.36 ^ _1358_/CLK (sky130_fd_sc_hd__dfxtp_4)
     3    0.10    0.10    0.30    0.65 v _1358_/Q (sky130_fd_sc_hd__dfxtp_4)
                                         regfile_inst.registers[25][11] (net)
                  0.10    0.01    0.66 v _0844_/A0 (sky130_fd_sc_hd__mux2_1)
     2    0.03    0.11    0.25    0.91 v _0844_/X (sky130_fd_sc_hd__mux2_1)
                                         _0613_ (net)
                  0.11    0.00    0.92 v _0845_/A (sky130_fd_sc_hd__buf_2)
     1    0.07    0.12    0.18    1.10 v _0845_/X (sky130_fd_sc_hd__buf_2)
                                         _0107_ (net)
                  0.12    0.02    1.12 v _1358_/D (sky130_fd_sc_hd__dfxtp_4)
                                  1.12   data arrival time

                          0.00    0.00   clock core_clock (rise edge)
                          0.00    0.00   clock source latency
     1    0.07    0.00    0.00    0.00 ^ clk (in)
                                         clk (net)
                  0.00    0.00    0.00 ^ clkbuf_0_clk/A (sky130_fd_sc_hd__clkbuf_16)
     9    0.22    0.18    0.18    0.19 ^ clkbuf_0_clk/X (sky130_fd_sc_hd__clkbuf_16)
                                         clknet_0_clk (net)
                  0.18    0.01    0.19 ^ clkbuf_3_5__f_clk/A (sky130_fd_sc_hd__clkbuf_16)
    16    0.10    0.09    0.16    0.36 ^ clkbuf_3_5__f_clk/X (sky130_fd_sc_hd__clkbuf_16)
                                         clknet_3_5__leaf_clk (net)
                  0.09    0.00    0.36 ^ _1358_/CLK (sky130_fd_sc_hd__dfxtp_4)
                          0.00    0.36   clock reconvergence pessimism
                         -0.06    0.30   library hold time
                                  0.30   data required time
-----------------------------------------------------------------------------
                                  0.30   data required time
                                 -1.12   data arrival time
-----------------------------------------------------------------------------
                                  0.82   slack (MET)


Startpoint: _1294_ (rising edge-triggered flip-flop clocked by core_clock)
Endpoint: _1295_ (rising edge-triggered flip-flop clocked by core_clock)
Path Group: core_clock
Path Type: min
Corner: Fastest

Fanout     Cap    Slew   Delay    Time   Description
-----------------------------------------------------------------------------
                          0.00    0.00   clock core_clock (rise edge)
                          0.00    0.00   clock source latency
     1    0.07    0.00    0.00    0.00 ^ clk (in)
                                         clk (net)
                  0.00    0.00    0.00 ^ clkbuf_0_clk/A (sky130_fd_sc_hd__clkbuf_16)
     9    0.22    0.18    0.18    0.19 ^ clkbuf_0_clk/X (sky130_fd_sc_hd__clkbuf_16)
                                         clknet_0_clk (net)
                  0.18    0.01    0.19 ^ clkbuf_3_0__f_clk/A (sky130_fd_sc_hd__clkbuf_16)
    16    0.11    0.10    0.17    0.36 ^ clkbuf_3_0__f_clk/X (sky130_fd_sc_hd__clkbuf_16)
                                         clknet_3_0__leaf_clk (net)
                  0.10    0.00    0.36 ^ _1294_/CLK (sky130_fd_sc_hd__dfxtp_4)
     4    0.11    0.10    0.30    0.67 v _1294_/Q (sky130_fd_sc_hd__dfxtp_4)
                                         display_inst.counter[13] (net)
                  0.11    0.02    0.68 v _0732_/A (sky130_fd_sc_hd__and4_4)
     4    0.11    0.11    0.20    0.88 v _0732_/X (sky130_fd_sc_hd__and4_4)
                                         _0564_ (net)
                  0.12    0.02    0.90 v _0733_/B (sky130_fd_sc_hd__nor2_1)
     1    0.02    0.28    0.25    1.15 ^ _0733_/Y (sky130_fd_sc_hd__nor2_1)
                                         _0044_ (net)
                  0.28    0.00    1.15 ^ _1295_/D (sky130_fd_sc_hd__dfxtp_4)
                                  1.15   data arrival time

                          0.00    0.00   clock core_clock (rise edge)
                          0.00    0.00   clock source latency
     1    0.07    0.00    0.00    0.00 ^ clk (in)
                                         clk (net)
                  0.00    0.00    0.00 ^ clkbuf_0_clk/A (sky130_fd_sc_hd__clkbuf_16)
     9    0.22    0.18    0.18    0.19 ^ clkbuf_0_clk/X (sky130_fd_sc_hd__clkbuf_16)
                                         clknet_0_clk (net)
                  0.18    0.01    0.19 ^ clkbuf_3_5__f_clk/A (sky130_fd_sc_hd__clkbuf_16)
    16    0.10    0.09    0.16    0.36 ^ clkbuf_3_5__f_clk/X (sky130_fd_sc_hd__clkbuf_16)
                                         clknet_3_5__leaf_clk (net)
                  0.09    0.00    0.36 ^ _1295_/CLK (sky130_fd_sc_hd__dfxtp_4)
                          0.00    0.36   clock reconvergence pessimism
                         -0.03    0.33   library hold time
                                  0.33   data required time
-----------------------------------------------------------------------------
                                  0.33   data required time
                                 -1.15   data arrival time
-----------------------------------------------------------------------------
                                  0.82   slack (MET)


Startpoint: _1365_ (rising edge-triggered flip-flop clocked by core_clock)
Endpoint: _1365_ (rising edge-triggered flip-flop clocked by core_clock)
Path Group: core_clock
Path Type: min
Corner: Fastest

Fanout     Cap    Slew   Delay    Time   Description
-----------------------------------------------------------------------------
                          0.00    0.00   clock core_clock (rise edge)
                          0.00    0.00   clock source latency
     1    0.07    0.00    0.00    0.00 ^ clk (in)
                                         clk (net)
                  0.00    0.00    0.00 ^ clkbuf_0_clk/A (sky130_fd_sc_hd__clkbuf_16)
     9    0.22    0.18    0.18    0.19 ^ clkbuf_0_clk/X (sky130_fd_sc_hd__clkbuf_16)
                                         clknet_0_clk (net)
                  0.18    0.01    0.19 ^ clkbuf_3_3__f_clk/A (sky130_fd_sc_hd__clkbuf_16)
    10    0.11    0.09    0.16    0.36 ^ clkbuf_3_3__f_clk/X (sky130_fd_sc_hd__clkbuf_16)
                                         clknet_3_3__leaf_clk (net)
                  0.10    0.01    0.36 ^ _1365_/CLK (sky130_fd_sc_hd__dfxtp_4)
     4    0.11    0.10    0.30    0.66 v _1365_/Q (sky130_fd_sc_hd__dfxtp_4)
                                         regfile_inst.registers[15][2] (net)
                  0.11    0.01    0.67 v _0858_/A (sky130_fd_sc_hd__or2_4)
     2    0.08    0.09    0.25    0.92 v _0858_/X (sky130_fd_sc_hd__or2_4)
                                         _0620_ (net)
                  0.10    0.02    0.94 v _0859_/A (sky130_fd_sc_hd__clkbuf_4)
     1    0.07    0.11    0.18    1.11 v _0859_/X (sky130_fd_sc_hd__clkbuf_4)
                                         _0114_ (net)
                  0.11    0.02    1.14 v _1365_/D (sky130_fd_sc_hd__dfxtp_4)
                                  1.14   data arrival time

                          0.00    0.00   clock core_clock (rise edge)
                          0.00    0.00   clock source latency
     1    0.07    0.00    0.00    0.00 ^ clk (in)
                                         clk (net)
                  0.00    0.00    0.00 ^ clkbuf_0_clk/A (sky130_fd_sc_hd__clkbuf_16)
     9    0.22    0.18    0.18    0.19 ^ clkbuf_0_clk/X (sky130_fd_sc_hd__clkbuf_16)
                                         clknet_0_clk (net)
                  0.18    0.01    0.19 ^ clkbuf_3_3__f_clk/A (sky130_fd_sc_hd__clkbuf_16)
    10    0.11    0.09    0.16    0.36 ^ clkbuf_3_3__f_clk/X (sky130_fd_sc_hd__clkbuf_16)
                                         clknet_3_3__leaf_clk (net)
                  0.10    0.01    0.36 ^ _1365_/CLK (sky130_fd_sc_hd__dfxtp_4)
                          0.00    0.36   clock reconvergence pessimism
                         -0.05    0.31   library hold time
                                  0.31   data required time
-----------------------------------------------------------------------------
                                  0.31   data required time
                                 -1.14   data arrival time
-----------------------------------------------------------------------------
                                  0.83   slack (MET)


Startpoint: _1344_ (rising edge-triggered flip-flop clocked by core_clock)
Endpoint: _1344_ (rising edge-triggered flip-flop clocked by core_clock)
Path Group: core_clock
Path Type: min
Corner: Fastest

Fanout     Cap    Slew   Delay    Time   Description
-----------------------------------------------------------------------------
                          0.00    0.00   clock core_clock (rise edge)
                          0.00    0.00   clock source latency
     1    0.07    0.00    0.00    0.00 ^ clk (in)
                                         clk (net)
                  0.00    0.00    0.00 ^ clkbuf_0_clk/A (sky130_fd_sc_hd__clkbuf_16)
     9    0.22    0.18    0.18    0.19 ^ clkbuf_0_clk/X (sky130_fd_sc_hd__clkbuf_16)
                                         clknet_0_clk (net)
                  0.18    0.01    0.19 ^ clkbuf_3_0__f_clk/A (sky130_fd_sc_hd__clkbuf_16)
    16    0.11    0.10    0.17    0.36 ^ clkbuf_3_0__f_clk/X (sky130_fd_sc_hd__clkbuf_16)
                                         clknet_3_0__leaf_clk (net)
                  0.10    0.01    0.37 ^ _1344_/CLK (sky130_fd_sc_hd__dfxtp_4)
     3    0.16    0.15    0.31    0.68 v _1344_/Q (sky130_fd_sc_hd__dfxtp_4)
                                         regfile_inst.registers[10][13] (net)
                  0.17    0.04    0.72 v _0807_/A (sky130_fd_sc_hd__and2_4)
     2    0.08    0.08    0.19    0.91 v _0807_/X (sky130_fd_sc_hd__and2_4)
                                         _0590_ (net)
                  0.09    0.02    0.93 v _0808_/A (sky130_fd_sc_hd__clkbuf_4)
     1    0.08    0.12    0.18    1.12 v _0808_/X (sky130_fd_sc_hd__clkbuf_4)
                                         _0093_ (net)
                  0.12    0.02    1.14 v _1344_/D (sky130_fd_sc_hd__dfxtp_4)
                                  1.14   data arrival time

                          0.00    0.00   clock core_clock (rise edge)
                          0.00    0.00   clock source latency
     1    0.07    0.00    0.00    0.00 ^ clk (in)
                                         clk (net)
                  0.00    0.00    0.00 ^ clkbuf_0_clk/A (sky130_fd_sc_hd__clkbuf_16)
     9    0.22    0.18    0.18    0.19 ^ clkbuf_0_clk/X (sky130_fd_sc_hd__clkbuf_16)
                                         clknet_0_clk (net)
                  0.18    0.01    0.19 ^ clkbuf_3_0__f_clk/A (sky130_fd_sc_hd__clkbuf_16)
    16    0.11    0.10    0.17    0.36 ^ clkbuf_3_0__f_clk/X (sky130_fd_sc_hd__clkbuf_16)
                                         clknet_3_0__leaf_clk (net)
                  0.10    0.01    0.37 ^ _1344_/CLK (sky130_fd_sc_hd__dfxtp_4)
                          0.00    0.37   clock reconvergence pessimism
                         -0.06    0.31   library hold time
                                  0.31   data required time
-----------------------------------------------------------------------------
                                  0.31   data required time
                                 -1.14   data arrival time
-----------------------------------------------------------------------------
                                  0.83   slack (MET)


Startpoint: _1357_ (rising edge-triggered flip-flop clocked by core_clock)
Endpoint: _1357_ (rising edge-triggered flip-flop clocked by core_clock)
Path Group: core_clock
Path Type: min
Corner: Fastest

Fanout     Cap    Slew   Delay    Time   Description
-----------------------------------------------------------------------------
                          0.00    0.00   clock core_clock (rise edge)
                          0.00    0.00   clock source latency
     1    0.07    0.00    0.00    0.00 ^ clk (in)
                                         clk (net)
                  0.00    0.00    0.00 ^ clkbuf_0_clk/A (sky130_fd_sc_hd__clkbuf_16)
     9    0.22    0.18    0.18    0.19 ^ clkbuf_0_clk/X (sky130_fd_sc_hd__clkbuf_16)
                                         clknet_0_clk (net)
                  0.18    0.01    0.19 ^ clkbuf_3_6__f_clk/A (sky130_fd_sc_hd__clkbuf_16)
    15    0.11    0.09    0.16    0.36 ^ clkbuf_3_6__f_clk/X (sky130_fd_sc_hd__clkbuf_16)
                                         clknet_3_6__leaf_clk (net)
                  0.10    0.01    0.37 ^ _1357_/CLK (sky130_fd_sc_hd__dfxtp_4)
     3    0.10    0.10    0.30    0.66 v _1357_/Q (sky130_fd_sc_hd__dfxtp_4)
                                         regfile_inst.registers[25][10] (net)
                  0.10    0.00    0.67 v _0842_/A0 (sky130_fd_sc_hd__mux2_8)
     1    0.10    0.09    0.25    0.91 v _0842_/X (sky130_fd_sc_hd__mux2_8)
                                         _0612_ (net)
                  0.10    0.03    0.94 v _0843_/A (sky130_fd_sc_hd__clkbuf_4)
     2    0.08    0.11    0.18    1.13 v _0843_/X (sky130_fd_sc_hd__clkbuf_4)
                                         _0106_ (net)
                  0.12    0.02    1.15 v _1357_/D (sky130_fd_sc_hd__dfxtp_4)
                                  1.15   data arrival time

                          0.00    0.00   clock core_clock (rise edge)
                          0.00    0.00   clock source latency
     1    0.07    0.00    0.00    0.00 ^ clk (in)
                                         clk (net)
                  0.00    0.00    0.00 ^ clkbuf_0_clk/A (sky130_fd_sc_hd__clkbuf_16)
     9    0.22    0.18    0.18    0.19 ^ clkbuf_0_clk/X (sky130_fd_sc_hd__clkbuf_16)
                                         clknet_0_clk (net)
                  0.18    0.01    0.19 ^ clkbuf_3_6__f_clk/A (sky130_fd_sc_hd__clkbuf_16)
    15    0.11    0.09    0.16    0.36 ^ clkbuf_3_6__f_clk/X (sky130_fd_sc_hd__clkbuf_16)
                                         clknet_3_6__leaf_clk (net)
                  0.10    0.01    0.37 ^ _1357_/CLK (sky130_fd_sc_hd__dfxtp_4)
                          0.00    0.37   clock reconvergence pessimism
                         -0.06    0.31   library hold time
                                  0.31   data required time
-----------------------------------------------------------------------------
                                  0.31   data required time
                                 -1.15   data arrival time
-----------------------------------------------------------------------------
                                  0.84   slack (MET)


Startpoint: _1333_ (rising edge-triggered flip-flop clocked by core_clock)
Endpoint: _1333_ (rising edge-triggered flip-flop clocked by core_clock)
Path Group: core_clock
Path Type: min
Corner: Fastest

Fanout     Cap    Slew   Delay    Time   Description
-----------------------------------------------------------------------------
                          0.00    0.00   clock core_clock (rise edge)
                          0.00    0.00   clock source latency
     1    0.07    0.00    0.00    0.00 ^ clk (in)
                                         clk (net)
                  0.00    0.00    0.00 ^ clkbuf_0_clk/A (sky130_fd_sc_hd__clkbuf_16)
     9    0.22    0.18    0.18    0.19 ^ clkbuf_0_clk/X (sky130_fd_sc_hd__clkbuf_16)
                                         clknet_0_clk (net)
                  0.18    0.01    0.19 ^ clkbuf_3_1__f_clk/A (sky130_fd_sc_hd__clkbuf_16)
    13    0.09    0.09    0.16    0.35 ^ clkbuf_3_1__f_clk/X (sky130_fd_sc_hd__clkbuf_16)
                                         clknet_3_1__leaf_clk (net)
                  0.09    0.00    0.35 ^ _1333_/CLK (sky130_fd_sc_hd__dfxtp_4)
     5    0.14    0.13    0.31    0.67 v _1333_/Q (sky130_fd_sc_hd__dfxtp_4)
                                         regfile_inst.registers[10][2] (net)
                  0.14    0.02    0.69 v _0785_/A (sky130_fd_sc_hd__and2_2)
     1    0.05    0.10    0.22    0.91 v _0785_/X (sky130_fd_sc_hd__and2_2)
                                         _0579_ (net)
                  0.10    0.01    0.92 v _0786_/A (sky130_fd_sc_hd__clkbuf_4)
    12    0.09    0.12    0.19    1.11 v _0786_/X (sky130_fd_sc_hd__clkbuf_4)
                                         _0082_ (net)
                  0.13    0.03    1.13 v _1333_/D (sky130_fd_sc_hd__dfxtp_4)
                                  1.13   data arrival time

                          0.00    0.00   clock core_clock (rise edge)
                          0.00    0.00   clock source latency
     1    0.07    0.00    0.00    0.00 ^ clk (in)
                                         clk (net)
                  0.00    0.00    0.00 ^ clkbuf_0_clk/A (sky130_fd_sc_hd__clkbuf_16)
     9    0.22    0.18    0.18    0.19 ^ clkbuf_0_clk/X (sky130_fd_sc_hd__clkbuf_16)
                                         clknet_0_clk (net)
                  0.18    0.01    0.19 ^ clkbuf_3_1__f_clk/A (sky130_fd_sc_hd__clkbuf_16)
    13    0.09    0.09    0.16    0.35 ^ clkbuf_3_1__f_clk/X (sky130_fd_sc_hd__clkbuf_16)
                                         clknet_3_1__leaf_clk (net)
                  0.09    0.00    0.35 ^ _1333_/CLK (sky130_fd_sc_hd__dfxtp_4)
                          0.00    0.35   clock reconvergence pessimism
                         -0.06    0.29   library hold time
                                  0.29   data required time
-----------------------------------------------------------------------------
                                  0.29   data required time
                                 -1.13   data arrival time
-----------------------------------------------------------------------------
                                  0.84   slack (MET)


Startpoint: _1356_ (rising edge-triggered flip-flop clocked by core_clock)
Endpoint: _1356_ (rising edge-triggered flip-flop clocked by core_clock)
Path Group: core_clock
Path Type: min
Corner: Fastest

Fanout     Cap    Slew   Delay    Time   Description
-----------------------------------------------------------------------------
                          0.00    0.00   clock core_clock (rise edge)
                          0.00    0.00   clock source latency
     1    0.07    0.00    0.00    0.00 ^ clk (in)
                                         clk (net)
                  0.00    0.00    0.00 ^ clkbuf_0_clk/A (sky130_fd_sc_hd__clkbuf_16)
     9    0.22    0.18    0.18    0.19 ^ clkbuf_0_clk/X (sky130_fd_sc_hd__clkbuf_16)
                                         clknet_0_clk (net)
                  0.18    0.01    0.19 ^ clkbuf_3_5__f_clk/A (sky130_fd_sc_hd__clkbuf_16)
    16    0.10    0.09    0.16    0.36 ^ clkbuf_3_5__f_clk/X (sky130_fd_sc_hd__clkbuf_16)
                                         clknet_3_5__leaf_clk (net)
                  0.09    0.00    0.36 ^ _1356_/CLK (sky130_fd_sc_hd__dfxtp_4)
     4    0.11    0.11    0.29    0.65 v _1356_/Q (sky130_fd_sc_hd__dfxtp_4)
                                         regfile_inst.registers[25][9] (net)
                  0.12    0.03    0.68 v _0836_/A0 (sky130_fd_sc_hd__mux2_1)
     1    0.01    0.07    0.22    0.91 v _0836_/X (sky130_fd_sc_hd__mux2_1)
                                         _0607_ (net)
                  0.07    0.00    0.91 v _0837_/A (sky130_fd_sc_hd__clkbuf_4)
     1    0.11    0.15    0.19    1.10 v _0837_/X (sky130_fd_sc_hd__clkbuf_4)
                                         _0105_ (net)
                  0.16    0.03    1.14 v _1356_/D (sky130_fd_sc_hd__dfxtp_4)
                                  1.14   data arrival time

                          0.00    0.00   clock core_clock (rise edge)
                          0.00    0.00   clock source latency
     1    0.07    0.00    0.00    0.00 ^ clk (in)
                                         clk (net)
                  0.00    0.00    0.00 ^ clkbuf_0_clk/A (sky130_fd_sc_hd__clkbuf_16)
     9    0.22    0.18    0.18    0.19 ^ clkbuf_0_clk/X (sky130_fd_sc_hd__clkbuf_16)
                                         clknet_0_clk (net)
                  0.18    0.01    0.19 ^ clkbuf_3_5__f_clk/A (sky130_fd_sc_hd__clkbuf_16)
    16    0.10    0.09    0.16    0.36 ^ clkbuf_3_5__f_clk/X (sky130_fd_sc_hd__clkbuf_16)
                                         clknet_3_5__leaf_clk (net)
                  0.09    0.00    0.36 ^ _1356_/CLK (sky130_fd_sc_hd__dfxtp_4)
                          0.00    0.36   clock reconvergence pessimism
                         -0.07    0.29   library hold time
                                  0.29   data required time
-----------------------------------------------------------------------------
                                  0.29   data required time
                                 -1.14   data arrival time
-----------------------------------------------------------------------------
                                  0.85   slack (MET)


Startpoint: _1334_ (rising edge-triggered flip-flop clocked by core_clock)
Endpoint: _1334_ (rising edge-triggered flip-flop clocked by core_clock)
Path Group: core_clock
Path Type: min
Corner: Fastest

Fanout     Cap    Slew   Delay    Time   Description
-----------------------------------------------------------------------------
                          0.00    0.00   clock core_clock (rise edge)
                          0.00    0.00   clock source latency
     1    0.07    0.00    0.00    0.00 ^ clk (in)
                                         clk (net)
                  0.00    0.00    0.00 ^ clkbuf_0_clk/A (sky130_fd_sc_hd__clkbuf_16)
     9    0.22    0.18    0.18    0.19 ^ clkbuf_0_clk/X (sky130_fd_sc_hd__clkbuf_16)
                                         clknet_0_clk (net)
                  0.18    0.01    0.19 ^ clkbuf_3_6__f_clk/A (sky130_fd_sc_hd__clkbuf_16)
    15    0.11    0.09    0.16    0.36 ^ clkbuf_3_6__f_clk/X (sky130_fd_sc_hd__clkbuf_16)
                                         clknet_3_6__leaf_clk (net)
                  0.10    0.01    0.37 ^ _1334_/CLK (sky130_fd_sc_hd__dfxtp_4)
     2    0.08    0.08    0.29    0.65 v _1334_/Q (sky130_fd_sc_hd__dfxtp_4)
                                         regfile_inst.registers[10][3] (net)
                  0.08    0.01    0.66 v _0787_/A (sky130_fd_sc_hd__or2b_4)
    14    0.13    0.14    0.26    0.93 v _0787_/X (sky130_fd_sc_hd__or2b_4)
                                         _0580_ (net)
                  0.16    0.04    0.97 v _0788_/A (sky130_fd_sc_hd__buf_2)
     1    0.06    0.10    0.19    1.16 v _0788_/X (sky130_fd_sc_hd__buf_2)
                                         _0083_ (net)
                  0.10    0.01    1.17 v _1334_/D (sky130_fd_sc_hd__dfxtp_4)
                                  1.17   data arrival time

                          0.00    0.00   clock core_clock (rise edge)
                          0.00    0.00   clock source latency
     1    0.07    0.00    0.00    0.00 ^ clk (in)
                                         clk (net)
                  0.00    0.00    0.00 ^ clkbuf_0_clk/A (sky130_fd_sc_hd__clkbuf_16)
     9    0.22    0.18    0.18    0.19 ^ clkbuf_0_clk/X (sky130_fd_sc_hd__clkbuf_16)
                                         clknet_0_clk (net)
                  0.18    0.01    0.19 ^ clkbuf_3_6__f_clk/A (sky130_fd_sc_hd__clkbuf_16)
    15    0.11    0.09    0.16    0.36 ^ clkbuf_3_6__f_clk/X (sky130_fd_sc_hd__clkbuf_16)
                                         clknet_3_6__leaf_clk (net)
                  0.10    0.01    0.37 ^ _1334_/CLK (sky130_fd_sc_hd__dfxtp_4)
                          0.00    0.37   clock reconvergence pessimism
                         -0.05    0.32   library hold time
                                  0.32   data required time
-----------------------------------------------------------------------------
                                  0.32   data required time
                                 -1.17   data arrival time
-----------------------------------------------------------------------------
                                  0.85   slack (MET)


Startpoint: _1285_ (rising edge-triggered flip-flop clocked by core_clock)
Endpoint: _1286_ (rising edge-triggered flip-flop clocked by core_clock)
Path Group: core_clock
Path Type: min
Corner: Fastest

Fanout     Cap    Slew   Delay    Time   Description
-----------------------------------------------------------------------------
                          0.00    0.00   clock core_clock (rise edge)
                          0.00    0.00   clock source latency
     1    0.07    0.00    0.00    0.00 ^ clk (in)
                                         clk (net)
                  0.00    0.00    0.00 ^ clkbuf_0_clk/A (sky130_fd_sc_hd__clkbuf_16)
     9    0.22    0.18    0.18    0.19 ^ clkbuf_0_clk/X (sky130_fd_sc_hd__clkbuf_16)
                                         clknet_0_clk (net)
                  0.18    0.01    0.19 ^ clkbuf_3_4__f_clk/A (sky130_fd_sc_hd__clkbuf_16)
    12    0.09    0.09    0.16    0.35 ^ clkbuf_3_4__f_clk/X (sky130_fd_sc_hd__clkbuf_16)
                                         clknet_3_4__leaf_clk (net)
                  0.09    0.00    0.35 ^ _1285_/CLK (sky130_fd_sc_hd__dfxtp_4)
     4    0.10    0.22    0.35    0.71 ^ _1285_/Q (sky130_fd_sc_hd__dfxtp_4)
                                         display_inst.counter[4] (net)
                  0.23    0.02    0.73 ^ _0706_/A (sky130_fd_sc_hd__and3_4)
     3    0.11    0.23    0.28    1.01 ^ _0706_/X (sky130_fd_sc_hd__and3_4)
                                         _0547_ (net)
                  0.23    0.02    1.02 ^ _0709_/A (sky130_fd_sc_hd__nor2_2)
     1    0.06    0.13    0.13    1.15 v _0709_/Y (sky130_fd_sc_hd__nor2_2)
                                         _0035_ (net)
                  0.13    0.01    1.16 v _1286_/D (sky130_fd_sc_hd__dfxtp_4)
                                  1.16   data arrival time

                          0.00    0.00   clock core_clock (rise edge)
                          0.00    0.00   clock source latency
     1    0.07    0.00    0.00    0.00 ^ clk (in)
                                         clk (net)
                  0.00    0.00    0.00 ^ clkbuf_0_clk/A (sky130_fd_sc_hd__clkbuf_16)
     9    0.22    0.18    0.18    0.19 ^ clkbuf_0_clk/X (sky130_fd_sc_hd__clkbuf_16)
                                         clknet_0_clk (net)
                  0.18    0.01    0.19 ^ clkbuf_3_5__f_clk/A (sky130_fd_sc_hd__clkbuf_16)
    16    0.10    0.09    0.16    0.36 ^ clkbuf_3_5__f_clk/X (sky130_fd_sc_hd__clkbuf_16)
                                         clknet_3_5__leaf_clk (net)
                  0.09    0.01    0.36 ^ _1286_/CLK (sky130_fd_sc_hd__dfxtp_4)
                          0.00    0.36   clock reconvergence pessimism
                         -0.06    0.30   library hold time
                                  0.30   data required time
-----------------------------------------------------------------------------
                                  0.30   data required time
                                 -1.16   data arrival time
-----------------------------------------------------------------------------
                                  0.86   slack (MET)


Startpoint: _1332_ (rising edge-triggered flip-flop clocked by core_clock)
Endpoint: _1332_ (rising edge-triggered flip-flop clocked by core_clock)
Path Group: core_clock
Path Type: min
Corner: Fastest

Fanout     Cap    Slew   Delay    Time   Description
-----------------------------------------------------------------------------
                          0.00    0.00   clock core_clock (rise edge)
                          0.00    0.00   clock source latency
     1    0.07    0.00    0.00    0.00 ^ clk (in)
                                         clk (net)
                  0.00    0.00    0.00 ^ clkbuf_0_clk/A (sky130_fd_sc_hd__clkbuf_16)
     9    0.22    0.18    0.18    0.19 ^ clkbuf_0_clk/X (sky130_fd_sc_hd__clkbuf_16)
                                         clknet_0_clk (net)
                  0.18    0.01    0.19 ^ clkbuf_3_2__f_clk/A (sky130_fd_sc_hd__clkbuf_16)
    14    0.09    0.08    0.15    0.35 ^ clkbuf_3_2__f_clk/X (sky130_fd_sc_hd__clkbuf_16)
                                         clknet_3_2__leaf_clk (net)
                  0.08    0.01    0.35 ^ _1332_/CLK (sky130_fd_sc_hd__dfxtp_4)
     3    0.13    0.27    0.37    0.73 ^ _1332_/Q (sky130_fd_sc_hd__dfxtp_4)
                                         regfile_inst.registers[10][1] (net)
                  0.28    0.03    0.76 ^ _0783_/A (sky130_fd_sc_hd__or2b_2)
     2    0.05    0.17    0.20    0.96 ^ _0783_/X (sky130_fd_sc_hd__or2b_2)
                                         _0578_ (net)
                  0.17    0.01    0.97 ^ _0784_/A (sky130_fd_sc_hd__clkbuf_2)
     2    0.05    0.21    0.21    1.18 ^ _0784_/X (sky130_fd_sc_hd__clkbuf_2)
                                         _0081_ (net)
                  0.21    0.01    1.19 ^ _1332_/D (sky130_fd_sc_hd__dfxtp_4)
                                  1.19   data arrival time

                          0.00    0.00   clock core_clock (rise edge)
                          0.00    0.00   clock source latency
     1    0.07    0.00    0.00    0.00 ^ clk (in)
                                         clk (net)
                  0.00    0.00    0.00 ^ clkbuf_0_clk/A (sky130_fd_sc_hd__clkbuf_16)
     9    0.22    0.18    0.18    0.19 ^ clkbuf_0_clk/X (sky130_fd_sc_hd__clkbuf_16)
                                         clknet_0_clk (net)
                  0.18    0.01    0.19 ^ clkbuf_3_2__f_clk/A (sky130_fd_sc_hd__clkbuf_16)
    14    0.09    0.08    0.15    0.35 ^ clkbuf_3_2__f_clk/X (sky130_fd_sc_hd__clkbuf_16)
                                         clknet_3_2__leaf_clk (net)
                  0.08    0.01    0.35 ^ _1332_/CLK (sky130_fd_sc_hd__dfxtp_4)
                          0.00    0.35   clock reconvergence pessimism
                         -0.03    0.32   library hold time
                                  0.32   data required time
-----------------------------------------------------------------------------
                                  0.32   data required time
                                 -1.19   data arrival time
-----------------------------------------------------------------------------
                                  0.87   slack (MET)


Startpoint: _1283_ (rising edge-triggered flip-flop clocked by core_clock)
Endpoint: _1283_ (rising edge-triggered flip-flop clocked by core_clock)
Path Group: core_clock
Path Type: min
Corner: Fastest

Fanout     Cap    Slew   Delay    Time   Description
-----------------------------------------------------------------------------
                          0.00    0.00   clock core_clock (rise edge)
                          0.00    0.00   clock source latency
     1    0.07    0.00    0.00    0.00 ^ clk (in)
                                         clk (net)
                  0.00    0.00    0.00 ^ clkbuf_0_clk/A (sky130_fd_sc_hd__clkbuf_16)
     9    0.22    0.18    0.18    0.19 ^ clkbuf_0_clk/X (sky130_fd_sc_hd__clkbuf_16)
                                         clknet_0_clk (net)
                  0.18    0.01    0.19 ^ clkbuf_3_1__f_clk/A (sky130_fd_sc_hd__clkbuf_16)
    13    0.09    0.09    0.16    0.35 ^ clkbuf_3_1__f_clk/X (sky130_fd_sc_hd__clkbuf_16)
                                         clknet_3_1__leaf_clk (net)
                  0.09    0.00    0.35 ^ _1283_/CLK (sky130_fd_sc_hd__dfxtp_4)
     4    0.13    0.12    0.31    0.67 v _1283_/Q (sky130_fd_sc_hd__dfxtp_4)
                                         display_inst.counter[2] (net)
                  0.12    0.01    0.68 v _0700_/B1 (sky130_fd_sc_hd__a21oi_4)
     2    0.10    0.39    0.31    0.98 ^ _0700_/Y (sky130_fd_sc_hd__a21oi_4)
                                         _0544_ (net)
                  0.39    0.04    1.02 ^ _0701_/B (sky130_fd_sc_hd__nor2_4)
    10    0.09    0.16    0.10    1.12 v _0701_/Y (sky130_fd_sc_hd__nor2_4)
                                         _0032_ (net)
                  0.17    0.03    1.15 v _1283_/D (sky130_fd_sc_hd__dfxtp_4)
                                  1.15   data arrival time

                          0.00    0.00   clock core_clock (rise edge)
                          0.00    0.00   clock source latency
     1    0.07    0.00    0.00    0.00 ^ clk (in)
                                         clk (net)
                  0.00    0.00    0.00 ^ clkbuf_0_clk/A (sky130_fd_sc_hd__clkbuf_16)
     9    0.22    0.18    0.18    0.19 ^ clkbuf_0_clk/X (sky130_fd_sc_hd__clkbuf_16)
                                         clknet_0_clk (net)
                  0.18    0.01    0.19 ^ clkbuf_3_1__f_clk/A (sky130_fd_sc_hd__clkbuf_16)
    13    0.09    0.09    0.16    0.35 ^ clkbuf_3_1__f_clk/X (sky130_fd_sc_hd__clkbuf_16)
                                         clknet_3_1__leaf_clk (net)
                  0.09    0.00    0.35 ^ _1283_/CLK (sky130_fd_sc_hd__dfxtp_4)
                          0.00    0.35   clock reconvergence pessimism
                         -0.07    0.28   library hold time
                                  0.28   data required time
-----------------------------------------------------------------------------
                                  0.28   data required time
                                 -1.15   data arrival time
-----------------------------------------------------------------------------
                                  0.87   slack (MET)


Startpoint: _1366_ (rising edge-triggered flip-flop clocked by core_clock)
Endpoint: _1366_ (rising edge-triggered flip-flop clocked by core_clock)
Path Group: core_clock
Path Type: min
Corner: Fastest

Fanout     Cap    Slew   Delay    Time   Description
-----------------------------------------------------------------------------
                          0.00    0.00   clock core_clock (rise edge)
                          0.00    0.00   clock source latency
     1    0.07    0.00    0.00    0.00 ^ clk (in)
                                         clk (net)
                  0.00    0.00    0.00 ^ clkbuf_0_clk/A (sky130_fd_sc_hd__clkbuf_16)
     9    0.22    0.18    0.18    0.19 ^ clkbuf_0_clk/X (sky130_fd_sc_hd__clkbuf_16)
                                         clknet_0_clk (net)
                  0.18    0.01    0.19 ^ clkbuf_3_5__f_clk/A (sky130_fd_sc_hd__clkbuf_16)
    16    0.10    0.09    0.16    0.36 ^ clkbuf_3_5__f_clk/X (sky130_fd_sc_hd__clkbuf_16)
                                         clknet_3_5__leaf_clk (net)
                  0.09    0.00    0.36 ^ _1366_/CLK (sky130_fd_sc_hd__dfxtp_4)
     3    0.12    0.25    0.38    0.74 ^ _1366_/Q (sky130_fd_sc_hd__dfxtp_4)
                                         regfile_inst.registers[15][3] (net)
                  0.25    0.01    0.76 ^ _0860_/A (sky130_fd_sc_hd__or2_2)
     1    0.04    0.16    0.20    0.95 ^ _0860_/X (sky130_fd_sc_hd__or2_2)
                                         _0621_ (net)
                  0.16    0.01    0.96 ^ _0861_/A (sky130_fd_sc_hd__clkbuf_2)
     1    0.06    0.25    0.24    1.20 ^ _0861_/X (sky130_fd_sc_hd__clkbuf_2)
                                         _0115_ (net)
                  0.25    0.01    1.21 ^ _1366_/D (sky130_fd_sc_hd__dfxtp_4)
                                  1.21   data arrival time

                          0.00    0.00   clock core_clock (rise edge)
                          0.00    0.00   clock source latency
     1    0.07    0.00    0.00    0.00 ^ clk (in)
                                         clk (net)
                  0.00    0.00    0.00 ^ clkbuf_0_clk/A (sky130_fd_sc_hd__clkbuf_16)
     9    0.22    0.18    0.18    0.19 ^ clkbuf_0_clk/X (sky130_fd_sc_hd__clkbuf_16)
                                         clknet_0_clk (net)
                  0.18    0.01    0.19 ^ clkbuf_3_5__f_clk/A (sky130_fd_sc_hd__clkbuf_16)
    16    0.10    0.09    0.16    0.36 ^ clkbuf_3_5__f_clk/X (sky130_fd_sc_hd__clkbuf_16)
                                         clknet_3_5__leaf_clk (net)
                  0.09    0.00    0.36 ^ _1366_/CLK (sky130_fd_sc_hd__dfxtp_4)
                          0.00    0.36   clock reconvergence pessimism
                         -0.03    0.33   library hold time
                                  0.33   data required time
-----------------------------------------------------------------------------
                                  0.33   data required time
                                 -1.21   data arrival time
-----------------------------------------------------------------------------
                                  0.88   slack (MET)


Startpoint: _1309_ (rising edge-triggered flip-flop clocked by core_clock)
Endpoint: _1309_ (rising edge-triggered flip-flop clocked by core_clock)
Path Group: core_clock
Path Type: min
Corner: Fastest

Fanout     Cap    Slew   Delay    Time   Description
-----------------------------------------------------------------------------
                          0.00    0.00   clock core_clock (rise edge)
                          0.00    0.00   clock source latency
     1    0.07    0.00    0.00    0.00 ^ clk (in)
                                         clk (net)
                  0.00    0.00    0.00 ^ clkbuf_0_clk/A (sky130_fd_sc_hd__clkbuf_16)
     9    0.22    0.18    0.18    0.19 ^ clkbuf_0_clk/X (sky130_fd_sc_hd__clkbuf_16)
                                         clknet_0_clk (net)
                  0.18    0.01    0.19 ^ clkbuf_3_2__f_clk/A (sky130_fd_sc_hd__clkbuf_16)
    14    0.09    0.08    0.15    0.35 ^ clkbuf_3_2__f_clk/X (sky130_fd_sc_hd__clkbuf_16)
                                         clknet_3_2__leaf_clk (net)
                  0.08    0.01    0.36 ^ _1309_/CLK (sky130_fd_sc_hd__dfrtp_4)
     4    0.16    0.33    0.47    0.82 ^ _1309_/Q (sky130_fd_sc_hd__dfrtp_4)
                                         imem_inst.address[10] (net)
                  0.34    0.04    0.87 ^ _0944_/A (sky130_fd_sc_hd__nor2_4)
     1    0.06    0.10    0.08    0.95 v _0944_/Y (sky130_fd_sc_hd__nor2_4)
                                         _0164_ (net)
                  0.10    0.01    0.96 v _0945_/B (sky130_fd_sc_hd__nor2_4)
     1    0.06    0.26    0.23    1.19 ^ _0945_/Y (sky130_fd_sc_hd__nor2_4)
                                         _0058_ (net)
                  0.26    0.01    1.20 ^ _1309_/D (sky130_fd_sc_hd__dfrtp_4)
                                  1.20   data arrival time

                          0.00    0.00   clock core_clock (rise edge)
                          0.00    0.00   clock source latency
     1    0.07    0.00    0.00    0.00 ^ clk (in)
                                         clk (net)
                  0.00    0.00    0.00 ^ clkbuf_0_clk/A (sky130_fd_sc_hd__clkbuf_16)
     9    0.22    0.18    0.18    0.19 ^ clkbuf_0_clk/X (sky130_fd_sc_hd__clkbuf_16)
                                         clknet_0_clk (net)
                  0.18    0.01    0.19 ^ clkbuf_3_2__f_clk/A (sky130_fd_sc_hd__clkbuf_16)
    14    0.09    0.08    0.15    0.35 ^ clkbuf_3_2__f_clk/X (sky130_fd_sc_hd__clkbuf_16)
                                         clknet_3_2__leaf_clk (net)
                  0.08    0.01    0.36 ^ _1309_/CLK (sky130_fd_sc_hd__dfrtp_4)
                          0.00    0.36   clock reconvergence pessimism
                         -0.04    0.32   library hold time
                                  0.32   data required time
-----------------------------------------------------------------------------
                                  0.32   data required time
                                 -1.20   data arrival time
-----------------------------------------------------------------------------
                                  0.88   slack (MET)


Startpoint: _1354_ (rising edge-triggered flip-flop clocked by core_clock)
Endpoint: _1354_ (rising edge-triggered flip-flop clocked by core_clock)
Path Group: core_clock
Path Type: min
Corner: Fastest

Fanout     Cap    Slew   Delay    Time   Description
-----------------------------------------------------------------------------
                          0.00    0.00   clock core_clock (rise edge)
                          0.00    0.00   clock source latency
     1    0.07    0.00    0.00    0.00 ^ clk (in)
                                         clk (net)
                  0.00    0.00    0.00 ^ clkbuf_0_clk/A (sky130_fd_sc_hd__clkbuf_16)
     9    0.22    0.18    0.18    0.19 ^ clkbuf_0_clk/X (sky130_fd_sc_hd__clkbuf_16)
                                         clknet_0_clk (net)
                  0.18    0.01    0.19 ^ clkbuf_3_5__f_clk/A (sky130_fd_sc_hd__clkbuf_16)
    16    0.10    0.09    0.16    0.36 ^ clkbuf_3_5__f_clk/X (sky130_fd_sc_hd__clkbuf_16)
                                         clknet_3_5__leaf_clk (net)
                  0.09    0.01    0.36 ^ _1354_/CLK (sky130_fd_sc_hd__dfxtp_4)
     3    0.12    0.12    0.30    0.66 v _1354_/Q (sky130_fd_sc_hd__dfxtp_4)
                                         regfile_inst.registers[25][7] (net)
                  0.13    0.03    0.69 v _0829_/A0 (sky130_fd_sc_hd__mux2_2)
     2    0.04    0.09    0.25    0.94 v _0829_/X (sky130_fd_sc_hd__mux2_2)
                                         _0602_ (net)
                  0.09    0.00    0.94 v _0830_/A (sky130_fd_sc_hd__clkbuf_4)
    12    0.11    0.15    0.20    1.14 v _0830_/X (sky130_fd_sc_hd__clkbuf_4)
                                         _0103_ (net)
                  0.16    0.03    1.18 v _1354_/D (sky130_fd_sc_hd__dfxtp_4)
                                  1.18   data arrival time

                          0.00    0.00   clock core_clock (rise edge)
                          0.00    0.00   clock source latency
     1    0.07    0.00    0.00    0.00 ^ clk (in)
                                         clk (net)
                  0.00    0.00    0.00 ^ clkbuf_0_clk/A (sky130_fd_sc_hd__clkbuf_16)
     9    0.22    0.18    0.18    0.19 ^ clkbuf_0_clk/X (sky130_fd_sc_hd__clkbuf_16)
                                         clknet_0_clk (net)
                  0.18    0.01    0.19 ^ clkbuf_3_5__f_clk/A (sky130_fd_sc_hd__clkbuf_16)
    16    0.10    0.09    0.16    0.36 ^ clkbuf_3_5__f_clk/X (sky130_fd_sc_hd__clkbuf_16)
                                         clknet_3_5__leaf_clk (net)
                  0.09    0.01    0.36 ^ _1354_/CLK (sky130_fd_sc_hd__dfxtp_4)
                          0.00    0.36   clock reconvergence pessimism
                         -0.07    0.29   library hold time
                                  0.29   data required time
-----------------------------------------------------------------------------
                                  0.29   data required time
                                 -1.18   data arrival time
-----------------------------------------------------------------------------
                                  0.89   slack (MET)


Startpoint: _1348_ (rising edge-triggered flip-flop clocked by core_clock)
Endpoint: _1348_ (rising edge-triggered flip-flop clocked by core_clock)
Path Group: core_clock
Path Type: min
Corner: Fastest

Fanout     Cap    Slew   Delay    Time   Description
-----------------------------------------------------------------------------
                          0.00    0.00   clock core_clock (rise edge)
                          0.00    0.00   clock source latency
     1    0.07    0.00    0.00    0.00 ^ clk (in)
                                         clk (net)
                  0.00    0.00    0.00 ^ clkbuf_0_clk/A (sky130_fd_sc_hd__clkbuf_16)
     9    0.22    0.18    0.18    0.19 ^ clkbuf_0_clk/X (sky130_fd_sc_hd__clkbuf_16)
                                         clknet_0_clk (net)
                  0.18    0.01    0.19 ^ clkbuf_3_6__f_clk/A (sky130_fd_sc_hd__clkbuf_16)
    15    0.11    0.09    0.16    0.36 ^ clkbuf_3_6__f_clk/X (sky130_fd_sc_hd__clkbuf_16)
                                         clknet_3_6__leaf_clk (net)
                  0.10    0.01    0.36 ^ _1348_/CLK (sky130_fd_sc_hd__dfxtp_4)
     3    0.13    0.12    0.31    0.67 v _1348_/Q (sky130_fd_sc_hd__dfxtp_4)
                                         regfile_inst.registers[25][1] (net)
                  0.13    0.02    0.69 v _0817_/A0 (sky130_fd_sc_hd__mux2_4)
     4    0.09    0.11    0.28    0.97 v _0817_/X (sky130_fd_sc_hd__mux2_4)
                                         _0596_ (net)
                  0.11    0.01    0.99 v _0818_/A (sky130_fd_sc_hd__clkbuf_4)
    11    0.08    0.11    0.19    1.18 v _0818_/X (sky130_fd_sc_hd__clkbuf_4)
                                         _0097_ (net)
                  0.12    0.02    1.20 v _1348_/D (sky130_fd_sc_hd__dfxtp_4)
                                  1.20   data arrival time

                          0.00    0.00   clock core_clock (rise edge)
                          0.00    0.00   clock source latency
     1    0.07    0.00    0.00    0.00 ^ clk (in)
                                         clk (net)
                  0.00    0.00    0.00 ^ clkbuf_0_clk/A (sky130_fd_sc_hd__clkbuf_16)
     9    0.22    0.18    0.18    0.19 ^ clkbuf_0_clk/X (sky130_fd_sc_hd__clkbuf_16)
                                         clknet_0_clk (net)
                  0.18    0.01    0.19 ^ clkbuf_3_6__f_clk/A (sky130_fd_sc_hd__clkbuf_16)
    15    0.11    0.09    0.16    0.36 ^ clkbuf_3_6__f_clk/X (sky130_fd_sc_hd__clkbuf_16)
                                         clknet_3_6__leaf_clk (net)
                  0.10    0.01    0.36 ^ _1348_/CLK (sky130_fd_sc_hd__dfxtp_4)
                          0.00    0.36   clock reconvergence pessimism
                         -0.06    0.30   library hold time
                                  0.30   data required time
-----------------------------------------------------------------------------
                                  0.30   data required time
                                 -1.20   data arrival time
-----------------------------------------------------------------------------
                                  0.89   slack (MET)


Startpoint: _1284_ (rising edge-triggered flip-flop clocked by core_clock)
Endpoint: _1284_ (rising edge-triggered flip-flop clocked by core_clock)
Path Group: core_clock
Path Type: min
Corner: Fastest

Fanout     Cap    Slew   Delay    Time   Description
-----------------------------------------------------------------------------
                          0.00    0.00   clock core_clock (rise edge)
                          0.00    0.00   clock source latency
     1    0.07    0.00    0.00    0.00 ^ clk (in)
                                         clk (net)
                  0.00    0.00    0.00 ^ clkbuf_0_clk/A (sky130_fd_sc_hd__clkbuf_16)
     9    0.22    0.18    0.18    0.19 ^ clkbuf_0_clk/X (sky130_fd_sc_hd__clkbuf_16)
                                         clknet_0_clk (net)
                  0.18    0.01    0.19 ^ clkbuf_3_7__f_clk/A (sky130_fd_sc_hd__clkbuf_16)
    12    0.09    0.09    0.16    0.35 ^ clkbuf_3_7__f_clk/X (sky130_fd_sc_hd__clkbuf_16)
                                         clknet_3_7__leaf_clk (net)
                  0.09    0.00    0.35 ^ _1284_/CLK (sky130_fd_sc_hd__dfxtp_4)
     6    0.18    0.17    0.34    0.69 v _1284_/Q (sky130_fd_sc_hd__dfxtp_4)
                                         display_inst.counter[3] (net)
                  0.17    0.02    0.71 v _0703_/A (sky130_fd_sc_hd__nor2_2)
     2    0.05    0.39    0.36    1.07 ^ _0703_/Y (sky130_fd_sc_hd__nor2_2)
                                         _0546_ (net)
                  0.39    0.01    1.08 ^ _0704_/B (sky130_fd_sc_hd__nor2_1)
     1    0.02    0.12    0.11    1.19 v _0704_/Y (sky130_fd_sc_hd__nor2_1)
                                         _0033_ (net)
                  0.12    0.00    1.19 v _1284_/D (sky130_fd_sc_hd__dfxtp_4)
                                  1.19   data arrival time

                          0.00    0.00   clock core_clock (rise edge)
                          0.00    0.00   clock source latency
     1    0.07    0.00    0.00    0.00 ^ clk (in)
                                         clk (net)
                  0.00    0.00    0.00 ^ clkbuf_0_clk/A (sky130_fd_sc_hd__clkbuf_16)
     9    0.22    0.18    0.18    0.19 ^ clkbuf_0_clk/X (sky130_fd_sc_hd__clkbuf_16)
                                         clknet_0_clk (net)
                  0.18    0.01    0.19 ^ clkbuf_3_7__f_clk/A (sky130_fd_sc_hd__clkbuf_16)
    12    0.09    0.09    0.16    0.35 ^ clkbuf_3_7__f_clk/X (sky130_fd_sc_hd__clkbuf_16)
                                         clknet_3_7__leaf_clk (net)
                  0.09    0.00    0.35 ^ _1284_/CLK (sky130_fd_sc_hd__dfxtp_4)
                          0.00    0.35   clock reconvergence pessimism
                         -0.06    0.30   library hold time
                                  0.30   data required time
-----------------------------------------------------------------------------
                                  0.30   data required time
                                 -1.19   data arrival time
-----------------------------------------------------------------------------
                                  0.90   slack (MET)


Startpoint: _1281_ (rising edge-triggered flip-flop clocked by core_clock)
Endpoint: _1281_ (rising edge-triggered flip-flop clocked by core_clock)
Path Group: core_clock
Path Type: min
Corner: Fastest

Fanout     Cap    Slew   Delay    Time   Description
-----------------------------------------------------------------------------
                          0.00    0.00   clock core_clock (rise edge)
                          0.00    0.00   clock source latency
     1    0.07    0.00    0.00    0.00 ^ clk (in)
                                         clk (net)
                  0.00    0.00    0.00 ^ clkbuf_0_clk/A (sky130_fd_sc_hd__clkbuf_16)
     9    0.22    0.18    0.18    0.19 ^ clkbuf_0_clk/X (sky130_fd_sc_hd__clkbuf_16)
                                         clknet_0_clk (net)
                  0.18    0.01    0.19 ^ clkbuf_3_1__f_clk/A (sky130_fd_sc_hd__clkbuf_16)
    13    0.09    0.09    0.16    0.35 ^ clkbuf_3_1__f_clk/X (sky130_fd_sc_hd__clkbuf_16)
                                         clknet_3_1__leaf_clk (net)
                  0.09    0.00    0.35 ^ _1281_/CLK (sky130_fd_sc_hd__dfxtp_4)
     7    0.15    0.31    0.42    0.77 ^ _1281_/Q (sky130_fd_sc_hd__dfxtp_4)
                                         display_inst.counter[0] (net)
                  0.31    0.02    0.79 ^ _0696_/A_N (sky130_fd_sc_hd__and2b_4)
     1    0.08    0.09    0.19    0.98 v _0696_/X (sky130_fd_sc_hd__and2b_4)
                                         _0542_ (net)
                  0.09    0.02    1.00 v _0697_/A (sky130_fd_sc_hd__dlymetal6s2s_1)
     1    0.04    0.12    0.19    1.19 v _0697_/X (sky130_fd_sc_hd__dlymetal6s2s_1)
                                         _0030_ (net)
                  0.12    0.00    1.20 v _1281_/D (sky130_fd_sc_hd__dfxtp_4)
                                  1.20   data arrival time

                          0.00    0.00   clock core_clock (rise edge)
                          0.00    0.00   clock source latency
     1    0.07    0.00    0.00    0.00 ^ clk (in)
                                         clk (net)
                  0.00    0.00    0.00 ^ clkbuf_0_clk/A (sky130_fd_sc_hd__clkbuf_16)
     9    0.22    0.18    0.18    0.19 ^ clkbuf_0_clk/X (sky130_fd_sc_hd__clkbuf_16)
                                         clknet_0_clk (net)
                  0.18    0.01    0.19 ^ clkbuf_3_1__f_clk/A (sky130_fd_sc_hd__clkbuf_16)
    13    0.09    0.09    0.16    0.35 ^ clkbuf_3_1__f_clk/X (sky130_fd_sc_hd__clkbuf_16)
                                         clknet_3_1__leaf_clk (net)
                  0.09    0.00    0.35 ^ _1281_/CLK (sky130_fd_sc_hd__dfxtp_4)
                          0.00    0.35   clock reconvergence pessimism
                         -0.06    0.29   library hold time
                                  0.29   data required time
-----------------------------------------------------------------------------
                                  0.29   data required time
                                 -1.20   data arrival time
-----------------------------------------------------------------------------
                                  0.90   slack (MET)


Startpoint: _1318_ (rising edge-triggered flip-flop clocked by core_clock)
Endpoint: _1318_ (rising edge-triggered flip-flop clocked by core_clock)
Path Group: core_clock
Path Type: min
Corner: Fastest

Fanout     Cap    Slew   Delay    Time   Description
-----------------------------------------------------------------------------
                          0.00    0.00   clock core_clock (rise edge)
                          0.00    0.00   clock source latency
     1    0.07    0.00    0.00    0.00 ^ clk (in)
                                         clk (net)
                  0.00    0.00    0.00 ^ clkbuf_0_clk/A (sky130_fd_sc_hd__clkbuf_16)
     9    0.22    0.18    0.18    0.19 ^ clkbuf_0_clk/X (sky130_fd_sc_hd__clkbuf_16)
                                         clknet_0_clk (net)
                  0.18    0.01    0.19 ^ clkbuf_3_5__f_clk/A (sky130_fd_sc_hd__clkbuf_16)
    16    0.10    0.09    0.16    0.36 ^ clkbuf_3_5__f_clk/X (sky130_fd_sc_hd__clkbuf_16)
                                         clknet_3_5__leaf_clk (net)
                  0.09    0.01    0.36 ^ _1318_/CLK (sky130_fd_sc_hd__dfrtp_4)
     3    0.10    0.22    0.39    0.76 ^ _1318_/Q (sky130_fd_sc_hd__dfrtp_4)
                                         imem_inst.address[19] (net)
                  0.23    0.03    0.79 ^ _0929_/A (sky130_fd_sc_hd__nor2_2)
     1    0.04    0.11    0.10    0.89 v _0929_/Y (sky130_fd_sc_hd__nor2_2)
                                         _0158_ (net)
                  0.11    0.00    0.90 v _0930_/B (sky130_fd_sc_hd__nor2_8)
     7    0.13    0.36    0.28    1.18 ^ _0930_/Y (sky130_fd_sc_hd__nor2_8)
                                         _0067_ (net)
                  0.37    0.05    1.23 ^ _1318_/D (sky130_fd_sc_hd__dfrtp_4)
                                  1.23   data arrival time

                          0.00    0.00   clock core_clock (rise edge)
                          0.00    0.00   clock source latency
     1    0.07    0.00    0.00    0.00 ^ clk (in)
                                         clk (net)
                  0.00    0.00    0.00 ^ clkbuf_0_clk/A (sky130_fd_sc_hd__clkbuf_16)
     9    0.22    0.18    0.18    0.19 ^ clkbuf_0_clk/X (sky130_fd_sc_hd__clkbuf_16)
                                         clknet_0_clk (net)
                  0.18    0.01    0.19 ^ clkbuf_3_5__f_clk/A (sky130_fd_sc_hd__clkbuf_16)
    16    0.10    0.09    0.16    0.36 ^ clkbuf_3_5__f_clk/X (sky130_fd_sc_hd__clkbuf_16)
                                         clknet_3_5__leaf_clk (net)
                  0.09    0.01    0.36 ^ _1318_/CLK (sky130_fd_sc_hd__dfrtp_4)
                          0.00    0.36   clock reconvergence pessimism
                         -0.04    0.32   library hold time
                                  0.32   data required time
-----------------------------------------------------------------------------
                                  0.32   data required time
                                 -1.23   data arrival time
-----------------------------------------------------------------------------
                                  0.91   slack (MET)


Startpoint: _1355_ (rising edge-triggered flip-flop clocked by core_clock)
Endpoint: _1355_ (rising edge-triggered flip-flop clocked by core_clock)
Path Group: core_clock
Path Type: min
Corner: Fastest

Fanout     Cap    Slew   Delay    Time   Description
-----------------------------------------------------------------------------
                          0.00    0.00   clock core_clock (rise edge)
                          0.00    0.00   clock source latency
     1    0.07    0.00    0.00    0.00 ^ clk (in)
                                         clk (net)
                  0.00    0.00    0.00 ^ clkbuf_0_clk/A (sky130_fd_sc_hd__clkbuf_16)
     9    0.22    0.18    0.18    0.19 ^ clkbuf_0_clk/X (sky130_fd_sc_hd__clkbuf_16)
                                         clknet_0_clk (net)
                  0.18    0.01    0.19 ^ clkbuf_3_5__f_clk/A (sky130_fd_sc_hd__clkbuf_16)
    16    0.10    0.09    0.16    0.36 ^ clkbuf_3_5__f_clk/X (sky130_fd_sc_hd__clkbuf_16)
                                         clknet_3_5__leaf_clk (net)
                  0.09    0.01    0.36 ^ _1355_/CLK (sky130_fd_sc_hd__dfxtp_4)
     3    0.16    0.15    0.33    0.69 v _1355_/Q (sky130_fd_sc_hd__dfxtp_4)
                                         regfile_inst.registers[25][8] (net)
                  0.15    0.02    0.71 v _0834_/A0 (sky130_fd_sc_hd__mux2_8)
     2    0.12    0.10    0.29    0.99 v _0834_/X (sky130_fd_sc_hd__mux2_8)
                                         _0606_ (net)
                  0.10    0.01    1.00 v _0835_/A (sky130_fd_sc_hd__clkbuf_4)
    14    0.09    0.12    0.19    1.20 v _0835_/X (sky130_fd_sc_hd__clkbuf_4)
                                         _0104_ (net)
                  0.13    0.02    1.22 v _1355_/D (sky130_fd_sc_hd__dfxtp_4)
                                  1.22   data arrival time

                          0.00    0.00   clock core_clock (rise edge)
                          0.00    0.00   clock source latency
     1    0.07    0.00    0.00    0.00 ^ clk (in)
                                         clk (net)
                  0.00    0.00    0.00 ^ clkbuf_0_clk/A (sky130_fd_sc_hd__clkbuf_16)
     9    0.22    0.18    0.18    0.19 ^ clkbuf_0_clk/X (sky130_fd_sc_hd__clkbuf_16)
                                         clknet_0_clk (net)
                  0.18    0.01    0.19 ^ clkbuf_3_5__f_clk/A (sky130_fd_sc_hd__clkbuf_16)
    16    0.10    0.09    0.16    0.36 ^ clkbuf_3_5__f_clk/X (sky130_fd_sc_hd__clkbuf_16)
                                         clknet_3_5__leaf_clk (net)
                  0.09    0.01    0.36 ^ _1355_/CLK (sky130_fd_sc_hd__dfxtp_4)
                          0.00    0.36   clock reconvergence pessimism
                         -0.06    0.30   library hold time
                                  0.30   data required time
-----------------------------------------------------------------------------
                                  0.30   data required time
                                 -1.22   data arrival time
-----------------------------------------------------------------------------
                                  0.92   slack (MET)


Startpoint: _1290_ (rising edge-triggered flip-flop clocked by core_clock)
Endpoint: _1290_ (rising edge-triggered flip-flop clocked by core_clock)
Path Group: core_clock
Path Type: min
Corner: Fastest

Fanout     Cap    Slew   Delay    Time   Description
-----------------------------------------------------------------------------
                          0.00    0.00   clock core_clock (rise edge)
                          0.00    0.00   clock source latency
     1    0.07    0.00    0.00    0.00 ^ clk (in)
                                         clk (net)
                  0.00    0.00    0.00 ^ clkbuf_0_clk/A (sky130_fd_sc_hd__clkbuf_16)
     9    0.22    0.18    0.18    0.19 ^ clkbuf_0_clk/X (sky130_fd_sc_hd__clkbuf_16)
                                         clknet_0_clk (net)
                  0.18    0.01    0.19 ^ clkbuf_3_6__f_clk/A (sky130_fd_sc_hd__clkbuf_16)
    15    0.11    0.09    0.16    0.36 ^ clkbuf_3_6__f_clk/X (sky130_fd_sc_hd__clkbuf_16)
                                         clknet_3_6__leaf_clk (net)
                  0.10    0.01    0.36 ^ _1290_/CLK (sky130_fd_sc_hd__dfxtp_4)
     7    0.18    0.16    0.35    0.71 v _1290_/Q (sky130_fd_sc_hd__dfxtp_4)
                                         display_inst.counter[9] (net)
                  0.16    0.01    0.72 v _0719_/A1 (sky130_fd_sc_hd__o21ai_4)
     1    0.08    0.20    0.39    1.11 ^ _0719_/Y (sky130_fd_sc_hd__o21ai_4)
                                         _0556_ (net)
                  0.21    0.02    1.13 ^ _0720_/B (sky130_fd_sc_hd__nor2_2)
     2    0.04    0.10    0.09    1.22 v _0720_/Y (sky130_fd_sc_hd__nor2_2)
                                         _0039_ (net)
                  0.10    0.01    1.23 v _1290_/D (sky130_fd_sc_hd__dfxtp_4)
                                  1.23   data arrival time

                          0.00    0.00   clock core_clock (rise edge)
                          0.00    0.00   clock source latency
     1    0.07    0.00    0.00    0.00 ^ clk (in)
                                         clk (net)
                  0.00    0.00    0.00 ^ clkbuf_0_clk/A (sky130_fd_sc_hd__clkbuf_16)
     9    0.22    0.18    0.18    0.19 ^ clkbuf_0_clk/X (sky130_fd_sc_hd__clkbuf_16)
                                         clknet_0_clk (net)
                  0.18    0.01    0.19 ^ clkbuf_3_6__f_clk/A (sky130_fd_sc_hd__clkbuf_16)
    15    0.11    0.09    0.16    0.36 ^ clkbuf_3_6__f_clk/X (sky130_fd_sc_hd__clkbuf_16)
                                         clknet_3_6__leaf_clk (net)
                  0.10    0.01    0.36 ^ _1290_/CLK (sky130_fd_sc_hd__dfxtp_4)
                          0.00    0.36   clock reconvergence pessimism
                         -0.05    0.31   library hold time
                                  0.31   data required time
-----------------------------------------------------------------------------
                                  0.31   data required time
                                 -1.23   data arrival time
-----------------------------------------------------------------------------
                                  0.92   slack (MET)


Startpoint: _1327_ (rising edge-triggered flip-flop clocked by core_clock)
Endpoint: _1327_ (rising edge-triggered flip-flop clocked by core_clock)
Path Group: core_clock
Path Type: min
Corner: Fastest

Fanout     Cap    Slew   Delay    Time   Description
-----------------------------------------------------------------------------
                          0.00    0.00   clock core_clock (rise edge)
                          0.00    0.00   clock source latency
     1    0.07    0.00    0.00    0.00 ^ clk (in)
                                         clk (net)
                  0.00    0.00    0.00 ^ clkbuf_0_clk/A (sky130_fd_sc_hd__clkbuf_16)
     9    0.22    0.18    0.18    0.19 ^ clkbuf_0_clk/X (sky130_fd_sc_hd__clkbuf_16)
                                         clknet_0_clk (net)
                  0.18    0.01    0.19 ^ clkbuf_3_0__f_clk/A (sky130_fd_sc_hd__clkbuf_16)
    16    0.11    0.10    0.17    0.36 ^ clkbuf_3_0__f_clk/X (sky130_fd_sc_hd__clkbuf_16)
                                         clknet_3_0__leaf_clk (net)
                  0.10    0.00    0.36 ^ _1327_/CLK (sky130_fd_sc_hd__dfrtp_4)
     6    0.16    0.18    0.42    0.79 v _1327_/Q (sky130_fd_sc_hd__dfrtp_4)
                                         imem_inst.address[28] (net)
                  0.21    0.06    0.84 v _0914_/A (sky130_fd_sc_hd__nor2_2)
     1    0.03    0.26    0.29    1.13 ^ _0914_/Y (sky130_fd_sc_hd__nor2_2)
                                         _0152_ (net)
                  0.26    0.00    1.13 ^ _0915_/B (sky130_fd_sc_hd__nor2_4)
    17    0.11    0.15    0.11    1.24 v _0915_/Y (sky130_fd_sc_hd__nor2_4)
                                         _0076_ (net)
                  0.17    0.04    1.27 v _1327_/D (sky130_fd_sc_hd__dfrtp_4)
                                  1.27   data arrival time

                          0.00    0.00   clock core_clock (rise edge)
                          0.00    0.00   clock source latency
     1    0.07    0.00    0.00    0.00 ^ clk (in)
                                         clk (net)
                  0.00    0.00    0.00 ^ clkbuf_0_clk/A (sky130_fd_sc_hd__clkbuf_16)
     9    0.22    0.18    0.18    0.19 ^ clkbuf_0_clk/X (sky130_fd_sc_hd__clkbuf_16)
                                         clknet_0_clk (net)
                  0.18    0.01    0.19 ^ clkbuf_3_0__f_clk/A (sky130_fd_sc_hd__clkbuf_16)
    16    0.11    0.10    0.17    0.36 ^ clkbuf_3_0__f_clk/X (sky130_fd_sc_hd__clkbuf_16)
                                         clknet_3_0__leaf_clk (net)
                  0.10    0.00    0.36 ^ _1327_/CLK (sky130_fd_sc_hd__dfrtp_4)
                          0.00    0.36   clock reconvergence pessimism
                         -0.07    0.30   library hold time
                                  0.30   data required time
-----------------------------------------------------------------------------
                                  0.30   data required time
                                 -1.27   data arrival time
-----------------------------------------------------------------------------
                                  0.98   slack (MET)


Startpoint: _1315_ (rising edge-triggered flip-flop clocked by core_clock)
Endpoint: _1315_ (rising edge-triggered flip-flop clocked by core_clock)
Path Group: core_clock
Path Type: min
Corner: Fastest

Fanout     Cap    Slew   Delay    Time   Description
-----------------------------------------------------------------------------
                          0.00    0.00   clock core_clock (rise edge)
                          0.00    0.00   clock source latency
     1    0.07    0.00    0.00    0.00 ^ clk (in)
                                         clk (net)
                  0.00    0.00    0.00 ^ clkbuf_0_clk/A (sky130_fd_sc_hd__clkbuf_16)
     9    0.22    0.18    0.18    0.19 ^ clkbuf_0_clk/X (sky130_fd_sc_hd__clkbuf_16)
                                         clknet_0_clk (net)
                  0.18    0.01    0.19 ^ clkbuf_3_0__f_clk/A (sky130_fd_sc_hd__clkbuf_16)
    16    0.11    0.10    0.17    0.36 ^ clkbuf_3_0__f_clk/X (sky130_fd_sc_hd__clkbuf_16)
                                         clknet_3_0__leaf_clk (net)
                  0.10    0.01    0.37 ^ _1315_/CLK (sky130_fd_sc_hd__dfrtp_4)
     5    0.11    0.14    0.40    0.77 v _1315_/Q (sky130_fd_sc_hd__dfrtp_4)
                                         imem_inst.address[16] (net)
                  0.14    0.01    0.78 v _0934_/A (sky130_fd_sc_hd__nor2_4)
     1    0.07    0.33    0.30    1.08 ^ _0934_/Y (sky130_fd_sc_hd__nor2_4)
                                         _0160_ (net)
                  0.33    0.02    1.10 ^ _0935_/B (sky130_fd_sc_hd__nor2_4)
    14    0.13    0.16    0.13    1.23 v _0935_/Y (sky130_fd_sc_hd__nor2_4)
                                         _0064_ (net)
                  0.18    0.05    1.28 v _1315_/D (sky130_fd_sc_hd__dfrtp_4)
                                  1.28   data arrival time

                          0.00    0.00   clock core_clock (rise edge)
                          0.00    0.00   clock source latency
     1    0.07    0.00    0.00    0.00 ^ clk (in)
                                         clk (net)
                  0.00    0.00    0.00 ^ clkbuf_0_clk/A (sky130_fd_sc_hd__clkbuf_16)
     9    0.22    0.18    0.18    0.19 ^ clkbuf_0_clk/X (sky130_fd_sc_hd__clkbuf_16)
                                         clknet_0_clk (net)
                  0.18    0.01    0.19 ^ clkbuf_3_0__f_clk/A (sky130_fd_sc_hd__clkbuf_16)
    16    0.11    0.10    0.17    0.36 ^ clkbuf_3_0__f_clk/X (sky130_fd_sc_hd__clkbuf_16)
                                         clknet_3_0__leaf_clk (net)
                  0.10    0.01    0.37 ^ _1315_/CLK (sky130_fd_sc_hd__dfrtp_4)
                          0.00    0.37   clock reconvergence pessimism
                         -0.07    0.30   library hold time
                                  0.30   data required time
-----------------------------------------------------------------------------
                                  0.30   data required time
                                 -1.28   data arrival time
-----------------------------------------------------------------------------
                                  0.98   slack (MET)


Startpoint: _1360_ (rising edge-triggered flip-flop clocked by core_clock)
Endpoint: _1360_ (rising edge-triggered flip-flop clocked by core_clock)
Path Group: core_clock
Path Type: min
Corner: Fastest

Fanout     Cap    Slew   Delay    Time   Description
-----------------------------------------------------------------------------
                          0.00    0.00   clock core_clock (rise edge)
                          0.00    0.00   clock source latency
     1    0.07    0.00    0.00    0.00 ^ clk (in)
                                         clk (net)
                  0.00    0.00    0.00 ^ clkbuf_0_clk/A (sky130_fd_sc_hd__clkbuf_16)
     9    0.22    0.18    0.18    0.19 ^ clkbuf_0_clk/X (sky130_fd_sc_hd__clkbuf_16)
                                         clknet_0_clk (net)
                  0.18    0.01    0.19 ^ clkbuf_3_0__f_clk/A (sky130_fd_sc_hd__clkbuf_16)
    16    0.11    0.10    0.17    0.36 ^ clkbuf_3_0__f_clk/X (sky130_fd_sc_hd__clkbuf_16)
                                         clknet_3_0__leaf_clk (net)
                  0.10    0.01    0.37 ^ _1360_/CLK (sky130_fd_sc_hd__dfxtp_4)
     4    0.19    0.17    0.33    0.69 v _1360_/Q (sky130_fd_sc_hd__dfxtp_4)
                                         regfile_inst.registers[25][13] (net)
                  0.20    0.05    0.74 v _0848_/A0 (sky130_fd_sc_hd__mux2_8)
     2    0.10    0.09    0.28    1.02 v _0848_/X (sky130_fd_sc_hd__mux2_8)
                                         _0615_ (net)
                  0.11    0.03    1.06 v _0849_/A (sky130_fd_sc_hd__clkbuf_4)
    20    0.10    0.15    0.21    1.27 v _0849_/X (sky130_fd_sc_hd__clkbuf_4)
                                         _0109_ (net)
                  0.16    0.03    1.30 v _1360_/D (sky130_fd_sc_hd__dfxtp_4)
                                  1.30   data arrival time

                          0.00    0.00   clock core_clock (rise edge)
                          0.00    0.00   clock source latency
     1    0.07    0.00    0.00    0.00 ^ clk (in)
                                         clk (net)
                  0.00    0.00    0.00 ^ clkbuf_0_clk/A (sky130_fd_sc_hd__clkbuf_16)
     9    0.22    0.18    0.18    0.19 ^ clkbuf_0_clk/X (sky130_fd_sc_hd__clkbuf_16)
                                         clknet_0_clk (net)
                  0.18    0.01    0.19 ^ clkbuf_3_0__f_clk/A (sky130_fd_sc_hd__clkbuf_16)
    16    0.11    0.10    0.17    0.36 ^ clkbuf_3_0__f_clk/X (sky130_fd_sc_hd__clkbuf_16)
                                         clknet_3_0__leaf_clk (net)
                  0.10    0.01    0.37 ^ _1360_/CLK (sky130_fd_sc_hd__dfxtp_4)
                          0.00    0.37   clock reconvergence pessimism
                         -0.07    0.30   library hold time
                                  0.30   data required time
-----------------------------------------------------------------------------
                                  0.30   data required time
                                 -1.30   data arrival time
-----------------------------------------------------------------------------
                                  1.00   slack (MET)


Startpoint: _1303_ (rising edge-triggered flip-flop clocked by core_clock)
Endpoint: _1303_ (rising edge-triggered flip-flop clocked by core_clock)
Path Group: core_clock
Path Type: min
Corner: Fastest

Fanout     Cap    Slew   Delay    Time   Description
-----------------------------------------------------------------------------
                          0.00    0.00   clock core_clock (rise edge)
                          0.00    0.00   clock source latency
     1    0.07    0.00    0.00    0.00 ^ clk (in)
                                         clk (net)
                  0.00    0.00    0.00 ^ clkbuf_0_clk/A (sky130_fd_sc_hd__clkbuf_16)
     9    0.22    0.18    0.18    0.19 ^ clkbuf_0_clk/X (sky130_fd_sc_hd__clkbuf_16)
                                         clknet_0_clk (net)
                  0.18    0.01    0.19 ^ clkbuf_3_7__f_clk/A (sky130_fd_sc_hd__clkbuf_16)
    12    0.09    0.09    0.16    0.35 ^ clkbuf_3_7__f_clk/X (sky130_fd_sc_hd__clkbuf_16)
                                         clknet_3_7__leaf_clk (net)
                  0.09    0.00    0.35 ^ _1303_/CLK (sky130_fd_sc_hd__dfrtp_4)
     9    0.22    0.22    0.47    0.83 v _1303_/Q (sky130_fd_sc_hd__dfrtp_4)
                                         imem_inst.address[4] (net)
                  0.23    0.02    0.85 v _0954_/A (sky130_fd_sc_hd__nor2_4)
     1    0.07    0.32    0.32    1.18 ^ _0954_/Y (sky130_fd_sc_hd__nor2_4)
                                         _0168_ (net)
                  0.32    0.02    1.20 ^ _0955_/B (sky130_fd_sc_hd__nor2_4)
     1    0.07    0.12    0.09    1.28 v _0955_/Y (sky130_fd_sc_hd__nor2_4)
                                         _0052_ (net)
                  0.13    0.02    1.30 v _1303_/D (sky130_fd_sc_hd__dfrtp_4)
                                  1.30   data arrival time

                          0.00    0.00   clock core_clock (rise edge)
                          0.00    0.00   clock source latency
     1    0.07    0.00    0.00    0.00 ^ clk (in)
                                         clk (net)
                  0.00    0.00    0.00 ^ clkbuf_0_clk/A (sky130_fd_sc_hd__clkbuf_16)
     9    0.22    0.18    0.18    0.19 ^ clkbuf_0_clk/X (sky130_fd_sc_hd__clkbuf_16)
                                         clknet_0_clk (net)
                  0.18    0.01    0.19 ^ clkbuf_3_7__f_clk/A (sky130_fd_sc_hd__clkbuf_16)
    12    0.09    0.09    0.16    0.35 ^ clkbuf_3_7__f_clk/X (sky130_fd_sc_hd__clkbuf_16)
                                         clknet_3_7__leaf_clk (net)
                  0.09    0.00    0.35 ^ _1303_/CLK (sky130_fd_sc_hd__dfrtp_4)
                          0.00    0.35   clock reconvergence pessimism
                         -0.05    0.30   library hold time
                                  0.30   data required time
-----------------------------------------------------------------------------
                                  0.30   data required time
                                 -1.30   data arrival time
-----------------------------------------------------------------------------
                                  1.00   slack (MET)


Startpoint: _1308_ (rising edge-triggered flip-flop clocked by core_clock)
Endpoint: _1308_ (rising edge-triggered flip-flop clocked by core_clock)
Path Group: core_clock
Path Type: min
Corner: Fastest

Fanout     Cap    Slew   Delay    Time   Description
-----------------------------------------------------------------------------
                          0.00    0.00   clock core_clock (rise edge)
                          0.00    0.00   clock source latency
     1    0.07    0.00    0.00    0.00 ^ clk (in)
                                         clk (net)
                  0.00    0.00    0.00 ^ clkbuf_0_clk/A (sky130_fd_sc_hd__clkbuf_16)
     9    0.22    0.18    0.18    0.19 ^ clkbuf_0_clk/X (sky130_fd_sc_hd__clkbuf_16)
                                         clknet_0_clk (net)
                  0.18    0.01    0.19 ^ clkbuf_3_6__f_clk/A (sky130_fd_sc_hd__clkbuf_16)
    15    0.11    0.09    0.16    0.36 ^ clkbuf_3_6__f_clk/X (sky130_fd_sc_hd__clkbuf_16)
                                         clknet_3_6__leaf_clk (net)
                  0.10    0.00    0.36 ^ _1308_/CLK (sky130_fd_sc_hd__dfrtp_4)
     4    0.03    0.07    0.34    0.70 v _1308_/Q (sky130_fd_sc_hd__dfrtp_4)
                                         imem_inst.address[9] (net)
                  0.07    0.00    0.71 v rebuffer69/A (sky130_fd_sc_hd__dlygate4sd1_1)
     1    0.03    0.10    0.23    0.93 v rebuffer69/X (sky130_fd_sc_hd__dlygate4sd1_1)
                                         net92 (net)
                  0.10    0.00    0.94 v _0946_/B1 (sky130_fd_sc_hd__a21oi_4)
     1    0.07    0.29    0.24    1.17 ^ _0946_/Y (sky130_fd_sc_hd__a21oi_4)
                                         _0165_ (net)
                  0.29    0.02    1.19 ^ _0947_/B (sky130_fd_sc_hd__nor2_2)
     1    0.05    0.14    0.12    1.30 v _0947_/Y (sky130_fd_sc_hd__nor2_2)
                                         _0057_ (net)
                  0.14    0.01    1.31 v _1308_/D (sky130_fd_sc_hd__dfrtp_4)
                                  1.31   data arrival time

                          0.00    0.00   clock core_clock (rise edge)
                          0.00    0.00   clock source latency
     1    0.07    0.00    0.00    0.00 ^ clk (in)
                                         clk (net)
                  0.00    0.00    0.00 ^ clkbuf_0_clk/A (sky130_fd_sc_hd__clkbuf_16)
     9    0.22    0.18    0.18    0.19 ^ clkbuf_0_clk/X (sky130_fd_sc_hd__clkbuf_16)
                                         clknet_0_clk (net)
                  0.18    0.01    0.19 ^ clkbuf_3_6__f_clk/A (sky130_fd_sc_hd__clkbuf_16)
    15    0.11    0.09    0.16    0.36 ^ clkbuf_3_6__f_clk/X (sky130_fd_sc_hd__clkbuf_16)
                                         clknet_3_6__leaf_clk (net)
                  0.10    0.00    0.36 ^ _1308_/CLK (sky130_fd_sc_hd__dfrtp_4)
                          0.00    0.36   clock reconvergence pessimism
                         -0.06    0.30   library hold time
                                  0.30   data required time
-----------------------------------------------------------------------------
                                  0.30   data required time
                                 -1.31   data arrival time
-----------------------------------------------------------------------------
                                  1.01   slack (MET)


Startpoint: _1302_ (rising edge-triggered flip-flop clocked by core_clock)
Endpoint: _1302_ (rising edge-triggered flip-flop clocked by core_clock)
Path Group: core_clock
Path Type: min
Corner: Fastest

Fanout     Cap    Slew   Delay    Time   Description
-----------------------------------------------------------------------------
                          0.00    0.00   clock core_clock (rise edge)
                          0.00    0.00   clock source latency
     1    0.07    0.00    0.00    0.00 ^ clk (in)
                                         clk (net)
                  0.00    0.00    0.00 ^ clkbuf_0_clk/A (sky130_fd_sc_hd__clkbuf_16)
     9    0.22    0.18    0.18    0.19 ^ clkbuf_0_clk/X (sky130_fd_sc_hd__clkbuf_16)
                                         clknet_0_clk (net)
                  0.18    0.01    0.19 ^ clkbuf_3_5__f_clk/A (sky130_fd_sc_hd__clkbuf_16)
    16    0.10    0.09    0.16    0.36 ^ clkbuf_3_5__f_clk/X (sky130_fd_sc_hd__clkbuf_16)
                                         clknet_3_5__leaf_clk (net)
                  0.09    0.00    0.36 ^ _1302_/CLK (sky130_fd_sc_hd__dfrtp_4)
     2    0.08    0.11    0.39    0.75 v _1302_/Q (sky130_fd_sc_hd__dfrtp_4)
                                         imem_inst.address[3] (net)
                  0.12    0.02    0.77 v _0890_/A (sky130_fd_sc_hd__buf_12)
    10    0.28    0.10    0.16    0.93 v _0890_/X (sky130_fd_sc_hd__buf_12)
                                         _0131_ (net)
                  0.12    0.03    0.96 v _0957_/B1 (sky130_fd_sc_hd__a21oi_4)
     1    0.07    0.28    0.25    1.21 ^ _0957_/Y (sky130_fd_sc_hd__a21oi_4)
                                         _0170_ (net)
                  0.28    0.01    1.22 ^ _0958_/B (sky130_fd_sc_hd__nor2_4)
     1    0.07    0.10    0.09    1.31 v _0958_/Y (sky130_fd_sc_hd__nor2_4)
                                         _0051_ (net)
                  0.11    0.02    1.33 v _1302_/D (sky130_fd_sc_hd__dfrtp_4)
                                  1.33   data arrival time

                          0.00    0.00   clock core_clock (rise edge)
                          0.00    0.00   clock source latency
     1    0.07    0.00    0.00    0.00 ^ clk (in)
                                         clk (net)
                  0.00    0.00    0.00 ^ clkbuf_0_clk/A (sky130_fd_sc_hd__clkbuf_16)
     9    0.22    0.18    0.18    0.19 ^ clkbuf_0_clk/X (sky130_fd_sc_hd__clkbuf_16)
                                         clknet_0_clk (net)
                  0.18    0.01    0.19 ^ clkbuf_3_5__f_clk/A (sky130_fd_sc_hd__clkbuf_16)
    16    0.10    0.09    0.16    0.36 ^ clkbuf_3_5__f_clk/X (sky130_fd_sc_hd__clkbuf_16)
                                         clknet_3_5__leaf_clk (net)
                  0.09    0.00    0.36 ^ _1302_/CLK (sky130_fd_sc_hd__dfrtp_4)
                          0.00    0.36   clock reconvergence pessimism
                         -0.05    0.31   library hold time
                                  0.31   data required time
-----------------------------------------------------------------------------
                                  0.31   data required time
                                 -1.33   data arrival time
-----------------------------------------------------------------------------
                                  1.01   slack (MET)


Startpoint: _1320_ (rising edge-triggered flip-flop clocked by core_clock)
Endpoint: _1320_ (rising edge-triggered flip-flop clocked by core_clock)
Path Group: core_clock
Path Type: min
Corner: Fastest

Fanout     Cap    Slew   Delay    Time   Description
-----------------------------------------------------------------------------
                          0.00    0.00   clock core_clock (rise edge)
                          0.00    0.00   clock source latency
     1    0.07    0.00    0.00    0.00 ^ clk (in)
                                         clk (net)
                  0.00    0.00    0.00 ^ clkbuf_0_clk/A (sky130_fd_sc_hd__clkbuf_16)
     9    0.22    0.18    0.18    0.19 ^ clkbuf_0_clk/X (sky130_fd_sc_hd__clkbuf_16)
                                         clknet_0_clk (net)
                  0.18    0.01    0.19 ^ clkbuf_3_6__f_clk/A (sky130_fd_sc_hd__clkbuf_16)
    15    0.11    0.09    0.16    0.36 ^ clkbuf_3_6__f_clk/X (sky130_fd_sc_hd__clkbuf_16)
                                         clknet_3_6__leaf_clk (net)
                  0.10    0.01    0.36 ^ _1320_/CLK (sky130_fd_sc_hd__dfrtp_4)
     4    0.13    0.29    0.45    0.81 ^ _1320_/Q (sky130_fd_sc_hd__dfrtp_4)
                                         imem_inst.address[21] (net)
                  0.29    0.02    0.83 ^ _0903_/A (sky130_fd_sc_hd__and3_4)
     4    0.14    0.30    0.34    1.17 ^ _0903_/X (sky130_fd_sc_hd__and3_4)
                                         _0144_ (net)
                  0.30    0.01    1.18 ^ _0927_/A (sky130_fd_sc_hd__nor2_4)
     2    0.09    0.15    0.11    1.29 v _0927_/Y (sky130_fd_sc_hd__nor2_4)
                                         _0069_ (net)
                  0.16    0.03    1.32 v _1320_/D (sky130_fd_sc_hd__dfrtp_4)
                                  1.32   data arrival time

                          0.00    0.00   clock core_clock (rise edge)
                          0.00    0.00   clock source latency
     1    0.07    0.00    0.00    0.00 ^ clk (in)
                                         clk (net)
                  0.00    0.00    0.00 ^ clkbuf_0_clk/A (sky130_fd_sc_hd__clkbuf_16)
     9    0.22    0.18    0.18    0.19 ^ clkbuf_0_clk/X (sky130_fd_sc_hd__clkbuf_16)
                                         clknet_0_clk (net)
                  0.18    0.01    0.19 ^ clkbuf_3_6__f_clk/A (sky130_fd_sc_hd__clkbuf_16)
    15    0.11    0.09    0.16    0.36 ^ clkbuf_3_6__f_clk/X (sky130_fd_sc_hd__clkbuf_16)
                                         clknet_3_6__leaf_clk (net)
                  0.10    0.01    0.36 ^ _1320_/CLK (sky130_fd_sc_hd__dfrtp_4)
                          0.00    0.36   clock reconvergence pessimism
                         -0.06    0.30   library hold time
                                  0.30   data required time
-----------------------------------------------------------------------------
                                  0.30   data required time
                                 -1.32   data arrival time
-----------------------------------------------------------------------------
                                  1.02   slack (MET)


Startpoint: _1296_ (rising edge-triggered flip-flop clocked by core_clock)
Endpoint: _1296_ (rising edge-triggered flip-flop clocked by core_clock)
Path Group: core_clock
Path Type: min
Corner: Fastest

Fanout     Cap    Slew   Delay    Time   Description
-----------------------------------------------------------------------------
                          0.00    0.00   clock core_clock (rise edge)
                          0.00    0.00   clock source latency
     1    0.07    0.00    0.00    0.00 ^ clk (in)
                                         clk (net)
                  0.00    0.00    0.00 ^ clkbuf_0_clk/A (sky130_fd_sc_hd__clkbuf_16)
     9    0.22    0.18    0.18    0.19 ^ clkbuf_0_clk/X (sky130_fd_sc_hd__clkbuf_16)
                                         clknet_0_clk (net)
                  0.18    0.01    0.19 ^ clkbuf_3_3__f_clk/A (sky130_fd_sc_hd__clkbuf_16)
    10    0.11    0.09    0.16    0.36 ^ clkbuf_3_3__f_clk/X (sky130_fd_sc_hd__clkbuf_16)
                                         clknet_3_3__leaf_clk (net)
                  0.09    0.00    0.36 ^ _1296_/CLK (sky130_fd_sc_hd__dfxtp_4)
     5    0.14    0.13    0.32    0.68 v _1296_/Q (sky130_fd_sc_hd__dfxtp_4)
                                         display_inst.counter[15] (net)
                  0.13    0.01    0.69 v _0734_/A (sky130_fd_sc_hd__or2_4)
     1    0.06    0.09    0.24    0.93 v _0734_/X (sky130_fd_sc_hd__or2_4)
                                         _0565_ (net)
                  0.09    0.01    0.95 v _0737_/B (sky130_fd_sc_hd__and3_4)
     1    0.07    0.07    0.18    1.13 v _0737_/X (sky130_fd_sc_hd__and3_4)
                                         _0568_ (net)
                  0.08    0.02    1.15 v _0738_/A (sky130_fd_sc_hd__buf_2)
     2    0.07    0.11    0.17    1.31 v _0738_/X (sky130_fd_sc_hd__buf_2)
                                         _0045_ (net)
                  0.11    0.01    1.33 v _1296_/D (sky130_fd_sc_hd__dfxtp_4)
                                  1.33   data arrival time

                          0.00    0.00   clock core_clock (rise edge)
                          0.00    0.00   clock source latency
     1    0.07    0.00    0.00    0.00 ^ clk (in)
                                         clk (net)
                  0.00    0.00    0.00 ^ clkbuf_0_clk/A (sky130_fd_sc_hd__clkbuf_16)
     9    0.22    0.18    0.18    0.19 ^ clkbuf_0_clk/X (sky130_fd_sc_hd__clkbuf_16)
                                         clknet_0_clk (net)
                  0.18    0.01    0.19 ^ clkbuf_3_3__f_clk/A (sky130_fd_sc_hd__clkbuf_16)
    10    0.11    0.09    0.16    0.36 ^ clkbuf_3_3__f_clk/X (sky130_fd_sc_hd__clkbuf_16)
                                         clknet_3_3__leaf_clk (net)
                  0.09    0.00    0.36 ^ _1296_/CLK (sky130_fd_sc_hd__dfxtp_4)
                          0.00    0.36   clock reconvergence pessimism
                         -0.05    0.30   library hold time
                                  0.30   data required time
-----------------------------------------------------------------------------
                                  0.30   data required time
                                 -1.33   data arrival time
-----------------------------------------------------------------------------
                                  1.02   slack (MET)


Startpoint: _1306_ (rising edge-triggered flip-flop clocked by core_clock)
Endpoint: _1306_ (rising edge-triggered flip-flop clocked by core_clock)
Path Group: core_clock
Path Type: min
Corner: Fastest

Fanout     Cap    Slew   Delay    Time   Description
-----------------------------------------------------------------------------
                          0.00    0.00   clock core_clock (rise edge)
                          0.00    0.00   clock source latency
     1    0.07    0.00    0.00    0.00 ^ clk (in)
                                         clk (net)
                  0.00    0.00    0.00 ^ clkbuf_0_clk/A (sky130_fd_sc_hd__clkbuf_16)
     9    0.22    0.18    0.18    0.19 ^ clkbuf_0_clk/X (sky130_fd_sc_hd__clkbuf_16)
                                         clknet_0_clk (net)
                  0.18    0.01    0.19 ^ clkbuf_3_0__f_clk/A (sky130_fd_sc_hd__clkbuf_16)
    16    0.11    0.10    0.17    0.36 ^ clkbuf_3_0__f_clk/X (sky130_fd_sc_hd__clkbuf_16)
                                         clknet_3_0__leaf_clk (net)
                  0.10    0.01    0.37 ^ _1306_/CLK (sky130_fd_sc_hd__dfrtp_4)
     3    0.14    0.17    0.41    0.78 v _1306_/Q (sky130_fd_sc_hd__dfrtp_4)
                                         imem_inst.address[7] (net)
                  0.19    0.05    0.83 v _0949_/A (sky130_fd_sc_hd__nor2_4)
     1    0.09    0.39    0.36    1.18 ^ _0949_/Y (sky130_fd_sc_hd__nor2_4)
                                         _0166_ (net)
                  0.39    0.03    1.21 ^ _0950_/B (sky130_fd_sc_hd__nor2_4)
     7    0.09    0.16    0.11    1.32 v _0950_/Y (sky130_fd_sc_hd__nor2_4)
                                         _0055_ (net)
                  0.17    0.02    1.34 v _1306_/D (sky130_fd_sc_hd__dfrtp_4)
                                  1.34   data arrival time

                          0.00    0.00   clock core_clock (rise edge)
                          0.00    0.00   clock source latency
     1    0.07    0.00    0.00    0.00 ^ clk (in)
                                         clk (net)
                  0.00    0.00    0.00 ^ clkbuf_0_clk/A (sky130_fd_sc_hd__clkbuf_16)
     9    0.22    0.18    0.18    0.19 ^ clkbuf_0_clk/X (sky130_fd_sc_hd__clkbuf_16)
                                         clknet_0_clk (net)
                  0.18    0.01    0.19 ^ clkbuf_3_0__f_clk/A (sky130_fd_sc_hd__clkbuf_16)
    16    0.11    0.10    0.17    0.36 ^ clkbuf_3_0__f_clk/X (sky130_fd_sc_hd__clkbuf_16)
                                         clknet_3_0__leaf_clk (net)
                  0.10    0.01    0.37 ^ _1306_/CLK (sky130_fd_sc_hd__dfrtp_4)
                          0.00    0.37   clock reconvergence pessimism
                         -0.07    0.30   library hold time
                                  0.30   data required time
-----------------------------------------------------------------------------
                                  0.30   data required time
                                 -1.34   data arrival time
-----------------------------------------------------------------------------
                                  1.04   slack (MET)


Startpoint: _1305_ (rising edge-triggered flip-flop clocked by core_clock)
Endpoint: _1305_ (rising edge-triggered flip-flop clocked by core_clock)
Path Group: core_clock
Path Type: min
Corner: Fastest

Fanout     Cap    Slew   Delay    Time   Description
-----------------------------------------------------------------------------
                          0.00    0.00   clock core_clock (rise edge)
                          0.00    0.00   clock source latency
     1    0.07    0.00    0.00    0.00 ^ clk (in)
                                         clk (net)
                  0.00    0.00    0.00 ^ clkbuf_0_clk/A (sky130_fd_sc_hd__clkbuf_16)
     9    0.22    0.18    0.18    0.19 ^ clkbuf_0_clk/X (sky130_fd_sc_hd__clkbuf_16)
                                         clknet_0_clk (net)
                  0.18    0.01    0.19 ^ clkbuf_3_6__f_clk/A (sky130_fd_sc_hd__clkbuf_16)
    15    0.11    0.09    0.16    0.36 ^ clkbuf_3_6__f_clk/X (sky130_fd_sc_hd__clkbuf_16)
                                         clknet_3_6__leaf_clk (net)
                  0.10    0.01    0.36 ^ _1305_/CLK (sky130_fd_sc_hd__dfrtp_4)
     4    0.07    0.16    0.36    0.73 ^ _1305_/Q (sky130_fd_sc_hd__dfrtp_4)
                                         imem_inst.address[6] (net)
                  0.16    0.01    0.74 ^ rebuffer67/A (sky130_fd_sc_hd__dlygate4sd1_1)
     1    0.00    0.04    0.14    0.88 ^ rebuffer67/X (sky130_fd_sc_hd__dlygate4sd1_1)
                                         net90 (net)
                  0.04    0.00    0.88 ^ _0893_/A (sky130_fd_sc_hd__and3_4)
     3    0.16    0.35    0.31    1.19 ^ _0893_/X (sky130_fd_sc_hd__and3_4)
                                         _0134_ (net)
                  0.35    0.03    1.22 ^ _0952_/A (sky130_fd_sc_hd__nor2_4)
     5    0.08    0.15    0.11    1.33 v _0952_/Y (sky130_fd_sc_hd__nor2_4)
                                         _0054_ (net)
                  0.15    0.02    1.35 v _1305_/D (sky130_fd_sc_hd__dfrtp_4)
                                  1.35   data arrival time

                          0.00    0.00   clock core_clock (rise edge)
                          0.00    0.00   clock source latency
     1    0.07    0.00    0.00    0.00 ^ clk (in)
                                         clk (net)
                  0.00    0.00    0.00 ^ clkbuf_0_clk/A (sky130_fd_sc_hd__clkbuf_16)
     9    0.22    0.18    0.18    0.19 ^ clkbuf_0_clk/X (sky130_fd_sc_hd__clkbuf_16)
                                         clknet_0_clk (net)
                  0.18    0.01    0.19 ^ clkbuf_3_6__f_clk/A (sky130_fd_sc_hd__clkbuf_16)
    15    0.11    0.09    0.16    0.36 ^ clkbuf_3_6__f_clk/X (sky130_fd_sc_hd__clkbuf_16)
                                         clknet_3_6__leaf_clk (net)
                  0.10    0.01    0.36 ^ _1305_/CLK (sky130_fd_sc_hd__dfrtp_4)
                          0.00    0.36   clock reconvergence pessimism
                         -0.06    0.30   library hold time
                                  0.30   data required time
-----------------------------------------------------------------------------
                                  0.30   data required time
                                 -1.35   data arrival time
-----------------------------------------------------------------------------
                                  1.05   slack (MET)


Startpoint: _1301_ (rising edge-triggered flip-flop clocked by core_clock)
Endpoint: _1301_ (rising edge-triggered flip-flop clocked by core_clock)
Path Group: core_clock
Path Type: min
Corner: Fastest

Fanout     Cap    Slew   Delay    Time   Description
-----------------------------------------------------------------------------
                          0.00    0.00   clock core_clock (rise edge)
                          0.00    0.00   clock source latency
     1    0.07    0.00    0.00    0.00 ^ clk (in)
                                         clk (net)
                  0.00    0.00    0.00 ^ clkbuf_0_clk/A (sky130_fd_sc_hd__clkbuf_16)
     9    0.22    0.18    0.18    0.19 ^ clkbuf_0_clk/X (sky130_fd_sc_hd__clkbuf_16)
                                         clknet_0_clk (net)
                  0.18    0.01    0.19 ^ clkbuf_3_0__f_clk/A (sky130_fd_sc_hd__clkbuf_16)
    16    0.11    0.10    0.17    0.36 ^ clkbuf_3_0__f_clk/X (sky130_fd_sc_hd__clkbuf_16)
                                         clknet_3_0__leaf_clk (net)
                  0.10    0.00    0.36 ^ _1301_/CLK (sky130_fd_sc_hd__dfrtp_4)
    10    0.29    0.28    0.51    0.87 v _1301_/Q (sky130_fd_sc_hd__dfrtp_4)
                                         imem_inst.address[2] (net)
                  0.31    0.06    0.93 v _0956_/A (sky130_fd_sc_hd__buf_12)
     9    0.22    0.10    0.22    1.16 v _0956_/X (sky130_fd_sc_hd__buf_12)
                                         _0169_ (net)
                  0.13    0.05    1.20 v _0959_/B (sky130_fd_sc_hd__xor2_4)
     2    0.09    0.11    0.19    1.40 v _0959_/X (sky130_fd_sc_hd__xor2_4)
                                         _0050_ (net)
                  0.12    0.03    1.42 v _1301_/D (sky130_fd_sc_hd__dfrtp_4)
                                  1.42   data arrival time

                          0.00    0.00   clock core_clock (rise edge)
                          0.00    0.00   clock source latency
     1    0.07    0.00    0.00    0.00 ^ clk (in)
                                         clk (net)
                  0.00    0.00    0.00 ^ clkbuf_0_clk/A (sky130_fd_sc_hd__clkbuf_16)
     9    0.22    0.18    0.18    0.19 ^ clkbuf_0_clk/X (sky130_fd_sc_hd__clkbuf_16)
                                         clknet_0_clk (net)
                  0.18    0.01    0.19 ^ clkbuf_3_0__f_clk/A (sky130_fd_sc_hd__clkbuf_16)
    16    0.11    0.10    0.17    0.36 ^ clkbuf_3_0__f_clk/X (sky130_fd_sc_hd__clkbuf_16)
                                         clknet_3_0__leaf_clk (net)
                  0.10    0.00    0.36 ^ _1301_/CLK (sky130_fd_sc_hd__dfrtp_4)
                          0.00    0.36   clock reconvergence pessimism
                         -0.05    0.31   library hold time
                                  0.31   data required time
-----------------------------------------------------------------------------
                                  0.31   data required time
                                 -1.42   data arrival time
-----------------------------------------------------------------------------
                                  1.11   slack (MET)


Startpoint: _1315_ (rising edge-triggered flip-flop clocked by core_clock)
Endpoint: _1316_ (rising edge-triggered flip-flop clocked by core_clock)
Path Group: core_clock
Path Type: min
Corner: Fastest

Fanout     Cap    Slew   Delay    Time   Description
-----------------------------------------------------------------------------
                          0.00    0.00   clock core_clock (rise edge)
                          0.00    0.00   clock source latency
     1    0.07    0.00    0.00    0.00 ^ clk (in)
                                         clk (net)
                  0.00    0.00    0.00 ^ clkbuf_0_clk/A (sky130_fd_sc_hd__clkbuf_16)
     9    0.22    0.18    0.18    0.19 ^ clkbuf_0_clk/X (sky130_fd_sc_hd__clkbuf_16)
                                         clknet_0_clk (net)
                  0.18    0.01    0.19 ^ clkbuf_3_0__f_clk/A (sky130_fd_sc_hd__clkbuf_16)
    16    0.11    0.10    0.17    0.36 ^ clkbuf_3_0__f_clk/X (sky130_fd_sc_hd__clkbuf_16)
                                         clknet_3_0__leaf_clk (net)
                  0.10    0.01    0.37 ^ _1315_/CLK (sky130_fd_sc_hd__dfrtp_4)
     5    0.11    0.14    0.40    0.77 v _1315_/Q (sky130_fd_sc_hd__dfrtp_4)
                                         imem_inst.address[16] (net)
                  0.15    0.02    0.79 v rebuffer27/A (sky130_fd_sc_hd__dlygate4sd1_1)
     1    0.02    0.06    0.23    1.02 v rebuffer27/X (sky130_fd_sc_hd__dlygate4sd1_1)
                                         net49 (net)
                  0.06    0.00    1.02 v _0900_/A (sky130_fd_sc_hd__and2_4)
     4    0.14    0.13    0.18    1.20 v _0900_/X (sky130_fd_sc_hd__and2_4)
                                         _0141_ (net)
                  0.14    0.03    1.23 v _0933_/B (sky130_fd_sc_hd__xor2_4)
     1    0.11    0.11    0.22    1.45 v _0933_/X (sky130_fd_sc_hd__xor2_4)
                                         _0065_ (net)
                  0.12    0.01    1.46 v _1316_/D (sky130_fd_sc_hd__dfrtp_4)
                                  1.46   data arrival time

                          0.00    0.00   clock core_clock (rise edge)
                          0.00    0.00   clock source latency
     1    0.07    0.00    0.00    0.00 ^ clk (in)
                                         clk (net)
                  0.00    0.00    0.00 ^ clkbuf_0_clk/A (sky130_fd_sc_hd__clkbuf_16)
     9    0.22    0.18    0.18    0.19 ^ clkbuf_0_clk/X (sky130_fd_sc_hd__clkbuf_16)
                                         clknet_0_clk (net)
                  0.18    0.01    0.19 ^ clkbuf_3_7__f_clk/A (sky130_fd_sc_hd__clkbuf_16)
    12    0.09    0.09    0.16    0.35 ^ clkbuf_3_7__f_clk/X (sky130_fd_sc_hd__clkbuf_16)
                                         clknet_3_7__leaf_clk (net)
                  0.09    0.00    0.36 ^ _1316_/CLK (sky130_fd_sc_hd__dfrtp_4)
                          0.00    0.36   clock reconvergence pessimism
                         -0.05    0.31   library hold time
                                  0.31   data required time
-----------------------------------------------------------------------------
                                  0.31   data required time
                                 -1.46   data arrival time
-----------------------------------------------------------------------------
                                  1.15   slack (MET)


Startpoint: _1321_ (rising edge-triggered flip-flop clocked by core_clock)
Endpoint: _1321_ (rising edge-triggered flip-flop clocked by core_clock)
Path Group: core_clock
Path Type: min
Corner: Fastest

Fanout     Cap    Slew   Delay    Time   Description
-----------------------------------------------------------------------------
                          0.00    0.00   clock core_clock (rise edge)
                          0.00    0.00   clock source latency
     1    0.07    0.00    0.00    0.00 ^ clk (in)
                                         clk (net)
                  0.00    0.00    0.00 ^ clkbuf_0_clk/A (sky130_fd_sc_hd__clkbuf_16)
     9    0.22    0.18    0.18    0.19 ^ clkbuf_0_clk/X (sky130_fd_sc_hd__clkbuf_16)
                                         clknet_0_clk (net)
                  0.18    0.01    0.19 ^ clkbuf_3_5__f_clk/A (sky130_fd_sc_hd__clkbuf_16)
    16    0.10    0.09    0.16    0.36 ^ clkbuf_3_5__f_clk/X (sky130_fd_sc_hd__clkbuf_16)
                                         clknet_3_5__leaf_clk (net)
                  0.09    0.00    0.36 ^ _1321_/CLK (sky130_fd_sc_hd__dfrtp_4)
     2    0.05    0.11    0.33    0.69 ^ _1321_/Q (sky130_fd_sc_hd__dfrtp_4)
                                         imem_inst.address[22] (net)
                  0.12    0.01    0.70 ^ rebuffer55/A (sky130_fd_sc_hd__dlygate4sd1_1)
     2    0.05    0.34    0.35    1.04 ^ rebuffer55/X (sky130_fd_sc_hd__dlygate4sd1_1)
                                         net78 (net)
                  0.34    0.01    1.05 ^ _0904_/A (sky130_fd_sc_hd__and2_4)
     4    0.11    0.23    0.26    1.31 ^ _0904_/X (sky130_fd_sc_hd__and2_4)
                                         _0145_ (net)
                  0.23    0.01    1.32 ^ _0925_/A (sky130_fd_sc_hd__nor2_4)
    14    0.12    0.14    0.12    1.44 v _0925_/Y (sky130_fd_sc_hd__nor2_4)
                                         _0070_ (net)
                  0.16    0.04    1.48 v _1321_/D (sky130_fd_sc_hd__dfrtp_4)
                                  1.48   data arrival time

                          0.00    0.00   clock core_clock (rise edge)
                          0.00    0.00   clock source latency
     1    0.07    0.00    0.00    0.00 ^ clk (in)
                                         clk (net)
                  0.00    0.00    0.00 ^ clkbuf_0_clk/A (sky130_fd_sc_hd__clkbuf_16)
     9    0.22    0.18    0.18    0.19 ^ clkbuf_0_clk/X (sky130_fd_sc_hd__clkbuf_16)
                                         clknet_0_clk (net)
                  0.18    0.01    0.19 ^ clkbuf_3_5__f_clk/A (sky130_fd_sc_hd__clkbuf_16)
    16    0.10    0.09    0.16    0.36 ^ clkbuf_3_5__f_clk/X (sky130_fd_sc_hd__clkbuf_16)
                                         clknet_3_5__leaf_clk (net)
                  0.09    0.00    0.36 ^ _1321_/CLK (sky130_fd_sc_hd__dfrtp_4)
                          0.00    0.36   clock reconvergence pessimism
                         -0.06    0.29   library hold time
                                  0.29   data required time
-----------------------------------------------------------------------------
                                  0.29   data required time
                                 -1.48   data arrival time
-----------------------------------------------------------------------------
                                  1.19   slack (MET)



worst slack corner Fastest: 0.4837
======================= Slowest Corner ===================================

Startpoint: _1285_ (rising edge-triggered flip-flop clocked by core_clock)
Endpoint: _1285_ (rising edge-triggered flip-flop clocked by core_clock)
Path Group: core_clock
Path Type: min
Corner: Slowest

Fanout     Cap    Slew   Delay    Time   Description
-----------------------------------------------------------------------------
                          0.00    0.00   clock core_clock (rise edge)
                          0.00    0.00   clock source latency
     1    0.07    0.00    0.00    0.00 ^ clk (in)
                                         clk (net)
                  0.00    0.00    0.00 ^ clkbuf_0_clk/A (sky130_fd_sc_hd__clkbuf_16)
     9    0.22    0.35    0.41    0.42 ^ clkbuf_0_clk/X (sky130_fd_sc_hd__clkbuf_16)
                                         clknet_0_clk (net)
                  0.35    0.01    0.42 ^ clkbuf_3_4__f_clk/A (sky130_fd_sc_hd__clkbuf_16)
    12    0.09    0.17    0.43    0.85 ^ clkbuf_3_4__f_clk/X (sky130_fd_sc_hd__clkbuf_16)
                                         clknet_3_4__leaf_clk (net)
                  0.17    0.00    0.85 ^ _1285_/CLK (sky130_fd_sc_hd__dfxtp_4)
     4    0.10    0.25    0.88    1.73 v _1285_/Q (sky130_fd_sc_hd__dfxtp_4)
                                         display_inst.counter[4] (net)
                  0.25    0.00    1.73 v _0705_/A (sky130_fd_sc_hd__xor2_1)
     1    0.01    0.14    0.44    2.17 v _0705_/X (sky130_fd_sc_hd__xor2_1)
                                         _0034_ (net)
                  0.14    0.00    2.17 v _1285_/D (sky130_fd_sc_hd__dfxtp_4)
                                  2.17   data arrival time

                          0.00    0.00   clock core_clock (rise edge)
                          0.00    0.00   clock source latency
     1    0.07    0.00    0.00    0.00 ^ clk (in)
                                         clk (net)
                  0.00    0.00    0.00 ^ clkbuf_0_clk/A (sky130_fd_sc_hd__clkbuf_16)
     9    0.22    0.35    0.41    0.42 ^ clkbuf_0_clk/X (sky130_fd_sc_hd__clkbuf_16)
                                         clknet_0_clk (net)
                  0.35    0.01    0.42 ^ clkbuf_3_4__f_clk/A (sky130_fd_sc_hd__clkbuf_16)
    12    0.09    0.17    0.43    0.85 ^ clkbuf_3_4__f_clk/X (sky130_fd_sc_hd__clkbuf_16)
                                         clknet_3_4__leaf_clk (net)
                  0.17    0.00    0.85 ^ _1285_/CLK (sky130_fd_sc_hd__dfxtp_4)
                          0.00    0.85   clock reconvergence pessimism
                         -0.09    0.76   library hold time
                                  0.76   data required time
-----------------------------------------------------------------------------
                                  0.76   data required time
                                 -2.17   data arrival time
-----------------------------------------------------------------------------
                                  1.41   slack (MET)


Startpoint: _1300_ (rising edge-triggered flip-flop clocked by core_clock)
Endpoint: _1300_ (rising edge-triggered flip-flop clocked by core_clock)
Path Group: core_clock
Path Type: min
Corner: Slowest

Fanout     Cap    Slew   Delay    Time   Description
-----------------------------------------------------------------------------
                          0.00    0.00   clock core_clock (rise edge)
                          0.00    0.00   clock source latency
     1    0.07    0.00    0.00    0.00 ^ clk (in)
                                         clk (net)
                  0.00    0.00    0.00 ^ clkbuf_0_clk/A (sky130_fd_sc_hd__clkbuf_16)
     9    0.22    0.35    0.41    0.42 ^ clkbuf_0_clk/X (sky130_fd_sc_hd__clkbuf_16)
                                         clknet_0_clk (net)
                  0.35    0.01    0.42 ^ clkbuf_3_1__f_clk/A (sky130_fd_sc_hd__clkbuf_16)
    13    0.09    0.16    0.43    0.85 ^ clkbuf_3_1__f_clk/X (sky130_fd_sc_hd__clkbuf_16)
                                         clknet_3_1__leaf_clk (net)
                  0.16    0.00    0.85 ^ _1300_/CLK (sky130_fd_sc_hd__dfxtp_4)
     2    0.11    0.26    0.88    1.73 v _1300_/Q (sky130_fd_sc_hd__dfxtp_4)
                                         display_inst.counter[19] (net)
                  0.26    0.02    1.75 v _0745_/A (sky130_fd_sc_hd__xor2_2)
     1    0.03    0.17    0.49    2.24 v _0745_/X (sky130_fd_sc_hd__xor2_2)
                                         _0049_ (net)
                  0.17    0.00    2.24 v _1300_/D (sky130_fd_sc_hd__dfxtp_4)
                                  2.24   data arrival time

                          0.00    0.00   clock core_clock (rise edge)
                          0.00    0.00   clock source latency
     1    0.07    0.00    0.00    0.00 ^ clk (in)
                                         clk (net)
                  0.00    0.00    0.00 ^ clkbuf_0_clk/A (sky130_fd_sc_hd__clkbuf_16)
     9    0.22    0.35    0.41    0.42 ^ clkbuf_0_clk/X (sky130_fd_sc_hd__clkbuf_16)
                                         clknet_0_clk (net)
                  0.35    0.01    0.42 ^ clkbuf_3_1__f_clk/A (sky130_fd_sc_hd__clkbuf_16)
    13    0.09    0.16    0.43    0.85 ^ clkbuf_3_1__f_clk/X (sky130_fd_sc_hd__clkbuf_16)
                                         clknet_3_1__leaf_clk (net)
                  0.16    0.00    0.85 ^ _1300_/CLK (sky130_fd_sc_hd__dfxtp_4)
                          0.00    0.85   clock reconvergence pessimism
                         -0.11    0.75   library hold time
                                  0.75   data required time
-----------------------------------------------------------------------------
                                  0.75   data required time
                                 -2.24   data arrival time
-----------------------------------------------------------------------------
                                  1.50   slack (MET)


Startpoint: _1281_ (rising edge-triggered flip-flop clocked by core_clock)
Endpoint: _1282_ (rising edge-triggered flip-flop clocked by core_clock)
Path Group: core_clock
Path Type: min
Corner: Slowest

Fanout     Cap    Slew   Delay    Time   Description
-----------------------------------------------------------------------------
                          0.00    0.00   clock core_clock (rise edge)
                          0.00    0.00   clock source latency
     1    0.07    0.00    0.00    0.00 ^ clk (in)
                                         clk (net)
                  0.00    0.00    0.00 ^ clkbuf_0_clk/A (sky130_fd_sc_hd__clkbuf_16)
     9    0.22    0.35    0.41    0.42 ^ clkbuf_0_clk/X (sky130_fd_sc_hd__clkbuf_16)
                                         clknet_0_clk (net)
                  0.35    0.01    0.42 ^ clkbuf_3_1__f_clk/A (sky130_fd_sc_hd__clkbuf_16)
    13    0.09    0.16    0.43    0.85 ^ clkbuf_3_1__f_clk/X (sky130_fd_sc_hd__clkbuf_16)
                                         clknet_3_1__leaf_clk (net)
                  0.16    0.00    0.85 ^ _1281_/CLK (sky130_fd_sc_hd__dfxtp_4)
     7    0.15    0.34    0.94    1.79 v _1281_/Q (sky130_fd_sc_hd__dfxtp_4)
                                         display_inst.counter[0] (net)
                  0.34    0.01    1.81 v _0698_/A (sky130_fd_sc_hd__xor2_2)
     1    0.03    0.18    0.53    2.33 v _0698_/X (sky130_fd_sc_hd__xor2_2)
                                         _0031_ (net)
                  0.18    0.00    2.34 v _1282_/D (sky130_fd_sc_hd__dfxtp_4)
                                  2.34   data arrival time

                          0.00    0.00   clock core_clock (rise edge)
                          0.00    0.00   clock source latency
     1    0.07    0.00    0.00    0.00 ^ clk (in)
                                         clk (net)
                  0.00    0.00    0.00 ^ clkbuf_0_clk/A (sky130_fd_sc_hd__clkbuf_16)
     9    0.22    0.35    0.41    0.42 ^ clkbuf_0_clk/X (sky130_fd_sc_hd__clkbuf_16)
                                         clknet_0_clk (net)
                  0.35    0.01    0.42 ^ clkbuf_3_1__f_clk/A (sky130_fd_sc_hd__clkbuf_16)
    13    0.09    0.16    0.43    0.85 ^ clkbuf_3_1__f_clk/X (sky130_fd_sc_hd__clkbuf_16)
                                         clknet_3_1__leaf_clk (net)
                  0.16    0.00    0.85 ^ _1282_/CLK (sky130_fd_sc_hd__dfxtp_4)
                          0.00    0.85   clock reconvergence pessimism
                         -0.11    0.74   library hold time
                                  0.74   data required time
-----------------------------------------------------------------------------
                                  0.74   data required time
                                 -2.34   data arrival time
-----------------------------------------------------------------------------
                                  1.59   slack (MET)


Startpoint: _1298_ (rising edge-triggered flip-flop clocked by core_clock)
Endpoint: _1298_ (rising edge-triggered flip-flop clocked by core_clock)
Path Group: core_clock
Path Type: min
Corner: Slowest

Fanout     Cap    Slew   Delay    Time   Description
-----------------------------------------------------------------------------
                          0.00    0.00   clock core_clock (rise edge)
                          0.00    0.00   clock source latency
     1    0.07    0.00    0.00    0.00 ^ clk (in)
                                         clk (net)
                  0.00    0.00    0.00 ^ clkbuf_0_clk/A (sky130_fd_sc_hd__clkbuf_16)
     9    0.22    0.35    0.41    0.42 ^ clkbuf_0_clk/X (sky130_fd_sc_hd__clkbuf_16)
                                         clknet_0_clk (net)
                  0.35    0.01    0.42 ^ clkbuf_3_2__f_clk/A (sky130_fd_sc_hd__clkbuf_16)
    14    0.09    0.16    0.42    0.84 ^ clkbuf_3_2__f_clk/X (sky130_fd_sc_hd__clkbuf_16)
                                         clknet_3_2__leaf_clk (net)
                  0.16    0.01    0.85 ^ _1298_/CLK (sky130_fd_sc_hd__dfxtp_4)
     3    0.15    0.35    0.94    1.80 v _1298_/Q (sky130_fd_sc_hd__dfxtp_4)
                                         display_inst.counter[17] (net)
                  0.35    0.01    1.81 v _0741_/A (sky130_fd_sc_hd__xnor2_2)
     1    0.03    0.31    0.54    2.35 v _0741_/Y (sky130_fd_sc_hd__xnor2_2)
                                         _0047_ (net)
                  0.31    0.00    2.35 v _1298_/D (sky130_fd_sc_hd__dfxtp_4)
                                  2.35   data arrival time

                          0.00    0.00   clock core_clock (rise edge)
                          0.00    0.00   clock source latency
     1    0.07    0.00    0.00    0.00 ^ clk (in)
                                         clk (net)
                  0.00    0.00    0.00 ^ clkbuf_0_clk/A (sky130_fd_sc_hd__clkbuf_16)
     9    0.22    0.35    0.41    0.42 ^ clkbuf_0_clk/X (sky130_fd_sc_hd__clkbuf_16)
                                         clknet_0_clk (net)
                  0.35    0.01    0.42 ^ clkbuf_3_2__f_clk/A (sky130_fd_sc_hd__clkbuf_16)
    14    0.09    0.16    0.42    0.84 ^ clkbuf_3_2__f_clk/X (sky130_fd_sc_hd__clkbuf_16)
                                         clknet_3_2__leaf_clk (net)
                  0.16    0.01    0.85 ^ _1298_/CLK (sky130_fd_sc_hd__dfxtp_4)
                          0.00    0.85   clock reconvergence pessimism
                         -0.16    0.70   library hold time
                                  0.70   data required time
-----------------------------------------------------------------------------
                                  0.70   data required time
                                 -2.35   data arrival time
-----------------------------------------------------------------------------
                                  1.66   slack (MET)


Startpoint: _1299_ (rising edge-triggered flip-flop clocked by core_clock)
Endpoint: _1299_ (rising edge-triggered flip-flop clocked by core_clock)
Path Group: core_clock
Path Type: min
Corner: Slowest

Fanout     Cap    Slew   Delay    Time   Description
-----------------------------------------------------------------------------
                          0.00    0.00   clock core_clock (rise edge)
                          0.00    0.00   clock source latency
     1    0.07    0.00    0.00    0.00 ^ clk (in)
                                         clk (net)
                  0.00    0.00    0.00 ^ clkbuf_0_clk/A (sky130_fd_sc_hd__clkbuf_16)
     9    0.22    0.35    0.41    0.42 ^ clkbuf_0_clk/X (sky130_fd_sc_hd__clkbuf_16)
                                         clknet_0_clk (net)
                  0.35    0.01    0.42 ^ clkbuf_3_6__f_clk/A (sky130_fd_sc_hd__clkbuf_16)
    15    0.10    0.18    0.44    0.86 ^ clkbuf_3_6__f_clk/X (sky130_fd_sc_hd__clkbuf_16)
                                         clknet_3_6__leaf_clk (net)
                  0.18    0.01    0.87 ^ _1299_/CLK (sky130_fd_sc_hd__dfxtp_4)
     5    0.14    0.31    0.93    1.80 v _1299_/Q (sky130_fd_sc_hd__dfxtp_4)
                                         display_inst.counter[18] (net)
                  0.32    0.03    1.83 v _0743_/A (sky130_fd_sc_hd__xor2_4)
     8    0.09    0.23    0.57    2.40 v _0743_/X (sky130_fd_sc_hd__xor2_4)
                                         _0048_ (net)
                  0.24    0.02    2.43 v _1299_/D (sky130_fd_sc_hd__dfxtp_4)
                                  2.43   data arrival time

                          0.00    0.00   clock core_clock (rise edge)
                          0.00    0.00   clock source latency
     1    0.07    0.00    0.00    0.00 ^ clk (in)
                                         clk (net)
                  0.00    0.00    0.00 ^ clkbuf_0_clk/A (sky130_fd_sc_hd__clkbuf_16)
     9    0.22    0.35    0.41    0.42 ^ clkbuf_0_clk/X (sky130_fd_sc_hd__clkbuf_16)
                                         clknet_0_clk (net)
                  0.35    0.01    0.42 ^ clkbuf_3_6__f_clk/A (sky130_fd_sc_hd__clkbuf_16)
    15    0.10    0.18    0.44    0.86 ^ clkbuf_3_6__f_clk/X (sky130_fd_sc_hd__clkbuf_16)
                                         clknet_3_6__leaf_clk (net)
                  0.18    0.01    0.87 ^ _1299_/CLK (sky130_fd_sc_hd__dfxtp_4)
                          0.00    0.87   clock reconvergence pessimism
                         -0.13    0.74   library hold time
                                  0.74   data required time
-----------------------------------------------------------------------------
                                  0.74   data required time
                                 -2.43   data arrival time
-----------------------------------------------------------------------------
                                  1.68   slack (MET)


Startpoint: _1293_ (rising edge-triggered flip-flop clocked by core_clock)
Endpoint: _1293_ (rising edge-triggered flip-flop clocked by core_clock)
Path Group: core_clock
Path Type: min
Corner: Slowest

Fanout     Cap    Slew   Delay    Time   Description
-----------------------------------------------------------------------------
                          0.00    0.00   clock core_clock (rise edge)
                          0.00    0.00   clock source latency
     1    0.07    0.00    0.00    0.00 ^ clk (in)
                                         clk (net)
                  0.00    0.00    0.00 ^ clkbuf_0_clk/A (sky130_fd_sc_hd__clkbuf_16)
     9    0.22    0.35    0.41    0.42 ^ clkbuf_0_clk/X (sky130_fd_sc_hd__clkbuf_16)
                                         clknet_0_clk (net)
                  0.35    0.01    0.42 ^ clkbuf_3_5__f_clk/A (sky130_fd_sc_hd__clkbuf_16)
    16    0.10    0.18    0.44    0.86 ^ clkbuf_3_5__f_clk/X (sky130_fd_sc_hd__clkbuf_16)
                                         clknet_3_5__leaf_clk (net)
                  0.18    0.01    0.87 ^ _1293_/CLK (sky130_fd_sc_hd__dfxtp_4)
     6    0.17    0.39    0.98    1.84 v _1293_/Q (sky130_fd_sc_hd__dfxtp_4)
                                         display_inst.counter[12] (net)
                  0.39    0.03    1.87 v _0727_/A (sky130_fd_sc_hd__xor2_4)
     1    0.06    0.18    0.56    2.44 v _0727_/X (sky130_fd_sc_hd__xor2_4)
                                         _0042_ (net)
                  0.18    0.01    2.45 v _1293_/D (sky130_fd_sc_hd__dfxtp_4)
                                  2.45   data arrival time

                          0.00    0.00   clock core_clock (rise edge)
                          0.00    0.00   clock source latency
     1    0.07    0.00    0.00    0.00 ^ clk (in)
                                         clk (net)
                  0.00    0.00    0.00 ^ clkbuf_0_clk/A (sky130_fd_sc_hd__clkbuf_16)
     9    0.22    0.35    0.41    0.42 ^ clkbuf_0_clk/X (sky130_fd_sc_hd__clkbuf_16)
                                         clknet_0_clk (net)
                  0.35    0.01    0.42 ^ clkbuf_3_5__f_clk/A (sky130_fd_sc_hd__clkbuf_16)
    16    0.10    0.18    0.44    0.86 ^ clkbuf_3_5__f_clk/X (sky130_fd_sc_hd__clkbuf_16)
                                         clknet_3_5__leaf_clk (net)
                  0.18    0.01    0.87 ^ _1293_/CLK (sky130_fd_sc_hd__dfxtp_4)
                          0.00    0.87   clock reconvergence pessimism
                         -0.11    0.76   library hold time
                                  0.76   data required time
-----------------------------------------------------------------------------
                                  0.76   data required time
                                 -2.45   data arrival time
-----------------------------------------------------------------------------
                                  1.69   slack (MET)


Startpoint: _1363_ (rising edge-triggered flip-flop clocked by core_clock)
Endpoint: _1363_ (rising edge-triggered flip-flop clocked by core_clock)
Path Group: core_clock
Path Type: min
Corner: Slowest

Fanout     Cap    Slew   Delay    Time   Description
-----------------------------------------------------------------------------
                          0.00    0.00   clock core_clock (rise edge)
                          0.00    0.00   clock source latency
     1    0.07    0.00    0.00    0.00 ^ clk (in)
                                         clk (net)
                  0.00    0.00    0.00 ^ clkbuf_0_clk/A (sky130_fd_sc_hd__clkbuf_16)
     9    0.22    0.35    0.41    0.42 ^ clkbuf_0_clk/X (sky130_fd_sc_hd__clkbuf_16)
                                         clknet_0_clk (net)
                  0.35    0.01    0.42 ^ clkbuf_3_2__f_clk/A (sky130_fd_sc_hd__clkbuf_16)
    14    0.09    0.16    0.42    0.84 ^ clkbuf_3_2__f_clk/X (sky130_fd_sc_hd__clkbuf_16)
                                         clknet_3_2__leaf_clk (net)
                  0.16    0.01    0.85 ^ _1363_/CLK (sky130_fd_sc_hd__dfxtp_4)
     1    0.08    0.39    0.97    1.82 ^ _1363_/Q (sky130_fd_sc_hd__dfxtp_4)
                                         regfile_inst.registers[15][0] (net)
                  0.39    0.03    1.85 ^ _1015_/A (sky130_fd_sc_hd__inv_4)
     3    0.12    0.28    0.37    2.22 v _1015_/Y (sky130_fd_sc_hd__inv_4)
                                         _0226_ (net)
                  0.28    0.02    2.24 v _0855_/A (sky130_fd_sc_hd__nand2_1)
     1    0.01    0.16    0.24    2.48 ^ _0855_/Y (sky130_fd_sc_hd__nand2_1)
                                         _0112_ (net)
                  0.16    0.00    2.48 ^ _1363_/D (sky130_fd_sc_hd__dfxtp_4)
                                  2.48   data arrival time

                          0.00    0.00   clock core_clock (rise edge)
                          0.00    0.00   clock source latency
     1    0.07    0.00    0.00    0.00 ^ clk (in)
                                         clk (net)
                  0.00    0.00    0.00 ^ clkbuf_0_clk/A (sky130_fd_sc_hd__clkbuf_16)
     9    0.22    0.35    0.41    0.42 ^ clkbuf_0_clk/X (sky130_fd_sc_hd__clkbuf_16)
                                         clknet_0_clk (net)
                  0.35    0.01    0.42 ^ clkbuf_3_2__f_clk/A (sky130_fd_sc_hd__clkbuf_16)
    14    0.09    0.16    0.42    0.84 ^ clkbuf_3_2__f_clk/X (sky130_fd_sc_hd__clkbuf_16)
                                         clknet_3_2__leaf_clk (net)
                  0.16    0.01    0.85 ^ _1363_/CLK (sky130_fd_sc_hd__dfxtp_4)
                          0.00    0.85   clock reconvergence pessimism
                         -0.08    0.77   library hold time
                                  0.77   data required time
-----------------------------------------------------------------------------
                                  0.77   data required time
                                 -2.48   data arrival time
-----------------------------------------------------------------------------
                                  1.70   slack (MET)


Startpoint: _1379_ (rising edge-triggered flip-flop clocked by core_clock)
Endpoint: _1379_ (rising edge-triggered flip-flop clocked by core_clock)
Path Group: core_clock
Path Type: min
Corner: Slowest

Fanout     Cap    Slew   Delay    Time   Description
-----------------------------------------------------------------------------
                          0.00    0.00   clock core_clock (rise edge)
                          0.00    0.00   clock source latency
     1    0.07    0.00    0.00    0.00 ^ clk (in)
                                         clk (net)
                  0.00    0.00    0.00 ^ clkbuf_0_clk/A (sky130_fd_sc_hd__clkbuf_16)
     9    0.22    0.35    0.41    0.42 ^ clkbuf_0_clk/X (sky130_fd_sc_hd__clkbuf_16)
                                         clknet_0_clk (net)
                  0.35    0.01    0.42 ^ clkbuf_3_1__f_clk/A (sky130_fd_sc_hd__clkbuf_16)
    13    0.09    0.16    0.43    0.85 ^ clkbuf_3_1__f_clk/X (sky130_fd_sc_hd__clkbuf_16)
                                         clknet_3_1__leaf_clk (net)
                  0.16    0.00    0.85 ^ _1379_/CLK (sky130_fd_sc_hd__dfxtp_4)
     5    0.20    0.44    1.02    1.87 v _1379_/Q (sky130_fd_sc_hd__dfxtp_4)
                                         display_inst.digit_select[0] (net)
                  0.44    0.02    1.89 v _0886_/A (sky130_fd_sc_hd__xnor2_2)
     2    0.03    0.26    0.54    2.43 v _0886_/Y (sky130_fd_sc_hd__xnor2_2)
                                         _0128_ (net)
                  0.26    0.00    2.43 v _1379_/D (sky130_fd_sc_hd__dfxtp_4)
                                  2.43   data arrival time

                          0.00    0.00   clock core_clock (rise edge)
                          0.00    0.00   clock source latency
     1    0.07    0.00    0.00    0.00 ^ clk (in)
                                         clk (net)
                  0.00    0.00    0.00 ^ clkbuf_0_clk/A (sky130_fd_sc_hd__clkbuf_16)
     9    0.22    0.35    0.41    0.42 ^ clkbuf_0_clk/X (sky130_fd_sc_hd__clkbuf_16)
                                         clknet_0_clk (net)
                  0.35    0.01    0.42 ^ clkbuf_3_1__f_clk/A (sky130_fd_sc_hd__clkbuf_16)
    13    0.09    0.16    0.43    0.85 ^ clkbuf_3_1__f_clk/X (sky130_fd_sc_hd__clkbuf_16)
                                         clknet_3_1__leaf_clk (net)
                  0.16    0.00    0.85 ^ _1379_/CLK (sky130_fd_sc_hd__dfxtp_4)
                          0.00    0.85   clock reconvergence pessimism
                         -0.14    0.71   library hold time
                                  0.71   data required time
-----------------------------------------------------------------------------
                                  0.71   data required time
                                 -2.43   data arrival time
-----------------------------------------------------------------------------
                                  1.72   slack (MET)


Startpoint: _1337_ (rising edge-triggered flip-flop clocked by core_clock)
Endpoint: _1337_ (rising edge-triggered flip-flop clocked by core_clock)
Path Group: core_clock
Path Type: min
Corner: Slowest

Fanout     Cap    Slew   Delay    Time   Description
-----------------------------------------------------------------------------
                          0.00    0.00   clock core_clock (rise edge)
                          0.00    0.00   clock source latency
     1    0.07    0.00    0.00    0.00 ^ clk (in)
                                         clk (net)
                  0.00    0.00    0.00 ^ clkbuf_0_clk/A (sky130_fd_sc_hd__clkbuf_16)
     9    0.22    0.35    0.41    0.42 ^ clkbuf_0_clk/X (sky130_fd_sc_hd__clkbuf_16)
                                         clknet_0_clk (net)
                  0.35    0.01    0.42 ^ clkbuf_3_5__f_clk/A (sky130_fd_sc_hd__clkbuf_16)
    16    0.10    0.18    0.44    0.86 ^ clkbuf_3_5__f_clk/X (sky130_fd_sc_hd__clkbuf_16)
                                         clknet_3_5__leaf_clk (net)
                  0.18    0.00    0.86 ^ _1337_/CLK (sky130_fd_sc_hd__dfxtp_2)
     2    0.05    0.22    0.81    1.67 v _1337_/Q (sky130_fd_sc_hd__dfxtp_2)
                                         regfile_inst.registers[10][6] (net)
                  0.22    0.00    1.67 v _0793_/A (sky130_fd_sc_hd__and2_1)
     1    0.01    0.14    0.42    2.10 v _0793_/X (sky130_fd_sc_hd__and2_1)
                                         _0583_ (net)
                  0.14    0.00    2.10 v _0794_/A (sky130_fd_sc_hd__clkbuf_2)
     1    0.03    0.24    0.37    2.47 v _0794_/X (sky130_fd_sc_hd__clkbuf_2)
                                         _0086_ (net)
                  0.24    0.01    2.47 v _1337_/D (sky130_fd_sc_hd__dfxtp_2)
                                  2.47   data arrival time

                          0.00    0.00   clock core_clock (rise edge)
                          0.00    0.00   clock source latency
     1    0.07    0.00    0.00    0.00 ^ clk (in)
                                         clk (net)
                  0.00    0.00    0.00 ^ clkbuf_0_clk/A (sky130_fd_sc_hd__clkbuf_16)
     9    0.22    0.35    0.41    0.42 ^ clkbuf_0_clk/X (sky130_fd_sc_hd__clkbuf_16)
                                         clknet_0_clk (net)
                  0.35    0.01    0.42 ^ clkbuf_3_5__f_clk/A (sky130_fd_sc_hd__clkbuf_16)
    16    0.10    0.18    0.44    0.86 ^ clkbuf_3_5__f_clk/X (sky130_fd_sc_hd__clkbuf_16)
                                         clknet_3_5__leaf_clk (net)
                  0.18    0.00    0.86 ^ _1337_/CLK (sky130_fd_sc_hd__dfxtp_2)
                          0.00    0.86   clock reconvergence pessimism
                         -0.13    0.73   library hold time
                                  0.73   data required time
-----------------------------------------------------------------------------
                                  0.73   data required time
                                 -2.47   data arrival time
-----------------------------------------------------------------------------
                                  1.74   slack (MET)


Startpoint: _1340_ (rising edge-triggered flip-flop clocked by core_clock)
Endpoint: _1340_ (rising edge-triggered flip-flop clocked by core_clock)
Path Group: core_clock
Path Type: min
Corner: Slowest

Fanout     Cap    Slew   Delay    Time   Description
-----------------------------------------------------------------------------
                          0.00    0.00   clock core_clock (rise edge)
                          0.00    0.00   clock source latency
     1    0.07    0.00    0.00    0.00 ^ clk (in)
                                         clk (net)
                  0.00    0.00    0.00 ^ clkbuf_0_clk/A (sky130_fd_sc_hd__clkbuf_16)
     9    0.22    0.35    0.41    0.42 ^ clkbuf_0_clk/X (sky130_fd_sc_hd__clkbuf_16)
                                         clknet_0_clk (net)
                  0.35    0.01    0.42 ^ clkbuf_3_3__f_clk/A (sky130_fd_sc_hd__clkbuf_16)
    10    0.10    0.18    0.44    0.86 ^ clkbuf_3_3__f_clk/X (sky130_fd_sc_hd__clkbuf_16)
                                         clknet_3_3__leaf_clk (net)
                  0.18    0.01    0.87 ^ _1340_/CLK (sky130_fd_sc_hd__dfxtp_4)
     2    0.08    0.21    0.84    1.71 v _1340_/Q (sky130_fd_sc_hd__dfxtp_4)
                                         regfile_inst.registers[10][9] (net)
                  0.21    0.02    1.73 v _0799_/A (sky130_fd_sc_hd__and2_4)
     6    0.09    0.21    0.46    2.19 v _0799_/X (sky130_fd_sc_hd__and2_4)
                                         _0586_ (net)
                  0.22    0.03    2.22 v _0800_/A (sky130_fd_sc_hd__buf_1)
     1    0.02    0.18    0.33    2.55 v _0800_/X (sky130_fd_sc_hd__buf_1)
                                         _0089_ (net)
                  0.18    0.00    2.55 v _1340_/D (sky130_fd_sc_hd__dfxtp_4)
                                  2.55   data arrival time

                          0.00    0.00   clock core_clock (rise edge)
                          0.00    0.00   clock source latency
     1    0.07    0.00    0.00    0.00 ^ clk (in)
                                         clk (net)
                  0.00    0.00    0.00 ^ clkbuf_0_clk/A (sky130_fd_sc_hd__clkbuf_16)
     9    0.22    0.35    0.41    0.42 ^ clkbuf_0_clk/X (sky130_fd_sc_hd__clkbuf_16)
                                         clknet_0_clk (net)
                  0.35    0.01    0.42 ^ clkbuf_3_3__f_clk/A (sky130_fd_sc_hd__clkbuf_16)
    10    0.10    0.18    0.44    0.86 ^ clkbuf_3_3__f_clk/X (sky130_fd_sc_hd__clkbuf_16)
                                         clknet_3_3__leaf_clk (net)
                  0.18    0.01    0.87 ^ _1340_/CLK (sky130_fd_sc_hd__dfxtp_4)
                          0.00    0.87   clock reconvergence pessimism
                         -0.10    0.77   library hold time
                                  0.77   data required time
-----------------------------------------------------------------------------
                                  0.77   data required time
                                 -2.55   data arrival time
-----------------------------------------------------------------------------
                                  1.79   slack (MET)


Startpoint: _1297_ (rising edge-triggered flip-flop clocked by core_clock)
Endpoint: _1297_ (rising edge-triggered flip-flop clocked by core_clock)
Path Group: core_clock
Path Type: min
Corner: Slowest

Fanout     Cap    Slew   Delay    Time   Description
-----------------------------------------------------------------------------
                          0.00    0.00   clock core_clock (rise edge)
                          0.00    0.00   clock source latency
     1    0.07    0.00    0.00    0.00 ^ clk (in)
                                         clk (net)
                  0.00    0.00    0.00 ^ clkbuf_0_clk/A (sky130_fd_sc_hd__clkbuf_16)
     9    0.22    0.35    0.41    0.42 ^ clkbuf_0_clk/X (sky130_fd_sc_hd__clkbuf_16)
                                         clknet_0_clk (net)
                  0.35    0.01    0.42 ^ clkbuf_3_5__f_clk/A (sky130_fd_sc_hd__clkbuf_16)
    16    0.10    0.18    0.44    0.86 ^ clkbuf_3_5__f_clk/X (sky130_fd_sc_hd__clkbuf_16)
                                         clknet_3_5__leaf_clk (net)
                  0.18    0.01    0.87 ^ _1297_/CLK (sky130_fd_sc_hd__dfxtp_4)
     5    0.10    0.25    0.88    1.75 v _1297_/Q (sky130_fd_sc_hd__dfxtp_4)
                                         display_inst.counter[16] (net)
                  0.25    0.01    1.76 v _0740_/A1 (sky130_fd_sc_hd__o211a_1)
     2    0.04    0.35    0.73    2.49 v _0740_/X (sky130_fd_sc_hd__o211a_1)
                                         _0046_ (net)
                  0.35    0.00    2.50 v _1297_/D (sky130_fd_sc_hd__dfxtp_4)
                                  2.50   data arrival time

                          0.00    0.00   clock core_clock (rise edge)
                          0.00    0.00   clock source latency
     1    0.07    0.00    0.00    0.00 ^ clk (in)
                                         clk (net)
                  0.00    0.00    0.00 ^ clkbuf_0_clk/A (sky130_fd_sc_hd__clkbuf_16)
     9    0.22    0.35    0.41    0.42 ^ clkbuf_0_clk/X (sky130_fd_sc_hd__clkbuf_16)
                                         clknet_0_clk (net)
                  0.35    0.01    0.42 ^ clkbuf_3_5__f_clk/A (sky130_fd_sc_hd__clkbuf_16)
    16    0.10    0.18    0.44    0.86 ^ clkbuf_3_5__f_clk/X (sky130_fd_sc_hd__clkbuf_16)
                                         clknet_3_5__leaf_clk (net)
                  0.18    0.01    0.87 ^ _1297_/CLK (sky130_fd_sc_hd__dfxtp_4)
                          0.00    0.87   clock reconvergence pessimism
                         -0.17    0.70   library hold time
                                  0.70   data required time
-----------------------------------------------------------------------------
                                  0.70   data required time
                                 -2.50   data arrival time
-----------------------------------------------------------------------------
                                  1.80   slack (MET)


Startpoint: _1310_ (rising edge-triggered flip-flop clocked by core_clock)
Endpoint: _1310_ (rising edge-triggered flip-flop clocked by core_clock)
Path Group: core_clock
Path Type: min
Corner: Slowest

Fanout     Cap    Slew   Delay    Time   Description
-----------------------------------------------------------------------------
                          0.00    0.00   clock core_clock (rise edge)
                          0.00    0.00   clock source latency
     1    0.07    0.00    0.00    0.00 ^ clk (in)
                                         clk (net)
                  0.00    0.00    0.00 ^ clkbuf_0_clk/A (sky130_fd_sc_hd__clkbuf_16)
     9    0.22    0.35    0.41    0.42 ^ clkbuf_0_clk/X (sky130_fd_sc_hd__clkbuf_16)
                                         clknet_0_clk (net)
                  0.35    0.01    0.42 ^ clkbuf_3_4__f_clk/A (sky130_fd_sc_hd__clkbuf_16)
    12    0.09    0.17    0.43    0.85 ^ clkbuf_3_4__f_clk/X (sky130_fd_sc_hd__clkbuf_16)
                                         clknet_3_4__leaf_clk (net)
                  0.17    0.00    0.85 ^ _1310_/CLK (sky130_fd_sc_hd__dfrtp_4)
     4    0.12    0.55    1.25    2.10 ^ _1310_/Q (sky130_fd_sc_hd__dfrtp_4)
                                         imem_inst.address[11] (net)
                  0.55    0.02    2.12 ^ _0943_/A (sky130_fd_sc_hd__xor2_4)
     1    0.06    0.17    0.47    2.59 v _0943_/X (sky130_fd_sc_hd__xor2_4)
                                         _0059_ (net)
                  0.17    0.01    2.60 v _1310_/D (sky130_fd_sc_hd__dfrtp_4)
                                  2.60   data arrival time

                          0.00    0.00   clock core_clock (rise edge)
                          0.00    0.00   clock source latency
     1    0.07    0.00    0.00    0.00 ^ clk (in)
                                         clk (net)
                  0.00    0.00    0.00 ^ clkbuf_0_clk/A (sky130_fd_sc_hd__clkbuf_16)
     9    0.22    0.35    0.41    0.42 ^ clkbuf_0_clk/X (sky130_fd_sc_hd__clkbuf_16)
                                         clknet_0_clk (net)
                  0.35    0.01    0.42 ^ clkbuf_3_4__f_clk/A (sky130_fd_sc_hd__clkbuf_16)
    12    0.09    0.17    0.43    0.85 ^ clkbuf_3_4__f_clk/X (sky130_fd_sc_hd__clkbuf_16)
                                         clknet_3_4__leaf_clk (net)
                  0.17    0.00    0.85 ^ _1310_/CLK (sky130_fd_sc_hd__dfrtp_4)
                          0.00    0.85   clock reconvergence pessimism
                         -0.11    0.75   library hold time
                                  0.75   data required time
-----------------------------------------------------------------------------
                                  0.75   data required time
                                 -2.60   data arrival time
-----------------------------------------------------------------------------
                                  1.86   slack (MET)


Startpoint: _1331_ (rising edge-triggered flip-flop clocked by core_clock)
Endpoint: _1331_ (rising edge-triggered flip-flop clocked by core_clock)
Path Group: core_clock
Path Type: min
Corner: Slowest

Fanout     Cap    Slew   Delay    Time   Description
-----------------------------------------------------------------------------
                          0.00    0.00   clock core_clock (rise edge)
                          0.00    0.00   clock source latency
     1    0.07    0.00    0.00    0.00 ^ clk (in)
                                         clk (net)
                  0.00    0.00    0.00 ^ clkbuf_0_clk/A (sky130_fd_sc_hd__clkbuf_16)
     9    0.22    0.35    0.41    0.42 ^ clkbuf_0_clk/X (sky130_fd_sc_hd__clkbuf_16)
                                         clknet_0_clk (net)
                  0.35    0.01    0.42 ^ clkbuf_3_7__f_clk/A (sky130_fd_sc_hd__clkbuf_16)
    12    0.09    0.16    0.43    0.85 ^ clkbuf_3_7__f_clk/X (sky130_fd_sc_hd__clkbuf_16)
                                         clknet_3_7__leaf_clk (net)
                  0.16    0.00    0.85 ^ _1331_/CLK (sky130_fd_sc_hd__dfxtp_4)
     2    0.10    0.24    0.87    1.72 v _1331_/Q (sky130_fd_sc_hd__dfxtp_4)
                                         regfile_inst.registers[10][0] (net)
                  0.24    0.00    1.72 v _0781_/A (sky130_fd_sc_hd__and2_1)
     1    0.02    0.21    0.49    2.21 v _0781_/X (sky130_fd_sc_hd__and2_1)
                                         _0577_ (net)
                  0.21    0.00    2.21 v _0782_/A (sky130_fd_sc_hd__buf_1)
     1    0.02    0.24    0.37    2.59 v _0782_/X (sky130_fd_sc_hd__buf_1)
                                         _0080_ (net)
                  0.24    0.00    2.59 v _1331_/D (sky130_fd_sc_hd__dfxtp_4)
                                  2.59   data arrival time

                          0.00    0.00   clock core_clock (rise edge)
                          0.00    0.00   clock source latency
     1    0.07    0.00    0.00    0.00 ^ clk (in)
                                         clk (net)
                  0.00    0.00    0.00 ^ clkbuf_0_clk/A (sky130_fd_sc_hd__clkbuf_16)
     9    0.22    0.35    0.41    0.42 ^ clkbuf_0_clk/X (sky130_fd_sc_hd__clkbuf_16)
                                         clknet_0_clk (net)
                  0.35    0.01    0.42 ^ clkbuf_3_7__f_clk/A (sky130_fd_sc_hd__clkbuf_16)
    12    0.09    0.16    0.43    0.85 ^ clkbuf_3_7__f_clk/X (sky130_fd_sc_hd__clkbuf_16)
                                         clknet_3_7__leaf_clk (net)
                  0.16    0.00    0.85 ^ _1331_/CLK (sky130_fd_sc_hd__dfxtp_4)
                          0.00    0.85   clock reconvergence pessimism
                         -0.13    0.72   library hold time
                                  0.72   data required time
-----------------------------------------------------------------------------
                                  0.72   data required time
                                 -2.59   data arrival time
-----------------------------------------------------------------------------
                                  1.87   slack (MET)


Startpoint: _1339_ (rising edge-triggered flip-flop clocked by core_clock)
Endpoint: _1339_ (rising edge-triggered flip-flop clocked by core_clock)
Path Group: core_clock
Path Type: min
Corner: Slowest

Fanout     Cap    Slew   Delay    Time   Description
-----------------------------------------------------------------------------
                          0.00    0.00   clock core_clock (rise edge)
                          0.00    0.00   clock source latency
     1    0.07    0.00    0.00    0.00 ^ clk (in)
                                         clk (net)
                  0.00    0.00    0.00 ^ clkbuf_0_clk/A (sky130_fd_sc_hd__clkbuf_16)
     9    0.22    0.35    0.41    0.42 ^ clkbuf_0_clk/X (sky130_fd_sc_hd__clkbuf_16)
                                         clknet_0_clk (net)
                  0.35    0.01    0.42 ^ clkbuf_3_4__f_clk/A (sky130_fd_sc_hd__clkbuf_16)
    12    0.09    0.17    0.43    0.85 ^ clkbuf_3_4__f_clk/X (sky130_fd_sc_hd__clkbuf_16)
                                         clknet_3_4__leaf_clk (net)
                  0.17    0.01    0.86 ^ _1339_/CLK (sky130_fd_sc_hd__dfxtp_4)
     3    0.08    0.20    0.83    1.69 v _1339_/Q (sky130_fd_sc_hd__dfxtp_4)
                                         regfile_inst.registers[10][8] (net)
                  0.20    0.02    1.70 v _0797_/A (sky130_fd_sc_hd__and2_4)
     2    0.08    0.20    0.44    2.14 v _0797_/X (sky130_fd_sc_hd__and2_4)
                                         _0585_ (net)
                  0.20    0.02    2.16 v _0798_/A (sky130_fd_sc_hd__clkbuf_2)
     1    0.04    0.29    0.43    2.59 v _0798_/X (sky130_fd_sc_hd__clkbuf_2)
                                         _0088_ (net)
                  0.29    0.01    2.60 v _1339_/D (sky130_fd_sc_hd__dfxtp_4)
                                  2.60   data arrival time

                          0.00    0.00   clock core_clock (rise edge)
                          0.00    0.00   clock source latency
     1    0.07    0.00    0.00    0.00 ^ clk (in)
                                         clk (net)
                  0.00    0.00    0.00 ^ clkbuf_0_clk/A (sky130_fd_sc_hd__clkbuf_16)
     9    0.22    0.35    0.41    0.42 ^ clkbuf_0_clk/X (sky130_fd_sc_hd__clkbuf_16)
                                         clknet_0_clk (net)
                  0.35    0.01    0.42 ^ clkbuf_3_4__f_clk/A (sky130_fd_sc_hd__clkbuf_16)
    12    0.09    0.17    0.43    0.85 ^ clkbuf_3_4__f_clk/X (sky130_fd_sc_hd__clkbuf_16)
                                         clknet_3_4__leaf_clk (net)
                  0.17    0.01    0.86 ^ _1339_/CLK (sky130_fd_sc_hd__dfxtp_4)
                          0.00    0.86   clock reconvergence pessimism
                         -0.15    0.71   library hold time
                                  0.71   data required time
-----------------------------------------------------------------------------
                                  0.71   data required time
                                 -2.60   data arrival time
-----------------------------------------------------------------------------
                                  1.89   slack (MET)


Startpoint: _1330_ (rising edge-triggered flip-flop clocked by core_clock)
Endpoint: _1330_ (rising edge-triggered flip-flop clocked by core_clock)
Path Group: core_clock
Path Type: min
Corner: Slowest

Fanout     Cap    Slew   Delay    Time   Description
-----------------------------------------------------------------------------
                          0.00    0.00   clock core_clock (rise edge)
                          0.00    0.00   clock source latency
     1    0.07    0.00    0.00    0.00 ^ clk (in)
                                         clk (net)
                  0.00    0.00    0.00 ^ clkbuf_0_clk/A (sky130_fd_sc_hd__clkbuf_16)
     9    0.22    0.35    0.41    0.42 ^ clkbuf_0_clk/X (sky130_fd_sc_hd__clkbuf_16)
                                         clknet_0_clk (net)
                  0.35    0.01    0.42 ^ clkbuf_3_3__f_clk/A (sky130_fd_sc_hd__clkbuf_16)
    10    0.10    0.18    0.44    0.86 ^ clkbuf_3_3__f_clk/X (sky130_fd_sc_hd__clkbuf_16)
                                         clknet_3_3__leaf_clk (net)
                  0.18    0.00    0.87 ^ _1330_/CLK (sky130_fd_sc_hd__dfrtp_4)
     3    0.12    0.54    1.25    2.12 ^ _1330_/Q (sky130_fd_sc_hd__dfrtp_4)
                                         imem_inst.address[31] (net)
                  0.54    0.02    2.14 ^ _0910_/A (sky130_fd_sc_hd__xor2_4)
     2    0.07    0.20    0.51    2.65 v _0910_/X (sky130_fd_sc_hd__xor2_4)
                                         _0079_ (net)
                  0.20    0.02    2.67 v _1330_/D (sky130_fd_sc_hd__dfrtp_4)
                                  2.67   data arrival time

                          0.00    0.00   clock core_clock (rise edge)
                          0.00    0.00   clock source latency
     1    0.07    0.00    0.00    0.00 ^ clk (in)
                                         clk (net)
                  0.00    0.00    0.00 ^ clkbuf_0_clk/A (sky130_fd_sc_hd__clkbuf_16)
     9    0.22    0.35    0.41    0.42 ^ clkbuf_0_clk/X (sky130_fd_sc_hd__clkbuf_16)
                                         clknet_0_clk (net)
                  0.35    0.01    0.42 ^ clkbuf_3_3__f_clk/A (sky130_fd_sc_hd__clkbuf_16)
    10    0.10    0.18    0.44    0.86 ^ clkbuf_3_3__f_clk/X (sky130_fd_sc_hd__clkbuf_16)
                                         clknet_3_3__leaf_clk (net)
                  0.18    0.00    0.87 ^ _1330_/CLK (sky130_fd_sc_hd__dfrtp_4)
                          0.00    0.87   clock reconvergence pessimism
                         -0.11    0.75   library hold time
                                  0.75   data required time
-----------------------------------------------------------------------------
                                  0.75   data required time
                                 -2.67   data arrival time
-----------------------------------------------------------------------------
                                  1.91   slack (MET)


Startpoint: _1319_ (rising edge-triggered flip-flop clocked by core_clock)
Endpoint: _1319_ (rising edge-triggered flip-flop clocked by core_clock)
Path Group: core_clock
Path Type: min
Corner: Slowest

Fanout     Cap    Slew   Delay    Time   Description
-----------------------------------------------------------------------------
                          0.00    0.00   clock core_clock (rise edge)
                          0.00    0.00   clock source latency
     1    0.07    0.00    0.00    0.00 ^ clk (in)
                                         clk (net)
                  0.00    0.00    0.00 ^ clkbuf_0_clk/A (sky130_fd_sc_hd__clkbuf_16)
     9    0.22    0.35    0.41    0.42 ^ clkbuf_0_clk/X (sky130_fd_sc_hd__clkbuf_16)
                                         clknet_0_clk (net)
                  0.35    0.01    0.42 ^ clkbuf_3_4__f_clk/A (sky130_fd_sc_hd__clkbuf_16)
    12    0.09    0.17    0.43    0.85 ^ clkbuf_3_4__f_clk/X (sky130_fd_sc_hd__clkbuf_16)
                                         clknet_3_4__leaf_clk (net)
                  0.17    0.00    0.86 ^ _1319_/CLK (sky130_fd_sc_hd__dfrtp_4)
     6    0.16    0.69    1.35    2.21 ^ _1319_/Q (sky130_fd_sc_hd__dfrtp_4)
                                         imem_inst.address[20] (net)
                  0.69    0.01    2.22 ^ _0928_/A (sky130_fd_sc_hd__xor2_2)
     1    0.02    0.14    0.47    2.68 v _0928_/X (sky130_fd_sc_hd__xor2_2)
                                         _0068_ (net)
                  0.14    0.00    2.69 v _1319_/D (sky130_fd_sc_hd__dfrtp_4)
                                  2.69   data arrival time

                          0.00    0.00   clock core_clock (rise edge)
                          0.00    0.00   clock source latency
     1    0.07    0.00    0.00    0.00 ^ clk (in)
                                         clk (net)
                  0.00    0.00    0.00 ^ clkbuf_0_clk/A (sky130_fd_sc_hd__clkbuf_16)
     9    0.22    0.35    0.41    0.42 ^ clkbuf_0_clk/X (sky130_fd_sc_hd__clkbuf_16)
                                         clknet_0_clk (net)
                  0.35    0.01    0.42 ^ clkbuf_3_4__f_clk/A (sky130_fd_sc_hd__clkbuf_16)
    12    0.09    0.17    0.43    0.85 ^ clkbuf_3_4__f_clk/X (sky130_fd_sc_hd__clkbuf_16)
                                         clknet_3_4__leaf_clk (net)
                  0.17    0.00    0.86 ^ _1319_/CLK (sky130_fd_sc_hd__dfrtp_4)
                          0.00    0.86   clock reconvergence pessimism
                         -0.09    0.76   library hold time
                                  0.76   data required time
-----------------------------------------------------------------------------
                                  0.76   data required time
                                 -2.69   data arrival time
-----------------------------------------------------------------------------
                                  1.92   slack (MET)


Startpoint: _1288_ (rising edge-triggered flip-flop clocked by core_clock)
Endpoint: _1288_ (rising edge-triggered flip-flop clocked by core_clock)
Path Group: core_clock
Path Type: min
Corner: Slowest

Fanout     Cap    Slew   Delay    Time   Description
-----------------------------------------------------------------------------
                          0.00    0.00   clock core_clock (rise edge)
                          0.00    0.00   clock source latency
     1    0.07    0.00    0.00    0.00 ^ clk (in)
                                         clk (net)
                  0.00    0.00    0.00 ^ clkbuf_0_clk/A (sky130_fd_sc_hd__clkbuf_16)
     9    0.22    0.35    0.41    0.42 ^ clkbuf_0_clk/X (sky130_fd_sc_hd__clkbuf_16)
                                         clknet_0_clk (net)
                  0.35    0.01    0.42 ^ clkbuf_3_6__f_clk/A (sky130_fd_sc_hd__clkbuf_16)
    15    0.10    0.18    0.44    0.86 ^ clkbuf_3_6__f_clk/X (sky130_fd_sc_hd__clkbuf_16)
                                         clknet_3_6__leaf_clk (net)
                  0.18    0.01    0.87 ^ _1288_/CLK (sky130_fd_sc_hd__dfxtp_4)
     6    0.18    0.79    1.28    2.14 ^ _1288_/Q (sky130_fd_sc_hd__dfxtp_4)
                                         display_inst.counter[7] (net)
                  0.79    0.02    2.17 ^ _0714_/A1 (sky130_fd_sc_hd__a21oi_4)
     2    0.06    0.23    0.52    2.69 v _0714_/Y (sky130_fd_sc_hd__a21oi_4)
                                         _0037_ (net)
                  0.23    0.01    2.70 v _1288_/D (sky130_fd_sc_hd__dfxtp_4)
                                  2.70   data arrival time

                          0.00    0.00   clock core_clock (rise edge)
                          0.00    0.00   clock source latency
     1    0.07    0.00    0.00    0.00 ^ clk (in)
                                         clk (net)
                  0.00    0.00    0.00 ^ clkbuf_0_clk/A (sky130_fd_sc_hd__clkbuf_16)
     9    0.22    0.35    0.41    0.42 ^ clkbuf_0_clk/X (sky130_fd_sc_hd__clkbuf_16)
                                         clknet_0_clk (net)
                  0.35    0.01    0.42 ^ clkbuf_3_6__f_clk/A (sky130_fd_sc_hd__clkbuf_16)
    15    0.10    0.18    0.44    0.86 ^ clkbuf_3_6__f_clk/X (sky130_fd_sc_hd__clkbuf_16)
                                         clknet_3_6__leaf_clk (net)
                  0.18    0.01    0.87 ^ _1288_/CLK (sky130_fd_sc_hd__dfxtp_4)
                          0.00    0.87   clock reconvergence pessimism
                         -0.12    0.75   library hold time
                                  0.75   data required time
-----------------------------------------------------------------------------
                                  0.75   data required time
                                 -2.70   data arrival time
-----------------------------------------------------------------------------
                                  1.95   slack (MET)


Startpoint: _1291_ (rising edge-triggered flip-flop clocked by core_clock)
Endpoint: _1291_ (rising edge-triggered flip-flop clocked by core_clock)
Path Group: core_clock
Path Type: min
Corner: Slowest

Fanout     Cap    Slew   Delay    Time   Description
-----------------------------------------------------------------------------
                          0.00    0.00   clock core_clock (rise edge)
                          0.00    0.00   clock source latency
     1    0.07    0.00    0.00    0.00 ^ clk (in)
                                         clk (net)
                  0.00    0.00    0.00 ^ clkbuf_0_clk/A (sky130_fd_sc_hd__clkbuf_16)
     9    0.22    0.35    0.41    0.42 ^ clkbuf_0_clk/X (sky130_fd_sc_hd__clkbuf_16)
                                         clknet_0_clk (net)
                  0.35    0.01    0.42 ^ clkbuf_3_6__f_clk/A (sky130_fd_sc_hd__clkbuf_16)
    15    0.10    0.18    0.44    0.86 ^ clkbuf_3_6__f_clk/X (sky130_fd_sc_hd__clkbuf_16)
                                         clknet_3_6__leaf_clk (net)
                  0.18    0.01    0.87 ^ _1291_/CLK (sky130_fd_sc_hd__dfxtp_4)
     7    0.20    0.46    1.03    1.90 v _1291_/Q (sky130_fd_sc_hd__dfxtp_4)
                                         display_inst.counter[10] (net)
                  0.46    0.03    1.93 v _0722_/A1 (sky130_fd_sc_hd__o21a_2)
     1    0.06    0.26    0.75    2.68 v _0722_/X (sky130_fd_sc_hd__o21a_2)
                                         _0040_ (net)
                  0.27    0.01    2.69 v _1291_/D (sky130_fd_sc_hd__dfxtp_4)
                                  2.69   data arrival time

                          0.00    0.00   clock core_clock (rise edge)
                          0.00    0.00   clock source latency
     1    0.07    0.00    0.00    0.00 ^ clk (in)
                                         clk (net)
                  0.00    0.00    0.00 ^ clkbuf_0_clk/A (sky130_fd_sc_hd__clkbuf_16)
     9    0.22    0.35    0.41    0.42 ^ clkbuf_0_clk/X (sky130_fd_sc_hd__clkbuf_16)
                                         clknet_0_clk (net)
                  0.35    0.01    0.42 ^ clkbuf_3_6__f_clk/A (sky130_fd_sc_hd__clkbuf_16)
    15    0.10    0.18    0.44    0.86 ^ clkbuf_3_6__f_clk/X (sky130_fd_sc_hd__clkbuf_16)
                                         clknet_3_6__leaf_clk (net)
                  0.18    0.01    0.87 ^ _1291_/CLK (sky130_fd_sc_hd__dfxtp_4)
                          0.00    0.87   clock reconvergence pessimism
                         -0.14    0.73   library hold time
                                  0.73   data required time
-----------------------------------------------------------------------------
                                  0.73   data required time
                                 -2.69   data arrival time
-----------------------------------------------------------------------------
                                  1.96   slack (MET)


Startpoint: _1375_ (rising edge-triggered flip-flop clocked by core_clock)
Endpoint: _1375_ (rising edge-triggered flip-flop clocked by core_clock)
Path Group: core_clock
Path Type: min
Corner: Slowest

Fanout     Cap    Slew   Delay    Time   Description
-----------------------------------------------------------------------------
                          0.00    0.00   clock core_clock (rise edge)
                          0.00    0.00   clock source latency
     1    0.07    0.00    0.00    0.00 ^ clk (in)
                                         clk (net)
                  0.00    0.00    0.00 ^ clkbuf_0_clk/A (sky130_fd_sc_hd__clkbuf_16)
     9    0.22    0.35    0.41    0.42 ^ clkbuf_0_clk/X (sky130_fd_sc_hd__clkbuf_16)
                                         clknet_0_clk (net)
                  0.35    0.01    0.42 ^ clkbuf_3_7__f_clk/A (sky130_fd_sc_hd__clkbuf_16)
    12    0.09    0.16    0.43    0.85 ^ clkbuf_3_7__f_clk/X (sky130_fd_sc_hd__clkbuf_16)
                                         clknet_3_7__leaf_clk (net)
                  0.16    0.00    0.85 ^ _1375_/CLK (sky130_fd_sc_hd__dfxtp_4)
     5    0.13    0.31    0.90    1.76 v _1375_/Q (sky130_fd_sc_hd__dfxtp_4)
                                         regfile_inst.registers[15][12] (net)
                  0.33    0.06    1.81 v _0878_/A (sky130_fd_sc_hd__and2_4)
     1    0.13    0.30    0.57    2.38 v _0878_/X (sky130_fd_sc_hd__and2_4)
                                         _0630_ (net)
                  0.32    0.05    2.43 v _0879_/A (sky130_fd_sc_hd__clkbuf_1)
     1    0.01    0.10    0.30    2.74 v _0879_/X (sky130_fd_sc_hd__clkbuf_1)
                                         _0124_ (net)
                  0.10    0.00    2.74 v _1375_/D (sky130_fd_sc_hd__dfxtp_4)
                                  2.74   data arrival time

                          0.00    0.00   clock core_clock (rise edge)
                          0.00    0.00   clock source latency
     1    0.07    0.00    0.00    0.00 ^ clk (in)
                                         clk (net)
                  0.00    0.00    0.00 ^ clkbuf_0_clk/A (sky130_fd_sc_hd__clkbuf_16)
     9    0.22    0.35    0.41    0.42 ^ clkbuf_0_clk/X (sky130_fd_sc_hd__clkbuf_16)
                                         clknet_0_clk (net)
                  0.35    0.01    0.42 ^ clkbuf_3_7__f_clk/A (sky130_fd_sc_hd__clkbuf_16)
    12    0.09    0.16    0.43    0.85 ^ clkbuf_3_7__f_clk/X (sky130_fd_sc_hd__clkbuf_16)
                                         clknet_3_7__leaf_clk (net)
                  0.16    0.00    0.85 ^ _1375_/CLK (sky130_fd_sc_hd__dfxtp_4)
                          0.00    0.85   clock reconvergence pessimism
                         -0.08    0.78   library hold time
                                  0.78   data required time
-----------------------------------------------------------------------------
                                  0.78   data required time
                                 -2.74   data arrival time
-----------------------------------------------------------------------------
                                  1.96   slack (MET)


Startpoint: _1289_ (rising edge-triggered flip-flop clocked by core_clock)
Endpoint: _1289_ (rising edge-triggered flip-flop clocked by core_clock)
Path Group: core_clock
Path Type: min
Corner: Slowest

Fanout     Cap    Slew   Delay    Time   Description
-----------------------------------------------------------------------------
                          0.00    0.00   clock core_clock (rise edge)
                          0.00    0.00   clock source latency
     1    0.07    0.00    0.00    0.00 ^ clk (in)
                                         clk (net)
                  0.00    0.00    0.00 ^ clkbuf_0_clk/A (sky130_fd_sc_hd__clkbuf_16)
     9    0.22    0.35    0.41    0.42 ^ clkbuf_0_clk/X (sky130_fd_sc_hd__clkbuf_16)
                                         clknet_0_clk (net)
                  0.35    0.01    0.42 ^ clkbuf_3_1__f_clk/A (sky130_fd_sc_hd__clkbuf_16)
    13    0.09    0.16    0.43    0.85 ^ clkbuf_3_1__f_clk/X (sky130_fd_sc_hd__clkbuf_16)
                                         clknet_3_1__leaf_clk (net)
                  0.16    0.00    0.85 ^ _1289_/CLK (sky130_fd_sc_hd__dfxtp_4)
     3    0.08    0.20    0.83    1.68 v _1289_/Q (sky130_fd_sc_hd__dfxtp_4)
                                         display_inst.counter[8] (net)
                  0.20    0.02    1.70 v _0716_/B1 (sky130_fd_sc_hd__a21oi_4)
     1    0.04    0.47    0.48    2.18 ^ _0716_/Y (sky130_fd_sc_hd__a21oi_4)
                                         _0554_ (net)
                  0.47    0.01    2.18 ^ _0717_/B (sky130_fd_sc_hd__nor2_1)
     2    0.04    0.34    0.46    2.65 v _0717_/Y (sky130_fd_sc_hd__nor2_1)
                                         _0038_ (net)
                  0.34    0.00    2.65 v _1289_/D (sky130_fd_sc_hd__dfxtp_4)
                                  2.65   data arrival time

                          0.00    0.00   clock core_clock (rise edge)
                          0.00    0.00   clock source latency
     1    0.07    0.00    0.00    0.00 ^ clk (in)
                                         clk (net)
                  0.00    0.00    0.00 ^ clkbuf_0_clk/A (sky130_fd_sc_hd__clkbuf_16)
     9    0.22    0.35    0.41    0.42 ^ clkbuf_0_clk/X (sky130_fd_sc_hd__clkbuf_16)
                                         clknet_0_clk (net)
                  0.35    0.01    0.42 ^ clkbuf_3_1__f_clk/A (sky130_fd_sc_hd__clkbuf_16)
    13    0.09    0.16    0.43    0.85 ^ clkbuf_3_1__f_clk/X (sky130_fd_sc_hd__clkbuf_16)
                                         clknet_3_1__leaf_clk (net)
                  0.16    0.00    0.85 ^ _1289_/CLK (sky130_fd_sc_hd__dfxtp_4)
                          0.00    0.85   clock reconvergence pessimism
                         -0.17    0.69   library hold time
                                  0.69   data required time
-----------------------------------------------------------------------------
                                  0.69   data required time
                                 -2.65   data arrival time
-----------------------------------------------------------------------------
                                  1.96   slack (MET)


Startpoint: _1370_ (rising edge-triggered flip-flop clocked by core_clock)
Endpoint: _1370_ (rising edge-triggered flip-flop clocked by core_clock)
Path Group: core_clock
Path Type: min
Corner: Slowest

Fanout     Cap    Slew   Delay    Time   Description
-----------------------------------------------------------------------------
                          0.00    0.00   clock core_clock (rise edge)
                          0.00    0.00   clock source latency
     1    0.07    0.00    0.00    0.00 ^ clk (in)
                                         clk (net)
                  0.00    0.00    0.00 ^ clkbuf_0_clk/A (sky130_fd_sc_hd__clkbuf_16)
     9    0.22    0.35    0.41    0.42 ^ clkbuf_0_clk/X (sky130_fd_sc_hd__clkbuf_16)
                                         clknet_0_clk (net)
                  0.35    0.01    0.42 ^ clkbuf_3_2__f_clk/A (sky130_fd_sc_hd__clkbuf_16)
    14    0.09    0.16    0.42    0.84 ^ clkbuf_3_2__f_clk/X (sky130_fd_sc_hd__clkbuf_16)
                                         clknet_3_2__leaf_clk (net)
                  0.16    0.01    0.85 ^ _1370_/CLK (sky130_fd_sc_hd__dfxtp_4)
     3    0.09    0.22    0.84    1.69 v _1370_/Q (sky130_fd_sc_hd__dfxtp_4)
                                         regfile_inst.registers[15][7] (net)
                  0.22    0.03    1.72 v _0868_/A (sky130_fd_sc_hd__and2_1)
     1    0.01    0.13    0.42    2.14 v _0868_/X (sky130_fd_sc_hd__and2_1)
                                         _0625_ (net)
                  0.13    0.00    2.14 v _0869_/A (sky130_fd_sc_hd__clkbuf_4)
     8    0.09    0.33    0.49    2.63 v _0869_/X (sky130_fd_sc_hd__clkbuf_4)
                                         _0119_ (net)
                  0.33    0.03    2.65 v _1370_/D (sky130_fd_sc_hd__dfxtp_4)
                                  2.65   data arrival time

                          0.00    0.00   clock core_clock (rise edge)
                          0.00    0.00   clock source latency
     1    0.07    0.00    0.00    0.00 ^ clk (in)
                                         clk (net)
                  0.00    0.00    0.00 ^ clkbuf_0_clk/A (sky130_fd_sc_hd__clkbuf_16)
     9    0.22    0.35    0.41    0.42 ^ clkbuf_0_clk/X (sky130_fd_sc_hd__clkbuf_16)
                                         clknet_0_clk (net)
                  0.35    0.01    0.42 ^ clkbuf_3_2__f_clk/A (sky130_fd_sc_hd__clkbuf_16)
    14    0.09    0.16    0.42    0.84 ^ clkbuf_3_2__f_clk/X (sky130_fd_sc_hd__clkbuf_16)
                                         clknet_3_2__leaf_clk (net)
                  0.16    0.01    0.85 ^ _1370_/CLK (sky130_fd_sc_hd__dfxtp_4)
                          0.00    0.85   clock reconvergence pessimism
                         -0.16    0.69   library hold time
                                  0.69   data required time
-----------------------------------------------------------------------------
                                  0.69   data required time
                                 -2.65   data arrival time
-----------------------------------------------------------------------------
                                  1.97   slack (MET)


Startpoint: _1294_ (rising edge-triggered flip-flop clocked by core_clock)
Endpoint: _1294_ (rising edge-triggered flip-flop clocked by core_clock)
Path Group: core_clock
Path Type: min
Corner: Slowest

Fanout     Cap    Slew   Delay    Time   Description
-----------------------------------------------------------------------------
                          0.00    0.00   clock core_clock (rise edge)
                          0.00    0.00   clock source latency
     1    0.07    0.00    0.00    0.00 ^ clk (in)
                                         clk (net)
                  0.00    0.00    0.00 ^ clkbuf_0_clk/A (sky130_fd_sc_hd__clkbuf_16)
     9    0.22    0.35    0.41    0.42 ^ clkbuf_0_clk/X (sky130_fd_sc_hd__clkbuf_16)
                                         clknet_0_clk (net)
                  0.35    0.01    0.42 ^ clkbuf_3_0__f_clk/A (sky130_fd_sc_hd__clkbuf_16)
    16    0.11    0.19    0.44    0.87 ^ clkbuf_3_0__f_clk/X (sky130_fd_sc_hd__clkbuf_16)
                                         clknet_3_0__leaf_clk (net)
                  0.19    0.00    0.87 ^ _1294_/CLK (sky130_fd_sc_hd__dfxtp_4)
     4    0.11    0.25    0.89    1.77 v _1294_/Q (sky130_fd_sc_hd__dfxtp_4)
                                         display_inst.counter[13] (net)
                  0.25    0.00    1.77 v _0728_/B1 (sky130_fd_sc_hd__a21oi_4)
     1    0.05    0.55    0.55    2.32 ^ _0728_/Y (sky130_fd_sc_hd__a21oi_4)
                                         _0561_ (net)
                  0.55    0.01    2.33 ^ _0730_/A (sky130_fd_sc_hd__nor2_2)
     1    0.04    0.23    0.39    2.72 v _0730_/Y (sky130_fd_sc_hd__nor2_2)
                                         _0043_ (net)
                  0.23    0.01    2.73 v _1294_/D (sky130_fd_sc_hd__dfxtp_4)
                                  2.73   data arrival time

                          0.00    0.00   clock core_clock (rise edge)
                          0.00    0.00   clock source latency
     1    0.07    0.00    0.00    0.00 ^ clk (in)
                                         clk (net)
                  0.00    0.00    0.00 ^ clkbuf_0_clk/A (sky130_fd_sc_hd__clkbuf_16)
     9    0.22    0.35    0.41    0.42 ^ clkbuf_0_clk/X (sky130_fd_sc_hd__clkbuf_16)
                                         clknet_0_clk (net)
                  0.35    0.01    0.42 ^ clkbuf_3_0__f_clk/A (sky130_fd_sc_hd__clkbuf_16)
    16    0.11    0.19    0.44    0.87 ^ clkbuf_3_0__f_clk/X (sky130_fd_sc_hd__clkbuf_16)
                                         clknet_3_0__leaf_clk (net)
                  0.19    0.00    0.87 ^ _1294_/CLK (sky130_fd_sc_hd__dfxtp_4)
                          0.00    0.87   clock reconvergence pessimism
                         -0.12    0.75   library hold time
                                  0.75   data required time
-----------------------------------------------------------------------------
                                  0.75   data required time
                                 -2.73   data arrival time
-----------------------------------------------------------------------------
                                  1.98   slack (MET)


Startpoint: _1342_ (rising edge-triggered flip-flop clocked by core_clock)
Endpoint: _1342_ (rising edge-triggered flip-flop clocked by core_clock)
Path Group: core_clock
Path Type: min
Corner: Slowest

Fanout     Cap    Slew   Delay    Time   Description
-----------------------------------------------------------------------------
                          0.00    0.00   clock core_clock (rise edge)
                          0.00    0.00   clock source latency
     1    0.07    0.00    0.00    0.00 ^ clk (in)
                                         clk (net)
                  0.00    0.00    0.00 ^ clkbuf_0_clk/A (sky130_fd_sc_hd__clkbuf_16)
     9    0.22    0.35    0.41    0.42 ^ clkbuf_0_clk/X (sky130_fd_sc_hd__clkbuf_16)
                                         clknet_0_clk (net)
                  0.35    0.01    0.42 ^ clkbuf_3_7__f_clk/A (sky130_fd_sc_hd__clkbuf_16)
    12    0.09    0.16    0.43    0.85 ^ clkbuf_3_7__f_clk/X (sky130_fd_sc_hd__clkbuf_16)
                                         clknet_3_7__leaf_clk (net)
                  0.16    0.00    0.85 ^ _1342_/CLK (sky130_fd_sc_hd__dfxtp_4)
     2    0.10    0.24    0.87    1.73 v _1342_/Q (sky130_fd_sc_hd__dfxtp_4)
                                         regfile_inst.registers[10][11] (net)
                  0.24    0.00    1.73 v _0803_/A (sky130_fd_sc_hd__and2_4)
     1    0.08    0.19    0.47    2.20 v _0803_/X (sky130_fd_sc_hd__and2_4)
                                         _0588_ (net)
                  0.19    0.01    2.21 v _0804_/A (sky130_fd_sc_hd__buf_2)
     9    0.06    0.27    0.48    2.69 v _0804_/X (sky130_fd_sc_hd__buf_2)
                                         _0091_ (net)
                  0.27    0.01    2.70 v _1342_/D (sky130_fd_sc_hd__dfxtp_4)
                                  2.70   data arrival time

                          0.00    0.00   clock core_clock (rise edge)
                          0.00    0.00   clock source latency
     1    0.07    0.00    0.00    0.00 ^ clk (in)
                                         clk (net)
                  0.00    0.00    0.00 ^ clkbuf_0_clk/A (sky130_fd_sc_hd__clkbuf_16)
     9    0.22    0.35    0.41    0.42 ^ clkbuf_0_clk/X (sky130_fd_sc_hd__clkbuf_16)
                                         clknet_0_clk (net)
                  0.35    0.01    0.42 ^ clkbuf_3_7__f_clk/A (sky130_fd_sc_hd__clkbuf_16)
    12    0.09    0.16    0.43    0.85 ^ clkbuf_3_7__f_clk/X (sky130_fd_sc_hd__clkbuf_16)
                                         clknet_3_7__leaf_clk (net)
                  0.16    0.00    0.85 ^ _1342_/CLK (sky130_fd_sc_hd__dfxtp_4)
                          0.00    0.85   clock reconvergence pessimism
                         -0.14    0.71   library hold time
                                  0.71   data required time
-----------------------------------------------------------------------------
                                  0.71   data required time
                                 -2.70   data arrival time
-----------------------------------------------------------------------------
                                  1.99   slack (MET)


Startpoint: _1361_ (rising edge-triggered flip-flop clocked by core_clock)
Endpoint: _1361_ (rising edge-triggered flip-flop clocked by core_clock)
Path Group: core_clock
Path Type: min
Corner: Slowest

Fanout     Cap    Slew   Delay    Time   Description
-----------------------------------------------------------------------------
                          0.00    0.00   clock core_clock (rise edge)
                          0.00    0.00   clock source latency
     1    0.07    0.00    0.00    0.00 ^ clk (in)
                                         clk (net)
                  0.00    0.00    0.00 ^ clkbuf_0_clk/A (sky130_fd_sc_hd__clkbuf_16)
     9    0.22    0.35    0.41    0.42 ^ clkbuf_0_clk/X (sky130_fd_sc_hd__clkbuf_16)
                                         clknet_0_clk (net)
                  0.35    0.01    0.42 ^ clkbuf_3_2__f_clk/A (sky130_fd_sc_hd__clkbuf_16)
    14    0.09    0.16    0.42    0.84 ^ clkbuf_3_2__f_clk/X (sky130_fd_sc_hd__clkbuf_16)
                                         clknet_3_2__leaf_clk (net)
                  0.16    0.01    0.85 ^ _1361_/CLK (sky130_fd_sc_hd__dfxtp_4)
     2    0.06    0.29    0.91    1.76 ^ _1361_/Q (sky130_fd_sc_hd__dfxtp_4)
                                         regfile_inst.registers[25][14] (net)
                  0.29    0.01    1.77 ^ _0850_/A0 (sky130_fd_sc_hd__mux2_1)
     1    0.01    0.20    0.43    2.20 ^ _0850_/X (sky130_fd_sc_hd__mux2_1)
                                         _0616_ (net)
                  0.20    0.00    2.20 ^ _0851_/A (sky130_fd_sc_hd__clkbuf_2)
     1    0.05    0.41    0.49    2.70 ^ _0851_/X (sky130_fd_sc_hd__clkbuf_2)
                                         _0110_ (net)
                  0.41    0.01    2.71 ^ _1361_/D (sky130_fd_sc_hd__dfxtp_4)
                                  2.71   data arrival time

                          0.00    0.00   clock core_clock (rise edge)
                          0.00    0.00   clock source latency
     1    0.07    0.00    0.00    0.00 ^ clk (in)
                                         clk (net)
                  0.00    0.00    0.00 ^ clkbuf_0_clk/A (sky130_fd_sc_hd__clkbuf_16)
     9    0.22    0.35    0.41    0.42 ^ clkbuf_0_clk/X (sky130_fd_sc_hd__clkbuf_16)
                                         clknet_0_clk (net)
                  0.35    0.01    0.42 ^ clkbuf_3_2__f_clk/A (sky130_fd_sc_hd__clkbuf_16)
    14    0.09    0.16    0.42    0.84 ^ clkbuf_3_2__f_clk/X (sky130_fd_sc_hd__clkbuf_16)
                                         clknet_3_2__leaf_clk (net)
                  0.16    0.01    0.85 ^ _1361_/CLK (sky130_fd_sc_hd__dfxtp_4)
                          0.00    0.85   clock reconvergence pessimism
                         -0.14    0.72   library hold time
                                  0.72   data required time
-----------------------------------------------------------------------------
                                  0.72   data required time
                                 -2.71   data arrival time
-----------------------------------------------------------------------------
                                  1.99   slack (MET)


Startpoint: _1349_ (rising edge-triggered flip-flop clocked by core_clock)
Endpoint: _1349_ (rising edge-triggered flip-flop clocked by core_clock)
Path Group: core_clock
Path Type: min
Corner: Slowest

Fanout     Cap    Slew   Delay    Time   Description
-----------------------------------------------------------------------------
                          0.00    0.00   clock core_clock (rise edge)
                          0.00    0.00   clock source latency
     1    0.07    0.00    0.00    0.00 ^ clk (in)
                                         clk (net)
                  0.00    0.00    0.00 ^ clkbuf_0_clk/A (sky130_fd_sc_hd__clkbuf_16)
     9    0.22    0.35    0.41    0.42 ^ clkbuf_0_clk/X (sky130_fd_sc_hd__clkbuf_16)
                                         clknet_0_clk (net)
                  0.35    0.01    0.42 ^ clkbuf_3_1__f_clk/A (sky130_fd_sc_hd__clkbuf_16)
    13    0.09    0.16    0.43    0.85 ^ clkbuf_3_1__f_clk/X (sky130_fd_sc_hd__clkbuf_16)
                                         clknet_3_1__leaf_clk (net)
                  0.16    0.00    0.85 ^ _1349_/CLK (sky130_fd_sc_hd__dfxtp_4)
     3    0.08    0.37    0.97    1.83 ^ _1349_/Q (sky130_fd_sc_hd__dfxtp_4)
                                         regfile_inst.registers[25][2] (net)
                  0.37    0.00    1.83 ^ _0819_/A0 (sky130_fd_sc_hd__mux2_1)
     1    0.01    0.13    0.40    2.23 ^ _0819_/X (sky130_fd_sc_hd__mux2_1)
                                         _0597_ (net)
                  0.13    0.00    2.23 ^ _0820_/A (sky130_fd_sc_hd__buf_1)
     1    0.02    0.47    0.46    2.69 ^ _0820_/X (sky130_fd_sc_hd__buf_1)
                                         _0098_ (net)
                  0.47    0.00    2.69 ^ _1349_/D (sky130_fd_sc_hd__dfxtp_4)
                                  2.69   data arrival time

                          0.00    0.00   clock core_clock (rise edge)
                          0.00    0.00   clock source latency
     1    0.07    0.00    0.00    0.00 ^ clk (in)
                                         clk (net)
                  0.00    0.00    0.00 ^ clkbuf_0_clk/A (sky130_fd_sc_hd__clkbuf_16)
     9    0.22    0.35    0.41    0.42 ^ clkbuf_0_clk/X (sky130_fd_sc_hd__clkbuf_16)
                                         clknet_0_clk (net)
                  0.35    0.01    0.42 ^ clkbuf_3_1__f_clk/A (sky130_fd_sc_hd__clkbuf_16)
    13    0.09    0.16    0.43    0.85 ^ clkbuf_3_1__f_clk/X (sky130_fd_sc_hd__clkbuf_16)
                                         clknet_3_1__leaf_clk (net)
                  0.16    0.00    0.85 ^ _1349_/CLK (sky130_fd_sc_hd__dfxtp_4)
                          0.00    0.85   clock reconvergence pessimism
                         -0.15    0.70   library hold time
                                  0.70   data required time
-----------------------------------------------------------------------------
                                  0.70   data required time
                                 -2.69   data arrival time
-----------------------------------------------------------------------------
                                  1.99   slack (MET)


Startpoint: _1292_ (rising edge-triggered flip-flop clocked by core_clock)
Endpoint: _1292_ (rising edge-triggered flip-flop clocked by core_clock)
Path Group: core_clock
Path Type: min
Corner: Slowest

Fanout     Cap    Slew   Delay    Time   Description
-----------------------------------------------------------------------------
                          0.00    0.00   clock core_clock (rise edge)
                          0.00    0.00   clock source latency
     1    0.07    0.00    0.00    0.00 ^ clk (in)
                                         clk (net)
                  0.00    0.00    0.00 ^ clkbuf_0_clk/A (sky130_fd_sc_hd__clkbuf_16)
     9    0.22    0.35    0.41    0.42 ^ clkbuf_0_clk/X (sky130_fd_sc_hd__clkbuf_16)
                                         clknet_0_clk (net)
                  0.35    0.01    0.42 ^ clkbuf_3_3__f_clk/A (sky130_fd_sc_hd__clkbuf_16)
    10    0.10    0.18    0.44    0.86 ^ clkbuf_3_3__f_clk/X (sky130_fd_sc_hd__clkbuf_16)
                                         clknet_3_3__leaf_clk (net)
                  0.18    0.00    0.87 ^ _1292_/CLK (sky130_fd_sc_hd__dfxtp_4)
     4    0.17    0.38    0.98    1.85 v _1292_/Q (sky130_fd_sc_hd__dfxtp_4)
                                         display_inst.counter[11] (net)
                  0.38    0.01    1.86 v _0725_/A (sky130_fd_sc_hd__and3_4)
     4    0.13    0.30    0.64    2.50 v _0725_/X (sky130_fd_sc_hd__and3_4)
                                         _0560_ (net)
                  0.30    0.02    2.52 v _0726_/B (sky130_fd_sc_hd__nor2_1)
     1    0.00    0.19    0.27    2.79 ^ _0726_/Y (sky130_fd_sc_hd__nor2_1)
                                         _0041_ (net)
                  0.19    0.00    2.79 ^ _1292_/D (sky130_fd_sc_hd__dfxtp_4)
                                  2.79   data arrival time

                          0.00    0.00   clock core_clock (rise edge)
                          0.00    0.00   clock source latency
     1    0.07    0.00    0.00    0.00 ^ clk (in)
                                         clk (net)
                  0.00    0.00    0.00 ^ clkbuf_0_clk/A (sky130_fd_sc_hd__clkbuf_16)
     9    0.22    0.35    0.41    0.42 ^ clkbuf_0_clk/X (sky130_fd_sc_hd__clkbuf_16)
                                         clknet_0_clk (net)
                  0.35    0.01    0.42 ^ clkbuf_3_3__f_clk/A (sky130_fd_sc_hd__clkbuf_16)
    10    0.10    0.18    0.44    0.86 ^ clkbuf_3_3__f_clk/X (sky130_fd_sc_hd__clkbuf_16)
                                         clknet_3_3__leaf_clk (net)
                  0.18    0.00    0.87 ^ _1292_/CLK (sky130_fd_sc_hd__dfxtp_4)
                          0.00    0.87   clock reconvergence pessimism
                         -0.08    0.79   library hold time
                                  0.79   data required time
-----------------------------------------------------------------------------
                                  0.79   data required time
                                 -2.79   data arrival time
-----------------------------------------------------------------------------
                                  2.00   slack (MET)


Startpoint: _1377_ (rising edge-triggered flip-flop clocked by core_clock)
Endpoint: _1377_ (rising edge-triggered flip-flop clocked by core_clock)
Path Group: core_clock
Path Type: min
Corner: Slowest

Fanout     Cap    Slew   Delay    Time   Description
-----------------------------------------------------------------------------
                          0.00    0.00   clock core_clock (rise edge)
                          0.00    0.00   clock source latency
     1    0.07    0.00    0.00    0.00 ^ clk (in)
                                         clk (net)
                  0.00    0.00    0.00 ^ clkbuf_0_clk/A (sky130_fd_sc_hd__clkbuf_16)
     9    0.22    0.35    0.41    0.42 ^ clkbuf_0_clk/X (sky130_fd_sc_hd__clkbuf_16)
                                         clknet_0_clk (net)
                  0.35    0.01    0.42 ^ clkbuf_3_0__f_clk/A (sky130_fd_sc_hd__clkbuf_16)
    16    0.11    0.19    0.44    0.87 ^ clkbuf_3_0__f_clk/X (sky130_fd_sc_hd__clkbuf_16)
                                         clknet_3_0__leaf_clk (net)
                  0.19    0.00    0.87 ^ _1377_/CLK (sky130_fd_sc_hd__dfxtp_4)
     3    0.10    0.25    0.89    1.76 v _1377_/Q (sky130_fd_sc_hd__dfxtp_4)
                                         regfile_inst.registers[15][14] (net)
                  0.25    0.02    1.78 v _0882_/A (sky130_fd_sc_hd__and2_1)
     1    0.01    0.16    0.46    2.23 v _0882_/X (sky130_fd_sc_hd__and2_1)
                                         _0632_ (net)
                  0.16    0.00    2.23 v _0883_/A (sky130_fd_sc_hd__buf_2)
     5    0.07    0.30    0.48    2.72 v _0883_/X (sky130_fd_sc_hd__buf_2)
                                         _0126_ (net)
                  0.30    0.01    2.73 v _1377_/D (sky130_fd_sc_hd__dfxtp_4)
                                  2.73   data arrival time

                          0.00    0.00   clock core_clock (rise edge)
                          0.00    0.00   clock source latency
     1    0.07    0.00    0.00    0.00 ^ clk (in)
                                         clk (net)
                  0.00    0.00    0.00 ^ clkbuf_0_clk/A (sky130_fd_sc_hd__clkbuf_16)
     9    0.22    0.35    0.41    0.42 ^ clkbuf_0_clk/X (sky130_fd_sc_hd__clkbuf_16)
                                         clknet_0_clk (net)
                  0.35    0.01    0.42 ^ clkbuf_3_0__f_clk/A (sky130_fd_sc_hd__clkbuf_16)
    16    0.11    0.19    0.44    0.87 ^ clkbuf_3_0__f_clk/X (sky130_fd_sc_hd__clkbuf_16)
                                         clknet_3_0__leaf_clk (net)
                  0.19    0.00    0.87 ^ _1377_/CLK (sky130_fd_sc_hd__dfxtp_4)
                          0.00    0.87   clock reconvergence pessimism
                         -0.15    0.73   library hold time
                                  0.73   data required time
-----------------------------------------------------------------------------
                                  0.73   data required time
                                 -2.73   data arrival time
-----------------------------------------------------------------------------
                                  2.01   slack (MET)


Startpoint: _1359_ (rising edge-triggered flip-flop clocked by core_clock)
Endpoint: _1359_ (rising edge-triggered flip-flop clocked by core_clock)
Path Group: core_clock
Path Type: min
Corner: Slowest

Fanout     Cap    Slew   Delay    Time   Description
-----------------------------------------------------------------------------
                          0.00    0.00   clock core_clock (rise edge)
                          0.00    0.00   clock source latency
     1    0.07    0.00    0.00    0.00 ^ clk (in)
                                         clk (net)
                  0.00    0.00    0.00 ^ clkbuf_0_clk/A (sky130_fd_sc_hd__clkbuf_16)
     9    0.22    0.35    0.41    0.42 ^ clkbuf_0_clk/X (sky130_fd_sc_hd__clkbuf_16)
                                         clknet_0_clk (net)
                  0.35    0.01    0.42 ^ clkbuf_3_4__f_clk/A (sky130_fd_sc_hd__clkbuf_16)
    12    0.09    0.17    0.43    0.85 ^ clkbuf_3_4__f_clk/X (sky130_fd_sc_hd__clkbuf_16)
                                         clknet_3_4__leaf_clk (net)
                  0.17    0.00    0.85 ^ _1359_/CLK (sky130_fd_sc_hd__dfxtp_4)
     3    0.08    0.22    0.85    1.70 v _1359_/Q (sky130_fd_sc_hd__dfxtp_4)
                                         regfile_inst.registers[25][12] (net)
                  0.22    0.02    1.72 v _0846_/A0 (sky130_fd_sc_hd__mux2_4)
     1    0.05    0.18    0.68    2.40 v _0846_/X (sky130_fd_sc_hd__mux2_4)
                                         _0614_ (net)
                  0.18    0.01    2.41 v _0847_/A (sky130_fd_sc_hd__buf_8)
     5    0.10    0.13    0.34    2.74 v _0847_/X (sky130_fd_sc_hd__buf_8)
                                         _0108_ (net)
                  0.14    0.03    2.77 v _1359_/D (sky130_fd_sc_hd__dfxtp_4)
                                  2.77   data arrival time

                          0.00    0.00   clock core_clock (rise edge)
                          0.00    0.00   clock source latency
     1    0.07    0.00    0.00    0.00 ^ clk (in)
                                         clk (net)
                  0.00    0.00    0.00 ^ clkbuf_0_clk/A (sky130_fd_sc_hd__clkbuf_16)
     9    0.22    0.35    0.41    0.42 ^ clkbuf_0_clk/X (sky130_fd_sc_hd__clkbuf_16)
                                         clknet_0_clk (net)
                  0.35    0.01    0.42 ^ clkbuf_3_4__f_clk/A (sky130_fd_sc_hd__clkbuf_16)
    12    0.09    0.17    0.43    0.85 ^ clkbuf_3_4__f_clk/X (sky130_fd_sc_hd__clkbuf_16)
                                         clknet_3_4__leaf_clk (net)
                  0.17    0.00    0.85 ^ _1359_/CLK (sky130_fd_sc_hd__dfxtp_4)
                          0.00    0.85   clock reconvergence pessimism
                         -0.09    0.76   library hold time
                                  0.76   data required time
-----------------------------------------------------------------------------
                                  0.76   data required time
                                 -2.77   data arrival time
-----------------------------------------------------------------------------
                                  2.01   slack (MET)


Startpoint: _1328_ (rising edge-triggered flip-flop clocked by core_clock)
Endpoint: _1328_ (rising edge-triggered flip-flop clocked by core_clock)
Path Group: core_clock
Path Type: min
Corner: Slowest

Fanout     Cap    Slew   Delay    Time   Description
-----------------------------------------------------------------------------
                          0.00    0.00   clock core_clock (rise edge)
                          0.00    0.00   clock source latency
     1    0.07    0.00    0.00    0.00 ^ clk (in)
                                         clk (net)
                  0.00    0.00    0.00 ^ clkbuf_0_clk/A (sky130_fd_sc_hd__clkbuf_16)
     9    0.22    0.35    0.41    0.42 ^ clkbuf_0_clk/X (sky130_fd_sc_hd__clkbuf_16)
                                         clknet_0_clk (net)
                  0.35    0.01    0.42 ^ clkbuf_3_0__f_clk/A (sky130_fd_sc_hd__clkbuf_16)
    16    0.11    0.19    0.44    0.87 ^ clkbuf_3_0__f_clk/X (sky130_fd_sc_hd__clkbuf_16)
                                         clknet_3_0__leaf_clk (net)
                  0.19    0.00    0.87 ^ _1328_/CLK (sky130_fd_sc_hd__dfrtp_4)
     7    0.15    0.66    1.34    2.21 ^ _1328_/Q (sky130_fd_sc_hd__dfrtp_4)
                                         imem_inst.address[29] (net)
                  0.66    0.02    2.23 ^ _0913_/A (sky130_fd_sc_hd__xor2_2)
     2    0.04    0.20    0.56    2.79 v _0913_/X (sky130_fd_sc_hd__xor2_2)
                                         _0077_ (net)
                  0.20    0.01    2.79 v _1328_/D (sky130_fd_sc_hd__dfrtp_4)
                                  2.79   data arrival time

                          0.00    0.00   clock core_clock (rise edge)
                          0.00    0.00   clock source latency
     1    0.07    0.00    0.00    0.00 ^ clk (in)
                                         clk (net)
                  0.00    0.00    0.00 ^ clkbuf_0_clk/A (sky130_fd_sc_hd__clkbuf_16)
     9    0.22    0.35    0.41    0.42 ^ clkbuf_0_clk/X (sky130_fd_sc_hd__clkbuf_16)
                                         clknet_0_clk (net)
                  0.35    0.01    0.42 ^ clkbuf_3_0__f_clk/A (sky130_fd_sc_hd__clkbuf_16)
    16    0.11    0.19    0.44    0.87 ^ clkbuf_3_0__f_clk/X (sky130_fd_sc_hd__clkbuf_16)
                                         clknet_3_0__leaf_clk (net)
                  0.19    0.00    0.87 ^ _1328_/CLK (sky130_fd_sc_hd__dfrtp_4)
                          0.00    0.87   clock reconvergence pessimism
                         -0.11    0.76   library hold time
                                  0.76   data required time
-----------------------------------------------------------------------------
                                  0.76   data required time
                                 -2.79   data arrival time
-----------------------------------------------------------------------------
                                  2.03   slack (MET)


Startpoint: _1373_ (rising edge-triggered flip-flop clocked by core_clock)
Endpoint: _1373_ (rising edge-triggered flip-flop clocked by core_clock)
Path Group: core_clock
Path Type: min
Corner: Slowest

Fanout     Cap    Slew   Delay    Time   Description
-----------------------------------------------------------------------------
                          0.00    0.00   clock core_clock (rise edge)
                          0.00    0.00   clock source latency
     1    0.07    0.00    0.00    0.00 ^ clk (in)
                                         clk (net)
                  0.00    0.00    0.00 ^ clkbuf_0_clk/A (sky130_fd_sc_hd__clkbuf_16)
     9    0.22    0.35    0.41    0.42 ^ clkbuf_0_clk/X (sky130_fd_sc_hd__clkbuf_16)
                                         clknet_0_clk (net)
                  0.35    0.01    0.42 ^ clkbuf_3_5__f_clk/A (sky130_fd_sc_hd__clkbuf_16)
    16    0.10    0.18    0.44    0.86 ^ clkbuf_3_5__f_clk/X (sky130_fd_sc_hd__clkbuf_16)
                                         clknet_3_5__leaf_clk (net)
                  0.18    0.01    0.87 ^ _1373_/CLK (sky130_fd_sc_hd__dfxtp_4)
     2    0.10    0.24    0.87    1.74 v _1373_/Q (sky130_fd_sc_hd__dfxtp_4)
                                         regfile_inst.registers[15][10] (net)
                  0.24    0.01    1.75 v _0874_/A (sky130_fd_sc_hd__and2_4)
     1    0.08    0.20    0.46    2.21 v _0874_/X (sky130_fd_sc_hd__and2_4)
                                         _0628_ (net)
                  0.21    0.03    2.23 v _0875_/A (sky130_fd_sc_hd__clkbuf_4)
    17    0.08    0.29    0.50    2.73 v _0875_/X (sky130_fd_sc_hd__clkbuf_4)
                                         _0122_ (net)
                  0.30    0.02    2.75 v _1373_/D (sky130_fd_sc_hd__dfxtp_4)
                                  2.75   data arrival time

                          0.00    0.00   clock core_clock (rise edge)
                          0.00    0.00   clock source latency
     1    0.07    0.00    0.00    0.00 ^ clk (in)
                                         clk (net)
                  0.00    0.00    0.00 ^ clkbuf_0_clk/A (sky130_fd_sc_hd__clkbuf_16)
     9    0.22    0.35    0.41    0.42 ^ clkbuf_0_clk/X (sky130_fd_sc_hd__clkbuf_16)
                                         clknet_0_clk (net)
                  0.35    0.01    0.42 ^ clkbuf_3_5__f_clk/A (sky130_fd_sc_hd__clkbuf_16)
    16    0.10    0.18    0.44    0.86 ^ clkbuf_3_5__f_clk/X (sky130_fd_sc_hd__clkbuf_16)
                                         clknet_3_5__leaf_clk (net)
                  0.18    0.01    0.87 ^ _1373_/CLK (sky130_fd_sc_hd__dfxtp_4)
                          0.00    0.87   clock reconvergence pessimism
                         -0.15    0.72   library hold time
                                  0.72   data required time
-----------------------------------------------------------------------------
                                  0.72   data required time
                                 -2.75   data arrival time
-----------------------------------------------------------------------------
                                  2.03   slack (MET)


Startpoint: _1325_ (rising edge-triggered flip-flop clocked by core_clock)
Endpoint: _1325_ (rising edge-triggered flip-flop clocked by core_clock)
Path Group: core_clock
Path Type: min
Corner: Slowest

Fanout     Cap    Slew   Delay    Time   Description
-----------------------------------------------------------------------------
                          0.00    0.00   clock core_clock (rise edge)
                          0.00    0.00   clock source latency
     1    0.07    0.00    0.00    0.00 ^ clk (in)
                                         clk (net)
                  0.00    0.00    0.00 ^ clkbuf_0_clk/A (sky130_fd_sc_hd__clkbuf_16)
     9    0.22    0.35    0.41    0.42 ^ clkbuf_0_clk/X (sky130_fd_sc_hd__clkbuf_16)
                                         clknet_0_clk (net)
                  0.35    0.01    0.42 ^ clkbuf_3_2__f_clk/A (sky130_fd_sc_hd__clkbuf_16)
    14    0.09    0.16    0.42    0.84 ^ clkbuf_3_2__f_clk/X (sky130_fd_sc_hd__clkbuf_16)
                                         clknet_3_2__leaf_clk (net)
                  0.16    0.00    0.84 ^ _1325_/CLK (sky130_fd_sc_hd__dfrtp_4)
     5    0.16    0.70    1.35    2.19 ^ _1325_/Q (sky130_fd_sc_hd__dfrtp_4)
                                         imem_inst.address[26] (net)
                  0.70    0.03    2.22 ^ _0918_/A (sky130_fd_sc_hd__xor2_4)
     1    0.07    0.19    0.54    2.77 v _0918_/X (sky130_fd_sc_hd__xor2_4)
                                         _0074_ (net)
                  0.19    0.01    2.78 v _1325_/D (sky130_fd_sc_hd__dfrtp_4)
                                  2.78   data arrival time

                          0.00    0.00   clock core_clock (rise edge)
                          0.00    0.00   clock source latency
     1    0.07    0.00    0.00    0.00 ^ clk (in)
                                         clk (net)
                  0.00    0.00    0.00 ^ clkbuf_0_clk/A (sky130_fd_sc_hd__clkbuf_16)
     9    0.22    0.35    0.41    0.42 ^ clkbuf_0_clk/X (sky130_fd_sc_hd__clkbuf_16)
                                         clknet_0_clk (net)
                  0.35    0.01    0.42 ^ clkbuf_3_2__f_clk/A (sky130_fd_sc_hd__clkbuf_16)
    14    0.09    0.16    0.42    0.84 ^ clkbuf_3_2__f_clk/X (sky130_fd_sc_hd__clkbuf_16)
                                         clknet_3_2__leaf_clk (net)
                  0.16    0.00    0.84 ^ _1325_/CLK (sky130_fd_sc_hd__dfrtp_4)
                          0.00    0.84   clock reconvergence pessimism
                         -0.11    0.73   library hold time
                                  0.73   data required time
-----------------------------------------------------------------------------
                                  0.73   data required time
                                 -2.78   data arrival time
-----------------------------------------------------------------------------
                                  2.05   slack (MET)


Startpoint: _1343_ (rising edge-triggered flip-flop clocked by core_clock)
Endpoint: _1343_ (rising edge-triggered flip-flop clocked by core_clock)
Path Group: core_clock
Path Type: min
Corner: Slowest

Fanout     Cap    Slew   Delay    Time   Description
-----------------------------------------------------------------------------
                          0.00    0.00   clock core_clock (rise edge)
                          0.00    0.00   clock source latency
     1    0.07    0.00    0.00    0.00 ^ clk (in)
                                         clk (net)
                  0.00    0.00    0.00 ^ clkbuf_0_clk/A (sky130_fd_sc_hd__clkbuf_16)
     9    0.22    0.35    0.41    0.42 ^ clkbuf_0_clk/X (sky130_fd_sc_hd__clkbuf_16)
                                         clknet_0_clk (net)
                  0.35    0.01    0.42 ^ clkbuf_3_7__f_clk/A (sky130_fd_sc_hd__clkbuf_16)
    12    0.09    0.16    0.43    0.85 ^ clkbuf_3_7__f_clk/X (sky130_fd_sc_hd__clkbuf_16)
                                         clknet_3_7__leaf_clk (net)
                  0.16    0.00    0.85 ^ _1343_/CLK (sky130_fd_sc_hd__dfxtp_4)
     3    0.11    0.27    0.90    1.75 v _1343_/Q (sky130_fd_sc_hd__dfxtp_4)
                                         regfile_inst.registers[10][12] (net)
                  0.27    0.01    1.76 v _0805_/A (sky130_fd_sc_hd__and2_4)
     1    0.08    0.21    0.48    2.23 v _0805_/X (sky130_fd_sc_hd__and2_4)
                                         _0589_ (net)
                  0.21    0.02    2.26 v _0806_/A (sky130_fd_sc_hd__clkbuf_2)
     1    0.05    0.35    0.48    2.74 v _0806_/X (sky130_fd_sc_hd__clkbuf_2)
                                         _0092_ (net)
                  0.35    0.01    2.75 v _1343_/D (sky130_fd_sc_hd__dfxtp_4)
                                  2.75   data arrival time

                          0.00    0.00   clock core_clock (rise edge)
                          0.00    0.00   clock source latency
     1    0.07    0.00    0.00    0.00 ^ clk (in)
                                         clk (net)
                  0.00    0.00    0.00 ^ clkbuf_0_clk/A (sky130_fd_sc_hd__clkbuf_16)
     9    0.22    0.35    0.41    0.42 ^ clkbuf_0_clk/X (sky130_fd_sc_hd__clkbuf_16)
                                         clknet_0_clk (net)
                  0.35    0.01    0.42 ^ clkbuf_3_7__f_clk/A (sky130_fd_sc_hd__clkbuf_16)
    12    0.09    0.16    0.43    0.85 ^ clkbuf_3_7__f_clk/X (sky130_fd_sc_hd__clkbuf_16)
                                         clknet_3_7__leaf_clk (net)
                  0.16    0.00    0.85 ^ _1343_/CLK (sky130_fd_sc_hd__dfxtp_4)
                          0.00    0.85   clock reconvergence pessimism
                         -0.17    0.68   library hold time
                                  0.68   data required time
-----------------------------------------------------------------------------
                                  0.68   data required time
                                 -2.75   data arrival time
-----------------------------------------------------------------------------
                                  2.07   slack (MET)


Startpoint: _1362_ (rising edge-triggered flip-flop clocked by core_clock)
Endpoint: _1362_ (rising edge-triggered flip-flop clocked by core_clock)
Path Group: core_clock
Path Type: min
Corner: Slowest

Fanout     Cap    Slew   Delay    Time   Description
-----------------------------------------------------------------------------
                          0.00    0.00   clock core_clock (rise edge)
                          0.00    0.00   clock source latency
     1    0.07    0.00    0.00    0.00 ^ clk (in)
                                         clk (net)
                  0.00    0.00    0.00 ^ clkbuf_0_clk/A (sky130_fd_sc_hd__clkbuf_16)
     9    0.22    0.35    0.41    0.42 ^ clkbuf_0_clk/X (sky130_fd_sc_hd__clkbuf_16)
                                         clknet_0_clk (net)
                  0.35    0.01    0.42 ^ clkbuf_3_0__f_clk/A (sky130_fd_sc_hd__clkbuf_16)
    16    0.11    0.19    0.44    0.87 ^ clkbuf_3_0__f_clk/X (sky130_fd_sc_hd__clkbuf_16)
                                         clknet_3_0__leaf_clk (net)
                  0.19    0.00    0.87 ^ _1362_/CLK (sky130_fd_sc_hd__dfxtp_1)
     2    0.02    0.21    0.76    1.64 v _1362_/Q (sky130_fd_sc_hd__dfxtp_1)
                                         regfile_inst.registers[25][15] (net)
                  0.21    0.00    1.64 v _0852_/A0 (sky130_fd_sc_hd__mux2_4)
     1    0.09    0.26    0.78    2.42 v _0852_/X (sky130_fd_sc_hd__mux2_4)
                                         _0617_ (net)
                  0.26    0.01    2.42 v _0853_/A (sky130_fd_sc_hd__buf_6)
     9    0.09    0.15    0.39    2.81 v _0853_/X (sky130_fd_sc_hd__buf_6)
                                         _0111_ (net)
                  0.16    0.02    2.84 v _1362_/D (sky130_fd_sc_hd__dfxtp_1)
                                  2.84   data arrival time

                          0.00    0.00   clock core_clock (rise edge)
                          0.00    0.00   clock source latency
     1    0.07    0.00    0.00    0.00 ^ clk (in)
                                         clk (net)
                  0.00    0.00    0.00 ^ clkbuf_0_clk/A (sky130_fd_sc_hd__clkbuf_16)
     9    0.22    0.35    0.41    0.42 ^ clkbuf_0_clk/X (sky130_fd_sc_hd__clkbuf_16)
                                         clknet_0_clk (net)
                  0.35    0.01    0.42 ^ clkbuf_3_0__f_clk/A (sky130_fd_sc_hd__clkbuf_16)
    16    0.11    0.19    0.44    0.87 ^ clkbuf_3_0__f_clk/X (sky130_fd_sc_hd__clkbuf_16)
                                         clknet_3_0__leaf_clk (net)
                  0.19    0.00    0.87 ^ _1362_/CLK (sky130_fd_sc_hd__dfxtp_1)
                          0.00    0.87   clock reconvergence pessimism
                         -0.11    0.76   library hold time
                                  0.76   data required time
-----------------------------------------------------------------------------
                                  0.76   data required time
                                 -2.84   data arrival time
-----------------------------------------------------------------------------
                                  2.07   slack (MET)


Startpoint: _1338_ (rising edge-triggered flip-flop clocked by core_clock)
Endpoint: _1338_ (rising edge-triggered flip-flop clocked by core_clock)
Path Group: core_clock
Path Type: min
Corner: Slowest

Fanout     Cap    Slew   Delay    Time   Description
-----------------------------------------------------------------------------
                          0.00    0.00   clock core_clock (rise edge)
                          0.00    0.00   clock source latency
     1    0.07    0.00    0.00    0.00 ^ clk (in)
                                         clk (net)
                  0.00    0.00    0.00 ^ clkbuf_0_clk/A (sky130_fd_sc_hd__clkbuf_16)
     9    0.22    0.35    0.41    0.42 ^ clkbuf_0_clk/X (sky130_fd_sc_hd__clkbuf_16)
                                         clknet_0_clk (net)
                  0.35    0.01    0.42 ^ clkbuf_3_4__f_clk/A (sky130_fd_sc_hd__clkbuf_16)
    12    0.09    0.17    0.43    0.85 ^ clkbuf_3_4__f_clk/X (sky130_fd_sc_hd__clkbuf_16)
                                         clknet_3_4__leaf_clk (net)
                  0.17    0.00    0.85 ^ _1338_/CLK (sky130_fd_sc_hd__dfxtp_2)
     2    0.06    0.25    0.83    1.68 v _1338_/Q (sky130_fd_sc_hd__dfxtp_2)
                                         regfile_inst.registers[10][7] (net)
                  0.25    0.00    1.69 v _0795_/A (sky130_fd_sc_hd__and2_2)
     2    0.05    0.25    0.63    2.32 v _0795_/X (sky130_fd_sc_hd__and2_2)
                                         _0584_ (net)
                  0.26    0.01    2.32 v _0796_/A (sky130_fd_sc_hd__clkbuf_2)
     1    0.04    0.29    0.46    2.78 v _0796_/X (sky130_fd_sc_hd__clkbuf_2)
                                         _0087_ (net)
                  0.29    0.01    2.79 v _1338_/D (sky130_fd_sc_hd__dfxtp_2)
                                  2.79   data arrival time

                          0.00    0.00   clock core_clock (rise edge)
                          0.00    0.00   clock source latency
     1    0.07    0.00    0.00    0.00 ^ clk (in)
                                         clk (net)
                  0.00    0.00    0.00 ^ clkbuf_0_clk/A (sky130_fd_sc_hd__clkbuf_16)
     9    0.22    0.35    0.41    0.42 ^ clkbuf_0_clk/X (sky130_fd_sc_hd__clkbuf_16)
                                         clknet_0_clk (net)
                  0.35    0.01    0.42 ^ clkbuf_3_4__f_clk/A (sky130_fd_sc_hd__clkbuf_16)
    12    0.09    0.17    0.43    0.85 ^ clkbuf_3_4__f_clk/X (sky130_fd_sc_hd__clkbuf_16)
                                         clknet_3_4__leaf_clk (net)
                  0.17    0.00    0.85 ^ _1338_/CLK (sky130_fd_sc_hd__dfxtp_2)
                          0.00    0.85   clock reconvergence pessimism
                         -0.15    0.70   library hold time
                                  0.70   data required time
-----------------------------------------------------------------------------
                                  0.70   data required time
                                 -2.79   data arrival time
-----------------------------------------------------------------------------
                                  2.08   slack (MET)


Startpoint: _1376_ (rising edge-triggered flip-flop clocked by core_clock)
Endpoint: _1376_ (rising edge-triggered flip-flop clocked by core_clock)
Path Group: core_clock
Path Type: min
Corner: Slowest

Fanout     Cap    Slew   Delay    Time   Description
-----------------------------------------------------------------------------
                          0.00    0.00   clock core_clock (rise edge)
                          0.00    0.00   clock source latency
     1    0.07    0.00    0.00    0.00 ^ clk (in)
                                         clk (net)
                  0.00    0.00    0.00 ^ clkbuf_0_clk/A (sky130_fd_sc_hd__clkbuf_16)
     9    0.22    0.35    0.41    0.42 ^ clkbuf_0_clk/X (sky130_fd_sc_hd__clkbuf_16)
                                         clknet_0_clk (net)
                  0.35    0.01    0.42 ^ clkbuf_3_1__f_clk/A (sky130_fd_sc_hd__clkbuf_16)
    13    0.09    0.16    0.43    0.85 ^ clkbuf_3_1__f_clk/X (sky130_fd_sc_hd__clkbuf_16)
                                         clknet_3_1__leaf_clk (net)
                  0.16    0.00    0.85 ^ _1376_/CLK (sky130_fd_sc_hd__dfxtp_4)
     5    0.13    0.31    0.90    1.76 v _1376_/Q (sky130_fd_sc_hd__dfxtp_4)
                                         regfile_inst.registers[15][13] (net)
                  0.31    0.03    1.78 v _0880_/A (sky130_fd_sc_hd__and2_1)
     1    0.03    0.27    0.57    2.35 v _0880_/X (sky130_fd_sc_hd__and2_1)
                                         _0631_ (net)
                  0.27    0.00    2.36 v _0881_/A (sky130_fd_sc_hd__buf_2)
     2    0.04    0.21    0.47    2.82 v _0881_/X (sky130_fd_sc_hd__buf_2)
                                         _0125_ (net)
                  0.21    0.01    2.83 v _1376_/D (sky130_fd_sc_hd__dfxtp_4)
                                  2.83   data arrival time

                          0.00    0.00   clock core_clock (rise edge)
                          0.00    0.00   clock source latency
     1    0.07    0.00    0.00    0.00 ^ clk (in)
                                         clk (net)
                  0.00    0.00    0.00 ^ clkbuf_0_clk/A (sky130_fd_sc_hd__clkbuf_16)
     9    0.22    0.35    0.41    0.42 ^ clkbuf_0_clk/X (sky130_fd_sc_hd__clkbuf_16)
                                         clknet_0_clk (net)
                  0.35    0.01    0.42 ^ clkbuf_3_1__f_clk/A (sky130_fd_sc_hd__clkbuf_16)
    13    0.09    0.16    0.43    0.85 ^ clkbuf_3_1__f_clk/X (sky130_fd_sc_hd__clkbuf_16)
                                         clknet_3_1__leaf_clk (net)
                  0.16    0.00    0.85 ^ _1376_/CLK (sky130_fd_sc_hd__dfxtp_4)
                          0.00    0.85   clock reconvergence pessimism
                         -0.12    0.73   library hold time
                                  0.73   data required time
-----------------------------------------------------------------------------
                                  0.73   data required time
                                 -2.83   data arrival time
-----------------------------------------------------------------------------
                                  2.10   slack (MET)


Startpoint: _1352_ (rising edge-triggered flip-flop clocked by core_clock)
Endpoint: _1352_ (rising edge-triggered flip-flop clocked by core_clock)
Path Group: core_clock
Path Type: min
Corner: Slowest

Fanout     Cap    Slew   Delay    Time   Description
-----------------------------------------------------------------------------
                          0.00    0.00   clock core_clock (rise edge)
                          0.00    0.00   clock source latency
     1    0.07    0.00    0.00    0.00 ^ clk (in)
                                         clk (net)
                  0.00    0.00    0.00 ^ clkbuf_0_clk/A (sky130_fd_sc_hd__clkbuf_16)
     9    0.22    0.35    0.41    0.42 ^ clkbuf_0_clk/X (sky130_fd_sc_hd__clkbuf_16)
                                         clknet_0_clk (net)
                  0.35    0.01    0.42 ^ clkbuf_3_2__f_clk/A (sky130_fd_sc_hd__clkbuf_16)
    14    0.09    0.16    0.42    0.84 ^ clkbuf_3_2__f_clk/X (sky130_fd_sc_hd__clkbuf_16)
                                         clknet_3_2__leaf_clk (net)
                  0.16    0.01    0.85 ^ _1352_/CLK (sky130_fd_sc_hd__dfxtp_4)
     3    0.13    0.31    0.92    1.77 v _1352_/Q (sky130_fd_sc_hd__dfxtp_4)
                                         regfile_inst.registers[25][5] (net)
                  0.31    0.01    1.78 v _0825_/A (sky130_fd_sc_hd__nor2_4)
     1    0.06    0.59    0.62    2.41 ^ _0825_/Y (sky130_fd_sc_hd__nor2_4)
                                         _0600_ (net)
                  0.59    0.01    2.42 ^ _0826_/B1 (sky130_fd_sc_hd__a21oi_4)
     6    0.08    0.25    0.37    2.79 v _0826_/Y (sky130_fd_sc_hd__a21oi_4)
                                         _0101_ (net)
                  0.25    0.02    2.81 v _1352_/D (sky130_fd_sc_hd__dfxtp_4)
                                  2.81   data arrival time

                          0.00    0.00   clock core_clock (rise edge)
                          0.00    0.00   clock source latency
     1    0.07    0.00    0.00    0.00 ^ clk (in)
                                         clk (net)
                  0.00    0.00    0.00 ^ clkbuf_0_clk/A (sky130_fd_sc_hd__clkbuf_16)
     9    0.22    0.35    0.41    0.42 ^ clkbuf_0_clk/X (sky130_fd_sc_hd__clkbuf_16)
                                         clknet_0_clk (net)
                  0.35    0.01    0.42 ^ clkbuf_3_2__f_clk/A (sky130_fd_sc_hd__clkbuf_16)
    14    0.09    0.16    0.42    0.84 ^ clkbuf_3_2__f_clk/X (sky130_fd_sc_hd__clkbuf_16)
                                         clknet_3_2__leaf_clk (net)
                  0.16    0.01    0.85 ^ _1352_/CLK (sky130_fd_sc_hd__dfxtp_4)
                          0.00    0.85   clock reconvergence pessimism
                         -0.14    0.72   library hold time
                                  0.72   data required time
-----------------------------------------------------------------------------
                                  0.72   data required time
                                 -2.81   data arrival time
-----------------------------------------------------------------------------
                                  2.10   slack (MET)


Startpoint: _1304_ (rising edge-triggered flip-flop clocked by core_clock)
Endpoint: _1304_ (rising edge-triggered flip-flop clocked by core_clock)
Path Group: core_clock
Path Type: min
Corner: Slowest

Fanout     Cap    Slew   Delay    Time   Description
-----------------------------------------------------------------------------
                          0.00    0.00   clock core_clock (rise edge)
                          0.00    0.00   clock source latency
     1    0.07    0.00    0.00    0.00 ^ clk (in)
                                         clk (net)
                  0.00    0.00    0.00 ^ clkbuf_0_clk/A (sky130_fd_sc_hd__clkbuf_16)
     9    0.22    0.35    0.41    0.42 ^ clkbuf_0_clk/X (sky130_fd_sc_hd__clkbuf_16)
                                         clknet_0_clk (net)
                  0.35    0.01    0.42 ^ clkbuf_3_6__f_clk/A (sky130_fd_sc_hd__clkbuf_16)
    15    0.10    0.18    0.44    0.86 ^ clkbuf_3_6__f_clk/X (sky130_fd_sc_hd__clkbuf_16)
                                         clknet_3_6__leaf_clk (net)
                  0.18    0.01    0.87 ^ _1304_/CLK (sky130_fd_sc_hd__dfrtp_4)
    12    0.24    1.07    1.60    2.47 ^ _1304_/Q (sky130_fd_sc_hd__dfrtp_4)
                                         imem_inst.address[5] (net)
                  1.07    0.01    2.48 ^ _0953_/A (sky130_fd_sc_hd__xor2_1)
     1    0.01    0.09    0.44    2.92 v _0953_/X (sky130_fd_sc_hd__xor2_1)
                                         _0053_ (net)
                  0.09    0.00    2.92 v _1304_/D (sky130_fd_sc_hd__dfrtp_4)
                                  2.92   data arrival time

                          0.00    0.00   clock core_clock (rise edge)
                          0.00    0.00   clock source latency
     1    0.07    0.00    0.00    0.00 ^ clk (in)
                                         clk (net)
                  0.00    0.00    0.00 ^ clkbuf_0_clk/A (sky130_fd_sc_hd__clkbuf_16)
     9    0.22    0.35    0.41    0.42 ^ clkbuf_0_clk/X (sky130_fd_sc_hd__clkbuf_16)
                                         clknet_0_clk (net)
                  0.35    0.01    0.42 ^ clkbuf_3_6__f_clk/A (sky130_fd_sc_hd__clkbuf_16)
    15    0.10    0.18    0.44    0.86 ^ clkbuf_3_6__f_clk/X (sky130_fd_sc_hd__clkbuf_16)
                                         clknet_3_6__leaf_clk (net)
                  0.18    0.01    0.87 ^ _1304_/CLK (sky130_fd_sc_hd__dfrtp_4)
                          0.00    0.87   clock reconvergence pessimism
                         -0.07    0.80   library hold time
                                  0.80   data required time
-----------------------------------------------------------------------------
                                  0.80   data required time
                                 -2.92   data arrival time
-----------------------------------------------------------------------------
                                  2.12   slack (MET)


Startpoint: _1336_ (rising edge-triggered flip-flop clocked by core_clock)
Endpoint: _1336_ (rising edge-triggered flip-flop clocked by core_clock)
Path Group: core_clock
Path Type: min
Corner: Slowest

Fanout     Cap    Slew   Delay    Time   Description
-----------------------------------------------------------------------------
                          0.00    0.00   clock core_clock (rise edge)
                          0.00    0.00   clock source latency
     1    0.07    0.00    0.00    0.00 ^ clk (in)
                                         clk (net)
                  0.00    0.00    0.00 ^ clkbuf_0_clk/A (sky130_fd_sc_hd__clkbuf_16)
     9    0.22    0.35    0.41    0.42 ^ clkbuf_0_clk/X (sky130_fd_sc_hd__clkbuf_16)
                                         clknet_0_clk (net)
                  0.35    0.01    0.42 ^ clkbuf_3_5__f_clk/A (sky130_fd_sc_hd__clkbuf_16)
    16    0.10    0.18    0.44    0.86 ^ clkbuf_3_5__f_clk/X (sky130_fd_sc_hd__clkbuf_16)
                                         clknet_3_5__leaf_clk (net)
                  0.18    0.00    0.86 ^ _1336_/CLK (sky130_fd_sc_hd__dfxtp_4)
     4    0.10    0.24    0.88    1.74 v _1336_/Q (sky130_fd_sc_hd__dfxtp_4)
                                         regfile_inst.registers[10][5] (net)
                  0.24    0.01    1.75 v _0791_/A (sky130_fd_sc_hd__and2_2)
     1    0.06    0.28    0.65    2.40 v _0791_/X (sky130_fd_sc_hd__and2_2)
                                         _0582_ (net)
                  0.28    0.01    2.41 v _0792_/A (sky130_fd_sc_hd__buf_2)
     1    0.04    0.20    0.47    2.88 v _0792_/X (sky130_fd_sc_hd__buf_2)
                                         _0085_ (net)
                  0.20    0.01    2.89 v _1336_/D (sky130_fd_sc_hd__dfxtp_4)
                                  2.89   data arrival time

                          0.00    0.00   clock core_clock (rise edge)
                          0.00    0.00   clock source latency
     1    0.07    0.00    0.00    0.00 ^ clk (in)
                                         clk (net)
                  0.00    0.00    0.00 ^ clkbuf_0_clk/A (sky130_fd_sc_hd__clkbuf_16)
     9    0.22    0.35    0.41    0.42 ^ clkbuf_0_clk/X (sky130_fd_sc_hd__clkbuf_16)
                                         clknet_0_clk (net)
                  0.35    0.01    0.42 ^ clkbuf_3_5__f_clk/A (sky130_fd_sc_hd__clkbuf_16)
    16    0.10    0.18    0.44    0.86 ^ clkbuf_3_5__f_clk/X (sky130_fd_sc_hd__clkbuf_16)
                                         clknet_3_5__leaf_clk (net)
                  0.18    0.00    0.86 ^ _1336_/CLK (sky130_fd_sc_hd__dfxtp_4)
                          0.00    0.86   clock reconvergence pessimism
                         -0.11    0.75   library hold time
                                  0.75   data required time
-----------------------------------------------------------------------------
                                  0.75   data required time
                                 -2.89   data arrival time
-----------------------------------------------------------------------------
                                  2.14   slack (MET)


Startpoint: _1346_ (rising edge-triggered flip-flop clocked by core_clock)
Endpoint: _1346_ (rising edge-triggered flip-flop clocked by core_clock)
Path Group: core_clock
Path Type: min
Corner: Slowest

Fanout     Cap    Slew   Delay    Time   Description
-----------------------------------------------------------------------------
                          0.00    0.00   clock core_clock (rise edge)
                          0.00    0.00   clock source latency
     1    0.07    0.00    0.00    0.00 ^ clk (in)
                                         clk (net)
                  0.00    0.00    0.00 ^ clkbuf_0_clk/A (sky130_fd_sc_hd__clkbuf_16)
     9    0.22    0.35    0.41    0.42 ^ clkbuf_0_clk/X (sky130_fd_sc_hd__clkbuf_16)
                                         clknet_0_clk (net)
                  0.35    0.01    0.42 ^ clkbuf_3_7__f_clk/A (sky130_fd_sc_hd__clkbuf_16)
    12    0.09    0.16    0.43    0.85 ^ clkbuf_3_7__f_clk/X (sky130_fd_sc_hd__clkbuf_16)
                                         clknet_3_7__leaf_clk (net)
                  0.16    0.01    0.86 ^ _1346_/CLK (sky130_fd_sc_hd__dfxtp_4)
     6    0.13    0.31    0.91    1.76 v _1346_/Q (sky130_fd_sc_hd__dfxtp_4)
                                         regfile_inst.registers[10][15] (net)
                  0.31    0.01    1.77 v _0811_/A (sky130_fd_sc_hd__and2_2)
     1    0.03    0.18    0.59    2.36 v _0811_/X (sky130_fd_sc_hd__and2_2)
                                         _0592_ (net)
                  0.18    0.01    2.37 v _0812_/A (sky130_fd_sc_hd__dlymetal6s2s_1)
     1    0.03    0.27    0.50    2.87 v _0812_/X (sky130_fd_sc_hd__dlymetal6s2s_1)
                                         _0095_ (net)
                  0.27    0.00    2.88 v _1346_/D (sky130_fd_sc_hd__dfxtp_4)
                                  2.88   data arrival time

                          0.00    0.00   clock core_clock (rise edge)
                          0.00    0.00   clock source latency
     1    0.07    0.00    0.00    0.00 ^ clk (in)
                                         clk (net)
                  0.00    0.00    0.00 ^ clkbuf_0_clk/A (sky130_fd_sc_hd__clkbuf_16)
     9    0.22    0.35    0.41    0.42 ^ clkbuf_0_clk/X (sky130_fd_sc_hd__clkbuf_16)
                                         clknet_0_clk (net)
                  0.35    0.01    0.42 ^ clkbuf_3_7__f_clk/A (sky130_fd_sc_hd__clkbuf_16)
    12    0.09    0.16    0.43    0.85 ^ clkbuf_3_7__f_clk/X (sky130_fd_sc_hd__clkbuf_16)
                                         clknet_3_7__leaf_clk (net)
                  0.16    0.01    0.86 ^ _1346_/CLK (sky130_fd_sc_hd__dfxtp_4)
                          0.00    0.86   clock reconvergence pessimism
                         -0.14    0.71   library hold time
                                  0.71   data required time
-----------------------------------------------------------------------------
                                  0.71   data required time
                                 -2.88   data arrival time
-----------------------------------------------------------------------------
                                  2.16   slack (MET)


Startpoint: _1335_ (rising edge-triggered flip-flop clocked by core_clock)
Endpoint: _1335_ (rising edge-triggered flip-flop clocked by core_clock)
Path Group: core_clock
Path Type: min
Corner: Slowest

Fanout     Cap    Slew   Delay    Time   Description
-----------------------------------------------------------------------------
                          0.00    0.00   clock core_clock (rise edge)
                          0.00    0.00   clock source latency
     1    0.07    0.00    0.00    0.00 ^ clk (in)
                                         clk (net)
                  0.00    0.00    0.00 ^ clkbuf_0_clk/A (sky130_fd_sc_hd__clkbuf_16)
     9    0.22    0.35    0.41    0.42 ^ clkbuf_0_clk/X (sky130_fd_sc_hd__clkbuf_16)
                                         clknet_0_clk (net)
                  0.35    0.01    0.42 ^ clkbuf_3_1__f_clk/A (sky130_fd_sc_hd__clkbuf_16)
    13    0.09    0.16    0.43    0.85 ^ clkbuf_3_1__f_clk/X (sky130_fd_sc_hd__clkbuf_16)
                                         clknet_3_1__leaf_clk (net)
                  0.16    0.00    0.85 ^ _1335_/CLK (sky130_fd_sc_hd__dfxtp_4)
     3    0.10    0.24    0.87    1.72 v _1335_/Q (sky130_fd_sc_hd__dfxtp_4)
                                         regfile_inst.registers[10][4] (net)
                  0.25    0.03    1.74 v _0789_/A (sky130_fd_sc_hd__and2_2)
     1    0.06    0.28    0.66    2.40 v _0789_/X (sky130_fd_sc_hd__and2_2)
                                         _0581_ (net)
                  0.28    0.02    2.42 v _0790_/A (sky130_fd_sc_hd__buf_1)
     1    0.03    0.31    0.45    2.87 v _0790_/X (sky130_fd_sc_hd__buf_1)
                                         _0084_ (net)
                  0.31    0.00    2.87 v _1335_/D (sky130_fd_sc_hd__dfxtp_4)
                                  2.87   data arrival time

                          0.00    0.00   clock core_clock (rise edge)
                          0.00    0.00   clock source latency
     1    0.07    0.00    0.00    0.00 ^ clk (in)
                                         clk (net)
                  0.00    0.00    0.00 ^ clkbuf_0_clk/A (sky130_fd_sc_hd__clkbuf_16)
     9    0.22    0.35    0.41    0.42 ^ clkbuf_0_clk/X (sky130_fd_sc_hd__clkbuf_16)
                                         clknet_0_clk (net)
                  0.35    0.01    0.42 ^ clkbuf_3_1__f_clk/A (sky130_fd_sc_hd__clkbuf_16)
    13    0.09    0.16    0.43    0.85 ^ clkbuf_3_1__f_clk/X (sky130_fd_sc_hd__clkbuf_16)
                                         clknet_3_1__leaf_clk (net)
                  0.16    0.00    0.85 ^ _1335_/CLK (sky130_fd_sc_hd__dfxtp_4)
                          0.00    0.85   clock reconvergence pessimism
                         -0.16    0.69   library hold time
                                  0.69   data required time
-----------------------------------------------------------------------------
                                  0.69   data required time
                                 -2.87   data arrival time
-----------------------------------------------------------------------------
                                  2.18   slack (MET)


Startpoint: _1345_ (rising edge-triggered flip-flop clocked by core_clock)
Endpoint: _1345_ (rising edge-triggered flip-flop clocked by core_clock)
Path Group: core_clock
Path Type: min
Corner: Slowest

Fanout     Cap    Slew   Delay    Time   Description
-----------------------------------------------------------------------------
                          0.00    0.00   clock core_clock (rise edge)
                          0.00    0.00   clock source latency
     1    0.07    0.00    0.00    0.00 ^ clk (in)
                                         clk (net)
                  0.00    0.00    0.00 ^ clkbuf_0_clk/A (sky130_fd_sc_hd__clkbuf_16)
     9    0.22    0.35    0.41    0.42 ^ clkbuf_0_clk/X (sky130_fd_sc_hd__clkbuf_16)
                                         clknet_0_clk (net)
                  0.35    0.01    0.42 ^ clkbuf_3_7__f_clk/A (sky130_fd_sc_hd__clkbuf_16)
    12    0.09    0.16    0.43    0.85 ^ clkbuf_3_7__f_clk/X (sky130_fd_sc_hd__clkbuf_16)
                                         clknet_3_7__leaf_clk (net)
                  0.16    0.01    0.86 ^ _1345_/CLK (sky130_fd_sc_hd__dfxtp_4)
     2    0.11    0.26    0.88    1.74 v _1345_/Q (sky130_fd_sc_hd__dfxtp_4)
                                         regfile_inst.registers[10][14] (net)
                  0.27    0.03    1.77 v _0809_/A (sky130_fd_sc_hd__and2_1)
     1    0.04    0.35    0.62    2.38 v _0809_/X (sky130_fd_sc_hd__and2_1)
                                         _0591_ (net)
                  0.35    0.01    2.39 v _0810_/A (sky130_fd_sc_hd__clkbuf_2)
     1    0.04    0.28    0.49    2.88 v _0810_/X (sky130_fd_sc_hd__clkbuf_2)
                                         _0094_ (net)
                  0.28    0.01    2.89 v _1345_/D (sky130_fd_sc_hd__dfxtp_4)
                                  2.89   data arrival time

                          0.00    0.00   clock core_clock (rise edge)
                          0.00    0.00   clock source latency
     1    0.07    0.00    0.00    0.00 ^ clk (in)
                                         clk (net)
                  0.00    0.00    0.00 ^ clkbuf_0_clk/A (sky130_fd_sc_hd__clkbuf_16)
     9    0.22    0.35    0.41    0.42 ^ clkbuf_0_clk/X (sky130_fd_sc_hd__clkbuf_16)
                                         clknet_0_clk (net)
                  0.35    0.01    0.42 ^ clkbuf_3_7__f_clk/A (sky130_fd_sc_hd__clkbuf_16)
    12    0.09    0.16    0.43    0.85 ^ clkbuf_3_7__f_clk/X (sky130_fd_sc_hd__clkbuf_16)
                                         clknet_3_7__leaf_clk (net)
                  0.16    0.01    0.86 ^ _1345_/CLK (sky130_fd_sc_hd__dfxtp_4)
                          0.00    0.86   clock reconvergence pessimism
                         -0.15    0.71   library hold time
                                  0.71   data required time
-----------------------------------------------------------------------------
                                  0.71   data required time
                                 -2.89   data arrival time
-----------------------------------------------------------------------------
                                  2.18   slack (MET)


Startpoint: _1379_ (rising edge-triggered flip-flop clocked by core_clock)
Endpoint: _1380_ (rising edge-triggered flip-flop clocked by core_clock)
Path Group: core_clock
Path Type: min
Corner: Slowest

Fanout     Cap    Slew   Delay    Time   Description
-----------------------------------------------------------------------------
                          0.00    0.00   clock core_clock (rise edge)
                          0.00    0.00   clock source latency
     1    0.07    0.00    0.00    0.00 ^ clk (in)
                                         clk (net)
                  0.00    0.00    0.00 ^ clkbuf_0_clk/A (sky130_fd_sc_hd__clkbuf_16)
     9    0.22    0.35    0.41    0.42 ^ clkbuf_0_clk/X (sky130_fd_sc_hd__clkbuf_16)
                                         clknet_0_clk (net)
                  0.35    0.01    0.42 ^ clkbuf_3_1__f_clk/A (sky130_fd_sc_hd__clkbuf_16)
    13    0.09    0.16    0.43    0.85 ^ clkbuf_3_1__f_clk/X (sky130_fd_sc_hd__clkbuf_16)
                                         clknet_3_1__leaf_clk (net)
                  0.16    0.00    0.85 ^ _1379_/CLK (sky130_fd_sc_hd__dfxtp_4)
     5    0.20    0.44    1.02    1.87 v _1379_/Q (sky130_fd_sc_hd__dfxtp_4)
                                         display_inst.digit_select[0] (net)
                  0.44    0.01    1.88 v _0685_/A (sky130_fd_sc_hd__nand2_4)
     2    0.08    0.41    0.51    2.39 ^ _0685_/Y (sky130_fd_sc_hd__nand2_4)
                                         net3 (net)
                  0.41    0.01    2.39 ^ _0888_/A1 (sky130_fd_sc_hd__o21ai_4)
     6    0.08    0.38    0.46    2.85 v _0888_/Y (sky130_fd_sc_hd__o21ai_4)
                                         _0129_ (net)
                  0.38    0.03    2.88 v _1380_/D (sky130_fd_sc_hd__dfxtp_4)
                                  2.88   data arrival time

                          0.00    0.00   clock core_clock (rise edge)
                          0.00    0.00   clock source latency
     1    0.07    0.00    0.00    0.00 ^ clk (in)
                                         clk (net)
                  0.00    0.00    0.00 ^ clkbuf_0_clk/A (sky130_fd_sc_hd__clkbuf_16)
     9    0.22    0.35    0.41    0.42 ^ clkbuf_0_clk/X (sky130_fd_sc_hd__clkbuf_16)
                                         clknet_0_clk (net)
                  0.35    0.01    0.42 ^ clkbuf_3_3__f_clk/A (sky130_fd_sc_hd__clkbuf_16)
    10    0.10    0.18    0.44    0.86 ^ clkbuf_3_3__f_clk/X (sky130_fd_sc_hd__clkbuf_16)
                                         clknet_3_3__leaf_clk (net)
                  0.18    0.01    0.87 ^ _1380_/CLK (sky130_fd_sc_hd__dfxtp_4)
                          0.00    0.87   clock reconvergence pessimism
                         -0.18    0.69   library hold time
                                  0.69   data required time
-----------------------------------------------------------------------------
                                  0.69   data required time
                                 -2.88   data arrival time
-----------------------------------------------------------------------------
                                  2.18   slack (MET)


Startpoint: _1368_ (rising edge-triggered flip-flop clocked by core_clock)
Endpoint: _1368_ (rising edge-triggered flip-flop clocked by core_clock)
Path Group: core_clock
Path Type: min
Corner: Slowest

Fanout     Cap    Slew   Delay    Time   Description
-----------------------------------------------------------------------------
                          0.00    0.00   clock core_clock (rise edge)
                          0.00    0.00   clock source latency
     1    0.07    0.00    0.00    0.00 ^ clk (in)
                                         clk (net)
                  0.00    0.00    0.00 ^ clkbuf_0_clk/A (sky130_fd_sc_hd__clkbuf_16)
     9    0.22    0.35    0.41    0.42 ^ clkbuf_0_clk/X (sky130_fd_sc_hd__clkbuf_16)
                                         clknet_0_clk (net)
                  0.35    0.01    0.42 ^ clkbuf_3_5__f_clk/A (sky130_fd_sc_hd__clkbuf_16)
    16    0.10    0.18    0.44    0.86 ^ clkbuf_3_5__f_clk/X (sky130_fd_sc_hd__clkbuf_16)
                                         clknet_3_5__leaf_clk (net)
                  0.18    0.00    0.86 ^ _1368_/CLK (sky130_fd_sc_hd__dfxtp_2)
     2    0.07    0.31    0.88    1.74 v _1368_/Q (sky130_fd_sc_hd__dfxtp_2)
                                         regfile_inst.registers[15][5] (net)
                  0.31    0.01    1.75 v _0864_/A (sky130_fd_sc_hd__and2_2)
     1    0.04    0.22    0.64    2.38 v _0864_/X (sky130_fd_sc_hd__and2_2)
                                         _0623_ (net)
                  0.22    0.01    2.39 v _0865_/A (sky130_fd_sc_hd__buf_1)
     2    0.03    0.38    0.48    2.87 v _0865_/X (sky130_fd_sc_hd__buf_1)
                                         _0117_ (net)
                  0.38    0.00    2.87 v _1368_/D (sky130_fd_sc_hd__dfxtp_2)
                                  2.87   data arrival time

                          0.00    0.00   clock core_clock (rise edge)
                          0.00    0.00   clock source latency
     1    0.07    0.00    0.00    0.00 ^ clk (in)
                                         clk (net)
                  0.00    0.00    0.00 ^ clkbuf_0_clk/A (sky130_fd_sc_hd__clkbuf_16)
     9    0.22    0.35    0.41    0.42 ^ clkbuf_0_clk/X (sky130_fd_sc_hd__clkbuf_16)
                                         clknet_0_clk (net)
                  0.35    0.01    0.42 ^ clkbuf_3_5__f_clk/A (sky130_fd_sc_hd__clkbuf_16)
    16    0.10    0.18    0.44    0.86 ^ clkbuf_3_5__f_clk/X (sky130_fd_sc_hd__clkbuf_16)
                                         clknet_3_5__leaf_clk (net)
                  0.18    0.00    0.86 ^ _1368_/CLK (sky130_fd_sc_hd__dfxtp_2)
                          0.00    0.86   clock reconvergence pessimism
                         -0.18    0.68   library hold time
                                  0.68   data required time
-----------------------------------------------------------------------------
                                  0.68   data required time
                                 -2.87   data arrival time
-----------------------------------------------------------------------------
                                  2.19   slack (MET)


Startpoint: _1367_ (rising edge-triggered flip-flop clocked by core_clock)
Endpoint: _1367_ (rising edge-triggered flip-flop clocked by core_clock)
Path Group: core_clock
Path Type: min
Corner: Slowest

Fanout     Cap    Slew   Delay    Time   Description
-----------------------------------------------------------------------------
                          0.00    0.00   clock core_clock (rise edge)
                          0.00    0.00   clock source latency
     1    0.07    0.00    0.00    0.00 ^ clk (in)
                                         clk (net)
                  0.00    0.00    0.00 ^ clkbuf_0_clk/A (sky130_fd_sc_hd__clkbuf_16)
     9    0.22    0.35    0.41    0.42 ^ clkbuf_0_clk/X (sky130_fd_sc_hd__clkbuf_16)
                                         clknet_0_clk (net)
                  0.35    0.01    0.42 ^ clkbuf_3_3__f_clk/A (sky130_fd_sc_hd__clkbuf_16)
    10    0.10    0.18    0.44    0.86 ^ clkbuf_3_3__f_clk/X (sky130_fd_sc_hd__clkbuf_16)
                                         clknet_3_3__leaf_clk (net)
                  0.18    0.01    0.87 ^ _1367_/CLK (sky130_fd_sc_hd__dfxtp_4)
     4    0.09    0.23    0.88    1.75 v _1367_/Q (sky130_fd_sc_hd__dfxtp_4)
                                         regfile_inst.registers[15][4] (net)
                  0.23    0.01    1.75 v _0862_/A (sky130_fd_sc_hd__and2_2)
     2    0.07    0.31    0.67    2.42 v _0862_/X (sky130_fd_sc_hd__and2_2)
                                         _0622_ (net)
                  0.31    0.01    2.43 v _0863_/A (sky130_fd_sc_hd__clkbuf_2)
     1    0.04    0.29    0.48    2.91 v _0863_/X (sky130_fd_sc_hd__clkbuf_2)
                                         _0116_ (net)
                  0.30    0.01    2.92 v _1367_/D (sky130_fd_sc_hd__dfxtp_4)
                                  2.92   data arrival time

                          0.00    0.00   clock core_clock (rise edge)
                          0.00    0.00   clock source latency
     1    0.07    0.00    0.00    0.00 ^ clk (in)
                                         clk (net)
                  0.00    0.00    0.00 ^ clkbuf_0_clk/A (sky130_fd_sc_hd__clkbuf_16)
     9    0.22    0.35    0.41    0.42 ^ clkbuf_0_clk/X (sky130_fd_sc_hd__clkbuf_16)
                                         clknet_0_clk (net)
                  0.35    0.01    0.42 ^ clkbuf_3_3__f_clk/A (sky130_fd_sc_hd__clkbuf_16)
    10    0.10    0.18    0.44    0.86 ^ clkbuf_3_3__f_clk/X (sky130_fd_sc_hd__clkbuf_16)
                                         clknet_3_3__leaf_clk (net)
                  0.18    0.01    0.87 ^ _1367_/CLK (sky130_fd_sc_hd__dfxtp_4)
                          0.00    0.87   clock reconvergence pessimism
                         -0.15    0.73   library hold time
                                  0.73   data required time
-----------------------------------------------------------------------------
                                  0.73   data required time
                                 -2.92   data arrival time
-----------------------------------------------------------------------------
                                  2.19   slack (MET)


Startpoint: _1372_ (rising edge-triggered flip-flop clocked by core_clock)
Endpoint: _1372_ (rising edge-triggered flip-flop clocked by core_clock)
Path Group: core_clock
Path Type: min
Corner: Slowest

Fanout     Cap    Slew   Delay    Time   Description
-----------------------------------------------------------------------------
                          0.00    0.00   clock core_clock (rise edge)
                          0.00    0.00   clock source latency
     1    0.07    0.00    0.00    0.00 ^ clk (in)
                                         clk (net)
                  0.00    0.00    0.00 ^ clkbuf_0_clk/A (sky130_fd_sc_hd__clkbuf_16)
     9    0.22    0.35    0.41    0.42 ^ clkbuf_0_clk/X (sky130_fd_sc_hd__clkbuf_16)
                                         clknet_0_clk (net)
                  0.35    0.01    0.42 ^ clkbuf_3_0__f_clk/A (sky130_fd_sc_hd__clkbuf_16)
    16    0.11    0.19    0.44    0.87 ^ clkbuf_3_0__f_clk/X (sky130_fd_sc_hd__clkbuf_16)
                                         clknet_3_0__leaf_clk (net)
                  0.19    0.00    0.87 ^ _1372_/CLK (sky130_fd_sc_hd__dfxtp_4)
     3    0.13    0.31    0.93    1.80 v _1372_/Q (sky130_fd_sc_hd__dfxtp_4)
                                         regfile_inst.registers[15][9] (net)
                  0.31    0.03    1.83 v _0872_/A (sky130_fd_sc_hd__and2_2)
     1    0.04    0.21    0.62    2.45 v _0872_/X (sky130_fd_sc_hd__and2_2)
                                         _0627_ (net)
                  0.21    0.01    2.45 v _0873_/A (sky130_fd_sc_hd__buf_2)
     2    0.06    0.25    0.47    2.93 v _0873_/X (sky130_fd_sc_hd__buf_2)
                                         _0121_ (net)
                  0.25    0.01    2.94 v _1372_/D (sky130_fd_sc_hd__dfxtp_4)
                                  2.94   data arrival time

                          0.00    0.00   clock core_clock (rise edge)
                          0.00    0.00   clock source latency
     1    0.07    0.00    0.00    0.00 ^ clk (in)
                                         clk (net)
                  0.00    0.00    0.00 ^ clkbuf_0_clk/A (sky130_fd_sc_hd__clkbuf_16)
     9    0.22    0.35    0.41    0.42 ^ clkbuf_0_clk/X (sky130_fd_sc_hd__clkbuf_16)
                                         clknet_0_clk (net)
                  0.35    0.01    0.42 ^ clkbuf_3_0__f_clk/A (sky130_fd_sc_hd__clkbuf_16)
    16    0.11    0.19    0.44    0.87 ^ clkbuf_3_0__f_clk/X (sky130_fd_sc_hd__clkbuf_16)
                                         clknet_3_0__leaf_clk (net)
                  0.19    0.00    0.87 ^ _1372_/CLK (sky130_fd_sc_hd__dfxtp_4)
                          0.00    0.87   clock reconvergence pessimism
                         -0.13    0.74   library hold time
                                  0.74   data required time
-----------------------------------------------------------------------------
                                  0.74   data required time
                                 -2.94   data arrival time
-----------------------------------------------------------------------------
                                  2.20   slack (MET)


Startpoint: _1344_ (rising edge-triggered flip-flop clocked by core_clock)
Endpoint: _1344_ (rising edge-triggered flip-flop clocked by core_clock)
Path Group: core_clock
Path Type: min
Corner: Slowest

Fanout     Cap    Slew   Delay    Time   Description
-----------------------------------------------------------------------------
                          0.00    0.00   clock core_clock (rise edge)
                          0.00    0.00   clock source latency
     1    0.07    0.00    0.00    0.00 ^ clk (in)
                                         clk (net)
                  0.00    0.00    0.00 ^ clkbuf_0_clk/A (sky130_fd_sc_hd__clkbuf_16)
     9    0.22    0.35    0.41    0.42 ^ clkbuf_0_clk/X (sky130_fd_sc_hd__clkbuf_16)
                                         clknet_0_clk (net)
                  0.35    0.01    0.42 ^ clkbuf_3_0__f_clk/A (sky130_fd_sc_hd__clkbuf_16)
    16    0.11    0.19    0.44    0.87 ^ clkbuf_3_0__f_clk/X (sky130_fd_sc_hd__clkbuf_16)
                                         clknet_3_0__leaf_clk (net)
                  0.19    0.01    0.87 ^ _1344_/CLK (sky130_fd_sc_hd__dfxtp_4)
     3    0.16    0.36    0.95    1.83 v _1344_/Q (sky130_fd_sc_hd__dfxtp_4)
                                         regfile_inst.registers[10][13] (net)
                  0.37    0.04    1.87 v _0807_/A (sky130_fd_sc_hd__and2_4)
     2    0.08    0.20    0.52    2.39 v _0807_/X (sky130_fd_sc_hd__and2_4)
                                         _0590_ (net)
                  0.20    0.02    2.41 v _0808_/A (sky130_fd_sc_hd__clkbuf_4)
     1    0.08    0.29    0.50    2.91 v _0808_/X (sky130_fd_sc_hd__clkbuf_4)
                                         _0093_ (net)
                  0.30    0.02    2.93 v _1344_/D (sky130_fd_sc_hd__dfxtp_4)
                                  2.93   data arrival time

                          0.00    0.00   clock core_clock (rise edge)
                          0.00    0.00   clock source latency
     1    0.07    0.00    0.00    0.00 ^ clk (in)
                                         clk (net)
                  0.00    0.00    0.00 ^ clkbuf_0_clk/A (sky130_fd_sc_hd__clkbuf_16)
     9    0.22    0.35    0.41    0.42 ^ clkbuf_0_clk/X (sky130_fd_sc_hd__clkbuf_16)
                                         clknet_0_clk (net)
                  0.35    0.01    0.42 ^ clkbuf_3_0__f_clk/A (sky130_fd_sc_hd__clkbuf_16)
    16    0.11    0.19    0.44    0.87 ^ clkbuf_3_0__f_clk/X (sky130_fd_sc_hd__clkbuf_16)
                                         clknet_3_0__leaf_clk (net)
                  0.19    0.01    0.87 ^ _1344_/CLK (sky130_fd_sc_hd__dfxtp_4)
                          0.00    0.87   clock reconvergence pessimism
                         -0.15    0.73   library hold time
                                  0.73   data required time
-----------------------------------------------------------------------------
                                  0.73   data required time
                                 -2.93   data arrival time
-----------------------------------------------------------------------------
                                  2.20   slack (MET)


Startpoint: _1364_ (rising edge-triggered flip-flop clocked by core_clock)
Endpoint: _1364_ (rising edge-triggered flip-flop clocked by core_clock)
Path Group: core_clock
Path Type: min
Corner: Slowest

Fanout     Cap    Slew   Delay    Time   Description
-----------------------------------------------------------------------------
                          0.00    0.00   clock core_clock (rise edge)
                          0.00    0.00   clock source latency
     1    0.07    0.00    0.00    0.00 ^ clk (in)
                                         clk (net)
                  0.00    0.00    0.00 ^ clkbuf_0_clk/A (sky130_fd_sc_hd__clkbuf_16)
     9    0.22    0.35    0.41    0.42 ^ clkbuf_0_clk/X (sky130_fd_sc_hd__clkbuf_16)
                                         clknet_0_clk (net)
                  0.35    0.01    0.42 ^ clkbuf_3_4__f_clk/A (sky130_fd_sc_hd__clkbuf_16)
    12    0.09    0.17    0.43    0.85 ^ clkbuf_3_4__f_clk/X (sky130_fd_sc_hd__clkbuf_16)
                                         clknet_3_4__leaf_clk (net)
                  0.17    0.00    0.85 ^ _1364_/CLK (sky130_fd_sc_hd__dfxtp_2)
     2    0.05    0.23    0.81    1.66 v _1364_/Q (sky130_fd_sc_hd__dfxtp_2)
                                         regfile_inst.registers[15][1] (net)
                  0.23    0.01    1.67 v _0856_/A (sky130_fd_sc_hd__or2_4)
     1    0.07    0.23    0.71    2.38 v _0856_/X (sky130_fd_sc_hd__or2_4)
                                         _0619_ (net)
                  0.24    0.02    2.40 v _0857_/A (sky130_fd_sc_hd__clkbuf_2)
     1    0.05    0.34    0.48    2.88 v _0857_/X (sky130_fd_sc_hd__clkbuf_2)
                                         _0113_ (net)
                  0.34    0.01    2.89 v _1364_/D (sky130_fd_sc_hd__dfxtp_2)
                                  2.89   data arrival time

                          0.00    0.00   clock core_clock (rise edge)
                          0.00    0.00   clock source latency
     1    0.07    0.00    0.00    0.00 ^ clk (in)
                                         clk (net)
                  0.00    0.00    0.00 ^ clkbuf_0_clk/A (sky130_fd_sc_hd__clkbuf_16)
     9    0.22    0.35    0.41    0.42 ^ clkbuf_0_clk/X (sky130_fd_sc_hd__clkbuf_16)
                                         clknet_0_clk (net)
                  0.35    0.01    0.42 ^ clkbuf_3_4__f_clk/A (sky130_fd_sc_hd__clkbuf_16)
    12    0.09    0.17    0.43    0.85 ^ clkbuf_3_4__f_clk/X (sky130_fd_sc_hd__clkbuf_16)
                                         clknet_3_4__leaf_clk (net)
                  0.17    0.00    0.85 ^ _1364_/CLK (sky130_fd_sc_hd__dfxtp_2)
                          0.00    0.85   clock reconvergence pessimism
                         -0.17    0.69   library hold time
                                  0.69   data required time
-----------------------------------------------------------------------------
                                  0.69   data required time
                                 -2.89   data arrival time
-----------------------------------------------------------------------------
                                  2.20   slack (MET)


Startpoint: _1341_ (rising edge-triggered flip-flop clocked by core_clock)
Endpoint: _1341_ (rising edge-triggered flip-flop clocked by core_clock)
Path Group: core_clock
Path Type: min
Corner: Slowest

Fanout     Cap    Slew   Delay    Time   Description
-----------------------------------------------------------------------------
                          0.00    0.00   clock core_clock (rise edge)
                          0.00    0.00   clock source latency
     1    0.07    0.00    0.00    0.00 ^ clk (in)
                                         clk (net)
                  0.00    0.00    0.00 ^ clkbuf_0_clk/A (sky130_fd_sc_hd__clkbuf_16)
     9    0.22    0.35    0.41    0.42 ^ clkbuf_0_clk/X (sky130_fd_sc_hd__clkbuf_16)
                                         clknet_0_clk (net)
                  0.35    0.01    0.42 ^ clkbuf_3_2__f_clk/A (sky130_fd_sc_hd__clkbuf_16)
    14    0.09    0.16    0.42    0.84 ^ clkbuf_3_2__f_clk/X (sky130_fd_sc_hd__clkbuf_16)
                                         clknet_3_2__leaf_clk (net)
                  0.16    0.01    0.85 ^ _1341_/CLK (sky130_fd_sc_hd__dfxtp_4)
     3    0.10    0.24    0.86    1.71 v _1341_/Q (sky130_fd_sc_hd__dfxtp_4)
                                         regfile_inst.registers[10][10] (net)
                  0.24    0.03    1.74 v _0801_/A (sky130_fd_sc_hd__and2_2)
     2    0.06    0.29    0.66    2.40 v _0801_/X (sky130_fd_sc_hd__and2_2)
                                         _0587_ (net)
                  0.30    0.02    2.42 v _0802_/A (sky130_fd_sc_hd__buf_2)
     1    0.05    0.24    0.50    2.92 v _0802_/X (sky130_fd_sc_hd__buf_2)
                                         _0090_ (net)
                  0.24    0.01    2.93 v _1341_/D (sky130_fd_sc_hd__dfxtp_4)
                                  2.93   data arrival time

                          0.00    0.00   clock core_clock (rise edge)
                          0.00    0.00   clock source latency
     1    0.07    0.00    0.00    0.00 ^ clk (in)
                                         clk (net)
                  0.00    0.00    0.00 ^ clkbuf_0_clk/A (sky130_fd_sc_hd__clkbuf_16)
     9    0.22    0.35    0.41    0.42 ^ clkbuf_0_clk/X (sky130_fd_sc_hd__clkbuf_16)
                                         clknet_0_clk (net)
                  0.35    0.01    0.42 ^ clkbuf_3_2__f_clk/A (sky130_fd_sc_hd__clkbuf_16)
    14    0.09    0.16    0.42    0.84 ^ clkbuf_3_2__f_clk/X (sky130_fd_sc_hd__clkbuf_16)
                                         clknet_3_2__leaf_clk (net)
                  0.16    0.01    0.85 ^ _1341_/CLK (sky130_fd_sc_hd__dfxtp_4)
                          0.00    0.85   clock reconvergence pessimism
                         -0.13    0.72   library hold time
                                  0.72   data required time
-----------------------------------------------------------------------------
                                  0.72   data required time
                                 -2.93   data arrival time
-----------------------------------------------------------------------------
                                  2.21   slack (MET)


Startpoint: _1311_ (rising edge-triggered flip-flop clocked by core_clock)
Endpoint: _1311_ (rising edge-triggered flip-flop clocked by core_clock)
Path Group: core_clock
Path Type: min
Corner: Slowest

Fanout     Cap    Slew   Delay    Time   Description
-----------------------------------------------------------------------------
                          0.00    0.00   clock core_clock (rise edge)
                          0.00    0.00   clock source latency
     1    0.07    0.00    0.00    0.00 ^ clk (in)
                                         clk (net)
                  0.00    0.00    0.00 ^ clkbuf_0_clk/A (sky130_fd_sc_hd__clkbuf_16)
     9    0.22    0.35    0.41    0.42 ^ clkbuf_0_clk/X (sky130_fd_sc_hd__clkbuf_16)
                                         clknet_0_clk (net)
                  0.35    0.01    0.42 ^ clkbuf_3_2__f_clk/A (sky130_fd_sc_hd__clkbuf_16)
    14    0.09    0.16    0.42    0.84 ^ clkbuf_3_2__f_clk/X (sky130_fd_sc_hd__clkbuf_16)
                                         clknet_3_2__leaf_clk (net)
                  0.16    0.00    0.84 ^ _1311_/CLK (sky130_fd_sc_hd__dfrtp_4)
     3    0.10    0.47    1.19    2.03 ^ _1311_/Q (sky130_fd_sc_hd__dfrtp_4)
                                         imem_inst.address[12] (net)
                  0.47    0.01    2.04 ^ _0941_/B1 (sky130_fd_sc_hd__a21oi_2)
     1    0.03    0.18    0.29    2.33 v _0941_/Y (sky130_fd_sc_hd__a21oi_2)
                                         _0163_ (net)
                  0.18    0.00    2.33 v _0942_/B (sky130_fd_sc_hd__nor2_1)
     1    0.02    0.62    0.55    2.88 ^ _0942_/Y (sky130_fd_sc_hd__nor2_1)
                                         _0060_ (net)
                  0.62    0.00    2.88 ^ _1311_/D (sky130_fd_sc_hd__dfrtp_4)
                                  2.88   data arrival time

                          0.00    0.00   clock core_clock (rise edge)
                          0.00    0.00   clock source latency
     1    0.07    0.00    0.00    0.00 ^ clk (in)
                                         clk (net)
                  0.00    0.00    0.00 ^ clkbuf_0_clk/A (sky130_fd_sc_hd__clkbuf_16)
     9    0.22    0.35    0.41    0.42 ^ clkbuf_0_clk/X (sky130_fd_sc_hd__clkbuf_16)
                                         clknet_0_clk (net)
                  0.35    0.01    0.42 ^ clkbuf_3_2__f_clk/A (sky130_fd_sc_hd__clkbuf_16)
    14    0.09    0.16    0.42    0.84 ^ clkbuf_3_2__f_clk/X (sky130_fd_sc_hd__clkbuf_16)
                                         clknet_3_2__leaf_clk (net)
                  0.16    0.00    0.84 ^ _1311_/CLK (sky130_fd_sc_hd__dfrtp_4)
                          0.00    0.84   clock reconvergence pessimism
                         -0.19    0.65   library hold time
                                  0.65   data required time
-----------------------------------------------------------------------------
                                  0.65   data required time
                                 -2.88   data arrival time
-----------------------------------------------------------------------------
                                  2.23   slack (MET)


Startpoint: _1317_ (rising edge-triggered flip-flop clocked by core_clock)
Endpoint: _1317_ (rising edge-triggered flip-flop clocked by core_clock)
Path Group: core_clock
Path Type: min
Corner: Slowest

Fanout     Cap    Slew   Delay    Time   Description
-----------------------------------------------------------------------------
                          0.00    0.00   clock core_clock (rise edge)
                          0.00    0.00   clock source latency
     1    0.07    0.00    0.00    0.00 ^ clk (in)
                                         clk (net)
                  0.00    0.00    0.00 ^ clkbuf_0_clk/A (sky130_fd_sc_hd__clkbuf_16)
     9    0.22    0.35    0.41    0.42 ^ clkbuf_0_clk/X (sky130_fd_sc_hd__clkbuf_16)
                                         clknet_0_clk (net)
                  0.35    0.01    0.42 ^ clkbuf_3_2__f_clk/A (sky130_fd_sc_hd__clkbuf_16)
    14    0.09    0.16    0.42    0.84 ^ clkbuf_3_2__f_clk/X (sky130_fd_sc_hd__clkbuf_16)
                                         clknet_3_2__leaf_clk (net)
                  0.16    0.01    0.85 ^ _1317_/CLK (sky130_fd_sc_hd__dfrtp_4)
     3    0.09    0.44    1.16    2.02 ^ _1317_/Q (sky130_fd_sc_hd__dfrtp_4)
                                         imem_inst.address[18] (net)
                  0.44    0.02    2.03 ^ _0931_/B1 (sky130_fd_sc_hd__a21oi_4)
     1    0.04    0.16    0.24    2.27 v _0931_/Y (sky130_fd_sc_hd__a21oi_4)
                                         _0159_ (net)
                  0.16    0.01    2.28 v _0932_/B (sky130_fd_sc_hd__nor2_4)
     1    0.07    0.69    0.59    2.87 ^ _0932_/Y (sky130_fd_sc_hd__nor2_4)
                                         _0066_ (net)
                  0.69    0.01    2.89 ^ _1317_/D (sky130_fd_sc_hd__dfrtp_4)
                                  2.89   data arrival time

                          0.00    0.00   clock core_clock (rise edge)
                          0.00    0.00   clock source latency
     1    0.07    0.00    0.00    0.00 ^ clk (in)
                                         clk (net)
                  0.00    0.00    0.00 ^ clkbuf_0_clk/A (sky130_fd_sc_hd__clkbuf_16)
     9    0.22    0.35    0.41    0.42 ^ clkbuf_0_clk/X (sky130_fd_sc_hd__clkbuf_16)
                                         clknet_0_clk (net)
                  0.35    0.01    0.42 ^ clkbuf_3_2__f_clk/A (sky130_fd_sc_hd__clkbuf_16)
    14    0.09    0.16    0.42    0.84 ^ clkbuf_3_2__f_clk/X (sky130_fd_sc_hd__clkbuf_16)
                                         clknet_3_2__leaf_clk (net)
                  0.16    0.01    0.85 ^ _1317_/CLK (sky130_fd_sc_hd__dfrtp_4)
                          0.00    0.85   clock reconvergence pessimism
                         -0.20    0.65   library hold time
                                  0.65   data required time
-----------------------------------------------------------------------------
                                  0.65   data required time
                                 -2.89   data arrival time
-----------------------------------------------------------------------------
                                  2.24   slack (MET)


Startpoint: _1371_ (rising edge-triggered flip-flop clocked by core_clock)
Endpoint: _1371_ (rising edge-triggered flip-flop clocked by core_clock)
Path Group: core_clock
Path Type: min
Corner: Slowest

Fanout     Cap    Slew   Delay    Time   Description
-----------------------------------------------------------------------------
                          0.00    0.00   clock core_clock (rise edge)
                          0.00    0.00   clock source latency
     1    0.07    0.00    0.00    0.00 ^ clk (in)
                                         clk (net)
                  0.00    0.00    0.00 ^ clkbuf_0_clk/A (sky130_fd_sc_hd__clkbuf_16)
     9    0.22    0.35    0.41    0.42 ^ clkbuf_0_clk/X (sky130_fd_sc_hd__clkbuf_16)
                                         clknet_0_clk (net)
                  0.35    0.01    0.42 ^ clkbuf_3_6__f_clk/A (sky130_fd_sc_hd__clkbuf_16)
    15    0.10    0.18    0.44    0.86 ^ clkbuf_3_6__f_clk/X (sky130_fd_sc_hd__clkbuf_16)
                                         clknet_3_6__leaf_clk (net)
                  0.18    0.01    0.87 ^ _1371_/CLK (sky130_fd_sc_hd__dfxtp_2)
     2    0.05    0.21    0.80    1.67 v _1371_/Q (sky130_fd_sc_hd__dfxtp_2)
                                         regfile_inst.registers[15][8] (net)
                  0.21    0.00    1.68 v _0870_/A (sky130_fd_sc_hd__and2_2)
     2    0.08    0.34    0.68    2.36 v _0870_/X (sky130_fd_sc_hd__and2_2)
                                         _0626_ (net)
                  0.35    0.02    2.38 v _0871_/A (sky130_fd_sc_hd__clkbuf_4)
     5    0.08    0.30    0.57    2.95 v _0871_/X (sky130_fd_sc_hd__clkbuf_4)
                                         _0120_ (net)
                  0.30    0.02    2.97 v _1371_/D (sky130_fd_sc_hd__dfxtp_2)
                                  2.97   data arrival time

                          0.00    0.00   clock core_clock (rise edge)
                          0.00    0.00   clock source latency
     1    0.07    0.00    0.00    0.00 ^ clk (in)
                                         clk (net)
                  0.00    0.00    0.00 ^ clkbuf_0_clk/A (sky130_fd_sc_hd__clkbuf_16)
     9    0.22    0.35    0.41    0.42 ^ clkbuf_0_clk/X (sky130_fd_sc_hd__clkbuf_16)
                                         clknet_0_clk (net)
                  0.35    0.01    0.42 ^ clkbuf_3_6__f_clk/A (sky130_fd_sc_hd__clkbuf_16)
    15    0.10    0.18    0.44    0.86 ^ clkbuf_3_6__f_clk/X (sky130_fd_sc_hd__clkbuf_16)
                                         clknet_3_6__leaf_clk (net)
                  0.18    0.01    0.87 ^ _1371_/CLK (sky130_fd_sc_hd__dfxtp_2)
                          0.00    0.87   clock reconvergence pessimism
                         -0.15    0.72   library hold time
                                  0.72   data required time
-----------------------------------------------------------------------------
                                  0.72   data required time
                                 -2.97   data arrival time
-----------------------------------------------------------------------------
                                  2.25   slack (MET)


Startpoint: _1312_ (rising edge-triggered flip-flop clocked by core_clock)
Endpoint: _1312_ (rising edge-triggered flip-flop clocked by core_clock)
Path Group: core_clock
Path Type: min
Corner: Slowest

Fanout     Cap    Slew   Delay    Time   Description
-----------------------------------------------------------------------------
                          0.00    0.00   clock core_clock (rise edge)
                          0.00    0.00   clock source latency
     1    0.07    0.00    0.00    0.00 ^ clk (in)
                                         clk (net)
                  0.00    0.00    0.00 ^ clkbuf_0_clk/A (sky130_fd_sc_hd__clkbuf_16)
     9    0.22    0.35    0.41    0.42 ^ clkbuf_0_clk/X (sky130_fd_sc_hd__clkbuf_16)
                                         clknet_0_clk (net)
                  0.35    0.01    0.42 ^ clkbuf_3_4__f_clk/A (sky130_fd_sc_hd__clkbuf_16)
    12    0.09    0.17    0.43    0.85 ^ clkbuf_3_4__f_clk/X (sky130_fd_sc_hd__clkbuf_16)
                                         clknet_3_4__leaf_clk (net)
                  0.17    0.00    0.85 ^ _1312_/CLK (sky130_fd_sc_hd__dfrtp_4)
     3    0.05    0.28    1.03    1.88 ^ _1312_/Q (sky130_fd_sc_hd__dfrtp_4)
                                         imem_inst.address[13] (net)
                  0.28    0.00    1.89 ^ _0939_/A (sky130_fd_sc_hd__nor2_2)
     1    0.05    0.24    0.31    2.20 v _0939_/Y (sky130_fd_sc_hd__nor2_2)
                                         _0162_ (net)
                  0.24    0.00    2.20 v _0940_/B (sky130_fd_sc_hd__nor2_2)
     1    0.04    0.75    0.67    2.88 ^ _0940_/Y (sky130_fd_sc_hd__nor2_2)
                                         _0061_ (net)
                  0.75    0.01    2.88 ^ _1312_/D (sky130_fd_sc_hd__dfrtp_4)
                                  2.88   data arrival time

                          0.00    0.00   clock core_clock (rise edge)
                          0.00    0.00   clock source latency
     1    0.07    0.00    0.00    0.00 ^ clk (in)
                                         clk (net)
                  0.00    0.00    0.00 ^ clkbuf_0_clk/A (sky130_fd_sc_hd__clkbuf_16)
     9    0.22    0.35    0.41    0.42 ^ clkbuf_0_clk/X (sky130_fd_sc_hd__clkbuf_16)
                                         clknet_0_clk (net)
                  0.35    0.01    0.42 ^ clkbuf_3_4__f_clk/A (sky130_fd_sc_hd__clkbuf_16)
    12    0.09    0.17    0.43    0.85 ^ clkbuf_3_4__f_clk/X (sky130_fd_sc_hd__clkbuf_16)
                                         clknet_3_4__leaf_clk (net)
                  0.17    0.00    0.85 ^ _1312_/CLK (sky130_fd_sc_hd__dfrtp_4)
                          0.00    0.85   clock reconvergence pessimism
                         -0.22    0.64   library hold time
                                  0.64   data required time
-----------------------------------------------------------------------------
                                  0.64   data required time
                                 -2.88   data arrival time
-----------------------------------------------------------------------------
                                  2.25   slack (MET)


Startpoint: _1350_ (rising edge-triggered flip-flop clocked by core_clock)
Endpoint: _1350_ (rising edge-triggered flip-flop clocked by core_clock)
Path Group: core_clock
Path Type: min
Corner: Slowest

Fanout     Cap    Slew   Delay    Time   Description
-----------------------------------------------------------------------------
                          0.00    0.00   clock core_clock (rise edge)
                          0.00    0.00   clock source latency
     1    0.07    0.00    0.00    0.00 ^ clk (in)
                                         clk (net)
                  0.00    0.00    0.00 ^ clkbuf_0_clk/A (sky130_fd_sc_hd__clkbuf_16)
     9    0.22    0.35    0.41    0.42 ^ clkbuf_0_clk/X (sky130_fd_sc_hd__clkbuf_16)
                                         clknet_0_clk (net)
                  0.35    0.01    0.42 ^ clkbuf_3_2__f_clk/A (sky130_fd_sc_hd__clkbuf_16)
    14    0.09    0.16    0.42    0.84 ^ clkbuf_3_2__f_clk/X (sky130_fd_sc_hd__clkbuf_16)
                                         clknet_3_2__leaf_clk (net)
                  0.16    0.01    0.85 ^ _1350_/CLK (sky130_fd_sc_hd__dfxtp_4)
     3    0.12    0.55    1.10    1.95 ^ _1350_/Q (sky130_fd_sc_hd__dfxtp_4)
                                         regfile_inst.registers[25][3] (net)
                  0.55    0.01    1.96 ^ _0821_/A0 (sky130_fd_sc_hd__mux2_1)
     1    0.01    0.16    0.48    2.44 ^ _0821_/X (sky130_fd_sc_hd__mux2_1)
                                         _0598_ (net)
                  0.16    0.00    2.44 ^ _0822_/A (sky130_fd_sc_hd__buf_4)
     2    0.10    0.43    0.50    2.94 ^ _0822_/X (sky130_fd_sc_hd__buf_4)
                                         _0099_ (net)
                  0.44    0.03    2.97 ^ _1350_/D (sky130_fd_sc_hd__dfxtp_4)
                                  2.97   data arrival time

                          0.00    0.00   clock core_clock (rise edge)
                          0.00    0.00   clock source latency
     1    0.07    0.00    0.00    0.00 ^ clk (in)
                                         clk (net)
                  0.00    0.00    0.00 ^ clkbuf_0_clk/A (sky130_fd_sc_hd__clkbuf_16)
     9    0.22    0.35    0.41    0.42 ^ clkbuf_0_clk/X (sky130_fd_sc_hd__clkbuf_16)
                                         clknet_0_clk (net)
                  0.35    0.01    0.42 ^ clkbuf_3_2__f_clk/A (sky130_fd_sc_hd__clkbuf_16)
    14    0.09    0.16    0.42    0.84 ^ clkbuf_3_2__f_clk/X (sky130_fd_sc_hd__clkbuf_16)
                                         clknet_3_2__leaf_clk (net)
                  0.16    0.01    0.85 ^ _1350_/CLK (sky130_fd_sc_hd__dfxtp_4)
                          0.00    0.85   clock reconvergence pessimism
                         -0.14    0.71   library hold time
                                  0.71   data required time
-----------------------------------------------------------------------------
                                  0.71   data required time
                                 -2.97   data arrival time
-----------------------------------------------------------------------------
                                  2.26   slack (MET)


Startpoint: _1323_ (rising edge-triggered flip-flop clocked by core_clock)
Endpoint: _1323_ (rising edge-triggered flip-flop clocked by core_clock)
Path Group: core_clock
Path Type: min
Corner: Slowest

Fanout     Cap    Slew   Delay    Time   Description
-----------------------------------------------------------------------------
                          0.00    0.00   clock core_clock (rise edge)
                          0.00    0.00   clock source latency
     1    0.07    0.00    0.00    0.00 ^ clk (in)
                                         clk (net)
                  0.00    0.00    0.00 ^ clkbuf_0_clk/A (sky130_fd_sc_hd__clkbuf_16)
     9    0.22    0.35    0.41    0.42 ^ clkbuf_0_clk/X (sky130_fd_sc_hd__clkbuf_16)
                                         clknet_0_clk (net)
                  0.35    0.01    0.42 ^ clkbuf_3_4__f_clk/A (sky130_fd_sc_hd__clkbuf_16)
    12    0.09    0.17    0.43    0.85 ^ clkbuf_3_4__f_clk/X (sky130_fd_sc_hd__clkbuf_16)
                                         clknet_3_4__leaf_clk (net)
                  0.17    0.00    0.85 ^ _1323_/CLK (sky130_fd_sc_hd__dfrtp_4)
     3    0.06    0.33    1.07    1.92 ^ _1323_/Q (sky130_fd_sc_hd__dfrtp_4)
                                         imem_inst.address[24] (net)
                  0.33    0.01    1.93 ^ _0921_/B1 (sky130_fd_sc_hd__a21oi_1)
     1    0.02    0.20    0.29    2.22 v _0921_/Y (sky130_fd_sc_hd__a21oi_1)
                                         _0155_ (net)
                  0.20    0.00    2.23 v _0922_/B (sky130_fd_sc_hd__nor2_2)
     2    0.04    0.76    0.66    2.89 ^ _0922_/Y (sky130_fd_sc_hd__nor2_2)
                                         _0072_ (net)
                  0.77    0.01    2.90 ^ _1323_/D (sky130_fd_sc_hd__dfrtp_4)
                                  2.90   data arrival time

                          0.00    0.00   clock core_clock (rise edge)
                          0.00    0.00   clock source latency
     1    0.07    0.00    0.00    0.00 ^ clk (in)
                                         clk (net)
                  0.00    0.00    0.00 ^ clkbuf_0_clk/A (sky130_fd_sc_hd__clkbuf_16)
     9    0.22    0.35    0.41    0.42 ^ clkbuf_0_clk/X (sky130_fd_sc_hd__clkbuf_16)
                                         clknet_0_clk (net)
                  0.35    0.01    0.42 ^ clkbuf_3_4__f_clk/A (sky130_fd_sc_hd__clkbuf_16)
    12    0.09    0.17    0.43    0.85 ^ clkbuf_3_4__f_clk/X (sky130_fd_sc_hd__clkbuf_16)
                                         clknet_3_4__leaf_clk (net)
                  0.17    0.00    0.85 ^ _1323_/CLK (sky130_fd_sc_hd__dfrtp_4)
                          0.00    0.85   clock reconvergence pessimism
                         -0.22    0.63   library hold time
                                  0.63   data required time
-----------------------------------------------------------------------------
                                  0.63   data required time
                                 -2.90   data arrival time
-----------------------------------------------------------------------------
                                  2.26   slack (MET)


Startpoint: _1287_ (rising edge-triggered flip-flop clocked by core_clock)
Endpoint: _1287_ (rising edge-triggered flip-flop clocked by core_clock)
Path Group: core_clock
Path Type: min
Corner: Slowest

Fanout     Cap    Slew   Delay    Time   Description
-----------------------------------------------------------------------------
                          0.00    0.00   clock core_clock (rise edge)
                          0.00    0.00   clock source latency
     1    0.07    0.00    0.00    0.00 ^ clk (in)
                                         clk (net)
                  0.00    0.00    0.00 ^ clkbuf_0_clk/A (sky130_fd_sc_hd__clkbuf_16)
     9    0.22    0.35    0.41    0.42 ^ clkbuf_0_clk/X (sky130_fd_sc_hd__clkbuf_16)
                                         clknet_0_clk (net)
                  0.35    0.01    0.42 ^ clkbuf_3_6__f_clk/A (sky130_fd_sc_hd__clkbuf_16)
    15    0.10    0.18    0.44    0.86 ^ clkbuf_3_6__f_clk/X (sky130_fd_sc_hd__clkbuf_16)
                                         clknet_3_6__leaf_clk (net)
                  0.18    0.01    0.87 ^ _1287_/CLK (sky130_fd_sc_hd__dfxtp_4)
     3    0.11    0.27    0.89    1.77 v _1287_/Q (sky130_fd_sc_hd__dfxtp_4)
                                         display_inst.counter[6] (net)
                  0.28    0.01    1.78 v _0711_/A (sky130_fd_sc_hd__nor2_4)
     1    0.08    0.79    0.75    2.53 ^ _0711_/Y (sky130_fd_sc_hd__nor2_4)
                                         _0551_ (net)
                  0.79    0.02    2.55 ^ _0712_/B (sky130_fd_sc_hd__nor2_4)
     2    0.07    0.27    0.43    2.98 v _0712_/Y (sky130_fd_sc_hd__nor2_4)
                                         _0036_ (net)
                  0.27    0.02    3.00 v _1287_/D (sky130_fd_sc_hd__dfxtp_4)
                                  3.00   data arrival time

                          0.00    0.00   clock core_clock (rise edge)
                          0.00    0.00   clock source latency
     1    0.07    0.00    0.00    0.00 ^ clk (in)
                                         clk (net)
                  0.00    0.00    0.00 ^ clkbuf_0_clk/A (sky130_fd_sc_hd__clkbuf_16)
     9    0.22    0.35    0.41    0.42 ^ clkbuf_0_clk/X (sky130_fd_sc_hd__clkbuf_16)
                                         clknet_0_clk (net)
                  0.35    0.01    0.42 ^ clkbuf_3_6__f_clk/A (sky130_fd_sc_hd__clkbuf_16)
    15    0.10    0.18    0.44    0.86 ^ clkbuf_3_6__f_clk/X (sky130_fd_sc_hd__clkbuf_16)
                                         clknet_3_6__leaf_clk (net)
                  0.18    0.01    0.87 ^ _1287_/CLK (sky130_fd_sc_hd__dfxtp_4)
                          0.00    0.87   clock reconvergence pessimism
                         -0.14    0.73   library hold time
                                  0.73   data required time
-----------------------------------------------------------------------------
                                  0.73   data required time
                                 -3.00   data arrival time
-----------------------------------------------------------------------------
                                  2.26   slack (MET)


Startpoint: _1324_ (rising edge-triggered flip-flop clocked by core_clock)
Endpoint: _1324_ (rising edge-triggered flip-flop clocked by core_clock)
Path Group: core_clock
Path Type: min
Corner: Slowest

Fanout     Cap    Slew   Delay    Time   Description
-----------------------------------------------------------------------------
                          0.00    0.00   clock core_clock (rise edge)
                          0.00    0.00   clock source latency
     1    0.07    0.00    0.00    0.00 ^ clk (in)
                                         clk (net)
                  0.00    0.00    0.00 ^ clkbuf_0_clk/A (sky130_fd_sc_hd__clkbuf_16)
     9    0.22    0.35    0.41    0.42 ^ clkbuf_0_clk/X (sky130_fd_sc_hd__clkbuf_16)
                                         clknet_0_clk (net)
                  0.35    0.01    0.42 ^ clkbuf_3_3__f_clk/A (sky130_fd_sc_hd__clkbuf_16)
    10    0.10    0.18    0.44    0.86 ^ clkbuf_3_3__f_clk/X (sky130_fd_sc_hd__clkbuf_16)
                                         clknet_3_3__leaf_clk (net)
                  0.18    0.00    0.87 ^ _1324_/CLK (sky130_fd_sc_hd__dfrtp_4)
     3    0.07    0.36    1.11    1.98 ^ _1324_/Q (sky130_fd_sc_hd__dfrtp_4)
                                         imem_inst.address[25] (net)
                  0.37    0.01    1.99 ^ _0919_/A (sky130_fd_sc_hd__nor2_2)
     1    0.04    0.20    0.31    2.30 v _0919_/Y (sky130_fd_sc_hd__nor2_2)
                                         _0154_ (net)
                  0.20    0.01    2.30 v _0920_/B (sky130_fd_sc_hd__nor2_1)
     1    0.02    0.71    0.63    2.93 ^ _0920_/Y (sky130_fd_sc_hd__nor2_1)
                                         _0073_ (net)
                  0.71    0.00    2.94 ^ _1324_/D (sky130_fd_sc_hd__dfrtp_4)
                                  2.94   data arrival time

                          0.00    0.00   clock core_clock (rise edge)
                          0.00    0.00   clock source latency
     1    0.07    0.00    0.00    0.00 ^ clk (in)
                                         clk (net)
                  0.00    0.00    0.00 ^ clkbuf_0_clk/A (sky130_fd_sc_hd__clkbuf_16)
     9    0.22    0.35    0.41    0.42 ^ clkbuf_0_clk/X (sky130_fd_sc_hd__clkbuf_16)
                                         clknet_0_clk (net)
                  0.35    0.01    0.42 ^ clkbuf_3_3__f_clk/A (sky130_fd_sc_hd__clkbuf_16)
    10    0.10    0.18    0.44    0.86 ^ clkbuf_3_3__f_clk/X (sky130_fd_sc_hd__clkbuf_16)
                                         clknet_3_3__leaf_clk (net)
                  0.18    0.00    0.87 ^ _1324_/CLK (sky130_fd_sc_hd__dfrtp_4)
                          0.00    0.87   clock reconvergence pessimism
                         -0.21    0.66   library hold time
                                  0.66   data required time
-----------------------------------------------------------------------------
                                  0.66   data required time
                                 -2.94   data arrival time
-----------------------------------------------------------------------------
                                  2.28   slack (MET)


Startpoint: _1294_ (rising edge-triggered flip-flop clocked by core_clock)
Endpoint: _1295_ (rising edge-triggered flip-flop clocked by core_clock)
Path Group: core_clock
Path Type: min
Corner: Slowest

Fanout     Cap    Slew   Delay    Time   Description
-----------------------------------------------------------------------------
                          0.00    0.00   clock core_clock (rise edge)
                          0.00    0.00   clock source latency
     1    0.07    0.00    0.00    0.00 ^ clk (in)
                                         clk (net)
                  0.00    0.00    0.00 ^ clkbuf_0_clk/A (sky130_fd_sc_hd__clkbuf_16)
     9    0.22    0.35    0.41    0.42 ^ clkbuf_0_clk/X (sky130_fd_sc_hd__clkbuf_16)
                                         clknet_0_clk (net)
                  0.35    0.01    0.42 ^ clkbuf_3_0__f_clk/A (sky130_fd_sc_hd__clkbuf_16)
    16    0.11    0.19    0.44    0.87 ^ clkbuf_3_0__f_clk/X (sky130_fd_sc_hd__clkbuf_16)
                                         clknet_3_0__leaf_clk (net)
                  0.19    0.00    0.87 ^ _1294_/CLK (sky130_fd_sc_hd__dfxtp_4)
     4    0.11    0.25    0.89    1.77 v _1294_/Q (sky130_fd_sc_hd__dfxtp_4)
                                         display_inst.counter[13] (net)
                  0.26    0.02    1.78 v _0732_/A (sky130_fd_sc_hd__and4_4)
     4    0.11    0.27    0.55    2.33 v _0732_/X (sky130_fd_sc_hd__and4_4)
                                         _0564_ (net)
                  0.27    0.02    2.35 v _0733_/B (sky130_fd_sc_hd__nor2_1)
     1    0.02    0.65    0.61    2.96 ^ _0733_/Y (sky130_fd_sc_hd__nor2_1)
                                         _0044_ (net)
                  0.65    0.00    2.97 ^ _1295_/D (sky130_fd_sc_hd__dfxtp_4)
                                  2.97   data arrival time

                          0.00    0.00   clock core_clock (rise edge)
                          0.00    0.00   clock source latency
     1    0.07    0.00    0.00    0.00 ^ clk (in)
                                         clk (net)
                  0.00    0.00    0.00 ^ clkbuf_0_clk/A (sky130_fd_sc_hd__clkbuf_16)
     9    0.22    0.35    0.41    0.42 ^ clkbuf_0_clk/X (sky130_fd_sc_hd__clkbuf_16)
                                         clknet_0_clk (net)
                  0.35    0.01    0.42 ^ clkbuf_3_5__f_clk/A (sky130_fd_sc_hd__clkbuf_16)
    16    0.10    0.18    0.44    0.86 ^ clkbuf_3_5__f_clk/X (sky130_fd_sc_hd__clkbuf_16)
                                         clknet_3_5__leaf_clk (net)
                  0.18    0.00    0.86 ^ _1295_/CLK (sky130_fd_sc_hd__dfxtp_4)
                          0.00    0.86   clock reconvergence pessimism
                         -0.19    0.67   library hold time
                                  0.67   data required time
-----------------------------------------------------------------------------
                                  0.67   data required time
                                 -2.97   data arrival time
-----------------------------------------------------------------------------
                                  2.29   slack (MET)


Startpoint: _1365_ (rising edge-triggered flip-flop clocked by core_clock)
Endpoint: _1365_ (rising edge-triggered flip-flop clocked by core_clock)
Path Group: core_clock
Path Type: min
Corner: Slowest

Fanout     Cap    Slew   Delay    Time   Description
-----------------------------------------------------------------------------
                          0.00    0.00   clock core_clock (rise edge)
                          0.00    0.00   clock source latency
     1    0.07    0.00    0.00    0.00 ^ clk (in)
                                         clk (net)
                  0.00    0.00    0.00 ^ clkbuf_0_clk/A (sky130_fd_sc_hd__clkbuf_16)
     9    0.22    0.35    0.41    0.42 ^ clkbuf_0_clk/X (sky130_fd_sc_hd__clkbuf_16)
                                         clknet_0_clk (net)
                  0.35    0.01    0.42 ^ clkbuf_3_3__f_clk/A (sky130_fd_sc_hd__clkbuf_16)
    10    0.10    0.18    0.44    0.86 ^ clkbuf_3_3__f_clk/X (sky130_fd_sc_hd__clkbuf_16)
                                         clknet_3_3__leaf_clk (net)
                  0.18    0.01    0.87 ^ _1365_/CLK (sky130_fd_sc_hd__dfxtp_4)
     4    0.11    0.25    0.89    1.76 v _1365_/Q (sky130_fd_sc_hd__dfxtp_4)
                                         regfile_inst.registers[15][2] (net)
                  0.26    0.01    1.77 v _0858_/A (sky130_fd_sc_hd__or2_4)
     2    0.08    0.24    0.72    2.49 v _0858_/X (sky130_fd_sc_hd__or2_4)
                                         _0620_ (net)
                  0.24    0.02    2.51 v _0859_/A (sky130_fd_sc_hd__clkbuf_4)
     1    0.07    0.27    0.49    3.00 v _0859_/X (sky130_fd_sc_hd__clkbuf_4)
                                         _0114_ (net)
                  0.27    0.02    3.03 v _1365_/D (sky130_fd_sc_hd__dfxtp_4)
                                  3.03   data arrival time

                          0.00    0.00   clock core_clock (rise edge)
                          0.00    0.00   clock source latency
     1    0.07    0.00    0.00    0.00 ^ clk (in)
                                         clk (net)
                  0.00    0.00    0.00 ^ clkbuf_0_clk/A (sky130_fd_sc_hd__clkbuf_16)
     9    0.22    0.35    0.41    0.42 ^ clkbuf_0_clk/X (sky130_fd_sc_hd__clkbuf_16)
                                         clknet_0_clk (net)
                  0.35    0.01    0.42 ^ clkbuf_3_3__f_clk/A (sky130_fd_sc_hd__clkbuf_16)
    10    0.10    0.18    0.44    0.86 ^ clkbuf_3_3__f_clk/X (sky130_fd_sc_hd__clkbuf_16)
                                         clknet_3_3__leaf_clk (net)
                  0.18    0.01    0.87 ^ _1365_/CLK (sky130_fd_sc_hd__dfxtp_4)
                          0.00    0.87   clock reconvergence pessimism
                         -0.14    0.73   library hold time
                                  0.73   data required time
-----------------------------------------------------------------------------
                                  0.73   data required time
                                 -3.03   data arrival time
-----------------------------------------------------------------------------
                                  2.29   slack (MET)


Startpoint: _1369_ (rising edge-triggered flip-flop clocked by core_clock)
Endpoint: _1369_ (rising edge-triggered flip-flop clocked by core_clock)
Path Group: core_clock
Path Type: min
Corner: Slowest

Fanout     Cap    Slew   Delay    Time   Description
-----------------------------------------------------------------------------
                          0.00    0.00   clock core_clock (rise edge)
                          0.00    0.00   clock source latency
     1    0.07    0.00    0.00    0.00 ^ clk (in)
                                         clk (net)
                  0.00    0.00    0.00 ^ clkbuf_0_clk/A (sky130_fd_sc_hd__clkbuf_16)
     9    0.22    0.35    0.41    0.42 ^ clkbuf_0_clk/X (sky130_fd_sc_hd__clkbuf_16)
                                         clknet_0_clk (net)
                  0.35    0.01    0.42 ^ clkbuf_3_2__f_clk/A (sky130_fd_sc_hd__clkbuf_16)
    14    0.09    0.16    0.42    0.84 ^ clkbuf_3_2__f_clk/X (sky130_fd_sc_hd__clkbuf_16)
                                         clknet_3_2__leaf_clk (net)
                  0.16    0.01    0.85 ^ _1369_/CLK (sky130_fd_sc_hd__dfxtp_4)
     2    0.13    0.31    0.91    1.76 v _1369_/Q (sky130_fd_sc_hd__dfxtp_4)
                                         regfile_inst.registers[15][6] (net)
                  0.32    0.03    1.79 v _0866_/A (sky130_fd_sc_hd__and2_2)
     2    0.04    0.21    0.62    2.42 v _0866_/X (sky130_fd_sc_hd__and2_2)
                                         _0624_ (net)
                  0.21    0.01    2.42 v _0867_/A (sky130_fd_sc_hd__dlymetal6s2s_1)
     2    0.03    0.33    0.56    2.98 v _0867_/X (sky130_fd_sc_hd__dlymetal6s2s_1)
                                         _0118_ (net)
                  0.33    0.00    2.98 v _1369_/D (sky130_fd_sc_hd__dfxtp_4)
                                  2.98   data arrival time

                          0.00    0.00   clock core_clock (rise edge)
                          0.00    0.00   clock source latency
     1    0.07    0.00    0.00    0.00 ^ clk (in)
                                         clk (net)
                  0.00    0.00    0.00 ^ clkbuf_0_clk/A (sky130_fd_sc_hd__clkbuf_16)
     9    0.22    0.35    0.41    0.42 ^ clkbuf_0_clk/X (sky130_fd_sc_hd__clkbuf_16)
                                         clknet_0_clk (net)
                  0.35    0.01    0.42 ^ clkbuf_3_2__f_clk/A (sky130_fd_sc_hd__clkbuf_16)
    14    0.09    0.16    0.42    0.84 ^ clkbuf_3_2__f_clk/X (sky130_fd_sc_hd__clkbuf_16)
                                         clknet_3_2__leaf_clk (net)
                  0.16    0.01    0.85 ^ _1369_/CLK (sky130_fd_sc_hd__dfxtp_4)
                          0.00    0.85   clock reconvergence pessimism
                         -0.16    0.69   library hold time
                                  0.69   data required time
-----------------------------------------------------------------------------
                                  0.69   data required time
                                 -2.98   data arrival time
-----------------------------------------------------------------------------
                                  2.30   slack (MET)


Startpoint: _1378_ (rising edge-triggered flip-flop clocked by core_clock)
Endpoint: _1378_ (rising edge-triggered flip-flop clocked by core_clock)
Path Group: core_clock
Path Type: min
Corner: Slowest

Fanout     Cap    Slew   Delay    Time   Description
-----------------------------------------------------------------------------
                          0.00    0.00   clock core_clock (rise edge)
                          0.00    0.00   clock source latency
     1    0.07    0.00    0.00    0.00 ^ clk (in)
                                         clk (net)
                  0.00    0.00    0.00 ^ clkbuf_0_clk/A (sky130_fd_sc_hd__clkbuf_16)
     9    0.22    0.35    0.41    0.42 ^ clkbuf_0_clk/X (sky130_fd_sc_hd__clkbuf_16)
                                         clknet_0_clk (net)
                  0.35    0.01    0.42 ^ clkbuf_3_0__f_clk/A (sky130_fd_sc_hd__clkbuf_16)
    16    0.11    0.19    0.44    0.87 ^ clkbuf_3_0__f_clk/X (sky130_fd_sc_hd__clkbuf_16)
                                         clknet_3_0__leaf_clk (net)
                  0.19    0.00    0.87 ^ _1378_/CLK (sky130_fd_sc_hd__dfxtp_4)
     4    0.16    0.37    0.95    1.83 v _1378_/Q (sky130_fd_sc_hd__dfxtp_4)
                                         regfile_inst.registers[15][15] (net)
                  0.38    0.04    1.86 v _0884_/A (sky130_fd_sc_hd__and2_2)
     1    0.08    0.34    0.77    2.64 v _0884_/X (sky130_fd_sc_hd__and2_2)
                                         _0633_ (net)
                  0.34    0.01    2.64 v _0885_/A (sky130_fd_sc_hd__buf_1)
     1    0.02    0.24    0.42    3.06 v _0885_/X (sky130_fd_sc_hd__buf_1)
                                         _0127_ (net)
                  0.24    0.00    3.06 v _1378_/D (sky130_fd_sc_hd__dfxtp_4)
                                  3.06   data arrival time

                          0.00    0.00   clock core_clock (rise edge)
                          0.00    0.00   clock source latency
     1    0.07    0.00    0.00    0.00 ^ clk (in)
                                         clk (net)
                  0.00    0.00    0.00 ^ clkbuf_0_clk/A (sky130_fd_sc_hd__clkbuf_16)
     9    0.22    0.35    0.41    0.42 ^ clkbuf_0_clk/X (sky130_fd_sc_hd__clkbuf_16)
                                         clknet_0_clk (net)
                  0.35    0.01    0.42 ^ clkbuf_3_0__f_clk/A (sky130_fd_sc_hd__clkbuf_16)
    16    0.11    0.19    0.44    0.87 ^ clkbuf_3_0__f_clk/X (sky130_fd_sc_hd__clkbuf_16)
                                         clknet_3_0__leaf_clk (net)
                  0.19    0.00    0.87 ^ _1378_/CLK (sky130_fd_sc_hd__dfxtp_4)
                          0.00    0.87   clock reconvergence pessimism
                         -0.12    0.75   library hold time
                                  0.75   data required time
-----------------------------------------------------------------------------
                                  0.75   data required time
                                 -3.06   data arrival time
-----------------------------------------------------------------------------
                                  2.32   slack (MET)


Startpoint: _1313_ (rising edge-triggered flip-flop clocked by core_clock)
Endpoint: _1313_ (rising edge-triggered flip-flop clocked by core_clock)
Path Group: core_clock
Path Type: min
Corner: Slowest

Fanout     Cap    Slew   Delay    Time   Description
-----------------------------------------------------------------------------
                          0.00    0.00   clock core_clock (rise edge)
                          0.00    0.00   clock source latency
     1    0.07    0.00    0.00    0.00 ^ clk (in)
                                         clk (net)
                  0.00    0.00    0.00 ^ clkbuf_0_clk/A (sky130_fd_sc_hd__clkbuf_16)
     9    0.22    0.35    0.41    0.42 ^ clkbuf_0_clk/X (sky130_fd_sc_hd__clkbuf_16)
                                         clknet_0_clk (net)
                  0.35    0.01    0.42 ^ clkbuf_3_3__f_clk/A (sky130_fd_sc_hd__clkbuf_16)
    10    0.10    0.18    0.44    0.86 ^ clkbuf_3_3__f_clk/X (sky130_fd_sc_hd__clkbuf_16)
                                         clknet_3_3__leaf_clk (net)
                  0.18    0.01    0.87 ^ _1313_/CLK (sky130_fd_sc_hd__dfrtp_4)
     4    0.07    0.37    1.11    1.98 ^ _1313_/Q (sky130_fd_sc_hd__dfrtp_4)
                                         imem_inst.address[14] (net)
                  0.37    0.00    1.98 ^ rebuffer31/A (sky130_fd_sc_hd__dlygate4sd1_1)
     1    0.02    0.37    0.70    2.68 ^ rebuffer31/X (sky130_fd_sc_hd__dlygate4sd1_1)
                                         net53 (net)
                  0.37    0.00    2.69 ^ _0938_/A (sky130_fd_sc_hd__xor2_1)
     1    0.02    0.18    0.41    3.09 v _0938_/X (sky130_fd_sc_hd__xor2_1)
                                         _0062_ (net)
                  0.18    0.00    3.10 v _1313_/D (sky130_fd_sc_hd__dfrtp_4)
                                  3.10   data arrival time

                          0.00    0.00   clock core_clock (rise edge)
                          0.00    0.00   clock source latency
     1    0.07    0.00    0.00    0.00 ^ clk (in)
                                         clk (net)
                  0.00    0.00    0.00 ^ clkbuf_0_clk/A (sky130_fd_sc_hd__clkbuf_16)
     9    0.22    0.35    0.41    0.42 ^ clkbuf_0_clk/X (sky130_fd_sc_hd__clkbuf_16)
                                         clknet_0_clk (net)
                  0.35    0.01    0.42 ^ clkbuf_3_3__f_clk/A (sky130_fd_sc_hd__clkbuf_16)
    10    0.10    0.18    0.44    0.86 ^ clkbuf_3_3__f_clk/X (sky130_fd_sc_hd__clkbuf_16)
                                         clknet_3_3__leaf_clk (net)
                  0.18    0.01    0.87 ^ _1313_/CLK (sky130_fd_sc_hd__dfrtp_4)
                          0.00    0.87   clock reconvergence pessimism
                         -0.10    0.77   library hold time
                                  0.77   data required time
-----------------------------------------------------------------------------
                                  0.77   data required time
                                 -3.10   data arrival time
-----------------------------------------------------------------------------
                                  2.33   slack (MET)


Startpoint: _1353_ (rising edge-triggered flip-flop clocked by core_clock)
Endpoint: _1353_ (rising edge-triggered flip-flop clocked by core_clock)
Path Group: core_clock
Path Type: min
Corner: Slowest

Fanout     Cap    Slew   Delay    Time   Description
-----------------------------------------------------------------------------
                          0.00    0.00   clock core_clock (rise edge)
                          0.00    0.00   clock source latency
     1    0.07    0.00    0.00    0.00 ^ clk (in)
                                         clk (net)
                  0.00    0.00    0.00 ^ clkbuf_0_clk/A (sky130_fd_sc_hd__clkbuf_16)
     9    0.22    0.35    0.41    0.42 ^ clkbuf_0_clk/X (sky130_fd_sc_hd__clkbuf_16)
                                         clknet_0_clk (net)
                  0.35    0.01    0.42 ^ clkbuf_3_6__f_clk/A (sky130_fd_sc_hd__clkbuf_16)
    15    0.10    0.18    0.44    0.86 ^ clkbuf_3_6__f_clk/X (sky130_fd_sc_hd__clkbuf_16)
                                         clknet_3_6__leaf_clk (net)
                  0.18    0.01    0.87 ^ _1353_/CLK (sky130_fd_sc_hd__dfxtp_4)
     5    0.13    0.60    1.12    1.99 ^ _1353_/Q (sky130_fd_sc_hd__dfxtp_4)
                                         regfile_inst.registers[25][6] (net)
                  0.60    0.00    2.00 ^ _0827_/A0 (sky130_fd_sc_hd__mux2_1)
     1    0.01    0.22    0.55    2.55 ^ _0827_/X (sky130_fd_sc_hd__mux2_1)
                                         _0601_ (net)
                  0.22    0.00    2.55 ^ _0828_/A (sky130_fd_sc_hd__buf_1)
     1    0.03    0.49    0.51    3.06 ^ _0828_/X (sky130_fd_sc_hd__buf_1)
                                         _0102_ (net)
                  0.49    0.00    3.06 ^ _1353_/D (sky130_fd_sc_hd__dfxtp_4)
                                  3.06   data arrival time

                          0.00    0.00   clock core_clock (rise edge)
                          0.00    0.00   clock source latency
     1    0.07    0.00    0.00    0.00 ^ clk (in)
                                         clk (net)
                  0.00    0.00    0.00 ^ clkbuf_0_clk/A (sky130_fd_sc_hd__clkbuf_16)
     9    0.22    0.35    0.41    0.42 ^ clkbuf_0_clk/X (sky130_fd_sc_hd__clkbuf_16)
                                         clknet_0_clk (net)
                  0.35    0.01    0.42 ^ clkbuf_3_6__f_clk/A (sky130_fd_sc_hd__clkbuf_16)
    15    0.10    0.18    0.44    0.86 ^ clkbuf_3_6__f_clk/X (sky130_fd_sc_hd__clkbuf_16)
                                         clknet_3_6__leaf_clk (net)
                  0.18    0.01    0.87 ^ _1353_/CLK (sky130_fd_sc_hd__dfxtp_4)
                          0.00    0.87   clock reconvergence pessimism
                         -0.15    0.72   library hold time
                                  0.72   data required time
-----------------------------------------------------------------------------
                                  0.72   data required time
                                 -3.06   data arrival time
-----------------------------------------------------------------------------
                                  2.34   slack (MET)


Startpoint: _1374_ (rising edge-triggered flip-flop clocked by core_clock)
Endpoint: _1374_ (rising edge-triggered flip-flop clocked by core_clock)
Path Group: core_clock
Path Type: min
Corner: Slowest

Fanout     Cap    Slew   Delay    Time   Description
-----------------------------------------------------------------------------
                          0.00    0.00   clock core_clock (rise edge)
                          0.00    0.00   clock source latency
     1    0.07    0.00    0.00    0.00 ^ clk (in)
                                         clk (net)
                  0.00    0.00    0.00 ^ clkbuf_0_clk/A (sky130_fd_sc_hd__clkbuf_16)
     9    0.22    0.35    0.41    0.42 ^ clkbuf_0_clk/X (sky130_fd_sc_hd__clkbuf_16)
                                         clknet_0_clk (net)
                  0.35    0.01    0.42 ^ clkbuf_3_0__f_clk/A (sky130_fd_sc_hd__clkbuf_16)
    16    0.11    0.19    0.44    0.87 ^ clkbuf_3_0__f_clk/X (sky130_fd_sc_hd__clkbuf_16)
                                         clknet_3_0__leaf_clk (net)
                  0.19    0.00    0.87 ^ _1374_/CLK (sky130_fd_sc_hd__dfxtp_4)
     6    0.18    0.40    0.98    1.85 v _1374_/Q (sky130_fd_sc_hd__dfxtp_4)
                                         regfile_inst.registers[15][11] (net)
                  0.40    0.03    1.88 v _0876_/A (sky130_fd_sc_hd__and2_2)
     1    0.05    0.24    0.70    2.58 v _0876_/X (sky130_fd_sc_hd__and2_2)
                                         _0629_ (net)
                  0.25    0.01    2.59 v _0877_/A (sky130_fd_sc_hd__buf_2)
     1    0.05    0.25    0.48    3.08 v _0877_/X (sky130_fd_sc_hd__buf_2)
                                         _0123_ (net)
                  0.25    0.01    3.09 v _1374_/D (sky130_fd_sc_hd__dfxtp_4)
                                  3.09   data arrival time

                          0.00    0.00   clock core_clock (rise edge)
                          0.00    0.00   clock source latency
     1    0.07    0.00    0.00    0.00 ^ clk (in)
                                         clk (net)
                  0.00    0.00    0.00 ^ clkbuf_0_clk/A (sky130_fd_sc_hd__clkbuf_16)
     9    0.22    0.35    0.41    0.42 ^ clkbuf_0_clk/X (sky130_fd_sc_hd__clkbuf_16)
                                         clknet_0_clk (net)
                  0.35    0.01    0.42 ^ clkbuf_3_0__f_clk/A (sky130_fd_sc_hd__clkbuf_16)
    16    0.11    0.19    0.44    0.87 ^ clkbuf_3_0__f_clk/X (sky130_fd_sc_hd__clkbuf_16)
                                         clknet_3_0__leaf_clk (net)
                  0.19    0.00    0.87 ^ _1374_/CLK (sky130_fd_sc_hd__dfxtp_4)
                          0.00    0.87   clock reconvergence pessimism
                         -0.13    0.74   library hold time
                                  0.74   data required time
-----------------------------------------------------------------------------
                                  0.74   data required time
                                 -3.09   data arrival time
-----------------------------------------------------------------------------
                                  2.35   slack (MET)


Startpoint: _1333_ (rising edge-triggered flip-flop clocked by core_clock)
Endpoint: _1333_ (rising edge-triggered flip-flop clocked by core_clock)
Path Group: core_clock
Path Type: min
Corner: Slowest

Fanout     Cap    Slew   Delay    Time   Description
-----------------------------------------------------------------------------
                          0.00    0.00   clock core_clock (rise edge)
                          0.00    0.00   clock source latency
     1    0.07    0.00    0.00    0.00 ^ clk (in)
                                         clk (net)
                  0.00    0.00    0.00 ^ clkbuf_0_clk/A (sky130_fd_sc_hd__clkbuf_16)
     9    0.22    0.35    0.41    0.42 ^ clkbuf_0_clk/X (sky130_fd_sc_hd__clkbuf_16)
                                         clknet_0_clk (net)
                  0.35    0.01    0.42 ^ clkbuf_3_1__f_clk/A (sky130_fd_sc_hd__clkbuf_16)
    13    0.09    0.16    0.43    0.85 ^ clkbuf_3_1__f_clk/X (sky130_fd_sc_hd__clkbuf_16)
                                         clknet_3_1__leaf_clk (net)
                  0.16    0.00    0.85 ^ _1333_/CLK (sky130_fd_sc_hd__dfxtp_4)
     5    0.14    0.32    0.93    1.78 v _1333_/Q (sky130_fd_sc_hd__dfxtp_4)
                                         regfile_inst.registers[10][2] (net)
                  0.33    0.02    1.80 v _0785_/A (sky130_fd_sc_hd__and2_2)
     1    0.05    0.26    0.67    2.48 v _0785_/X (sky130_fd_sc_hd__and2_2)
                                         _0579_ (net)
                  0.27    0.01    2.49 v _0786_/A (sky130_fd_sc_hd__clkbuf_4)
    12    0.09    0.32    0.54    3.03 v _0786_/X (sky130_fd_sc_hd__clkbuf_4)
                                         _0082_ (net)
                  0.32    0.03    3.06 v _1333_/D (sky130_fd_sc_hd__dfxtp_4)
                                  3.06   data arrival time

                          0.00    0.00   clock core_clock (rise edge)
                          0.00    0.00   clock source latency
     1    0.07    0.00    0.00    0.00 ^ clk (in)
                                         clk (net)
                  0.00    0.00    0.00 ^ clkbuf_0_clk/A (sky130_fd_sc_hd__clkbuf_16)
     9    0.22    0.35    0.41    0.42 ^ clkbuf_0_clk/X (sky130_fd_sc_hd__clkbuf_16)
                                         clknet_0_clk (net)
                  0.35    0.01    0.42 ^ clkbuf_3_1__f_clk/A (sky130_fd_sc_hd__clkbuf_16)
    13    0.09    0.16    0.43    0.85 ^ clkbuf_3_1__f_clk/X (sky130_fd_sc_hd__clkbuf_16)
                                         clknet_3_1__leaf_clk (net)
                  0.16    0.00    0.85 ^ _1333_/CLK (sky130_fd_sc_hd__dfxtp_4)
                          0.00    0.85   clock reconvergence pessimism
                         -0.16    0.69   library hold time
                                  0.69   data required time
-----------------------------------------------------------------------------
                                  0.69   data required time
                                 -3.06   data arrival time
-----------------------------------------------------------------------------
                                  2.36   slack (MET)


Startpoint: _1357_ (rising edge-triggered flip-flop clocked by core_clock)
Endpoint: _1357_ (rising edge-triggered flip-flop clocked by core_clock)
Path Group: core_clock
Path Type: min
Corner: Slowest

Fanout     Cap    Slew   Delay    Time   Description
-----------------------------------------------------------------------------
                          0.00    0.00   clock core_clock (rise edge)
                          0.00    0.00   clock source latency
     1    0.07    0.00    0.00    0.00 ^ clk (in)
                                         clk (net)
                  0.00    0.00    0.00 ^ clkbuf_0_clk/A (sky130_fd_sc_hd__clkbuf_16)
     9    0.22    0.35    0.41    0.42 ^ clkbuf_0_clk/X (sky130_fd_sc_hd__clkbuf_16)
                                         clknet_0_clk (net)
                  0.35    0.01    0.42 ^ clkbuf_3_6__f_clk/A (sky130_fd_sc_hd__clkbuf_16)
    15    0.10    0.18    0.44    0.86 ^ clkbuf_3_6__f_clk/X (sky130_fd_sc_hd__clkbuf_16)
                                         clknet_3_6__leaf_clk (net)
                  0.18    0.01    0.87 ^ _1357_/CLK (sky130_fd_sc_hd__dfxtp_4)
     3    0.10    0.25    0.89    1.76 v _1357_/Q (sky130_fd_sc_hd__dfxtp_4)
                                         regfile_inst.registers[25][10] (net)
                  0.25    0.00    1.76 v _0842_/A0 (sky130_fd_sc_hd__mux2_8)
     1    0.10    0.22    0.79    2.55 v _0842_/X (sky130_fd_sc_hd__mux2_8)
                                         _0612_ (net)
                  0.22    0.03    2.58 v _0843_/A (sky130_fd_sc_hd__clkbuf_4)
     2    0.08    0.28    0.49    3.07 v _0843_/X (sky130_fd_sc_hd__clkbuf_4)
                                         _0106_ (net)
                  0.28    0.02    3.10 v _1357_/D (sky130_fd_sc_hd__dfxtp_4)
                                  3.10   data arrival time

                          0.00    0.00   clock core_clock (rise edge)
                          0.00    0.00   clock source latency
     1    0.07    0.00    0.00    0.00 ^ clk (in)
                                         clk (net)
                  0.00    0.00    0.00 ^ clkbuf_0_clk/A (sky130_fd_sc_hd__clkbuf_16)
     9    0.22    0.35    0.41    0.42 ^ clkbuf_0_clk/X (sky130_fd_sc_hd__clkbuf_16)
                                         clknet_0_clk (net)
                  0.35    0.01    0.42 ^ clkbuf_3_6__f_clk/A (sky130_fd_sc_hd__clkbuf_16)
    15    0.10    0.18    0.44    0.86 ^ clkbuf_3_6__f_clk/X (sky130_fd_sc_hd__clkbuf_16)
                                         clknet_3_6__leaf_clk (net)
                  0.18    0.01    0.87 ^ _1357_/CLK (sky130_fd_sc_hd__dfxtp_4)
                          0.00    0.87   clock reconvergence pessimism
                         -0.14    0.73   library hold time
                                  0.73   data required time
-----------------------------------------------------------------------------
                                  0.73   data required time
                                 -3.10   data arrival time
-----------------------------------------------------------------------------
                                  2.37   slack (MET)


Startpoint: _1322_ (rising edge-triggered flip-flop clocked by core_clock)
Endpoint: _1322_ (rising edge-triggered flip-flop clocked by core_clock)
Path Group: core_clock
Path Type: min
Corner: Slowest

Fanout     Cap    Slew   Delay    Time   Description
-----------------------------------------------------------------------------
                          0.00    0.00   clock core_clock (rise edge)
                          0.00    0.00   clock source latency
     1    0.07    0.00    0.00    0.00 ^ clk (in)
                                         clk (net)
                  0.00    0.00    0.00 ^ clkbuf_0_clk/A (sky130_fd_sc_hd__clkbuf_16)
     9    0.22    0.35    0.41    0.42 ^ clkbuf_0_clk/X (sky130_fd_sc_hd__clkbuf_16)
                                         clknet_0_clk (net)
                  0.35    0.01    0.42 ^ clkbuf_3_0__f_clk/A (sky130_fd_sc_hd__clkbuf_16)
    16    0.11    0.19    0.44    0.87 ^ clkbuf_3_0__f_clk/X (sky130_fd_sc_hd__clkbuf_16)
                                         clknet_3_0__leaf_clk (net)
                  0.19    0.00    0.87 ^ _1322_/CLK (sky130_fd_sc_hd__dfrtp_4)
     4    0.09    0.43    1.16    2.03 ^ _1322_/Q (sky130_fd_sc_hd__dfrtp_4)
                                         imem_inst.address[23] (net)
                  0.43    0.02    2.05 ^ rebuffer53/A (sky130_fd_sc_hd__dlygate4sd1_1)
     1    0.02    0.32    0.68    2.73 ^ rebuffer53/X (sky130_fd_sc_hd__dlygate4sd1_1)
                                         net76 (net)
                  0.32    0.00    2.73 ^ _0923_/A (sky130_fd_sc_hd__xor2_4)
     3    0.06    0.18    0.41    3.14 v _0923_/X (sky130_fd_sc_hd__xor2_4)
                                         _0071_ (net)
                  0.18    0.00    3.15 v _1322_/D (sky130_fd_sc_hd__dfrtp_4)
                                  3.15   data arrival time

                          0.00    0.00   clock core_clock (rise edge)
                          0.00    0.00   clock source latency
     1    0.07    0.00    0.00    0.00 ^ clk (in)
                                         clk (net)
                  0.00    0.00    0.00 ^ clkbuf_0_clk/A (sky130_fd_sc_hd__clkbuf_16)
     9    0.22    0.35    0.41    0.42 ^ clkbuf_0_clk/X (sky130_fd_sc_hd__clkbuf_16)
                                         clknet_0_clk (net)
                  0.35    0.01    0.42 ^ clkbuf_3_0__f_clk/A (sky130_fd_sc_hd__clkbuf_16)
    16    0.11    0.19    0.44    0.87 ^ clkbuf_3_0__f_clk/X (sky130_fd_sc_hd__clkbuf_16)
                                         clknet_3_0__leaf_clk (net)
                  0.19    0.00    0.87 ^ _1322_/CLK (sky130_fd_sc_hd__dfrtp_4)
                          0.00    0.87   clock reconvergence pessimism
                         -0.10    0.77   library hold time
                                  0.77   data required time
-----------------------------------------------------------------------------
                                  0.77   data required time
                                 -3.15   data arrival time
-----------------------------------------------------------------------------
                                  2.38   slack (MET)


Startpoint: _1307_ (rising edge-triggered flip-flop clocked by core_clock)
Endpoint: _1307_ (rising edge-triggered flip-flop clocked by core_clock)
Path Group: core_clock
Path Type: min
Corner: Slowest

Fanout     Cap    Slew   Delay    Time   Description
-----------------------------------------------------------------------------
                          0.00    0.00   clock core_clock (rise edge)
                          0.00    0.00   clock source latency
     1    0.07    0.00    0.00    0.00 ^ clk (in)
                                         clk (net)
                  0.00    0.00    0.00 ^ clkbuf_0_clk/A (sky130_fd_sc_hd__clkbuf_16)
     9    0.22    0.35    0.41    0.42 ^ clkbuf_0_clk/X (sky130_fd_sc_hd__clkbuf_16)
                                         clknet_0_clk (net)
                  0.35    0.01    0.42 ^ clkbuf_3_0__f_clk/A (sky130_fd_sc_hd__clkbuf_16)
    16    0.11    0.19    0.44    0.87 ^ clkbuf_3_0__f_clk/X (sky130_fd_sc_hd__clkbuf_16)
                                         clknet_3_0__leaf_clk (net)
                  0.19    0.01    0.88 ^ _1307_/CLK (sky130_fd_sc_hd__dfrtp_4)
     4    0.10    0.47    1.20    2.07 ^ _1307_/Q (sky130_fd_sc_hd__dfrtp_4)
                                         imem_inst.address[8] (net)
                  0.48    0.03    2.10 ^ rebuffer63/A (sky130_fd_sc_hd__dlygate4sd1_1)
     1    0.02    0.29    0.67    2.77 ^ rebuffer63/X (sky130_fd_sc_hd__dlygate4sd1_1)
                                         net86 (net)
                  0.29    0.00    2.77 ^ _0948_/A (sky130_fd_sc_hd__xor2_4)
     2    0.06    0.17    0.37    3.15 v _0948_/X (sky130_fd_sc_hd__xor2_4)
                                         _0056_ (net)
                  0.17    0.01    3.16 v _1307_/D (sky130_fd_sc_hd__dfrtp_4)
                                  3.16   data arrival time

                          0.00    0.00   clock core_clock (rise edge)
                          0.00    0.00   clock source latency
     1    0.07    0.00    0.00    0.00 ^ clk (in)
                                         clk (net)
                  0.00    0.00    0.00 ^ clkbuf_0_clk/A (sky130_fd_sc_hd__clkbuf_16)
     9    0.22    0.35    0.41    0.42 ^ clkbuf_0_clk/X (sky130_fd_sc_hd__clkbuf_16)
                                         clknet_0_clk (net)
                  0.35    0.01    0.42 ^ clkbuf_3_0__f_clk/A (sky130_fd_sc_hd__clkbuf_16)
    16    0.11    0.19    0.44    0.87 ^ clkbuf_3_0__f_clk/X (sky130_fd_sc_hd__clkbuf_16)
                                         clknet_3_0__leaf_clk (net)
                  0.19    0.01    0.88 ^ _1307_/CLK (sky130_fd_sc_hd__dfrtp_4)
                          0.00    0.88   clock reconvergence pessimism
                         -0.10    0.78   library hold time
                                  0.78   data required time
-----------------------------------------------------------------------------
                                  0.78   data required time
                                 -3.16   data arrival time
-----------------------------------------------------------------------------
                                  2.38   slack (MET)


Startpoint: _1334_ (rising edge-triggered flip-flop clocked by core_clock)
Endpoint: _1334_ (rising edge-triggered flip-flop clocked by core_clock)
Path Group: core_clock
Path Type: min
Corner: Slowest

Fanout     Cap    Slew   Delay    Time   Description
-----------------------------------------------------------------------------
                          0.00    0.00   clock core_clock (rise edge)
                          0.00    0.00   clock source latency
     1    0.07    0.00    0.00    0.00 ^ clk (in)
                                         clk (net)
                  0.00    0.00    0.00 ^ clkbuf_0_clk/A (sky130_fd_sc_hd__clkbuf_16)
     9    0.22    0.35    0.41    0.42 ^ clkbuf_0_clk/X (sky130_fd_sc_hd__clkbuf_16)
                                         clknet_0_clk (net)
                  0.35    0.01    0.42 ^ clkbuf_3_6__f_clk/A (sky130_fd_sc_hd__clkbuf_16)
    15    0.10    0.18    0.44    0.86 ^ clkbuf_3_6__f_clk/X (sky130_fd_sc_hd__clkbuf_16)
                                         clknet_3_6__leaf_clk (net)
                  0.18    0.01    0.87 ^ _1334_/CLK (sky130_fd_sc_hd__dfxtp_4)
     2    0.08    0.21    0.85    1.72 v _1334_/Q (sky130_fd_sc_hd__dfxtp_4)
                                         regfile_inst.registers[10][3] (net)
                  0.21    0.01    1.73 v _0787_/A (sky130_fd_sc_hd__or2b_4)
    14    0.13    0.34    0.80    2.53 v _0787_/X (sky130_fd_sc_hd__or2b_4)
                                         _0580_ (net)
                  0.36    0.05    2.58 v _0788_/A (sky130_fd_sc_hd__buf_2)
     1    0.06    0.25    0.54    3.12 v _0788_/X (sky130_fd_sc_hd__buf_2)
                                         _0083_ (net)
                  0.25    0.01    3.13 v _1334_/D (sky130_fd_sc_hd__dfxtp_4)
                                  3.13   data arrival time

                          0.00    0.00   clock core_clock (rise edge)
                          0.00    0.00   clock source latency
     1    0.07    0.00    0.00    0.00 ^ clk (in)
                                         clk (net)
                  0.00    0.00    0.00 ^ clkbuf_0_clk/A (sky130_fd_sc_hd__clkbuf_16)
     9    0.22    0.35    0.41    0.42 ^ clkbuf_0_clk/X (sky130_fd_sc_hd__clkbuf_16)
                                         clknet_0_clk (net)
                  0.35    0.01    0.42 ^ clkbuf_3_6__f_clk/A (sky130_fd_sc_hd__clkbuf_16)
    15    0.10    0.18    0.44    0.86 ^ clkbuf_3_6__f_clk/X (sky130_fd_sc_hd__clkbuf_16)
                                         clknet_3_6__leaf_clk (net)
                  0.18    0.01    0.87 ^ _1334_/CLK (sky130_fd_sc_hd__dfxtp_4)
                          0.00    0.87   clock reconvergence pessimism
                         -0.13    0.74   library hold time
                                  0.74   data required time
-----------------------------------------------------------------------------
                                  0.74   data required time
                                 -3.13   data arrival time
-----------------------------------------------------------------------------
                                  2.39   slack (MET)


Startpoint: _1347_ (rising edge-triggered flip-flop clocked by core_clock)
Endpoint: _1347_ (rising edge-triggered flip-flop clocked by core_clock)
Path Group: core_clock
Path Type: min
Corner: Slowest

Fanout     Cap    Slew   Delay    Time   Description
-----------------------------------------------------------------------------
                          0.00    0.00   clock core_clock (rise edge)
                          0.00    0.00   clock source latency
     1    0.07    0.00    0.00    0.00 ^ clk (in)
                                         clk (net)
                  0.00    0.00    0.00 ^ clkbuf_0_clk/A (sky130_fd_sc_hd__clkbuf_16)
     9    0.22    0.35    0.41    0.42 ^ clkbuf_0_clk/X (sky130_fd_sc_hd__clkbuf_16)
                                         clknet_0_clk (net)
                  0.35    0.01    0.42 ^ clkbuf_3_4__f_clk/A (sky130_fd_sc_hd__clkbuf_16)
    12    0.09    0.17    0.43    0.85 ^ clkbuf_3_4__f_clk/X (sky130_fd_sc_hd__clkbuf_16)
                                         clknet_3_4__leaf_clk (net)
                  0.17    0.00    0.85 ^ _1347_/CLK (sky130_fd_sc_hd__dfxtp_4)
     2    0.12    0.27    0.89    1.75 v _1347_/Q (sky130_fd_sc_hd__dfxtp_4)
                                         regfile_inst.registers[25][0] (net)
                  0.27    0.01    1.76 v _0815_/A0 (sky130_fd_sc_hd__mux2_2)
     1    0.05    0.30    0.86    2.62 v _0815_/X (sky130_fd_sc_hd__mux2_2)
                                         _0595_ (net)
                  0.30    0.01    2.63 v _0816_/A (sky130_fd_sc_hd__clkbuf_2)
     1    0.04    0.29    0.47    3.10 v _0816_/X (sky130_fd_sc_hd__clkbuf_2)
                                         _0096_ (net)
                  0.29    0.01    3.11 v _1347_/D (sky130_fd_sc_hd__dfxtp_4)
                                  3.11   data arrival time

                          0.00    0.00   clock core_clock (rise edge)
                          0.00    0.00   clock source latency
     1    0.07    0.00    0.00    0.00 ^ clk (in)
                                         clk (net)
                  0.00    0.00    0.00 ^ clkbuf_0_clk/A (sky130_fd_sc_hd__clkbuf_16)
     9    0.22    0.35    0.41    0.42 ^ clkbuf_0_clk/X (sky130_fd_sc_hd__clkbuf_16)
                                         clknet_0_clk (net)
                  0.35    0.01    0.42 ^ clkbuf_3_4__f_clk/A (sky130_fd_sc_hd__clkbuf_16)
    12    0.09    0.17    0.43    0.85 ^ clkbuf_3_4__f_clk/X (sky130_fd_sc_hd__clkbuf_16)
                                         clknet_3_4__leaf_clk (net)
                  0.17    0.00    0.85 ^ _1347_/CLK (sky130_fd_sc_hd__dfxtp_4)
                          0.00    0.85   clock reconvergence pessimism
                         -0.15    0.71   library hold time
                                  0.71   data required time
-----------------------------------------------------------------------------
                                  0.71   data required time
                                 -3.11   data arrival time
-----------------------------------------------------------------------------
                                  2.40   slack (MET)


Startpoint: _1314_ (rising edge-triggered flip-flop clocked by core_clock)
Endpoint: _1314_ (rising edge-triggered flip-flop clocked by core_clock)
Path Group: core_clock
Path Type: min
Corner: Slowest

Fanout     Cap    Slew   Delay    Time   Description
-----------------------------------------------------------------------------
                          0.00    0.00   clock core_clock (rise edge)
                          0.00    0.00   clock source latency
     1    0.07    0.00    0.00    0.00 ^ clk (in)
                                         clk (net)
                  0.00    0.00    0.00 ^ clkbuf_0_clk/A (sky130_fd_sc_hd__clkbuf_16)
     9    0.22    0.35    0.41    0.42 ^ clkbuf_0_clk/X (sky130_fd_sc_hd__clkbuf_16)
                                         clknet_0_clk (net)
                  0.35    0.01    0.42 ^ clkbuf_3_7__f_clk/A (sky130_fd_sc_hd__clkbuf_16)
    12    0.09    0.16    0.43    0.85 ^ clkbuf_3_7__f_clk/X (sky130_fd_sc_hd__clkbuf_16)
                                         clknet_3_7__leaf_clk (net)
                  0.16    0.01    0.86 ^ _1314_/CLK (sky130_fd_sc_hd__dfrtp_4)
     3    0.10    0.45    1.17    2.03 ^ _1314_/Q (sky130_fd_sc_hd__dfrtp_4)
                                         imem_inst.address[15] (net)
                  0.46    0.03    2.05 ^ _0936_/B1 (sky130_fd_sc_hd__a21oi_2)
     1    0.04    0.20    0.32    2.37 v _0936_/Y (sky130_fd_sc_hd__a21oi_2)
                                         _0161_ (net)
                  0.20    0.01    2.38 v _0937_/B (sky130_fd_sc_hd__nor2_2)
     1    0.04    0.76    0.66    3.04 ^ _0937_/Y (sky130_fd_sc_hd__nor2_2)
                                         _0063_ (net)
                  0.76    0.01    3.04 ^ _1314_/D (sky130_fd_sc_hd__dfrtp_4)
                                  3.04   data arrival time

                          0.00    0.00   clock core_clock (rise edge)
                          0.00    0.00   clock source latency
     1    0.07    0.00    0.00    0.00 ^ clk (in)
                                         clk (net)
                  0.00    0.00    0.00 ^ clkbuf_0_clk/A (sky130_fd_sc_hd__clkbuf_16)
     9    0.22    0.35    0.41    0.42 ^ clkbuf_0_clk/X (sky130_fd_sc_hd__clkbuf_16)
                                         clknet_0_clk (net)
                  0.35    0.01    0.42 ^ clkbuf_3_7__f_clk/A (sky130_fd_sc_hd__clkbuf_16)
    12    0.09    0.16    0.43    0.85 ^ clkbuf_3_7__f_clk/X (sky130_fd_sc_hd__clkbuf_16)
                                         clknet_3_7__leaf_clk (net)
                  0.16    0.01    0.86 ^ _1314_/CLK (sky130_fd_sc_hd__dfrtp_4)
                          0.00    0.86   clock reconvergence pessimism
                         -0.22    0.64   library hold time
                                  0.64   data required time
-----------------------------------------------------------------------------
                                  0.64   data required time
                                 -3.04   data arrival time
-----------------------------------------------------------------------------
                                  2.41   slack (MET)


Startpoint: _1356_ (rising edge-triggered flip-flop clocked by core_clock)
Endpoint: _1356_ (rising edge-triggered flip-flop clocked by core_clock)
Path Group: core_clock
Path Type: min
Corner: Slowest

Fanout     Cap    Slew   Delay    Time   Description
-----------------------------------------------------------------------------
                          0.00    0.00   clock core_clock (rise edge)
                          0.00    0.00   clock source latency
     1    0.07    0.00    0.00    0.00 ^ clk (in)
                                         clk (net)
                  0.00    0.00    0.00 ^ clkbuf_0_clk/A (sky130_fd_sc_hd__clkbuf_16)
     9    0.22    0.35    0.41    0.42 ^ clkbuf_0_clk/X (sky130_fd_sc_hd__clkbuf_16)
                                         clknet_0_clk (net)
                  0.35    0.01    0.42 ^ clkbuf_3_5__f_clk/A (sky130_fd_sc_hd__clkbuf_16)
    16    0.10    0.18    0.44    0.86 ^ clkbuf_3_5__f_clk/X (sky130_fd_sc_hd__clkbuf_16)
                                         clknet_3_5__leaf_clk (net)
                  0.18    0.00    0.86 ^ _1356_/CLK (sky130_fd_sc_hd__dfxtp_4)
     4    0.11    0.50    1.06    1.92 ^ _1356_/Q (sky130_fd_sc_hd__dfxtp_4)
                                         regfile_inst.registers[25][9] (net)
                  0.50    0.03    1.96 ^ _0836_/A0 (sky130_fd_sc_hd__mux2_1)
     1    0.01    0.22    0.52    2.48 ^ _0836_/X (sky130_fd_sc_hd__mux2_1)
                                         _0607_ (net)
                  0.22    0.00    2.48 ^ _0837_/A (sky130_fd_sc_hd__clkbuf_4)
     1    0.11    0.51    0.62    3.10 ^ _0837_/X (sky130_fd_sc_hd__clkbuf_4)
                                         _0105_ (net)
                  0.51    0.04    3.13 ^ _1356_/D (sky130_fd_sc_hd__dfxtp_4)
                                  3.13   data arrival time

                          0.00    0.00   clock core_clock (rise edge)
                          0.00    0.00   clock source latency
     1    0.07    0.00    0.00    0.00 ^ clk (in)
                                         clk (net)
                  0.00    0.00    0.00 ^ clkbuf_0_clk/A (sky130_fd_sc_hd__clkbuf_16)
     9    0.22    0.35    0.41    0.42 ^ clkbuf_0_clk/X (sky130_fd_sc_hd__clkbuf_16)
                                         clknet_0_clk (net)
                  0.35    0.01    0.42 ^ clkbuf_3_5__f_clk/A (sky130_fd_sc_hd__clkbuf_16)
    16    0.10    0.18    0.44    0.86 ^ clkbuf_3_5__f_clk/X (sky130_fd_sc_hd__clkbuf_16)
                                         clknet_3_5__leaf_clk (net)
                  0.18    0.00    0.86 ^ _1356_/CLK (sky130_fd_sc_hd__dfxtp_4)
                          0.00    0.86   clock reconvergence pessimism
                         -0.16    0.71   library hold time
                                  0.71   data required time
-----------------------------------------------------------------------------
                                  0.71   data required time
                                 -3.13   data arrival time
-----------------------------------------------------------------------------
                                  2.43   slack (MET)


Startpoint: _1290_ (rising edge-triggered flip-flop clocked by core_clock)
Endpoint: _1290_ (rising edge-triggered flip-flop clocked by core_clock)
Path Group: core_clock
Path Type: min
Corner: Slowest

Fanout     Cap    Slew   Delay    Time   Description
-----------------------------------------------------------------------------
                          0.00    0.00   clock core_clock (rise edge)
                          0.00    0.00   clock source latency
     1    0.07    0.00    0.00    0.00 ^ clk (in)
                                         clk (net)
                  0.00    0.00    0.00 ^ clkbuf_0_clk/A (sky130_fd_sc_hd__clkbuf_16)
     9    0.22    0.35    0.41    0.42 ^ clkbuf_0_clk/X (sky130_fd_sc_hd__clkbuf_16)
                                         clknet_0_clk (net)
                  0.35    0.01    0.42 ^ clkbuf_3_6__f_clk/A (sky130_fd_sc_hd__clkbuf_16)
    15    0.10    0.18    0.44    0.86 ^ clkbuf_3_6__f_clk/X (sky130_fd_sc_hd__clkbuf_16)
                                         clknet_3_6__leaf_clk (net)
                  0.18    0.01    0.87 ^ _1290_/CLK (sky130_fd_sc_hd__dfxtp_4)
     7    0.18    0.40    1.00    1.87 v _1290_/Q (sky130_fd_sc_hd__dfxtp_4)
                                         display_inst.counter[9] (net)
                  0.40    0.01    1.88 v _0719_/A1 (sky130_fd_sc_hd__o21ai_4)
     1    0.08    0.43    0.93    2.81 ^ _0719_/Y (sky130_fd_sc_hd__o21ai_4)
                                         _0556_ (net)
                  0.43    0.02    2.84 ^ _0720_/B (sky130_fd_sc_hd__nor2_2)
     2    0.04    0.22    0.34    3.17 v _0720_/Y (sky130_fd_sc_hd__nor2_2)
                                         _0039_ (net)
                  0.22    0.01    3.18 v _1290_/D (sky130_fd_sc_hd__dfxtp_4)
                                  3.18   data arrival time

                          0.00    0.00   clock core_clock (rise edge)
                          0.00    0.00   clock source latency
     1    0.07    0.00    0.00    0.00 ^ clk (in)
                                         clk (net)
                  0.00    0.00    0.00 ^ clkbuf_0_clk/A (sky130_fd_sc_hd__clkbuf_16)
     9    0.22    0.35    0.41    0.42 ^ clkbuf_0_clk/X (sky130_fd_sc_hd__clkbuf_16)
                                         clknet_0_clk (net)
                  0.35    0.01    0.42 ^ clkbuf_3_6__f_clk/A (sky130_fd_sc_hd__clkbuf_16)
    15    0.10    0.18    0.44    0.86 ^ clkbuf_3_6__f_clk/X (sky130_fd_sc_hd__clkbuf_16)
                                         clknet_3_6__leaf_clk (net)
                  0.18    0.01    0.87 ^ _1290_/CLK (sky130_fd_sc_hd__dfxtp_4)
                          0.00    0.87   clock reconvergence pessimism
                         -0.12    0.75   library hold time
                                  0.75   data required time
-----------------------------------------------------------------------------
                                  0.75   data required time
                                 -3.18   data arrival time
-----------------------------------------------------------------------------
                                  2.43   slack (MET)


Startpoint: _1351_ (rising edge-triggered flip-flop clocked by core_clock)
Endpoint: _1351_ (rising edge-triggered flip-flop clocked by core_clock)
Path Group: core_clock
Path Type: min
Corner: Slowest

Fanout     Cap    Slew   Delay    Time   Description
-----------------------------------------------------------------------------
                          0.00    0.00   clock core_clock (rise edge)
                          0.00    0.00   clock source latency
     1    0.07    0.00    0.00    0.00 ^ clk (in)
                                         clk (net)
                  0.00    0.00    0.00 ^ clkbuf_0_clk/A (sky130_fd_sc_hd__clkbuf_16)
     9    0.22    0.35    0.41    0.42 ^ clkbuf_0_clk/X (sky130_fd_sc_hd__clkbuf_16)
                                         clknet_0_clk (net)
                  0.35    0.01    0.42 ^ clkbuf_3_7__f_clk/A (sky130_fd_sc_hd__clkbuf_16)
    12    0.09    0.16    0.43    0.85 ^ clkbuf_3_7__f_clk/X (sky130_fd_sc_hd__clkbuf_16)
                                         clknet_3_7__leaf_clk (net)
                  0.16    0.00    0.85 ^ _1351_/CLK (sky130_fd_sc_hd__dfxtp_4)
     4    0.10    0.25    0.88    1.73 v _1351_/Q (sky130_fd_sc_hd__dfxtp_4)
                                         regfile_inst.registers[25][4] (net)
                  0.25    0.01    1.74 v _0823_/A0 (sky130_fd_sc_hd__mux2_2)
     1    0.03    0.22    0.78    2.52 v _0823_/X (sky130_fd_sc_hd__mux2_2)
                                         _0599_ (net)
                  0.22    0.00    2.53 v _0824_/A (sky130_fd_sc_hd__buf_2)
    17    0.09    0.37    0.57    3.09 v _0824_/X (sky130_fd_sc_hd__buf_2)
                                         _0100_ (net)
                  0.37    0.02    3.11 v _1351_/D (sky130_fd_sc_hd__dfxtp_4)
                                  3.11   data arrival time

                          0.00    0.00   clock core_clock (rise edge)
                          0.00    0.00   clock source latency
     1    0.07    0.00    0.00    0.00 ^ clk (in)
                                         clk (net)
                  0.00    0.00    0.00 ^ clkbuf_0_clk/A (sky130_fd_sc_hd__clkbuf_16)
     9    0.22    0.35    0.41    0.42 ^ clkbuf_0_clk/X (sky130_fd_sc_hd__clkbuf_16)
                                         clknet_0_clk (net)
                  0.35    0.01    0.42 ^ clkbuf_3_7__f_clk/A (sky130_fd_sc_hd__clkbuf_16)
    12    0.09    0.16    0.43    0.85 ^ clkbuf_3_7__f_clk/X (sky130_fd_sc_hd__clkbuf_16)
                                         clknet_3_7__leaf_clk (net)
                  0.16    0.00    0.85 ^ _1351_/CLK (sky130_fd_sc_hd__dfxtp_4)
                          0.00    0.85   clock reconvergence pessimism
                         -0.18    0.67   library hold time
                                  0.67   data required time
-----------------------------------------------------------------------------
                                  0.67   data required time
                                 -3.11   data arrival time
-----------------------------------------------------------------------------
                                  2.44   slack (MET)


Startpoint: _1348_ (rising edge-triggered flip-flop clocked by core_clock)
Endpoint: _1348_ (rising edge-triggered flip-flop clocked by core_clock)
Path Group: core_clock
Path Type: min
Corner: Slowest

Fanout     Cap    Slew   Delay    Time   Description
-----------------------------------------------------------------------------
                          0.00    0.00   clock core_clock (rise edge)
                          0.00    0.00   clock source latency
     1    0.07    0.00    0.00    0.00 ^ clk (in)
                                         clk (net)
                  0.00    0.00    0.00 ^ clkbuf_0_clk/A (sky130_fd_sc_hd__clkbuf_16)
     9    0.22    0.35    0.41    0.42 ^ clkbuf_0_clk/X (sky130_fd_sc_hd__clkbuf_16)
                                         clknet_0_clk (net)
                  0.35    0.01    0.42 ^ clkbuf_3_6__f_clk/A (sky130_fd_sc_hd__clkbuf_16)
    15    0.10    0.18    0.44    0.86 ^ clkbuf_3_6__f_clk/X (sky130_fd_sc_hd__clkbuf_16)
                                         clknet_3_6__leaf_clk (net)
                  0.18    0.01    0.87 ^ _1348_/CLK (sky130_fd_sc_hd__dfxtp_4)
     3    0.13    0.30    0.92    1.79 v _1348_/Q (sky130_fd_sc_hd__dfxtp_4)
                                         regfile_inst.registers[25][1] (net)
                  0.30    0.02    1.81 v _0817_/A0 (sky130_fd_sc_hd__mux2_4)
     4    0.09    0.26    0.81    2.62 v _0817_/X (sky130_fd_sc_hd__mux2_4)
                                         _0596_ (net)
                  0.26    0.01    2.63 v _0818_/A (sky130_fd_sc_hd__clkbuf_4)
    11    0.08    0.29    0.52    3.15 v _0818_/X (sky130_fd_sc_hd__clkbuf_4)
                                         _0097_ (net)
                  0.30    0.02    3.17 v _1348_/D (sky130_fd_sc_hd__dfxtp_4)
                                  3.17   data arrival time

                          0.00    0.00   clock core_clock (rise edge)
                          0.00    0.00   clock source latency
     1    0.07    0.00    0.00    0.00 ^ clk (in)
                                         clk (net)
                  0.00    0.00    0.00 ^ clkbuf_0_clk/A (sky130_fd_sc_hd__clkbuf_16)
     9    0.22    0.35    0.41    0.42 ^ clkbuf_0_clk/X (sky130_fd_sc_hd__clkbuf_16)
                                         clknet_0_clk (net)
                  0.35    0.01    0.42 ^ clkbuf_3_6__f_clk/A (sky130_fd_sc_hd__clkbuf_16)
    15    0.10    0.18    0.44    0.86 ^ clkbuf_3_6__f_clk/X (sky130_fd_sc_hd__clkbuf_16)
                                         clknet_3_6__leaf_clk (net)
                  0.18    0.01    0.87 ^ _1348_/CLK (sky130_fd_sc_hd__dfxtp_4)
                          0.00    0.87   clock reconvergence pessimism
                         -0.15    0.72   library hold time
                                  0.72   data required time
-----------------------------------------------------------------------------
                                  0.72   data required time
                                 -3.17   data arrival time
-----------------------------------------------------------------------------
                                  2.45   slack (MET)


Startpoint: _1284_ (rising edge-triggered flip-flop clocked by core_clock)
Endpoint: _1284_ (rising edge-triggered flip-flop clocked by core_clock)
Path Group: core_clock
Path Type: min
Corner: Slowest

Fanout     Cap    Slew   Delay    Time   Description
-----------------------------------------------------------------------------
                          0.00    0.00   clock core_clock (rise edge)
                          0.00    0.00   clock source latency
     1    0.07    0.00    0.00    0.00 ^ clk (in)
                                         clk (net)
                  0.00    0.00    0.00 ^ clkbuf_0_clk/A (sky130_fd_sc_hd__clkbuf_16)
     9    0.22    0.35    0.41    0.42 ^ clkbuf_0_clk/X (sky130_fd_sc_hd__clkbuf_16)
                                         clknet_0_clk (net)
                  0.35    0.01    0.42 ^ clkbuf_3_7__f_clk/A (sky130_fd_sc_hd__clkbuf_16)
    12    0.09    0.16    0.43    0.85 ^ clkbuf_3_7__f_clk/X (sky130_fd_sc_hd__clkbuf_16)
                                         clknet_3_7__leaf_clk (net)
                  0.16    0.00    0.85 ^ _1284_/CLK (sky130_fd_sc_hd__dfxtp_4)
     6    0.18    0.41    0.99    1.84 v _1284_/Q (sky130_fd_sc_hd__dfxtp_4)
                                         display_inst.counter[3] (net)
                  0.41    0.02    1.87 v _0702_/A (sky130_fd_sc_hd__and2_4)
     5    0.14    0.31    0.63    2.50 v _0702_/X (sky130_fd_sc_hd__and2_4)
                                         _0545_ (net)
                  0.31    0.03    2.53 v _0704_/A (sky130_fd_sc_hd__nor2_1)
     1    0.02    0.59    0.60    3.13 ^ _0704_/Y (sky130_fd_sc_hd__nor2_1)
                                         _0033_ (net)
                  0.59    0.00    3.13 ^ _1284_/D (sky130_fd_sc_hd__dfxtp_4)
                                  3.13   data arrival time

                          0.00    0.00   clock core_clock (rise edge)
                          0.00    0.00   clock source latency
     1    0.07    0.00    0.00    0.00 ^ clk (in)
                                         clk (net)
                  0.00    0.00    0.00 ^ clkbuf_0_clk/A (sky130_fd_sc_hd__clkbuf_16)
     9    0.22    0.35    0.41    0.42 ^ clkbuf_0_clk/X (sky130_fd_sc_hd__clkbuf_16)
                                         clknet_0_clk (net)
                  0.35    0.01    0.42 ^ clkbuf_3_7__f_clk/A (sky130_fd_sc_hd__clkbuf_16)
    12    0.09    0.16    0.43    0.85 ^ clkbuf_3_7__f_clk/X (sky130_fd_sc_hd__clkbuf_16)
                                         clknet_3_7__leaf_clk (net)
                  0.16    0.00    0.85 ^ _1284_/CLK (sky130_fd_sc_hd__dfxtp_4)
                          0.00    0.85   clock reconvergence pessimism
                         -0.18    0.68   library hold time
                                  0.68   data required time
-----------------------------------------------------------------------------
                                  0.68   data required time
                                 -3.13   data arrival time
-----------------------------------------------------------------------------
                                  2.46   slack (MET)


Startpoint: _1332_ (rising edge-triggered flip-flop clocked by core_clock)
Endpoint: _1332_ (rising edge-triggered flip-flop clocked by core_clock)
Path Group: core_clock
Path Type: min
Corner: Slowest

Fanout     Cap    Slew   Delay    Time   Description
-----------------------------------------------------------------------------
                          0.00    0.00   clock core_clock (rise edge)
                          0.00    0.00   clock source latency
     1    0.07    0.00    0.00    0.00 ^ clk (in)
                                         clk (net)
                  0.00    0.00    0.00 ^ clkbuf_0_clk/A (sky130_fd_sc_hd__clkbuf_16)
     9    0.22    0.35    0.41    0.42 ^ clkbuf_0_clk/X (sky130_fd_sc_hd__clkbuf_16)
                                         clknet_0_clk (net)
                  0.35    0.01    0.42 ^ clkbuf_3_2__f_clk/A (sky130_fd_sc_hd__clkbuf_16)
    14    0.09    0.16    0.42    0.84 ^ clkbuf_3_2__f_clk/X (sky130_fd_sc_hd__clkbuf_16)
                                         clknet_3_2__leaf_clk (net)
                  0.16    0.01    0.85 ^ _1332_/CLK (sky130_fd_sc_hd__dfxtp_4)
     3    0.13    0.57    1.10    1.94 ^ _1332_/Q (sky130_fd_sc_hd__dfxtp_4)
                                         regfile_inst.registers[10][1] (net)
                  0.58    0.04    1.98 ^ _0783_/A (sky130_fd_sc_hd__or2b_2)
     2    0.05    0.36    0.61    2.59 ^ _0783_/X (sky130_fd_sc_hd__or2b_2)
                                         _0578_ (net)
                  0.36    0.01    2.60 ^ _0784_/A (sky130_fd_sc_hd__clkbuf_2)
     2    0.05    0.43    0.57    3.16 ^ _0784_/X (sky130_fd_sc_hd__clkbuf_2)
                                         _0081_ (net)
                  0.43    0.01    3.17 ^ _1332_/D (sky130_fd_sc_hd__dfxtp_4)
                                  3.17   data arrival time

                          0.00    0.00   clock core_clock (rise edge)
                          0.00    0.00   clock source latency
     1    0.07    0.00    0.00    0.00 ^ clk (in)
                                         clk (net)
                  0.00    0.00    0.00 ^ clkbuf_0_clk/A (sky130_fd_sc_hd__clkbuf_16)
     9    0.22    0.35    0.41    0.42 ^ clkbuf_0_clk/X (sky130_fd_sc_hd__clkbuf_16)
                                         clknet_0_clk (net)
                  0.35    0.01    0.42 ^ clkbuf_3_2__f_clk/A (sky130_fd_sc_hd__clkbuf_16)
    14    0.09    0.16    0.42    0.84 ^ clkbuf_3_2__f_clk/X (sky130_fd_sc_hd__clkbuf_16)
                                         clknet_3_2__leaf_clk (net)
                  0.16    0.01    0.85 ^ _1332_/CLK (sky130_fd_sc_hd__dfxtp_4)
                          0.00    0.85   clock reconvergence pessimism
                         -0.14    0.71   library hold time
                                  0.71   data required time
-----------------------------------------------------------------------------
                                  0.71   data required time
                                 -3.17   data arrival time
-----------------------------------------------------------------------------
                                  2.46   slack (MET)


Startpoint: _1366_ (rising edge-triggered flip-flop clocked by core_clock)
Endpoint: _1366_ (rising edge-triggered flip-flop clocked by core_clock)
Path Group: core_clock
Path Type: min
Corner: Slowest

Fanout     Cap    Slew   Delay    Time   Description
-----------------------------------------------------------------------------
                          0.00    0.00   clock core_clock (rise edge)
                          0.00    0.00   clock source latency
     1    0.07    0.00    0.00    0.00 ^ clk (in)
                                         clk (net)
                  0.00    0.00    0.00 ^ clkbuf_0_clk/A (sky130_fd_sc_hd__clkbuf_16)
     9    0.22    0.35    0.41    0.42 ^ clkbuf_0_clk/X (sky130_fd_sc_hd__clkbuf_16)
                                         clknet_0_clk (net)
                  0.35    0.01    0.42 ^ clkbuf_3_5__f_clk/A (sky130_fd_sc_hd__clkbuf_16)
    16    0.10    0.18    0.44    0.86 ^ clkbuf_3_5__f_clk/X (sky130_fd_sc_hd__clkbuf_16)
                                         clknet_3_5__leaf_clk (net)
                  0.18    0.00    0.86 ^ _1366_/CLK (sky130_fd_sc_hd__dfxtp_4)
     3    0.12    0.53    1.10    1.96 ^ _1366_/Q (sky130_fd_sc_hd__dfxtp_4)
                                         regfile_inst.registers[15][3] (net)
                  0.53    0.01    1.97 ^ _0860_/A (sky130_fd_sc_hd__or2_2)
     1    0.04    0.34    0.58    2.55 ^ _0860_/X (sky130_fd_sc_hd__or2_2)
                                         _0621_ (net)
                  0.34    0.01    2.56 ^ _0861_/A (sky130_fd_sc_hd__clkbuf_2)
     1    0.06    0.49    0.60    3.16 ^ _0861_/X (sky130_fd_sc_hd__clkbuf_2)
                                         _0115_ (net)
                  0.49    0.01    3.17 ^ _1366_/D (sky130_fd_sc_hd__dfxtp_4)
                                  3.17   data arrival time

                          0.00    0.00   clock core_clock (rise edge)
                          0.00    0.00   clock source latency
     1    0.07    0.00    0.00    0.00 ^ clk (in)
                                         clk (net)
                  0.00    0.00    0.00 ^ clkbuf_0_clk/A (sky130_fd_sc_hd__clkbuf_16)
     9    0.22    0.35    0.41    0.42 ^ clkbuf_0_clk/X (sky130_fd_sc_hd__clkbuf_16)
                                         clknet_0_clk (net)
                  0.35    0.01    0.42 ^ clkbuf_3_5__f_clk/A (sky130_fd_sc_hd__clkbuf_16)
    16    0.10    0.18    0.44    0.86 ^ clkbuf_3_5__f_clk/X (sky130_fd_sc_hd__clkbuf_16)
                                         clknet_3_5__leaf_clk (net)
                  0.18    0.00    0.86 ^ _1366_/CLK (sky130_fd_sc_hd__dfxtp_4)
                          0.00    0.86   clock reconvergence pessimism
                         -0.15    0.71   library hold time
                                  0.71   data required time
-----------------------------------------------------------------------------
                                  0.71   data required time
                                 -3.17   data arrival time
-----------------------------------------------------------------------------
                                  2.46   slack (MET)


Startpoint: _1358_ (rising edge-triggered flip-flop clocked by core_clock)
Endpoint: _1358_ (rising edge-triggered flip-flop clocked by core_clock)
Path Group: core_clock
Path Type: min
Corner: Slowest

Fanout     Cap    Slew   Delay    Time   Description
-----------------------------------------------------------------------------
                          0.00    0.00   clock core_clock (rise edge)
                          0.00    0.00   clock source latency
     1    0.07    0.00    0.00    0.00 ^ clk (in)
                                         clk (net)
                  0.00    0.00    0.00 ^ clkbuf_0_clk/A (sky130_fd_sc_hd__clkbuf_16)
     9    0.22    0.35    0.41    0.42 ^ clkbuf_0_clk/X (sky130_fd_sc_hd__clkbuf_16)
                                         clknet_0_clk (net)
                  0.35    0.01    0.42 ^ clkbuf_3_5__f_clk/A (sky130_fd_sc_hd__clkbuf_16)
    16    0.10    0.18    0.44    0.86 ^ clkbuf_3_5__f_clk/X (sky130_fd_sc_hd__clkbuf_16)
                                         clknet_3_5__leaf_clk (net)
                  0.18    0.00    0.86 ^ _1358_/CLK (sky130_fd_sc_hd__dfxtp_4)
     3    0.10    0.44    1.03    1.89 ^ _1358_/Q (sky130_fd_sc_hd__dfxtp_4)
                                         regfile_inst.registers[25][11] (net)
                  0.44    0.01    1.90 ^ _0844_/A0 (sky130_fd_sc_hd__mux2_1)
     2    0.03    0.38    0.61    2.52 ^ _0844_/X (sky130_fd_sc_hd__mux2_1)
                                         _0613_ (net)
                  0.38    0.00    2.52 ^ _0845_/A (sky130_fd_sc_hd__buf_2)
     1    0.07    0.54    0.66    3.18 ^ _0845_/X (sky130_fd_sc_hd__buf_2)
                                         _0107_ (net)
                  0.54    0.02    3.20 ^ _1358_/D (sky130_fd_sc_hd__dfxtp_4)
                                  3.20   data arrival time

                          0.00    0.00   clock core_clock (rise edge)
                          0.00    0.00   clock source latency
     1    0.07    0.00    0.00    0.00 ^ clk (in)
                                         clk (net)
                  0.00    0.00    0.00 ^ clkbuf_0_clk/A (sky130_fd_sc_hd__clkbuf_16)
     9    0.22    0.35    0.41    0.42 ^ clkbuf_0_clk/X (sky130_fd_sc_hd__clkbuf_16)
                                         clknet_0_clk (net)
                  0.35    0.01    0.42 ^ clkbuf_3_5__f_clk/A (sky130_fd_sc_hd__clkbuf_16)
    16    0.10    0.18    0.44    0.86 ^ clkbuf_3_5__f_clk/X (sky130_fd_sc_hd__clkbuf_16)
                                         clknet_3_5__leaf_clk (net)
                  0.18    0.00    0.86 ^ _1358_/CLK (sky130_fd_sc_hd__dfxtp_4)
                          0.00    0.86   clock reconvergence pessimism
                         -0.16    0.70   library hold time
                                  0.70   data required time
-----------------------------------------------------------------------------
                                  0.70   data required time
                                 -3.20   data arrival time
-----------------------------------------------------------------------------
                                  2.50   slack (MET)


Startpoint: _1285_ (rising edge-triggered flip-flop clocked by core_clock)
Endpoint: _1286_ (rising edge-triggered flip-flop clocked by core_clock)
Path Group: core_clock
Path Type: min
Corner: Slowest

Fanout     Cap    Slew   Delay    Time   Description
-----------------------------------------------------------------------------
                          0.00    0.00   clock core_clock (rise edge)
                          0.00    0.00   clock source latency
     1    0.07    0.00    0.00    0.00 ^ clk (in)
                                         clk (net)
                  0.00    0.00    0.00 ^ clkbuf_0_clk/A (sky130_fd_sc_hd__clkbuf_16)
     9    0.22    0.35    0.41    0.42 ^ clkbuf_0_clk/X (sky130_fd_sc_hd__clkbuf_16)
                                         clknet_0_clk (net)
                  0.35    0.01    0.42 ^ clkbuf_3_4__f_clk/A (sky130_fd_sc_hd__clkbuf_16)
    12    0.09    0.17    0.43    0.85 ^ clkbuf_3_4__f_clk/X (sky130_fd_sc_hd__clkbuf_16)
                                         clknet_3_4__leaf_clk (net)
                  0.17    0.00    0.85 ^ _1285_/CLK (sky130_fd_sc_hd__dfxtp_4)
     4    0.10    0.25    0.88    1.73 v _1285_/Q (sky130_fd_sc_hd__dfxtp_4)
                                         display_inst.counter[4] (net)
                  0.25    0.03    1.76 v _0707_/A2 (sky130_fd_sc_hd__a31o_2)
     1    0.04    0.19    0.65    2.40 v _0707_/X (sky130_fd_sc_hd__a31o_2)
                                         _0548_ (net)
                  0.19    0.01    2.41 v _0708_/B (sky130_fd_sc_hd__nand2_2)
     1    0.05    0.42    0.42    2.83 ^ _0708_/Y (sky130_fd_sc_hd__nand2_2)
                                         _0549_ (net)
                  0.42    0.01    2.84 ^ _0709_/B (sky130_fd_sc_hd__nor2_2)
     1    0.06    0.28    0.38    3.22 v _0709_/Y (sky130_fd_sc_hd__nor2_2)
                                         _0035_ (net)
                  0.28    0.01    3.23 v _1286_/D (sky130_fd_sc_hd__dfxtp_4)
                                  3.23   data arrival time

                          0.00    0.00   clock core_clock (rise edge)
                          0.00    0.00   clock source latency
     1    0.07    0.00    0.00    0.00 ^ clk (in)
                                         clk (net)
                  0.00    0.00    0.00 ^ clkbuf_0_clk/A (sky130_fd_sc_hd__clkbuf_16)
     9    0.22    0.35    0.41    0.42 ^ clkbuf_0_clk/X (sky130_fd_sc_hd__clkbuf_16)
                                         clknet_0_clk (net)
                  0.35    0.01    0.42 ^ clkbuf_3_5__f_clk/A (sky130_fd_sc_hd__clkbuf_16)
    16    0.10    0.18    0.44    0.86 ^ clkbuf_3_5__f_clk/X (sky130_fd_sc_hd__clkbuf_16)
                                         clknet_3_5__leaf_clk (net)
                  0.18    0.01    0.86 ^ _1286_/CLK (sky130_fd_sc_hd__dfxtp_4)
                          0.00    0.86   clock reconvergence pessimism
                         -0.14    0.72   library hold time
                                  0.72   data required time
-----------------------------------------------------------------------------
                                  0.72   data required time
                                 -3.23   data arrival time
-----------------------------------------------------------------------------
                                  2.51   slack (MET)


Startpoint: _1326_ (rising edge-triggered flip-flop clocked by core_clock)
Endpoint: _1326_ (rising edge-triggered flip-flop clocked by core_clock)
Path Group: core_clock
Path Type: min
Corner: Slowest

Fanout     Cap    Slew   Delay    Time   Description
-----------------------------------------------------------------------------
                          0.00    0.00   clock core_clock (rise edge)
                          0.00    0.00   clock source latency
     1    0.07    0.00    0.00    0.00 ^ clk (in)
                                         clk (net)
                  0.00    0.00    0.00 ^ clkbuf_0_clk/A (sky130_fd_sc_hd__clkbuf_16)
     9    0.22    0.35    0.41    0.42 ^ clkbuf_0_clk/X (sky130_fd_sc_hd__clkbuf_16)
                                         clknet_0_clk (net)
                  0.35    0.01    0.42 ^ clkbuf_3_1__f_clk/A (sky130_fd_sc_hd__clkbuf_16)
    13    0.09    0.16    0.43    0.85 ^ clkbuf_3_1__f_clk/X (sky130_fd_sc_hd__clkbuf_16)
                                         clknet_3_1__leaf_clk (net)
                  0.16    0.00    0.85 ^ _1326_/CLK (sky130_fd_sc_hd__dfrtp_4)
     6    0.11    0.52    1.23    2.08 ^ _1326_/Q (sky130_fd_sc_hd__dfrtp_4)
                                         imem_inst.address[27] (net)
                  0.52    0.02    2.10 ^ _0916_/B1 (sky130_fd_sc_hd__a21oi_4)
     1    0.05    0.20    0.31    2.41 v _0916_/Y (sky130_fd_sc_hd__a21oi_4)
                                         _0153_ (net)
                  0.20    0.01    2.42 v _0917_/B (sky130_fd_sc_hd__nor2_4)
    15    0.08    0.80    0.70    3.11 ^ _0917_/Y (sky130_fd_sc_hd__nor2_4)
                                         _0075_ (net)
                  0.81    0.02    3.14 ^ _1326_/D (sky130_fd_sc_hd__dfrtp_4)
                                  3.14   data arrival time

                          0.00    0.00   clock core_clock (rise edge)
                          0.00    0.00   clock source latency
     1    0.07    0.00    0.00    0.00 ^ clk (in)
                                         clk (net)
                  0.00    0.00    0.00 ^ clkbuf_0_clk/A (sky130_fd_sc_hd__clkbuf_16)
     9    0.22    0.35    0.41    0.42 ^ clkbuf_0_clk/X (sky130_fd_sc_hd__clkbuf_16)
                                         clknet_0_clk (net)
                  0.35    0.01    0.42 ^ clkbuf_3_1__f_clk/A (sky130_fd_sc_hd__clkbuf_16)
    13    0.09    0.16    0.43    0.85 ^ clkbuf_3_1__f_clk/X (sky130_fd_sc_hd__clkbuf_16)
                                         clknet_3_1__leaf_clk (net)
                  0.16    0.00    0.85 ^ _1326_/CLK (sky130_fd_sc_hd__dfrtp_4)
                          0.00    0.85   clock reconvergence pessimism
                         -0.23    0.62   library hold time
                                  0.62   data required time
-----------------------------------------------------------------------------
                                  0.62   data required time
                                 -3.14   data arrival time
-----------------------------------------------------------------------------
                                  2.51   slack (MET)


Startpoint: _1309_ (rising edge-triggered flip-flop clocked by core_clock)
Endpoint: _1309_ (rising edge-triggered flip-flop clocked by core_clock)
Path Group: core_clock
Path Type: min
Corner: Slowest

Fanout     Cap    Slew   Delay    Time   Description
-----------------------------------------------------------------------------
                          0.00    0.00   clock core_clock (rise edge)
                          0.00    0.00   clock source latency
     1    0.07    0.00    0.00    0.00 ^ clk (in)
                                         clk (net)
                  0.00    0.00    0.00 ^ clkbuf_0_clk/A (sky130_fd_sc_hd__clkbuf_16)
     9    0.22    0.35    0.41    0.42 ^ clkbuf_0_clk/X (sky130_fd_sc_hd__clkbuf_16)
                                         clknet_0_clk (net)
                  0.35    0.01    0.42 ^ clkbuf_3_2__f_clk/A (sky130_fd_sc_hd__clkbuf_16)
    14    0.09    0.16    0.42    0.84 ^ clkbuf_3_2__f_clk/X (sky130_fd_sc_hd__clkbuf_16)
                                         clknet_3_2__leaf_clk (net)
                  0.16    0.01    0.85 ^ _1309_/CLK (sky130_fd_sc_hd__dfrtp_4)
     4    0.16    0.70    1.34    2.20 ^ _1309_/Q (sky130_fd_sc_hd__dfrtp_4)
                                         imem_inst.address[10] (net)
                  0.71    0.04    2.24 ^ _0944_/A (sky130_fd_sc_hd__nor2_4)
     1    0.06    0.19    0.40    2.64 v _0944_/Y (sky130_fd_sc_hd__nor2_4)
                                         _0164_ (net)
                  0.20    0.01    2.65 v _0945_/B (sky130_fd_sc_hd__nor2_4)
     1    0.06    0.57    0.53    3.18 ^ _0945_/Y (sky130_fd_sc_hd__nor2_4)
                                         _0058_ (net)
                  0.58    0.01    3.19 ^ _1309_/D (sky130_fd_sc_hd__dfrtp_4)
                                  3.19   data arrival time

                          0.00    0.00   clock core_clock (rise edge)
                          0.00    0.00   clock source latency
     1    0.07    0.00    0.00    0.00 ^ clk (in)
                                         clk (net)
                  0.00    0.00    0.00 ^ clkbuf_0_clk/A (sky130_fd_sc_hd__clkbuf_16)
     9    0.22    0.35    0.41    0.42 ^ clkbuf_0_clk/X (sky130_fd_sc_hd__clkbuf_16)
                                         clknet_0_clk (net)
                  0.35    0.01    0.42 ^ clkbuf_3_2__f_clk/A (sky130_fd_sc_hd__clkbuf_16)
    14    0.09    0.16    0.42    0.84 ^ clkbuf_3_2__f_clk/X (sky130_fd_sc_hd__clkbuf_16)
                                         clknet_3_2__leaf_clk (net)
                  0.16    0.01    0.85 ^ _1309_/CLK (sky130_fd_sc_hd__dfrtp_4)
                          0.00    0.85   clock reconvergence pessimism
                         -0.18    0.67   library hold time
                                  0.67   data required time
-----------------------------------------------------------------------------
                                  0.67   data required time
                                 -3.19   data arrival time
-----------------------------------------------------------------------------
                                  2.51   slack (MET)


Startpoint: _1318_ (rising edge-triggered flip-flop clocked by core_clock)
Endpoint: _1318_ (rising edge-triggered flip-flop clocked by core_clock)
Path Group: core_clock
Path Type: min
Corner: Slowest

Fanout     Cap    Slew   Delay    Time   Description
-----------------------------------------------------------------------------
                          0.00    0.00   clock core_clock (rise edge)
                          0.00    0.00   clock source latency
     1    0.07    0.00    0.00    0.00 ^ clk (in)
                                         clk (net)
                  0.00    0.00    0.00 ^ clkbuf_0_clk/A (sky130_fd_sc_hd__clkbuf_16)
     9    0.22    0.35    0.41    0.42 ^ clkbuf_0_clk/X (sky130_fd_sc_hd__clkbuf_16)
                                         clknet_0_clk (net)
                  0.35    0.01    0.42 ^ clkbuf_3_5__f_clk/A (sky130_fd_sc_hd__clkbuf_16)
    16    0.10    0.18    0.44    0.86 ^ clkbuf_3_5__f_clk/X (sky130_fd_sc_hd__clkbuf_16)
                                         clknet_3_5__leaf_clk (net)
                  0.18    0.01    0.87 ^ _1318_/CLK (sky130_fd_sc_hd__dfrtp_4)
     3    0.10    0.47    1.19    2.05 ^ _1318_/Q (sky130_fd_sc_hd__dfrtp_4)
                                         imem_inst.address[19] (net)
                  0.47    0.04    2.09 ^ _0929_/A (sky130_fd_sc_hd__nor2_2)
     1    0.04    0.22    0.36    2.45 v _0929_/Y (sky130_fd_sc_hd__nor2_2)
                                         _0158_ (net)
                  0.22    0.00    2.46 v _0930_/B (sky130_fd_sc_hd__nor2_8)
     7    0.13    0.77    0.66    3.12 ^ _0930_/Y (sky130_fd_sc_hd__nor2_8)
                                         _0067_ (net)
                  0.77    0.05    3.17 ^ _1318_/D (sky130_fd_sc_hd__dfrtp_4)
                                  3.17   data arrival time

                          0.00    0.00   clock core_clock (rise edge)
                          0.00    0.00   clock source latency
     1    0.07    0.00    0.00    0.00 ^ clk (in)
                                         clk (net)
                  0.00    0.00    0.00 ^ clkbuf_0_clk/A (sky130_fd_sc_hd__clkbuf_16)
     9    0.22    0.35    0.41    0.42 ^ clkbuf_0_clk/X (sky130_fd_sc_hd__clkbuf_16)
                                         clknet_0_clk (net)
                  0.35    0.01    0.42 ^ clkbuf_3_5__f_clk/A (sky130_fd_sc_hd__clkbuf_16)
    16    0.10    0.18    0.44    0.86 ^ clkbuf_3_5__f_clk/X (sky130_fd_sc_hd__clkbuf_16)
                                         clknet_3_5__leaf_clk (net)
                  0.18    0.01    0.87 ^ _1318_/CLK (sky130_fd_sc_hd__dfrtp_4)
                          0.00    0.87   clock reconvergence pessimism
                         -0.22    0.65   library hold time
                                  0.65   data required time
-----------------------------------------------------------------------------
                                  0.65   data required time
                                 -3.17   data arrival time
-----------------------------------------------------------------------------
                                  2.52   slack (MET)


Startpoint: _1329_ (rising edge-triggered flip-flop clocked by core_clock)
Endpoint: _1329_ (rising edge-triggered flip-flop clocked by core_clock)
Path Group: core_clock
Path Type: min
Corner: Slowest

Fanout     Cap    Slew   Delay    Time   Description
-----------------------------------------------------------------------------
                          0.00    0.00   clock core_clock (rise edge)
                          0.00    0.00   clock source latency
     1    0.07    0.00    0.00    0.00 ^ clk (in)
                                         clk (net)
                  0.00    0.00    0.00 ^ clkbuf_0_clk/A (sky130_fd_sc_hd__clkbuf_16)
     9    0.22    0.35    0.41    0.42 ^ clkbuf_0_clk/X (sky130_fd_sc_hd__clkbuf_16)
                                         clknet_0_clk (net)
                  0.35    0.01    0.42 ^ clkbuf_3_4__f_clk/A (sky130_fd_sc_hd__clkbuf_16)
    12    0.09    0.17    0.43    0.85 ^ clkbuf_3_4__f_clk/X (sky130_fd_sc_hd__clkbuf_16)
                                         clknet_3_4__leaf_clk (net)
                  0.17    0.01    0.86 ^ _1329_/CLK (sky130_fd_sc_hd__dfrtp_4)
     4    0.08    0.38    1.12    1.98 ^ _1329_/Q (sky130_fd_sc_hd__dfrtp_4)
                                         imem_inst.address[30] (net)
                  0.38    0.00    1.98 ^ _0911_/B1 (sky130_fd_sc_hd__a21oi_4)
     1    0.06    0.17    0.26    2.24 v _0911_/Y (sky130_fd_sc_hd__a21oi_4)
                                         _0151_ (net)
                  0.17    0.01    2.25 v _0912_/B (sky130_fd_sc_hd__nor2_2)
     3    0.06    1.03    0.85    3.10 ^ _0912_/Y (sky130_fd_sc_hd__nor2_2)
                                         _0078_ (net)
                  1.03    0.01    3.11 ^ _1329_/D (sky130_fd_sc_hd__dfrtp_4)
                                  3.11   data arrival time

                          0.00    0.00   clock core_clock (rise edge)
                          0.00    0.00   clock source latency
     1    0.07    0.00    0.00    0.00 ^ clk (in)
                                         clk (net)
                  0.00    0.00    0.00 ^ clkbuf_0_clk/A (sky130_fd_sc_hd__clkbuf_16)
     9    0.22    0.35    0.41    0.42 ^ clkbuf_0_clk/X (sky130_fd_sc_hd__clkbuf_16)
                                         clknet_0_clk (net)
                  0.35    0.01    0.42 ^ clkbuf_3_4__f_clk/A (sky130_fd_sc_hd__clkbuf_16)
    12    0.09    0.17    0.43    0.85 ^ clkbuf_3_4__f_clk/X (sky130_fd_sc_hd__clkbuf_16)
                                         clknet_3_4__leaf_clk (net)
                  0.17    0.01    0.86 ^ _1329_/CLK (sky130_fd_sc_hd__dfrtp_4)
                          0.00    0.86   clock reconvergence pessimism
                         -0.28    0.57   library hold time
                                  0.57   data required time
-----------------------------------------------------------------------------
                                  0.57   data required time
                                 -3.11   data arrival time
-----------------------------------------------------------------------------
                                  2.53   slack (MET)


Startpoint: _1354_ (rising edge-triggered flip-flop clocked by core_clock)
Endpoint: _1354_ (rising edge-triggered flip-flop clocked by core_clock)
Path Group: core_clock
Path Type: min
Corner: Slowest

Fanout     Cap    Slew   Delay    Time   Description
-----------------------------------------------------------------------------
                          0.00    0.00   clock core_clock (rise edge)
                          0.00    0.00   clock source latency
     1    0.07    0.00    0.00    0.00 ^ clk (in)
                                         clk (net)
                  0.00    0.00    0.00 ^ clkbuf_0_clk/A (sky130_fd_sc_hd__clkbuf_16)
     9    0.22    0.35    0.41    0.42 ^ clkbuf_0_clk/X (sky130_fd_sc_hd__clkbuf_16)
                                         clknet_0_clk (net)
                  0.35    0.01    0.42 ^ clkbuf_3_5__f_clk/A (sky130_fd_sc_hd__clkbuf_16)
    16    0.10    0.18    0.44    0.86 ^ clkbuf_3_5__f_clk/X (sky130_fd_sc_hd__clkbuf_16)
                                         clknet_3_5__leaf_clk (net)
                  0.18    0.01    0.87 ^ _1354_/CLK (sky130_fd_sc_hd__dfxtp_4)
     3    0.12    0.29    0.90    1.77 v _1354_/Q (sky130_fd_sc_hd__dfxtp_4)
                                         regfile_inst.registers[25][7] (net)
                  0.29    0.03    1.80 v _0829_/A0 (sky130_fd_sc_hd__mux2_2)
     2    0.04    0.23    0.81    2.61 v _0829_/X (sky130_fd_sc_hd__mux2_2)
                                         _0602_ (net)
                  0.23    0.00    2.61 v _0830_/A (sky130_fd_sc_hd__clkbuf_4)
    12    0.11    0.39    0.57    3.19 v _0830_/X (sky130_fd_sc_hd__clkbuf_4)
                                         _0103_ (net)
                  0.39    0.03    3.22 v _1354_/D (sky130_fd_sc_hd__dfxtp_4)
                                  3.22   data arrival time

                          0.00    0.00   clock core_clock (rise edge)
                          0.00    0.00   clock source latency
     1    0.07    0.00    0.00    0.00 ^ clk (in)
                                         clk (net)
                  0.00    0.00    0.00 ^ clkbuf_0_clk/A (sky130_fd_sc_hd__clkbuf_16)
     9    0.22    0.35    0.41    0.42 ^ clkbuf_0_clk/X (sky130_fd_sc_hd__clkbuf_16)
                                         clknet_0_clk (net)
                  0.35    0.01    0.42 ^ clkbuf_3_5__f_clk/A (sky130_fd_sc_hd__clkbuf_16)
    16    0.10    0.18    0.44    0.86 ^ clkbuf_3_5__f_clk/X (sky130_fd_sc_hd__clkbuf_16)
                                         clknet_3_5__leaf_clk (net)
                  0.18    0.01    0.87 ^ _1354_/CLK (sky130_fd_sc_hd__dfxtp_4)
                          0.00    0.87   clock reconvergence pessimism
                         -0.18    0.68   library hold time
                                  0.68   data required time
-----------------------------------------------------------------------------
                                  0.68   data required time
                                 -3.22   data arrival time
-----------------------------------------------------------------------------
                                  2.54   slack (MET)


Startpoint: _1355_ (rising edge-triggered flip-flop clocked by core_clock)
Endpoint: _1355_ (rising edge-triggered flip-flop clocked by core_clock)
Path Group: core_clock
Path Type: min
Corner: Slowest

Fanout     Cap    Slew   Delay    Time   Description
-----------------------------------------------------------------------------
                          0.00    0.00   clock core_clock (rise edge)
                          0.00    0.00   clock source latency
     1    0.07    0.00    0.00    0.00 ^ clk (in)
                                         clk (net)
                  0.00    0.00    0.00 ^ clkbuf_0_clk/A (sky130_fd_sc_hd__clkbuf_16)
     9    0.22    0.35    0.41    0.42 ^ clkbuf_0_clk/X (sky130_fd_sc_hd__clkbuf_16)
                                         clknet_0_clk (net)
                  0.35    0.01    0.42 ^ clkbuf_3_5__f_clk/A (sky130_fd_sc_hd__clkbuf_16)
    16    0.10    0.18    0.44    0.86 ^ clkbuf_3_5__f_clk/X (sky130_fd_sc_hd__clkbuf_16)
                                         clknet_3_5__leaf_clk (net)
                  0.18    0.01    0.87 ^ _1355_/CLK (sky130_fd_sc_hd__dfxtp_4)
     3    0.16    0.36    0.96    1.83 v _1355_/Q (sky130_fd_sc_hd__dfxtp_4)
                                         regfile_inst.registers[25][8] (net)
                  0.36    0.02    1.85 v _0834_/A0 (sky130_fd_sc_hd__mux2_8)
     2    0.12    0.24    0.88    2.73 v _0834_/X (sky130_fd_sc_hd__mux2_8)
                                         _0606_ (net)
                  0.24    0.01    2.74 v _0835_/A (sky130_fd_sc_hd__clkbuf_4)
    14    0.09    0.32    0.53    3.27 v _0835_/X (sky130_fd_sc_hd__clkbuf_4)
                                         _0104_ (net)
                  0.32    0.02    3.29 v _1355_/D (sky130_fd_sc_hd__dfxtp_4)
                                  3.29   data arrival time

                          0.00    0.00   clock core_clock (rise edge)
                          0.00    0.00   clock source latency
     1    0.07    0.00    0.00    0.00 ^ clk (in)
                                         clk (net)
                  0.00    0.00    0.00 ^ clkbuf_0_clk/A (sky130_fd_sc_hd__clkbuf_16)
     9    0.22    0.35    0.41    0.42 ^ clkbuf_0_clk/X (sky130_fd_sc_hd__clkbuf_16)
                                         clknet_0_clk (net)
                  0.35    0.01    0.42 ^ clkbuf_3_5__f_clk/A (sky130_fd_sc_hd__clkbuf_16)
    16    0.10    0.18    0.44    0.86 ^ clkbuf_3_5__f_clk/X (sky130_fd_sc_hd__clkbuf_16)
                                         clknet_3_5__leaf_clk (net)
                  0.18    0.01    0.87 ^ _1355_/CLK (sky130_fd_sc_hd__dfxtp_4)
                          0.00    0.87   clock reconvergence pessimism
                         -0.16    0.71   library hold time
                                  0.71   data required time
-----------------------------------------------------------------------------
                                  0.71   data required time
                                 -3.29   data arrival time
-----------------------------------------------------------------------------
                                  2.58   slack (MET)


Startpoint: _1281_ (rising edge-triggered flip-flop clocked by core_clock)
Endpoint: _1281_ (rising edge-triggered flip-flop clocked by core_clock)
Path Group: core_clock
Path Type: min
Corner: Slowest

Fanout     Cap    Slew   Delay    Time   Description
-----------------------------------------------------------------------------
                          0.00    0.00   clock core_clock (rise edge)
                          0.00    0.00   clock source latency
     1    0.07    0.00    0.00    0.00 ^ clk (in)
                                         clk (net)
                  0.00    0.00    0.00 ^ clkbuf_0_clk/A (sky130_fd_sc_hd__clkbuf_16)
     9    0.22    0.35    0.41    0.42 ^ clkbuf_0_clk/X (sky130_fd_sc_hd__clkbuf_16)
                                         clknet_0_clk (net)
                  0.35    0.01    0.42 ^ clkbuf_3_1__f_clk/A (sky130_fd_sc_hd__clkbuf_16)
    13    0.09    0.16    0.43    0.85 ^ clkbuf_3_1__f_clk/X (sky130_fd_sc_hd__clkbuf_16)
                                         clknet_3_1__leaf_clk (net)
                  0.16    0.00    0.85 ^ _1281_/CLK (sky130_fd_sc_hd__dfxtp_4)
     7    0.15    0.65    1.17    2.02 ^ _1281_/Q (sky130_fd_sc_hd__dfxtp_4)
                                         display_inst.counter[0] (net)
                  0.65    0.02    2.04 ^ _0696_/A_N (sky130_fd_sc_hd__and2b_4)
     1    0.08    0.20    0.68    2.73 v _0696_/X (sky130_fd_sc_hd__and2b_4)
                                         _0542_ (net)
                  0.20    0.02    2.75 v _0697_/A (sky130_fd_sc_hd__dlymetal6s2s_1)
     1    0.04    0.34    0.57    3.31 v _0697_/X (sky130_fd_sc_hd__dlymetal6s2s_1)
                                         _0030_ (net)
                  0.34    0.00    3.32 v _1281_/D (sky130_fd_sc_hd__dfxtp_4)
                                  3.32   data arrival time

                          0.00    0.00   clock core_clock (rise edge)
                          0.00    0.00   clock source latency
     1    0.07    0.00    0.00    0.00 ^ clk (in)
                                         clk (net)
                  0.00    0.00    0.00 ^ clkbuf_0_clk/A (sky130_fd_sc_hd__clkbuf_16)
     9    0.22    0.35    0.41    0.42 ^ clkbuf_0_clk/X (sky130_fd_sc_hd__clkbuf_16)
                                         clknet_0_clk (net)
                  0.35    0.01    0.42 ^ clkbuf_3_1__f_clk/A (sky130_fd_sc_hd__clkbuf_16)
    13    0.09    0.16    0.43    0.85 ^ clkbuf_3_1__f_clk/X (sky130_fd_sc_hd__clkbuf_16)
                                         clknet_3_1__leaf_clk (net)
                  0.16    0.00    0.85 ^ _1281_/CLK (sky130_fd_sc_hd__dfxtp_4)
                          0.00    0.85   clock reconvergence pessimism
                         -0.17    0.68   library hold time
                                  0.68   data required time
-----------------------------------------------------------------------------
                                  0.68   data required time
                                 -3.32   data arrival time
-----------------------------------------------------------------------------
                                  2.63   slack (MET)


Startpoint: _1283_ (rising edge-triggered flip-flop clocked by core_clock)
Endpoint: _1283_ (rising edge-triggered flip-flop clocked by core_clock)
Path Group: core_clock
Path Type: min
Corner: Slowest

Fanout     Cap    Slew   Delay    Time   Description
-----------------------------------------------------------------------------
                          0.00    0.00   clock core_clock (rise edge)
                          0.00    0.00   clock source latency
     1    0.07    0.00    0.00    0.00 ^ clk (in)
                                         clk (net)
                  0.00    0.00    0.00 ^ clkbuf_0_clk/A (sky130_fd_sc_hd__clkbuf_16)
     9    0.22    0.35    0.41    0.42 ^ clkbuf_0_clk/X (sky130_fd_sc_hd__clkbuf_16)
                                         clknet_0_clk (net)
                  0.35    0.01    0.42 ^ clkbuf_3_1__f_clk/A (sky130_fd_sc_hd__clkbuf_16)
    13    0.09    0.16    0.43    0.85 ^ clkbuf_3_1__f_clk/X (sky130_fd_sc_hd__clkbuf_16)
                                         clknet_3_1__leaf_clk (net)
                  0.16    0.00    0.85 ^ _1283_/CLK (sky130_fd_sc_hd__dfxtp_4)
     4    0.13    0.30    0.92    1.77 v _1283_/Q (sky130_fd_sc_hd__dfxtp_4)
                                         display_inst.counter[2] (net)
                  0.30    0.01    1.78 v _0700_/B1 (sky130_fd_sc_hd__a21oi_4)
     2    0.10    1.08    0.96    2.74 ^ _0700_/Y (sky130_fd_sc_hd__a21oi_4)
                                         _0544_ (net)
                  1.09    0.04    2.78 ^ _0701_/B (sky130_fd_sc_hd__nor2_4)
    10    0.09    0.31    0.54    3.32 v _0701_/Y (sky130_fd_sc_hd__nor2_4)
                                         _0032_ (net)
                  0.32    0.03    3.35 v _1283_/D (sky130_fd_sc_hd__dfxtp_4)
                                  3.35   data arrival time

                          0.00    0.00   clock core_clock (rise edge)
                          0.00    0.00   clock source latency
     1    0.07    0.00    0.00    0.00 ^ clk (in)
                                         clk (net)
                  0.00    0.00    0.00 ^ clkbuf_0_clk/A (sky130_fd_sc_hd__clkbuf_16)
     9    0.22    0.35    0.41    0.42 ^ clkbuf_0_clk/X (sky130_fd_sc_hd__clkbuf_16)
                                         clknet_0_clk (net)
                  0.35    0.01    0.42 ^ clkbuf_3_1__f_clk/A (sky130_fd_sc_hd__clkbuf_16)
    13    0.09    0.16    0.43    0.85 ^ clkbuf_3_1__f_clk/X (sky130_fd_sc_hd__clkbuf_16)
                                         clknet_3_1__leaf_clk (net)
                  0.16    0.00    0.85 ^ _1283_/CLK (sky130_fd_sc_hd__dfxtp_4)
                          0.00    0.85   clock reconvergence pessimism
                         -0.16    0.69   library hold time
                                  0.69   data required time
-----------------------------------------------------------------------------
                                  0.69   data required time
                                 -3.35   data arrival time
-----------------------------------------------------------------------------
                                  2.65   slack (MET)


Startpoint: _1360_ (rising edge-triggered flip-flop clocked by core_clock)
Endpoint: _1360_ (rising edge-triggered flip-flop clocked by core_clock)
Path Group: core_clock
Path Type: min
Corner: Slowest

Fanout     Cap    Slew   Delay    Time   Description
-----------------------------------------------------------------------------
                          0.00    0.00   clock core_clock (rise edge)
                          0.00    0.00   clock source latency
     1    0.07    0.00    0.00    0.00 ^ clk (in)
                                         clk (net)
                  0.00    0.00    0.00 ^ clkbuf_0_clk/A (sky130_fd_sc_hd__clkbuf_16)
     9    0.22    0.35    0.41    0.42 ^ clkbuf_0_clk/X (sky130_fd_sc_hd__clkbuf_16)
                                         clknet_0_clk (net)
                  0.35    0.01    0.42 ^ clkbuf_3_0__f_clk/A (sky130_fd_sc_hd__clkbuf_16)
    16    0.11    0.19    0.44    0.87 ^ clkbuf_3_0__f_clk/X (sky130_fd_sc_hd__clkbuf_16)
                                         clknet_3_0__leaf_clk (net)
                  0.19    0.01    0.88 ^ _1360_/CLK (sky130_fd_sc_hd__dfxtp_4)
     4    0.19    0.43    1.00    1.87 v _1360_/Q (sky130_fd_sc_hd__dfxtp_4)
                                         regfile_inst.registers[25][13] (net)
                  0.44    0.05    1.92 v _0848_/A0 (sky130_fd_sc_hd__mux2_8)
     2    0.10    0.22    0.87    2.79 v _0848_/X (sky130_fd_sc_hd__mux2_8)
                                         _0615_ (net)
                  0.23    0.04    2.83 v _0849_/A (sky130_fd_sc_hd__clkbuf_4)
    20    0.11    0.37    0.57    3.39 v _0849_/X (sky130_fd_sc_hd__clkbuf_4)
                                         _0109_ (net)
                  0.38    0.03    3.43 v _1360_/D (sky130_fd_sc_hd__dfxtp_4)
                                  3.43   data arrival time

                          0.00    0.00   clock core_clock (rise edge)
                          0.00    0.00   clock source latency
     1    0.07    0.00    0.00    0.00 ^ clk (in)
                                         clk (net)
                  0.00    0.00    0.00 ^ clkbuf_0_clk/A (sky130_fd_sc_hd__clkbuf_16)
     9    0.22    0.35    0.41    0.42 ^ clkbuf_0_clk/X (sky130_fd_sc_hd__clkbuf_16)
                                         clknet_0_clk (net)
                  0.35    0.01    0.42 ^ clkbuf_3_0__f_clk/A (sky130_fd_sc_hd__clkbuf_16)
    16    0.11    0.19    0.44    0.87 ^ clkbuf_3_0__f_clk/X (sky130_fd_sc_hd__clkbuf_16)
                                         clknet_3_0__leaf_clk (net)
                  0.19    0.01    0.88 ^ _1360_/CLK (sky130_fd_sc_hd__dfxtp_4)
                          0.00    0.88   clock reconvergence pessimism
                         -0.18    0.70   library hold time
                                  0.70   data required time
-----------------------------------------------------------------------------
                                  0.70   data required time
                                 -3.43   data arrival time
-----------------------------------------------------------------------------
                                  2.73   slack (MET)


Startpoint: _1327_ (rising edge-triggered flip-flop clocked by core_clock)
Endpoint: _1327_ (rising edge-triggered flip-flop clocked by core_clock)
Path Group: core_clock
Path Type: min
Corner: Slowest

Fanout     Cap    Slew   Delay    Time   Description
-----------------------------------------------------------------------------
                          0.00    0.00   clock core_clock (rise edge)
                          0.00    0.00   clock source latency
     1    0.07    0.00    0.00    0.00 ^ clk (in)
                                         clk (net)
                  0.00    0.00    0.00 ^ clkbuf_0_clk/A (sky130_fd_sc_hd__clkbuf_16)
     9    0.22    0.35    0.41    0.42 ^ clkbuf_0_clk/X (sky130_fd_sc_hd__clkbuf_16)
                                         clknet_0_clk (net)
                  0.35    0.01    0.42 ^ clkbuf_3_0__f_clk/A (sky130_fd_sc_hd__clkbuf_16)
    16    0.11    0.19    0.44    0.87 ^ clkbuf_3_0__f_clk/X (sky130_fd_sc_hd__clkbuf_16)
                                         clknet_3_0__leaf_clk (net)
                  0.19    0.00    0.87 ^ _1327_/CLK (sky130_fd_sc_hd__dfrtp_4)
     6    0.16    0.45    1.39    2.26 v _1327_/Q (sky130_fd_sc_hd__dfrtp_4)
                                         imem_inst.address[28] (net)
                  0.46    0.06    2.32 v _0914_/A (sky130_fd_sc_hd__nor2_2)
     1    0.03    0.59    0.68    3.01 ^ _0914_/Y (sky130_fd_sc_hd__nor2_2)
                                         _0152_ (net)
                  0.59    0.00    3.01 ^ _0915_/B (sky130_fd_sc_hd__nor2_4)
    17    0.11    0.30    0.42    3.44 v _0915_/Y (sky130_fd_sc_hd__nor2_4)
                                         _0076_ (net)
                  0.31    0.04    3.47 v _1327_/D (sky130_fd_sc_hd__dfrtp_4)
                                  3.47   data arrival time

                          0.00    0.00   clock core_clock (rise edge)
                          0.00    0.00   clock source latency
     1    0.07    0.00    0.00    0.00 ^ clk (in)
                                         clk (net)
                  0.00    0.00    0.00 ^ clkbuf_0_clk/A (sky130_fd_sc_hd__clkbuf_16)
     9    0.22    0.35    0.41    0.42 ^ clkbuf_0_clk/X (sky130_fd_sc_hd__clkbuf_16)
                                         clknet_0_clk (net)
                  0.35    0.01    0.42 ^ clkbuf_3_0__f_clk/A (sky130_fd_sc_hd__clkbuf_16)
    16    0.11    0.19    0.44    0.87 ^ clkbuf_3_0__f_clk/X (sky130_fd_sc_hd__clkbuf_16)
                                         clknet_3_0__leaf_clk (net)
                  0.19    0.00    0.87 ^ _1327_/CLK (sky130_fd_sc_hd__dfrtp_4)
                          0.00    0.87   clock reconvergence pessimism
                         -0.15    0.72   library hold time
                                  0.72   data required time
-----------------------------------------------------------------------------
                                  0.72   data required time
                                 -3.47   data arrival time
-----------------------------------------------------------------------------
                                  2.75   slack (MET)


Startpoint: _1315_ (rising edge-triggered flip-flop clocked by core_clock)
Endpoint: _1315_ (rising edge-triggered flip-flop clocked by core_clock)
Path Group: core_clock
Path Type: min
Corner: Slowest

Fanout     Cap    Slew   Delay    Time   Description
-----------------------------------------------------------------------------
                          0.00    0.00   clock core_clock (rise edge)
                          0.00    0.00   clock source latency
     1    0.07    0.00    0.00    0.00 ^ clk (in)
                                         clk (net)
                  0.00    0.00    0.00 ^ clkbuf_0_clk/A (sky130_fd_sc_hd__clkbuf_16)
     9    0.22    0.35    0.41    0.42 ^ clkbuf_0_clk/X (sky130_fd_sc_hd__clkbuf_16)
                                         clknet_0_clk (net)
                  0.35    0.01    0.42 ^ clkbuf_3_0__f_clk/A (sky130_fd_sc_hd__clkbuf_16)
    16    0.11    0.19    0.44    0.87 ^ clkbuf_3_0__f_clk/X (sky130_fd_sc_hd__clkbuf_16)
                                         clknet_3_0__leaf_clk (net)
                  0.19    0.01    0.88 ^ _1315_/CLK (sky130_fd_sc_hd__dfrtp_4)
     5    0.11    0.35    1.32    2.20 v _1315_/Q (sky130_fd_sc_hd__dfrtp_4)
                                         imem_inst.address[16] (net)
                  0.35    0.01    2.21 v _0934_/A (sky130_fd_sc_hd__nor2_4)
     1    0.07    0.72    0.73    2.94 ^ _0934_/Y (sky130_fd_sc_hd__nor2_4)
                                         _0160_ (net)
                  0.72    0.02    2.96 ^ _0935_/B (sky130_fd_sc_hd__nor2_4)
    14    0.13    0.35    0.50    3.46 v _0935_/Y (sky130_fd_sc_hd__nor2_4)
                                         _0064_ (net)
                  0.36    0.05    3.51 v _1315_/D (sky130_fd_sc_hd__dfrtp_4)
                                  3.51   data arrival time

                          0.00    0.00   clock core_clock (rise edge)
                          0.00    0.00   clock source latency
     1    0.07    0.00    0.00    0.00 ^ clk (in)
                                         clk (net)
                  0.00    0.00    0.00 ^ clkbuf_0_clk/A (sky130_fd_sc_hd__clkbuf_16)
     9    0.22    0.35    0.41    0.42 ^ clkbuf_0_clk/X (sky130_fd_sc_hd__clkbuf_16)
                                         clknet_0_clk (net)
                  0.35    0.01    0.42 ^ clkbuf_3_0__f_clk/A (sky130_fd_sc_hd__clkbuf_16)
    16    0.11    0.19    0.44    0.87 ^ clkbuf_3_0__f_clk/X (sky130_fd_sc_hd__clkbuf_16)
                                         clknet_3_0__leaf_clk (net)
                  0.19    0.01    0.88 ^ _1315_/CLK (sky130_fd_sc_hd__dfrtp_4)
                          0.00    0.88   clock reconvergence pessimism
                         -0.17    0.71   library hold time
                                  0.71   data required time
-----------------------------------------------------------------------------
                                  0.71   data required time
                                 -3.51   data arrival time
-----------------------------------------------------------------------------
                                  2.80   slack (MET)


Startpoint: _1296_ (rising edge-triggered flip-flop clocked by core_clock)
Endpoint: _1296_ (rising edge-triggered flip-flop clocked by core_clock)
Path Group: core_clock
Path Type: min
Corner: Slowest

Fanout     Cap    Slew   Delay    Time   Description
-----------------------------------------------------------------------------
                          0.00    0.00   clock core_clock (rise edge)
                          0.00    0.00   clock source latency
     1    0.07    0.00    0.00    0.00 ^ clk (in)
                                         clk (net)
                  0.00    0.00    0.00 ^ clkbuf_0_clk/A (sky130_fd_sc_hd__clkbuf_16)
     9    0.22    0.35    0.41    0.42 ^ clkbuf_0_clk/X (sky130_fd_sc_hd__clkbuf_16)
                                         clknet_0_clk (net)
                  0.35    0.01    0.42 ^ clkbuf_3_3__f_clk/A (sky130_fd_sc_hd__clkbuf_16)
    10    0.10    0.18    0.44    0.86 ^ clkbuf_3_3__f_clk/X (sky130_fd_sc_hd__clkbuf_16)
                                         clknet_3_3__leaf_clk (net)
                  0.18    0.00    0.87 ^ _1296_/CLK (sky130_fd_sc_hd__dfxtp_4)
     5    0.14    0.33    0.95    1.81 v _1296_/Q (sky130_fd_sc_hd__dfxtp_4)
                                         display_inst.counter[15] (net)
                  0.33    0.01    1.82 v _0734_/A (sky130_fd_sc_hd__or2_4)
     1    0.06    0.20    0.72    2.54 v _0734_/X (sky130_fd_sc_hd__or2_4)
                                         _0565_ (net)
                  0.20    0.01    2.56 v _0737_/B (sky130_fd_sc_hd__and3_4)
     1    0.07    0.18    0.50    3.05 v _0737_/X (sky130_fd_sc_hd__and3_4)
                                         _0568_ (net)
                  0.19    0.02    3.07 v _0738_/A (sky130_fd_sc_hd__buf_2)
     2    0.07    0.29    0.49    3.56 v _0738_/X (sky130_fd_sc_hd__buf_2)
                                         _0045_ (net)
                  0.29    0.01    3.58 v _1296_/D (sky130_fd_sc_hd__dfxtp_4)
                                  3.58   data arrival time

                          0.00    0.00   clock core_clock (rise edge)
                          0.00    0.00   clock source latency
     1    0.07    0.00    0.00    0.00 ^ clk (in)
                                         clk (net)
                  0.00    0.00    0.00 ^ clkbuf_0_clk/A (sky130_fd_sc_hd__clkbuf_16)
     9    0.22    0.35    0.41    0.42 ^ clkbuf_0_clk/X (sky130_fd_sc_hd__clkbuf_16)
                                         clknet_0_clk (net)
                  0.35    0.01    0.42 ^ clkbuf_3_3__f_clk/A (sky130_fd_sc_hd__clkbuf_16)
    10    0.10    0.18    0.44    0.86 ^ clkbuf_3_3__f_clk/X (sky130_fd_sc_hd__clkbuf_16)
                                         clknet_3_3__leaf_clk (net)
                  0.18    0.00    0.87 ^ _1296_/CLK (sky130_fd_sc_hd__dfxtp_4)
                          0.00    0.87   clock reconvergence pessimism
                         -0.14    0.72   library hold time
                                  0.72   data required time
-----------------------------------------------------------------------------
                                  0.72   data required time
                                 -3.58   data arrival time
-----------------------------------------------------------------------------
                                  2.86   slack (MET)


Startpoint: _1306_ (rising edge-triggered flip-flop clocked by core_clock)
Endpoint: _1306_ (rising edge-triggered flip-flop clocked by core_clock)
Path Group: core_clock
Path Type: min
Corner: Slowest

Fanout     Cap    Slew   Delay    Time   Description
-----------------------------------------------------------------------------
                          0.00    0.00   clock core_clock (rise edge)
                          0.00    0.00   clock source latency
     1    0.07    0.00    0.00    0.00 ^ clk (in)
                                         clk (net)
                  0.00    0.00    0.00 ^ clkbuf_0_clk/A (sky130_fd_sc_hd__clkbuf_16)
     9    0.22    0.35    0.41    0.42 ^ clkbuf_0_clk/X (sky130_fd_sc_hd__clkbuf_16)
                                         clknet_0_clk (net)
                  0.35    0.01    0.42 ^ clkbuf_3_0__f_clk/A (sky130_fd_sc_hd__clkbuf_16)
    16    0.11    0.19    0.44    0.87 ^ clkbuf_3_0__f_clk/X (sky130_fd_sc_hd__clkbuf_16)
                                         clknet_3_0__leaf_clk (net)
                  0.19    0.01    0.87 ^ _1306_/CLK (sky130_fd_sc_hd__dfrtp_4)
     3    0.14    0.65    1.31    2.19 ^ _1306_/Q (sky130_fd_sc_hd__dfrtp_4)
                                         imem_inst.address[7] (net)
                  0.66    0.05    2.24 ^ _0949_/A (sky130_fd_sc_hd__nor2_4)
     1    0.09    0.27    0.43    2.67 v _0949_/Y (sky130_fd_sc_hd__nor2_4)
                                         _0166_ (net)
                  0.27    0.02    2.69 v _0950_/B (sky130_fd_sc_hd__nor2_4)
     7    0.09    0.92    0.81    3.50 ^ _0950_/Y (sky130_fd_sc_hd__nor2_4)
                                         _0055_ (net)
                  0.92    0.02    3.53 ^ _1306_/D (sky130_fd_sc_hd__dfrtp_4)
                                  3.53   data arrival time

                          0.00    0.00   clock core_clock (rise edge)
                          0.00    0.00   clock source latency
     1    0.07    0.00    0.00    0.00 ^ clk (in)
                                         clk (net)
                  0.00    0.00    0.00 ^ clkbuf_0_clk/A (sky130_fd_sc_hd__clkbuf_16)
     9    0.22    0.35    0.41    0.42 ^ clkbuf_0_clk/X (sky130_fd_sc_hd__clkbuf_16)
                                         clknet_0_clk (net)
                  0.35    0.01    0.42 ^ clkbuf_3_0__f_clk/A (sky130_fd_sc_hd__clkbuf_16)
    16    0.11    0.19    0.44    0.87 ^ clkbuf_3_0__f_clk/X (sky130_fd_sc_hd__clkbuf_16)
                                         clknet_3_0__leaf_clk (net)
                  0.19    0.01    0.87 ^ _1306_/CLK (sky130_fd_sc_hd__dfrtp_4)
                          0.00    0.87   clock reconvergence pessimism
                         -0.25    0.62   library hold time
                                  0.62   data required time
-----------------------------------------------------------------------------
                                  0.62   data required time
                                 -3.53   data arrival time
-----------------------------------------------------------------------------
                                  2.90   slack (MET)


Startpoint: _1303_ (rising edge-triggered flip-flop clocked by core_clock)
Endpoint: _1303_ (rising edge-triggered flip-flop clocked by core_clock)
Path Group: core_clock
Path Type: min
Corner: Slowest

Fanout     Cap    Slew   Delay    Time   Description
-----------------------------------------------------------------------------
                          0.00    0.00   clock core_clock (rise edge)
                          0.00    0.00   clock source latency
     1    0.07    0.00    0.00    0.00 ^ clk (in)
                                         clk (net)
                  0.00    0.00    0.00 ^ clkbuf_0_clk/A (sky130_fd_sc_hd__clkbuf_16)
     9    0.22    0.35    0.41    0.42 ^ clkbuf_0_clk/X (sky130_fd_sc_hd__clkbuf_16)
                                         clknet_0_clk (net)
                  0.35    0.01    0.42 ^ clkbuf_3_7__f_clk/A (sky130_fd_sc_hd__clkbuf_16)
    12    0.09    0.16    0.43    0.85 ^ clkbuf_3_7__f_clk/X (sky130_fd_sc_hd__clkbuf_16)
                                         clknet_3_7__leaf_clk (net)
                  0.16    0.00    0.85 ^ _1303_/CLK (sky130_fd_sc_hd__dfrtp_4)
     9    0.22    0.58    1.49    2.35 v _1303_/Q (sky130_fd_sc_hd__dfrtp_4)
                                         imem_inst.address[4] (net)
                  0.58    0.03    2.37 v _0954_/A (sky130_fd_sc_hd__nor2_4)
     1    0.07    0.71    0.82    3.19 ^ _0954_/Y (sky130_fd_sc_hd__nor2_4)
                                         _0168_ (net)
                  0.71    0.02    3.21 ^ _0955_/B (sky130_fd_sc_hd__nor2_4)
     1    0.07    0.25    0.40    3.61 v _0955_/Y (sky130_fd_sc_hd__nor2_4)
                                         _0052_ (net)
                  0.25    0.02    3.63 v _1303_/D (sky130_fd_sc_hd__dfrtp_4)
                                  3.63   data arrival time

                          0.00    0.00   clock core_clock (rise edge)
                          0.00    0.00   clock source latency
     1    0.07    0.00    0.00    0.00 ^ clk (in)
                                         clk (net)
                  0.00    0.00    0.00 ^ clkbuf_0_clk/A (sky130_fd_sc_hd__clkbuf_16)
     9    0.22    0.35    0.41    0.42 ^ clkbuf_0_clk/X (sky130_fd_sc_hd__clkbuf_16)
                                         clknet_0_clk (net)
                  0.35    0.01    0.42 ^ clkbuf_3_7__f_clk/A (sky130_fd_sc_hd__clkbuf_16)
    12    0.09    0.16    0.43    0.85 ^ clkbuf_3_7__f_clk/X (sky130_fd_sc_hd__clkbuf_16)
                                         clknet_3_7__leaf_clk (net)
                  0.16    0.00    0.85 ^ _1303_/CLK (sky130_fd_sc_hd__dfrtp_4)
                          0.00    0.85   clock reconvergence pessimism
                         -0.13    0.72   library hold time
                                  0.72   data required time
-----------------------------------------------------------------------------
                                  0.72   data required time
                                 -3.63   data arrival time
-----------------------------------------------------------------------------
                                  2.91   slack (MET)


Startpoint: _1320_ (rising edge-triggered flip-flop clocked by core_clock)
Endpoint: _1320_ (rising edge-triggered flip-flop clocked by core_clock)
Path Group: core_clock
Path Type: min
Corner: Slowest

Fanout     Cap    Slew   Delay    Time   Description
-----------------------------------------------------------------------------
                          0.00    0.00   clock core_clock (rise edge)
                          0.00    0.00   clock source latency
     1    0.07    0.00    0.00    0.00 ^ clk (in)
                                         clk (net)
                  0.00    0.00    0.00 ^ clkbuf_0_clk/A (sky130_fd_sc_hd__clkbuf_16)
     9    0.22    0.35    0.41    0.42 ^ clkbuf_0_clk/X (sky130_fd_sc_hd__clkbuf_16)
                                         clknet_0_clk (net)
                  0.35    0.01    0.42 ^ clkbuf_3_6__f_clk/A (sky130_fd_sc_hd__clkbuf_16)
    15    0.10    0.18    0.44    0.86 ^ clkbuf_3_6__f_clk/X (sky130_fd_sc_hd__clkbuf_16)
                                         clknet_3_6__leaf_clk (net)
                  0.18    0.01    0.87 ^ _1320_/CLK (sky130_fd_sc_hd__dfrtp_4)
     4    0.13    0.61    1.30    2.17 ^ _1320_/Q (sky130_fd_sc_hd__dfrtp_4)
                                         imem_inst.address[21] (net)
                  0.61    0.02    2.18 ^ _0926_/B1 (sky130_fd_sc_hd__a21oi_4)
     1    0.15    0.37    0.51    2.69 v _0926_/Y (sky130_fd_sc_hd__a21oi_4)
                                         _0157_ (net)
                  0.37    0.01    2.71 v _0927_/B (sky130_fd_sc_hd__nor2_4)
     2    0.09    0.89    0.82    3.52 ^ _0927_/Y (sky130_fd_sc_hd__nor2_4)
                                         _0069_ (net)
                  0.89    0.03    3.56 ^ _1320_/D (sky130_fd_sc_hd__dfrtp_4)
                                  3.56   data arrival time

                          0.00    0.00   clock core_clock (rise edge)
                          0.00    0.00   clock source latency
     1    0.07    0.00    0.00    0.00 ^ clk (in)
                                         clk (net)
                  0.00    0.00    0.00 ^ clkbuf_0_clk/A (sky130_fd_sc_hd__clkbuf_16)
     9    0.22    0.35    0.41    0.42 ^ clkbuf_0_clk/X (sky130_fd_sc_hd__clkbuf_16)
                                         clknet_0_clk (net)
                  0.35    0.01    0.42 ^ clkbuf_3_6__f_clk/A (sky130_fd_sc_hd__clkbuf_16)
    15    0.10    0.18    0.44    0.86 ^ clkbuf_3_6__f_clk/X (sky130_fd_sc_hd__clkbuf_16)
                                         clknet_3_6__leaf_clk (net)
                  0.18    0.01    0.87 ^ _1320_/CLK (sky130_fd_sc_hd__dfrtp_4)
                          0.00    0.87   clock reconvergence pessimism
                         -0.25    0.62   library hold time
                                  0.62   data required time
-----------------------------------------------------------------------------
                                  0.62   data required time
                                 -3.56   data arrival time
-----------------------------------------------------------------------------
                                  2.93   slack (MET)


Startpoint: _1302_ (rising edge-triggered flip-flop clocked by core_clock)
Endpoint: _1302_ (rising edge-triggered flip-flop clocked by core_clock)
Path Group: core_clock
Path Type: min
Corner: Slowest

Fanout     Cap    Slew   Delay    Time   Description
-----------------------------------------------------------------------------
                          0.00    0.00   clock core_clock (rise edge)
                          0.00    0.00   clock source latency
     1    0.07    0.00    0.00    0.00 ^ clk (in)
                                         clk (net)
                  0.00    0.00    0.00 ^ clkbuf_0_clk/A (sky130_fd_sc_hd__clkbuf_16)
     9    0.22    0.35    0.41    0.42 ^ clkbuf_0_clk/X (sky130_fd_sc_hd__clkbuf_16)
                                         clknet_0_clk (net)
                  0.35    0.01    0.42 ^ clkbuf_3_5__f_clk/A (sky130_fd_sc_hd__clkbuf_16)
    16    0.10    0.18    0.44    0.86 ^ clkbuf_3_5__f_clk/X (sky130_fd_sc_hd__clkbuf_16)
                                         clknet_3_5__leaf_clk (net)
                  0.18    0.00    0.86 ^ _1302_/CLK (sky130_fd_sc_hd__dfrtp_4)
     2    0.08    0.41    1.14    2.00 ^ _1302_/Q (sky130_fd_sc_hd__dfrtp_4)
                                         imem_inst.address[3] (net)
                  0.41    0.02    2.02 ^ _0890_/A (sky130_fd_sc_hd__buf_12)
    10    0.29    0.50    0.60    2.62 ^ _0890_/X (sky130_fd_sc_hd__buf_12)
                                         _0131_ (net)
                  0.51    0.04    2.66 ^ _0957_/B1 (sky130_fd_sc_hd__a21oi_4)
     1    0.07    0.22    0.34    2.99 v _0957_/Y (sky130_fd_sc_hd__a21oi_4)
                                         _0170_ (net)
                  0.22    0.01    3.00 v _0958_/B (sky130_fd_sc_hd__nor2_4)
     1    0.07    0.72    0.64    3.64 ^ _0958_/Y (sky130_fd_sc_hd__nor2_4)
                                         _0051_ (net)
                  0.72    0.02    3.66 ^ _1302_/D (sky130_fd_sc_hd__dfrtp_4)
                                  3.66   data arrival time

                          0.00    0.00   clock core_clock (rise edge)
                          0.00    0.00   clock source latency
     1    0.07    0.00    0.00    0.00 ^ clk (in)
                                         clk (net)
                  0.00    0.00    0.00 ^ clkbuf_0_clk/A (sky130_fd_sc_hd__clkbuf_16)
     9    0.22    0.35    0.41    0.42 ^ clkbuf_0_clk/X (sky130_fd_sc_hd__clkbuf_16)
                                         clknet_0_clk (net)
                  0.35    0.01    0.42 ^ clkbuf_3_5__f_clk/A (sky130_fd_sc_hd__clkbuf_16)
    16    0.10    0.18    0.44    0.86 ^ clkbuf_3_5__f_clk/X (sky130_fd_sc_hd__clkbuf_16)
                                         clknet_3_5__leaf_clk (net)
                  0.18    0.00    0.86 ^ _1302_/CLK (sky130_fd_sc_hd__dfrtp_4)
                          0.00    0.86   clock reconvergence pessimism
                         -0.21    0.65   library hold time
                                  0.65   data required time
-----------------------------------------------------------------------------
                                  0.65   data required time
                                 -3.66   data arrival time
-----------------------------------------------------------------------------
                                  3.01   slack (MET)


Startpoint: _1308_ (rising edge-triggered flip-flop clocked by core_clock)
Endpoint: _1308_ (rising edge-triggered flip-flop clocked by core_clock)
Path Group: core_clock
Path Type: min
Corner: Slowest

Fanout     Cap    Slew   Delay    Time   Description
-----------------------------------------------------------------------------
                          0.00    0.00   clock core_clock (rise edge)
                          0.00    0.00   clock source latency
     1    0.07    0.00    0.00    0.00 ^ clk (in)
                                         clk (net)
                  0.00    0.00    0.00 ^ clkbuf_0_clk/A (sky130_fd_sc_hd__clkbuf_16)
     9    0.22    0.35    0.41    0.42 ^ clkbuf_0_clk/X (sky130_fd_sc_hd__clkbuf_16)
                                         clknet_0_clk (net)
                  0.35    0.01    0.42 ^ clkbuf_3_6__f_clk/A (sky130_fd_sc_hd__clkbuf_16)
    15    0.10    0.18    0.44    0.86 ^ clkbuf_3_6__f_clk/X (sky130_fd_sc_hd__clkbuf_16)
                                         clknet_3_6__leaf_clk (net)
                  0.18    0.00    0.87 ^ _1308_/CLK (sky130_fd_sc_hd__dfrtp_4)
     4    0.03    0.21    0.98    1.84 ^ _1308_/Q (sky130_fd_sc_hd__dfrtp_4)
                                         imem_inst.address[9] (net)
                  0.21    0.00    1.85 ^ rebuffer69/A (sky130_fd_sc_hd__dlygate4sd1_1)
     1    0.03    0.45    0.71    2.55 ^ rebuffer69/X (sky130_fd_sc_hd__dlygate4sd1_1)
                                         net92 (net)
                  0.45    0.00    2.55 ^ _0946_/B1 (sky130_fd_sc_hd__a21oi_4)
     1    0.07    0.21    0.31    2.86 v _0946_/Y (sky130_fd_sc_hd__a21oi_4)
                                         _0165_ (net)
                  0.21    0.02    2.88 v _0947_/B (sky130_fd_sc_hd__nor2_2)
     1    0.05    0.88    0.75    3.63 ^ _0947_/Y (sky130_fd_sc_hd__nor2_2)
                                         _0057_ (net)
                  0.88    0.01    3.64 ^ _1308_/D (sky130_fd_sc_hd__dfrtp_4)
                                  3.64   data arrival time

                          0.00    0.00   clock core_clock (rise edge)
                          0.00    0.00   clock source latency
     1    0.07    0.00    0.00    0.00 ^ clk (in)
                                         clk (net)
                  0.00    0.00    0.00 ^ clkbuf_0_clk/A (sky130_fd_sc_hd__clkbuf_16)
     9    0.22    0.35    0.41    0.42 ^ clkbuf_0_clk/X (sky130_fd_sc_hd__clkbuf_16)
                                         clknet_0_clk (net)
                  0.35    0.01    0.42 ^ clkbuf_3_6__f_clk/A (sky130_fd_sc_hd__clkbuf_16)
    15    0.10    0.18    0.44    0.86 ^ clkbuf_3_6__f_clk/X (sky130_fd_sc_hd__clkbuf_16)
                                         clknet_3_6__leaf_clk (net)
                  0.18    0.00    0.87 ^ _1308_/CLK (sky130_fd_sc_hd__dfrtp_4)
                          0.00    0.87   clock reconvergence pessimism
                         -0.25    0.62   library hold time
                                  0.62   data required time
-----------------------------------------------------------------------------
                                  0.62   data required time
                                 -3.64   data arrival time
-----------------------------------------------------------------------------
                                  3.02   slack (MET)


Startpoint: _1301_ (rising edge-triggered flip-flop clocked by core_clock)
Endpoint: _1301_ (rising edge-triggered flip-flop clocked by core_clock)
Path Group: core_clock
Path Type: min
Corner: Slowest

Fanout     Cap    Slew   Delay    Time   Description
-----------------------------------------------------------------------------
                          0.00    0.00   clock core_clock (rise edge)
                          0.00    0.00   clock source latency
     1    0.07    0.00    0.00    0.00 ^ clk (in)
                                         clk (net)
                  0.00    0.00    0.00 ^ clkbuf_0_clk/A (sky130_fd_sc_hd__clkbuf_16)
     9    0.22    0.35    0.41    0.42 ^ clkbuf_0_clk/X (sky130_fd_sc_hd__clkbuf_16)
                                         clknet_0_clk (net)
                  0.35    0.01    0.42 ^ clkbuf_3_0__f_clk/A (sky130_fd_sc_hd__clkbuf_16)
    16    0.11    0.19    0.44    0.87 ^ clkbuf_3_0__f_clk/X (sky130_fd_sc_hd__clkbuf_16)
                                         clknet_3_0__leaf_clk (net)
                  0.19    0.00    0.87 ^ _1301_/CLK (sky130_fd_sc_hd__dfrtp_4)
    10    0.29    0.74    1.61    2.48 v _1301_/Q (sky130_fd_sc_hd__dfrtp_4)
                                         imem_inst.address[2] (net)
                  0.75    0.07    2.55 v _0956_/A (sky130_fd_sc_hd__buf_12)
     9    0.22    0.22    0.64    3.19 v _0956_/X (sky130_fd_sc_hd__buf_12)
                                         _0169_ (net)
                  0.24    0.05    3.24 v _0959_/B (sky130_fd_sc_hd__xor2_4)
     2    0.09    0.25    0.50    3.75 v _0959_/X (sky130_fd_sc_hd__xor2_4)
                                         _0050_ (net)
                  0.25    0.03    3.77 v _1301_/D (sky130_fd_sc_hd__dfrtp_4)
                                  3.77   data arrival time

                          0.00    0.00   clock core_clock (rise edge)
                          0.00    0.00   clock source latency
     1    0.07    0.00    0.00    0.00 ^ clk (in)
                                         clk (net)
                  0.00    0.00    0.00 ^ clkbuf_0_clk/A (sky130_fd_sc_hd__clkbuf_16)
     9    0.22    0.35    0.41    0.42 ^ clkbuf_0_clk/X (sky130_fd_sc_hd__clkbuf_16)
                                         clknet_0_clk (net)
                  0.35    0.01    0.42 ^ clkbuf_3_0__f_clk/A (sky130_fd_sc_hd__clkbuf_16)
    16    0.11    0.19    0.44    0.87 ^ clkbuf_3_0__f_clk/X (sky130_fd_sc_hd__clkbuf_16)
                                         clknet_3_0__leaf_clk (net)
                  0.19    0.00    0.87 ^ _1301_/CLK (sky130_fd_sc_hd__dfrtp_4)
                          0.00    0.87   clock reconvergence pessimism
                         -0.13    0.74   library hold time
                                  0.74   data required time
-----------------------------------------------------------------------------
                                  0.74   data required time
                                 -3.77   data arrival time
-----------------------------------------------------------------------------
                                  3.03   slack (MET)


Startpoint: _1305_ (rising edge-triggered flip-flop clocked by core_clock)
Endpoint: _1305_ (rising edge-triggered flip-flop clocked by core_clock)
Path Group: core_clock
Path Type: min
Corner: Slowest

Fanout     Cap    Slew   Delay    Time   Description
-----------------------------------------------------------------------------
                          0.00    0.00   clock core_clock (rise edge)
                          0.00    0.00   clock source latency
     1    0.07    0.00    0.00    0.00 ^ clk (in)
                                         clk (net)
                  0.00    0.00    0.00 ^ clkbuf_0_clk/A (sky130_fd_sc_hd__clkbuf_16)
     9    0.22    0.35    0.41    0.42 ^ clkbuf_0_clk/X (sky130_fd_sc_hd__clkbuf_16)
                                         clknet_0_clk (net)
                  0.35    0.01    0.42 ^ clkbuf_3_6__f_clk/A (sky130_fd_sc_hd__clkbuf_16)
    15    0.10    0.18    0.44    0.86 ^ clkbuf_3_6__f_clk/X (sky130_fd_sc_hd__clkbuf_16)
                                         clknet_3_6__leaf_clk (net)
                  0.18    0.01    0.87 ^ _1305_/CLK (sky130_fd_sc_hd__dfrtp_4)
     4    0.07    0.36    1.11    1.97 ^ _1305_/Q (sky130_fd_sc_hd__dfrtp_4)
                                         imem_inst.address[6] (net)
                  0.36    0.01    1.99 ^ rebuffer67/A (sky130_fd_sc_hd__dlygate4sd1_1)
     1    0.00    0.08    0.49    2.48 ^ rebuffer67/X (sky130_fd_sc_hd__dlygate4sd1_1)
                                         net90 (net)
                  0.08    0.00    2.48 ^ _0893_/A (sky130_fd_sc_hd__and3_4)
     3    0.16    0.74    0.89    3.37 ^ _0893_/X (sky130_fd_sc_hd__and3_4)
                                         _0134_ (net)
                  0.74    0.03    3.40 ^ _0952_/A (sky130_fd_sc_hd__nor2_4)
     5    0.08    0.28    0.45    3.85 v _0952_/Y (sky130_fd_sc_hd__nor2_4)
                                         _0054_ (net)
                  0.28    0.02    3.87 v _1305_/D (sky130_fd_sc_hd__dfrtp_4)
                                  3.87   data arrival time

                          0.00    0.00   clock core_clock (rise edge)
                          0.00    0.00   clock source latency
     1    0.07    0.00    0.00    0.00 ^ clk (in)
                                         clk (net)
                  0.00    0.00    0.00 ^ clkbuf_0_clk/A (sky130_fd_sc_hd__clkbuf_16)
     9    0.22    0.35    0.41    0.42 ^ clkbuf_0_clk/X (sky130_fd_sc_hd__clkbuf_16)
                                         clknet_0_clk (net)
                  0.35    0.01    0.42 ^ clkbuf_3_6__f_clk/A (sky130_fd_sc_hd__clkbuf_16)
    15    0.10    0.18    0.44    0.86 ^ clkbuf_3_6__f_clk/X (sky130_fd_sc_hd__clkbuf_16)
                                         clknet_3_6__leaf_clk (net)
                  0.18    0.01    0.87 ^ _1305_/CLK (sky130_fd_sc_hd__dfrtp_4)
                          0.00    0.87   clock reconvergence pessimism
                         -0.14    0.72   library hold time
                                  0.72   data required time
-----------------------------------------------------------------------------
                                  0.72   data required time
                                 -3.87   data arrival time
-----------------------------------------------------------------------------
                                  3.15   slack (MET)


Startpoint: _1313_ (rising edge-triggered flip-flop clocked by core_clock)
Endpoint: _1316_ (rising edge-triggered flip-flop clocked by core_clock)
Path Group: core_clock
Path Type: min
Corner: Slowest

Fanout     Cap    Slew   Delay    Time   Description
-----------------------------------------------------------------------------
                          0.00    0.00   clock core_clock (rise edge)
                          0.00    0.00   clock source latency
     1    0.07    0.00    0.00    0.00 ^ clk (in)
                                         clk (net)
                  0.00    0.00    0.00 ^ clkbuf_0_clk/A (sky130_fd_sc_hd__clkbuf_16)
     9    0.22    0.35    0.41    0.42 ^ clkbuf_0_clk/X (sky130_fd_sc_hd__clkbuf_16)
                                         clknet_0_clk (net)
                  0.35    0.01    0.42 ^ clkbuf_3_3__f_clk/A (sky130_fd_sc_hd__clkbuf_16)
    10    0.10    0.18    0.44    0.86 ^ clkbuf_3_3__f_clk/X (sky130_fd_sc_hd__clkbuf_16)
                                         clknet_3_3__leaf_clk (net)
                  0.18    0.01    0.87 ^ _1313_/CLK (sky130_fd_sc_hd__dfrtp_4)
     4    0.07    0.28    1.24    2.11 v _1313_/Q (sky130_fd_sc_hd__dfrtp_4)
                                         imem_inst.address[14] (net)
                  0.28    0.01    2.12 v _0899_/B (sky130_fd_sc_hd__and3_4)
     3    0.12    0.28    0.62    2.75 v _0899_/X (sky130_fd_sc_hd__and3_4)
                                         _0140_ (net)
                  0.28    0.01    2.76 v _0900_/B (sky130_fd_sc_hd__and2_4)
     4    0.14    0.32    0.61    3.37 v _0900_/X (sky130_fd_sc_hd__and2_4)
                                         _0141_ (net)
                  0.32    0.03    3.41 v _0933_/B (sky130_fd_sc_hd__xor2_4)
     1    0.11    0.29    0.58    3.99 v _0933_/X (sky130_fd_sc_hd__xor2_4)
                                         _0065_ (net)
                  0.29    0.01    3.99 v _1316_/D (sky130_fd_sc_hd__dfrtp_4)
                                  3.99   data arrival time

                          0.00    0.00   clock core_clock (rise edge)
                          0.00    0.00   clock source latency
     1    0.07    0.00    0.00    0.00 ^ clk (in)
                                         clk (net)
                  0.00    0.00    0.00 ^ clkbuf_0_clk/A (sky130_fd_sc_hd__clkbuf_16)
     9    0.22    0.35    0.41    0.42 ^ clkbuf_0_clk/X (sky130_fd_sc_hd__clkbuf_16)
                                         clknet_0_clk (net)
                  0.35    0.01    0.42 ^ clkbuf_3_7__f_clk/A (sky130_fd_sc_hd__clkbuf_16)
    12    0.09    0.16    0.43    0.85 ^ clkbuf_3_7__f_clk/X (sky130_fd_sc_hd__clkbuf_16)
                                         clknet_3_7__leaf_clk (net)
                  0.16    0.00    0.85 ^ _1316_/CLK (sky130_fd_sc_hd__dfrtp_4)
                          0.00    0.85   clock reconvergence pessimism
                         -0.15    0.71   library hold time
                                  0.71   data required time
-----------------------------------------------------------------------------
                                  0.71   data required time
                                 -3.99   data arrival time
-----------------------------------------------------------------------------
                                  3.29   slack (MET)


Startpoint: _1320_ (rising edge-triggered flip-flop clocked by core_clock)
Endpoint: _1321_ (rising edge-triggered flip-flop clocked by core_clock)
Path Group: core_clock
Path Type: min
Corner: Slowest

Fanout     Cap    Slew   Delay    Time   Description
-----------------------------------------------------------------------------
                          0.00    0.00   clock core_clock (rise edge)
                          0.00    0.00   clock source latency
     1    0.07    0.00    0.00    0.00 ^ clk (in)
                                         clk (net)
                  0.00    0.00    0.00 ^ clkbuf_0_clk/A (sky130_fd_sc_hd__clkbuf_16)
     9    0.22    0.35    0.41    0.42 ^ clkbuf_0_clk/X (sky130_fd_sc_hd__clkbuf_16)
                                         clknet_0_clk (net)
                  0.35    0.01    0.42 ^ clkbuf_3_6__f_clk/A (sky130_fd_sc_hd__clkbuf_16)
    15    0.10    0.18    0.44    0.86 ^ clkbuf_3_6__f_clk/X (sky130_fd_sc_hd__clkbuf_16)
                                         clknet_3_6__leaf_clk (net)
                  0.18    0.01    0.87 ^ _1320_/CLK (sky130_fd_sc_hd__dfrtp_4)
     4    0.13    0.39    1.36    2.23 v _1320_/Q (sky130_fd_sc_hd__dfrtp_4)
                                         imem_inst.address[21] (net)
                  0.39    0.02    2.25 v _0903_/A (sky130_fd_sc_hd__and3_4)
     4    0.14    0.31    0.66    2.91 v _0903_/X (sky130_fd_sc_hd__and3_4)
                                         _0144_ (net)
                  0.31    0.01    2.91 v _0924_/B (sky130_fd_sc_hd__nor2_4)
     1    0.07    0.67    0.64    3.56 ^ _0924_/Y (sky130_fd_sc_hd__nor2_4)
                                         _0156_ (net)
                  0.67    0.01    3.57 ^ _0925_/B (sky130_fd_sc_hd__nor2_4)
    14    0.12    0.32    0.47    4.04 v _0925_/Y (sky130_fd_sc_hd__nor2_4)
                                         _0070_ (net)
                  0.33    0.04    4.09 v _1321_/D (sky130_fd_sc_hd__dfrtp_4)
                                  4.09   data arrival time

                          0.00    0.00   clock core_clock (rise edge)
                          0.00    0.00   clock source latency
     1    0.07    0.00    0.00    0.00 ^ clk (in)
                                         clk (net)
                  0.00    0.00    0.00 ^ clkbuf_0_clk/A (sky130_fd_sc_hd__clkbuf_16)
     9    0.22    0.35    0.41    0.42 ^ clkbuf_0_clk/X (sky130_fd_sc_hd__clkbuf_16)
                                         clknet_0_clk (net)
                  0.35    0.01    0.42 ^ clkbuf_3_5__f_clk/A (sky130_fd_sc_hd__clkbuf_16)
    16    0.10    0.18    0.44    0.86 ^ clkbuf_3_5__f_clk/X (sky130_fd_sc_hd__clkbuf_16)
                                         clknet_3_5__leaf_clk (net)
                  0.18    0.00    0.86 ^ _1321_/CLK (sky130_fd_sc_hd__dfrtp_4)
                          0.00    0.86   clock reconvergence pessimism
                         -0.16    0.70   library hold time
                                  0.70   data required time
-----------------------------------------------------------------------------
                                  0.70   data required time
                                 -4.09   data arrival time
-----------------------------------------------------------------------------
                                  3.38   slack (MET)



worst slack corner Slowest: 1.4106
======================= Typical Corner ===================================

Startpoint: _1285_ (rising edge-triggered flip-flop clocked by core_clock)
Endpoint: _1285_ (rising edge-triggered flip-flop clocked by core_clock)
Path Group: core_clock
Path Type: min
Corner: Typical

Fanout     Cap    Slew   Delay    Time   Description
-----------------------------------------------------------------------------
                          0.00    0.00   clock core_clock (rise edge)
                          0.00    0.00   clock source latency
     1    0.07    0.00    0.00    0.00 ^ clk (in)
                                         clk (net)
                  0.00    0.00    0.00 ^ clkbuf_0_clk/A (sky130_fd_sc_hd__clkbuf_16)
     9    0.22    0.23    0.25    0.25 ^ clkbuf_0_clk/X (sky130_fd_sc_hd__clkbuf_16)
                                         clknet_0_clk (net)
                  0.23    0.01    0.26 ^ clkbuf_3_4__f_clk/A (sky130_fd_sc_hd__clkbuf_16)
    12    0.09    0.11    0.24    0.50 ^ clkbuf_3_4__f_clk/X (sky130_fd_sc_hd__clkbuf_16)
                                         clknet_3_4__leaf_clk (net)
                  0.11    0.00    0.51 ^ _1285_/CLK (sky130_fd_sc_hd__dfxtp_4)
     4    0.10    0.14    0.45    0.96 v _1285_/Q (sky130_fd_sc_hd__dfxtp_4)
                                         display_inst.counter[4] (net)
                  0.14    0.00    0.96 v _0705_/A (sky130_fd_sc_hd__xor2_1)
     1    0.01    0.07    0.23    1.20 v _0705_/X (sky130_fd_sc_hd__xor2_1)
                                         _0034_ (net)
                  0.07    0.00    1.20 v _1285_/D (sky130_fd_sc_hd__dfxtp_4)
                                  1.20   data arrival time

                          0.00    0.00   clock core_clock (rise edge)
                          0.00    0.00   clock source latency
     1    0.07    0.00    0.00    0.00 ^ clk (in)
                                         clk (net)
                  0.00    0.00    0.00 ^ clkbuf_0_clk/A (sky130_fd_sc_hd__clkbuf_16)
     9    0.22    0.23    0.25    0.25 ^ clkbuf_0_clk/X (sky130_fd_sc_hd__clkbuf_16)
                                         clknet_0_clk (net)
                  0.23    0.01    0.26 ^ clkbuf_3_4__f_clk/A (sky130_fd_sc_hd__clkbuf_16)
    12    0.09    0.11    0.24    0.50 ^ clkbuf_3_4__f_clk/X (sky130_fd_sc_hd__clkbuf_16)
                                         clknet_3_4__leaf_clk (net)
                  0.11    0.00    0.51 ^ _1285_/CLK (sky130_fd_sc_hd__dfxtp_4)
                          0.00    0.51   clock reconvergence pessimism
                         -0.04    0.46   library hold time
                                  0.46   data required time
-----------------------------------------------------------------------------
                                  0.46   data required time
                                 -1.20   data arrival time
-----------------------------------------------------------------------------
                                  0.73   slack (MET)


Startpoint: _1300_ (rising edge-triggered flip-flop clocked by core_clock)
Endpoint: _1300_ (rising edge-triggered flip-flop clocked by core_clock)
Path Group: core_clock
Path Type: min
Corner: Typical

Fanout     Cap    Slew   Delay    Time   Description
-----------------------------------------------------------------------------
                          0.00    0.00   clock core_clock (rise edge)
                          0.00    0.00   clock source latency
     1    0.07    0.00    0.00    0.00 ^ clk (in)
                                         clk (net)
                  0.00    0.00    0.00 ^ clkbuf_0_clk/A (sky130_fd_sc_hd__clkbuf_16)
     9    0.22    0.23    0.25    0.25 ^ clkbuf_0_clk/X (sky130_fd_sc_hd__clkbuf_16)
                                         clknet_0_clk (net)
                  0.23    0.01    0.26 ^ clkbuf_3_1__f_clk/A (sky130_fd_sc_hd__clkbuf_16)
    13    0.09    0.11    0.24    0.50 ^ clkbuf_3_1__f_clk/X (sky130_fd_sc_hd__clkbuf_16)
                                         clknet_3_1__leaf_clk (net)
                  0.11    0.00    0.51 ^ _1300_/CLK (sky130_fd_sc_hd__dfxtp_4)
     2    0.11    0.15    0.45    0.96 v _1300_/Q (sky130_fd_sc_hd__dfxtp_4)
                                         display_inst.counter[19] (net)
                  0.15    0.02    0.97 v _0745_/A (sky130_fd_sc_hd__xor2_2)
     1    0.03    0.09    0.27    1.24 v _0745_/X (sky130_fd_sc_hd__xor2_2)
                                         _0049_ (net)
                  0.09    0.00    1.25 v _1300_/D (sky130_fd_sc_hd__dfxtp_4)
                                  1.25   data arrival time

                          0.00    0.00   clock core_clock (rise edge)
                          0.00    0.00   clock source latency
     1    0.07    0.00    0.00    0.00 ^ clk (in)
                                         clk (net)
                  0.00    0.00    0.00 ^ clkbuf_0_clk/A (sky130_fd_sc_hd__clkbuf_16)
     9    0.22    0.23    0.25    0.25 ^ clkbuf_0_clk/X (sky130_fd_sc_hd__clkbuf_16)
                                         clknet_0_clk (net)
                  0.23    0.01    0.26 ^ clkbuf_3_1__f_clk/A (sky130_fd_sc_hd__clkbuf_16)
    13    0.09    0.11    0.24    0.50 ^ clkbuf_3_1__f_clk/X (sky130_fd_sc_hd__clkbuf_16)
                                         clknet_3_1__leaf_clk (net)
                  0.11    0.00    0.51 ^ _1300_/CLK (sky130_fd_sc_hd__dfxtp_4)
                          0.00    0.51   clock reconvergence pessimism
                         -0.05    0.45   library hold time
                                  0.45   data required time
-----------------------------------------------------------------------------
                                  0.45   data required time
                                 -1.25   data arrival time
-----------------------------------------------------------------------------
                                  0.79   slack (MET)


Startpoint: _1281_ (rising edge-triggered flip-flop clocked by core_clock)
Endpoint: _1282_ (rising edge-triggered flip-flop clocked by core_clock)
Path Group: core_clock
Path Type: min
Corner: Typical

Fanout     Cap    Slew   Delay    Time   Description
-----------------------------------------------------------------------------
                          0.00    0.00   clock core_clock (rise edge)
                          0.00    0.00   clock source latency
     1    0.07    0.00    0.00    0.00 ^ clk (in)
                                         clk (net)
                  0.00    0.00    0.00 ^ clkbuf_0_clk/A (sky130_fd_sc_hd__clkbuf_16)
     9    0.22    0.23    0.25    0.25 ^ clkbuf_0_clk/X (sky130_fd_sc_hd__clkbuf_16)
                                         clknet_0_clk (net)
                  0.23    0.01    0.26 ^ clkbuf_3_1__f_clk/A (sky130_fd_sc_hd__clkbuf_16)
    13    0.09    0.11    0.24    0.50 ^ clkbuf_3_1__f_clk/X (sky130_fd_sc_hd__clkbuf_16)
                                         clknet_3_1__leaf_clk (net)
                  0.11    0.00    0.50 ^ _1281_/CLK (sky130_fd_sc_hd__dfxtp_4)
     7    0.15    0.19    0.49    1.00 v _1281_/Q (sky130_fd_sc_hd__dfxtp_4)
                                         display_inst.counter[0] (net)
                  0.19    0.01    1.01 v _0698_/A (sky130_fd_sc_hd__xor2_2)
     1    0.03    0.10    0.29    1.30 v _0698_/X (sky130_fd_sc_hd__xor2_2)
                                         _0031_ (net)
                  0.10    0.00    1.30 v _1282_/D (sky130_fd_sc_hd__dfxtp_4)
                                  1.30   data arrival time

                          0.00    0.00   clock core_clock (rise edge)
                          0.00    0.00   clock source latency
     1    0.07    0.00    0.00    0.00 ^ clk (in)
                                         clk (net)
                  0.00    0.00    0.00 ^ clkbuf_0_clk/A (sky130_fd_sc_hd__clkbuf_16)
     9    0.22    0.23    0.25    0.25 ^ clkbuf_0_clk/X (sky130_fd_sc_hd__clkbuf_16)
                                         clknet_0_clk (net)
                  0.23    0.01    0.26 ^ clkbuf_3_1__f_clk/A (sky130_fd_sc_hd__clkbuf_16)
    13    0.09    0.11    0.24    0.50 ^ clkbuf_3_1__f_clk/X (sky130_fd_sc_hd__clkbuf_16)
                                         clknet_3_1__leaf_clk (net)
                  0.11    0.00    0.51 ^ _1282_/CLK (sky130_fd_sc_hd__dfxtp_4)
                          0.00    0.51   clock reconvergence pessimism
                         -0.05    0.45   library hold time
                                  0.45   data required time
-----------------------------------------------------------------------------
                                  0.45   data required time
                                 -1.30   data arrival time
-----------------------------------------------------------------------------
                                  0.85   slack (MET)


Startpoint: _1298_ (rising edge-triggered flip-flop clocked by core_clock)
Endpoint: _1298_ (rising edge-triggered flip-flop clocked by core_clock)
Path Group: core_clock
Path Type: min
Corner: Typical

Fanout     Cap    Slew   Delay    Time   Description
-----------------------------------------------------------------------------
                          0.00    0.00   clock core_clock (rise edge)
                          0.00    0.00   clock source latency
     1    0.07    0.00    0.00    0.00 ^ clk (in)
                                         clk (net)
                  0.00    0.00    0.00 ^ clkbuf_0_clk/A (sky130_fd_sc_hd__clkbuf_16)
     9    0.22    0.23    0.25    0.25 ^ clkbuf_0_clk/X (sky130_fd_sc_hd__clkbuf_16)
                                         clknet_0_clk (net)
                  0.23    0.01    0.26 ^ clkbuf_3_2__f_clk/A (sky130_fd_sc_hd__clkbuf_16)
    14    0.09    0.11    0.23    0.50 ^ clkbuf_3_2__f_clk/X (sky130_fd_sc_hd__clkbuf_16)
                                         clknet_3_2__leaf_clk (net)
                  0.11    0.01    0.51 ^ _1298_/CLK (sky130_fd_sc_hd__dfxtp_4)
     3    0.15    0.20    0.49    1.00 v _1298_/Q (sky130_fd_sc_hd__dfxtp_4)
                                         display_inst.counter[17] (net)
                  0.20    0.01    1.01 v _0741_/A (sky130_fd_sc_hd__xnor2_2)
     1    0.03    0.15    0.28    1.30 v _0741_/Y (sky130_fd_sc_hd__xnor2_2)
                                         _0047_ (net)
                  0.15    0.00    1.30 v _1298_/D (sky130_fd_sc_hd__dfxtp_4)
                                  1.30   data arrival time

                          0.00    0.00   clock core_clock (rise edge)
                          0.00    0.00   clock source latency
     1    0.07    0.00    0.00    0.00 ^ clk (in)
                                         clk (net)
                  0.00    0.00    0.00 ^ clkbuf_0_clk/A (sky130_fd_sc_hd__clkbuf_16)
     9    0.22    0.23    0.25    0.25 ^ clkbuf_0_clk/X (sky130_fd_sc_hd__clkbuf_16)
                                         clknet_0_clk (net)
                  0.23    0.01    0.26 ^ clkbuf_3_2__f_clk/A (sky130_fd_sc_hd__clkbuf_16)
    14    0.09    0.11    0.23    0.50 ^ clkbuf_3_2__f_clk/X (sky130_fd_sc_hd__clkbuf_16)
                                         clknet_3_2__leaf_clk (net)
                  0.11    0.01    0.51 ^ _1298_/CLK (sky130_fd_sc_hd__dfxtp_4)
                          0.00    0.51   clock reconvergence pessimism
                         -0.07    0.43   library hold time
                                  0.43   data required time
-----------------------------------------------------------------------------
                                  0.43   data required time
                                 -1.30   data arrival time
-----------------------------------------------------------------------------
                                  0.87   slack (MET)


Startpoint: _1337_ (rising edge-triggered flip-flop clocked by core_clock)
Endpoint: _1337_ (rising edge-triggered flip-flop clocked by core_clock)
Path Group: core_clock
Path Type: min
Corner: Typical

Fanout     Cap    Slew   Delay    Time   Description
-----------------------------------------------------------------------------
                          0.00    0.00   clock core_clock (rise edge)
                          0.00    0.00   clock source latency
     1    0.07    0.00    0.00    0.00 ^ clk (in)
                                         clk (net)
                  0.00    0.00    0.00 ^ clkbuf_0_clk/A (sky130_fd_sc_hd__clkbuf_16)
     9    0.22    0.23    0.25    0.25 ^ clkbuf_0_clk/X (sky130_fd_sc_hd__clkbuf_16)
                                         clknet_0_clk (net)
                  0.23    0.01    0.26 ^ clkbuf_3_5__f_clk/A (sky130_fd_sc_hd__clkbuf_16)
    16    0.10    0.12    0.25    0.51 ^ clkbuf_3_5__f_clk/X (sky130_fd_sc_hd__clkbuf_16)
                                         clknet_3_5__leaf_clk (net)
                  0.12    0.00    0.51 ^ _1337_/CLK (sky130_fd_sc_hd__dfxtp_2)
     2    0.05    0.12    0.42    0.93 v _1337_/Q (sky130_fd_sc_hd__dfxtp_2)
                                         regfile_inst.registers[10][6] (net)
                  0.12    0.00    0.94 v _0793_/A (sky130_fd_sc_hd__and2_1)
     1    0.01    0.07    0.20    1.14 v _0793_/X (sky130_fd_sc_hd__and2_1)
                                         _0583_ (net)
                  0.07    0.00    1.14 v _0794_/A (sky130_fd_sc_hd__clkbuf_2)
     1    0.03    0.13    0.20    1.34 v _0794_/X (sky130_fd_sc_hd__clkbuf_2)
                                         _0086_ (net)
                  0.13    0.01    1.34 v _1337_/D (sky130_fd_sc_hd__dfxtp_2)
                                  1.34   data arrival time

                          0.00    0.00   clock core_clock (rise edge)
                          0.00    0.00   clock source latency
     1    0.07    0.00    0.00    0.00 ^ clk (in)
                                         clk (net)
                  0.00    0.00    0.00 ^ clkbuf_0_clk/A (sky130_fd_sc_hd__clkbuf_16)
     9    0.22    0.23    0.25    0.25 ^ clkbuf_0_clk/X (sky130_fd_sc_hd__clkbuf_16)
                                         clknet_0_clk (net)
                  0.23    0.01    0.26 ^ clkbuf_3_5__f_clk/A (sky130_fd_sc_hd__clkbuf_16)
    16    0.10    0.12    0.25    0.51 ^ clkbuf_3_5__f_clk/X (sky130_fd_sc_hd__clkbuf_16)
                                         clknet_3_5__leaf_clk (net)
                  0.12    0.00    0.51 ^ _1337_/CLK (sky130_fd_sc_hd__dfxtp_2)
                          0.00    0.51   clock reconvergence pessimism
                         -0.07    0.45   library hold time
                                  0.45   data required time
-----------------------------------------------------------------------------
                                  0.45   data required time
                                 -1.34   data arrival time
-----------------------------------------------------------------------------
                                  0.90   slack (MET)


Startpoint: _1379_ (rising edge-triggered flip-flop clocked by core_clock)
Endpoint: _1379_ (rising edge-triggered flip-flop clocked by core_clock)
Path Group: core_clock
Path Type: min
Corner: Typical

Fanout     Cap    Slew   Delay    Time   Description
-----------------------------------------------------------------------------
                          0.00    0.00   clock core_clock (rise edge)
                          0.00    0.00   clock source latency
     1    0.07    0.00    0.00    0.00 ^ clk (in)
                                         clk (net)
                  0.00    0.00    0.00 ^ clkbuf_0_clk/A (sky130_fd_sc_hd__clkbuf_16)
     9    0.22    0.23    0.25    0.25 ^ clkbuf_0_clk/X (sky130_fd_sc_hd__clkbuf_16)
                                         clknet_0_clk (net)
                  0.23    0.01    0.26 ^ clkbuf_3_1__f_clk/A (sky130_fd_sc_hd__clkbuf_16)
    13    0.09    0.11    0.24    0.50 ^ clkbuf_3_1__f_clk/X (sky130_fd_sc_hd__clkbuf_16)
                                         clknet_3_1__leaf_clk (net)
                  0.11    0.00    0.51 ^ _1379_/CLK (sky130_fd_sc_hd__dfxtp_4)
     5    0.20    0.24    0.53    1.04 v _1379_/Q (sky130_fd_sc_hd__dfxtp_4)
                                         display_inst.digit_select[0] (net)
                  0.24    0.02    1.06 v _0886_/A (sky130_fd_sc_hd__xnor2_2)
     2    0.03    0.13    0.29    1.35 v _0886_/Y (sky130_fd_sc_hd__xnor2_2)
                                         _0128_ (net)
                  0.13    0.00    1.35 v _1379_/D (sky130_fd_sc_hd__dfxtp_4)
                                  1.35   data arrival time

                          0.00    0.00   clock core_clock (rise edge)
                          0.00    0.00   clock source latency
     1    0.07    0.00    0.00    0.00 ^ clk (in)
                                         clk (net)
                  0.00    0.00    0.00 ^ clkbuf_0_clk/A (sky130_fd_sc_hd__clkbuf_16)
     9    0.22    0.23    0.25    0.25 ^ clkbuf_0_clk/X (sky130_fd_sc_hd__clkbuf_16)
                                         clknet_0_clk (net)
                  0.23    0.01    0.26 ^ clkbuf_3_1__f_clk/A (sky130_fd_sc_hd__clkbuf_16)
    13    0.09    0.11    0.24    0.50 ^ clkbuf_3_1__f_clk/X (sky130_fd_sc_hd__clkbuf_16)
                                         clknet_3_1__leaf_clk (net)
                  0.11    0.00    0.51 ^ _1379_/CLK (sky130_fd_sc_hd__dfxtp_4)
                          0.00    0.51   clock reconvergence pessimism
                         -0.07    0.44   library hold time
                                  0.44   data required time
-----------------------------------------------------------------------------
                                  0.44   data required time
                                 -1.35   data arrival time
-----------------------------------------------------------------------------
                                  0.91   slack (MET)


Startpoint: _1363_ (rising edge-triggered flip-flop clocked by core_clock)
Endpoint: _1363_ (rising edge-triggered flip-flop clocked by core_clock)
Path Group: core_clock
Path Type: min
Corner: Typical

Fanout     Cap    Slew   Delay    Time   Description
-----------------------------------------------------------------------------
                          0.00    0.00   clock core_clock (rise edge)
                          0.00    0.00   clock source latency
     1    0.07    0.00    0.00    0.00 ^ clk (in)
                                         clk (net)
                  0.00    0.00    0.00 ^ clkbuf_0_clk/A (sky130_fd_sc_hd__clkbuf_16)
     9    0.22    0.23    0.25    0.25 ^ clkbuf_0_clk/X (sky130_fd_sc_hd__clkbuf_16)
                                         clknet_0_clk (net)
                  0.23    0.01    0.26 ^ clkbuf_3_2__f_clk/A (sky130_fd_sc_hd__clkbuf_16)
    14    0.09    0.11    0.23    0.50 ^ clkbuf_3_2__f_clk/X (sky130_fd_sc_hd__clkbuf_16)
                                         clknet_3_2__leaf_clk (net)
                  0.11    0.01    0.51 ^ _1363_/CLK (sky130_fd_sc_hd__dfxtp_4)
     1    0.08    0.24    0.50    1.00 ^ _1363_/Q (sky130_fd_sc_hd__dfxtp_4)
                                         regfile_inst.registers[15][0] (net)
                  0.25    0.03    1.03 ^ _1015_/A (sky130_fd_sc_hd__inv_4)
     3    0.12    0.17    0.18    1.21 v _1015_/Y (sky130_fd_sc_hd__inv_4)
                                         _0226_ (net)
                  0.17    0.02    1.23 v _0855_/A (sky130_fd_sc_hd__nand2_1)
     1    0.01    0.10    0.14    1.38 ^ _0855_/Y (sky130_fd_sc_hd__nand2_1)
                                         _0112_ (net)
                  0.10    0.00    1.38 ^ _1363_/D (sky130_fd_sc_hd__dfxtp_4)
                                  1.38   data arrival time

                          0.00    0.00   clock core_clock (rise edge)
                          0.00    0.00   clock source latency
     1    0.07    0.00    0.00    0.00 ^ clk (in)
                                         clk (net)
                  0.00    0.00    0.00 ^ clkbuf_0_clk/A (sky130_fd_sc_hd__clkbuf_16)
     9    0.22    0.23    0.25    0.25 ^ clkbuf_0_clk/X (sky130_fd_sc_hd__clkbuf_16)
                                         clknet_0_clk (net)
                  0.23    0.01    0.26 ^ clkbuf_3_2__f_clk/A (sky130_fd_sc_hd__clkbuf_16)
    14    0.09    0.11    0.23    0.50 ^ clkbuf_3_2__f_clk/X (sky130_fd_sc_hd__clkbuf_16)
                                         clknet_3_2__leaf_clk (net)
                  0.11    0.01    0.51 ^ _1363_/CLK (sky130_fd_sc_hd__dfxtp_4)
                          0.00    0.51   clock reconvergence pessimism
                         -0.03    0.47   library hold time
                                  0.47   data required time
-----------------------------------------------------------------------------
                                  0.47   data required time
                                 -1.38   data arrival time
-----------------------------------------------------------------------------
                                  0.91   slack (MET)


Startpoint: _1293_ (rising edge-triggered flip-flop clocked by core_clock)
Endpoint: _1293_ (rising edge-triggered flip-flop clocked by core_clock)
Path Group: core_clock
Path Type: min
Corner: Typical

Fanout     Cap    Slew   Delay    Time   Description
-----------------------------------------------------------------------------
                          0.00    0.00   clock core_clock (rise edge)
                          0.00    0.00   clock source latency
     1    0.07    0.00    0.00    0.00 ^ clk (in)
                                         clk (net)
                  0.00    0.00    0.00 ^ clkbuf_0_clk/A (sky130_fd_sc_hd__clkbuf_16)
     9    0.22    0.23    0.25    0.25 ^ clkbuf_0_clk/X (sky130_fd_sc_hd__clkbuf_16)
                                         clknet_0_clk (net)
                  0.23    0.01    0.26 ^ clkbuf_3_5__f_clk/A (sky130_fd_sc_hd__clkbuf_16)
    16    0.10    0.12    0.25    0.51 ^ clkbuf_3_5__f_clk/X (sky130_fd_sc_hd__clkbuf_16)
                                         clknet_3_5__leaf_clk (net)
                  0.12    0.01    0.52 ^ _1293_/CLK (sky130_fd_sc_hd__dfxtp_4)
     6    0.17    0.22    0.51    1.03 v _1293_/Q (sky130_fd_sc_hd__dfxtp_4)
                                         display_inst.counter[12] (net)
                  0.22    0.03    1.06 v _0727_/A (sky130_fd_sc_hd__xor2_4)
     1    0.06    0.10    0.30    1.36 v _0727_/X (sky130_fd_sc_hd__xor2_4)
                                         _0042_ (net)
                  0.11    0.01    1.37 v _1293_/D (sky130_fd_sc_hd__dfxtp_4)
                                  1.37   data arrival time

                          0.00    0.00   clock core_clock (rise edge)
                          0.00    0.00   clock source latency
     1    0.07    0.00    0.00    0.00 ^ clk (in)
                                         clk (net)
                  0.00    0.00    0.00 ^ clkbuf_0_clk/A (sky130_fd_sc_hd__clkbuf_16)
     9    0.22    0.23    0.25    0.25 ^ clkbuf_0_clk/X (sky130_fd_sc_hd__clkbuf_16)
                                         clknet_0_clk (net)
                  0.23    0.01    0.26 ^ clkbuf_3_5__f_clk/A (sky130_fd_sc_hd__clkbuf_16)
    16    0.10    0.12    0.25    0.51 ^ clkbuf_3_5__f_clk/X (sky130_fd_sc_hd__clkbuf_16)
                                         clknet_3_5__leaf_clk (net)
                  0.12    0.01    0.52 ^ _1293_/CLK (sky130_fd_sc_hd__dfxtp_4)
                          0.00    0.52   clock reconvergence pessimism
                         -0.05    0.46   library hold time
                                  0.46   data required time
-----------------------------------------------------------------------------
                                  0.46   data required time
                                 -1.37   data arrival time
-----------------------------------------------------------------------------
                                  0.91   slack (MET)


Startpoint: _1299_ (rising edge-triggered flip-flop clocked by core_clock)
Endpoint: _1299_ (rising edge-triggered flip-flop clocked by core_clock)
Path Group: core_clock
Path Type: min
Corner: Typical

Fanout     Cap    Slew   Delay    Time   Description
-----------------------------------------------------------------------------
                          0.00    0.00   clock core_clock (rise edge)
                          0.00    0.00   clock source latency
     1    0.07    0.00    0.00    0.00 ^ clk (in)
                                         clk (net)
                  0.00    0.00    0.00 ^ clkbuf_0_clk/A (sky130_fd_sc_hd__clkbuf_16)
     9    0.22    0.23    0.25    0.25 ^ clkbuf_0_clk/X (sky130_fd_sc_hd__clkbuf_16)
                                         clknet_0_clk (net)
                  0.23    0.01    0.26 ^ clkbuf_3_6__f_clk/A (sky130_fd_sc_hd__clkbuf_16)
    15    0.10    0.12    0.25    0.51 ^ clkbuf_3_6__f_clk/X (sky130_fd_sc_hd__clkbuf_16)
                                         clknet_3_6__leaf_clk (net)
                  0.12    0.01    0.52 ^ _1299_/CLK (sky130_fd_sc_hd__dfxtp_4)
     5    0.13    0.18    0.48    1.00 v _1299_/Q (sky130_fd_sc_hd__dfxtp_4)
                                         display_inst.counter[18] (net)
                  0.19    0.03    1.03 v _0743_/A (sky130_fd_sc_hd__xor2_4)
     8    0.09    0.13    0.31    1.35 v _0743_/X (sky130_fd_sc_hd__xor2_4)
                                         _0048_ (net)
                  0.14    0.02    1.37 v _1299_/D (sky130_fd_sc_hd__dfxtp_4)
                                  1.37   data arrival time

                          0.00    0.00   clock core_clock (rise edge)
                          0.00    0.00   clock source latency
     1    0.07    0.00    0.00    0.00 ^ clk (in)
                                         clk (net)
                  0.00    0.00    0.00 ^ clkbuf_0_clk/A (sky130_fd_sc_hd__clkbuf_16)
     9    0.22    0.23    0.25    0.25 ^ clkbuf_0_clk/X (sky130_fd_sc_hd__clkbuf_16)
                                         clknet_0_clk (net)
                  0.23    0.01    0.26 ^ clkbuf_3_6__f_clk/A (sky130_fd_sc_hd__clkbuf_16)
    15    0.10    0.12    0.25    0.51 ^ clkbuf_3_6__f_clk/X (sky130_fd_sc_hd__clkbuf_16)
                                         clknet_3_6__leaf_clk (net)
                  0.12    0.01    0.52 ^ _1299_/CLK (sky130_fd_sc_hd__dfxtp_4)
                          0.00    0.52   clock reconvergence pessimism
                         -0.07    0.45   library hold time
                                  0.45   data required time
-----------------------------------------------------------------------------
                                  0.45   data required time
                                 -1.37   data arrival time
-----------------------------------------------------------------------------
                                  0.92   slack (MET)


Startpoint: _1297_ (rising edge-triggered flip-flop clocked by core_clock)
Endpoint: _1297_ (rising edge-triggered flip-flop clocked by core_clock)
Path Group: core_clock
Path Type: min
Corner: Typical

Fanout     Cap    Slew   Delay    Time   Description
-----------------------------------------------------------------------------
                          0.00    0.00   clock core_clock (rise edge)
                          0.00    0.00   clock source latency
     1    0.07    0.00    0.00    0.00 ^ clk (in)
                                         clk (net)
                  0.00    0.00    0.00 ^ clkbuf_0_clk/A (sky130_fd_sc_hd__clkbuf_16)
     9    0.22    0.23    0.25    0.25 ^ clkbuf_0_clk/X (sky130_fd_sc_hd__clkbuf_16)
                                         clknet_0_clk (net)
                  0.23    0.01    0.26 ^ clkbuf_3_5__f_clk/A (sky130_fd_sc_hd__clkbuf_16)
    16    0.10    0.12    0.25    0.51 ^ clkbuf_3_5__f_clk/X (sky130_fd_sc_hd__clkbuf_16)
                                         clknet_3_5__leaf_clk (net)
                  0.12    0.01    0.52 ^ _1297_/CLK (sky130_fd_sc_hd__dfxtp_4)
     5    0.10    0.14    0.46    0.97 v _1297_/Q (sky130_fd_sc_hd__dfxtp_4)
                                         display_inst.counter[16] (net)
                  0.14    0.01    0.99 v _0740_/A1 (sky130_fd_sc_hd__o211a_1)
     2    0.04    0.18    0.39    1.38 v _0740_/X (sky130_fd_sc_hd__o211a_1)
                                         _0046_ (net)
                  0.18    0.00    1.38 v _1297_/D (sky130_fd_sc_hd__dfxtp_4)
                                  1.38   data arrival time

                          0.00    0.00   clock core_clock (rise edge)
                          0.00    0.00   clock source latency
     1    0.07    0.00    0.00    0.00 ^ clk (in)
                                         clk (net)
                  0.00    0.00    0.00 ^ clkbuf_0_clk/A (sky130_fd_sc_hd__clkbuf_16)
     9    0.22    0.23    0.25    0.25 ^ clkbuf_0_clk/X (sky130_fd_sc_hd__clkbuf_16)
                                         clknet_0_clk (net)
                  0.23    0.01    0.26 ^ clkbuf_3_5__f_clk/A (sky130_fd_sc_hd__clkbuf_16)
    16    0.10    0.12    0.25    0.51 ^ clkbuf_3_5__f_clk/X (sky130_fd_sc_hd__clkbuf_16)
                                         clknet_3_5__leaf_clk (net)
                  0.12    0.01    0.52 ^ _1297_/CLK (sky130_fd_sc_hd__dfxtp_4)
                          0.00    0.52   clock reconvergence pessimism
                         -0.08    0.43   library hold time
                                  0.43   data required time
-----------------------------------------------------------------------------
                                  0.43   data required time
                                 -1.38   data arrival time
-----------------------------------------------------------------------------
                                  0.95   slack (MET)


Startpoint: _1331_ (rising edge-triggered flip-flop clocked by core_clock)
Endpoint: _1331_ (rising edge-triggered flip-flop clocked by core_clock)
Path Group: core_clock
Path Type: min
Corner: Typical

Fanout     Cap    Slew   Delay    Time   Description
-----------------------------------------------------------------------------
                          0.00    0.00   clock core_clock (rise edge)
                          0.00    0.00   clock source latency
     1    0.07    0.00    0.00    0.00 ^ clk (in)
                                         clk (net)
                  0.00    0.00    0.00 ^ clkbuf_0_clk/A (sky130_fd_sc_hd__clkbuf_16)
     9    0.22    0.23    0.25    0.25 ^ clkbuf_0_clk/X (sky130_fd_sc_hd__clkbuf_16)
                                         clknet_0_clk (net)
                  0.23    0.01    0.26 ^ clkbuf_3_7__f_clk/A (sky130_fd_sc_hd__clkbuf_16)
    12    0.09    0.11    0.24    0.50 ^ clkbuf_3_7__f_clk/X (sky130_fd_sc_hd__clkbuf_16)
                                         clknet_3_7__leaf_clk (net)
                  0.11    0.00    0.51 ^ _1331_/CLK (sky130_fd_sc_hd__dfxtp_4)
     2    0.10    0.14    0.45    0.95 v _1331_/Q (sky130_fd_sc_hd__dfxtp_4)
                                         regfile_inst.registers[10][0] (net)
                  0.14    0.00    0.96 v _0781_/A (sky130_fd_sc_hd__and2_1)
     1    0.02    0.11    0.24    1.20 v _0781_/X (sky130_fd_sc_hd__and2_1)
                                         _0577_ (net)
                  0.11    0.00    1.20 v _0782_/A (sky130_fd_sc_hd__buf_1)
     1    0.02    0.12    0.19    1.40 v _0782_/X (sky130_fd_sc_hd__buf_1)
                                         _0080_ (net)
                  0.12    0.00    1.40 v _1331_/D (sky130_fd_sc_hd__dfxtp_4)
                                  1.40   data arrival time

                          0.00    0.00   clock core_clock (rise edge)
                          0.00    0.00   clock source latency
     1    0.07    0.00    0.00    0.00 ^ clk (in)
                                         clk (net)
                  0.00    0.00    0.00 ^ clkbuf_0_clk/A (sky130_fd_sc_hd__clkbuf_16)
     9    0.22    0.23    0.25    0.25 ^ clkbuf_0_clk/X (sky130_fd_sc_hd__clkbuf_16)
                                         clknet_0_clk (net)
                  0.23    0.01    0.26 ^ clkbuf_3_7__f_clk/A (sky130_fd_sc_hd__clkbuf_16)
    12    0.09    0.11    0.24    0.50 ^ clkbuf_3_7__f_clk/X (sky130_fd_sc_hd__clkbuf_16)
                                         clknet_3_7__leaf_clk (net)
                  0.11    0.00    0.51 ^ _1331_/CLK (sky130_fd_sc_hd__dfxtp_4)
                          0.00    0.51   clock reconvergence pessimism
                         -0.06    0.44   library hold time
                                  0.44   data required time
-----------------------------------------------------------------------------
                                  0.44   data required time
                                 -1.40   data arrival time
-----------------------------------------------------------------------------
                                  0.96   slack (MET)


Startpoint: _1340_ (rising edge-triggered flip-flop clocked by core_clock)
Endpoint: _1340_ (rising edge-triggered flip-flop clocked by core_clock)
Path Group: core_clock
Path Type: min
Corner: Typical

Fanout     Cap    Slew   Delay    Time   Description
-----------------------------------------------------------------------------
                          0.00    0.00   clock core_clock (rise edge)
                          0.00    0.00   clock source latency
     1    0.07    0.00    0.00    0.00 ^ clk (in)
                                         clk (net)
                  0.00    0.00    0.00 ^ clkbuf_0_clk/A (sky130_fd_sc_hd__clkbuf_16)
     9    0.22    0.23    0.25    0.25 ^ clkbuf_0_clk/X (sky130_fd_sc_hd__clkbuf_16)
                                         clknet_0_clk (net)
                  0.23    0.01    0.26 ^ clkbuf_3_3__f_clk/A (sky130_fd_sc_hd__clkbuf_16)
    10    0.10    0.12    0.25    0.51 ^ clkbuf_3_3__f_clk/X (sky130_fd_sc_hd__clkbuf_16)
                                         clknet_3_3__leaf_clk (net)
                  0.12    0.01    0.52 ^ _1340_/CLK (sky130_fd_sc_hd__dfxtp_4)
     2    0.08    0.11    0.44    0.96 v _1340_/Q (sky130_fd_sc_hd__dfxtp_4)
                                         regfile_inst.registers[10][9] (net)
                  0.12    0.02    0.98 v _0799_/A (sky130_fd_sc_hd__and2_4)
     6    0.09    0.12    0.25    1.22 v _0799_/X (sky130_fd_sc_hd__and2_4)
                                         _0586_ (net)
                  0.13    0.03    1.25 v _0800_/A (sky130_fd_sc_hd__buf_1)
     1    0.02    0.09    0.18    1.43 v _0800_/X (sky130_fd_sc_hd__buf_1)
                                         _0089_ (net)
                  0.09    0.00    1.43 v _1340_/D (sky130_fd_sc_hd__dfxtp_4)
                                  1.43   data arrival time

                          0.00    0.00   clock core_clock (rise edge)
                          0.00    0.00   clock source latency
     1    0.07    0.00    0.00    0.00 ^ clk (in)
                                         clk (net)
                  0.00    0.00    0.00 ^ clkbuf_0_clk/A (sky130_fd_sc_hd__clkbuf_16)
     9    0.22    0.23    0.25    0.25 ^ clkbuf_0_clk/X (sky130_fd_sc_hd__clkbuf_16)
                                         clknet_0_clk (net)
                  0.23    0.01    0.26 ^ clkbuf_3_3__f_clk/A (sky130_fd_sc_hd__clkbuf_16)
    10    0.10    0.12    0.25    0.51 ^ clkbuf_3_3__f_clk/X (sky130_fd_sc_hd__clkbuf_16)
                                         clknet_3_3__leaf_clk (net)
                  0.12    0.01    0.52 ^ _1340_/CLK (sky130_fd_sc_hd__dfxtp_4)
                          0.00    0.52   clock reconvergence pessimism
                         -0.05    0.47   library hold time
                                  0.47   data required time
-----------------------------------------------------------------------------
                                  0.47   data required time
                                 -1.43   data arrival time
-----------------------------------------------------------------------------
                                  0.96   slack (MET)


Startpoint: _1310_ (rising edge-triggered flip-flop clocked by core_clock)
Endpoint: _1310_ (rising edge-triggered flip-flop clocked by core_clock)
Path Group: core_clock
Path Type: min
Corner: Typical

Fanout     Cap    Slew   Delay    Time   Description
-----------------------------------------------------------------------------
                          0.00    0.00   clock core_clock (rise edge)
                          0.00    0.00   clock source latency
     1    0.07    0.00    0.00    0.00 ^ clk (in)
                                         clk (net)
                  0.00    0.00    0.00 ^ clkbuf_0_clk/A (sky130_fd_sc_hd__clkbuf_16)
     9    0.22    0.23    0.25    0.25 ^ clkbuf_0_clk/X (sky130_fd_sc_hd__clkbuf_16)
                                         clknet_0_clk (net)
                  0.23    0.01    0.26 ^ clkbuf_3_4__f_clk/A (sky130_fd_sc_hd__clkbuf_16)
    12    0.09    0.11    0.24    0.50 ^ clkbuf_3_4__f_clk/X (sky130_fd_sc_hd__clkbuf_16)
                                         clknet_3_4__leaf_clk (net)
                  0.11    0.00    0.50 ^ _1310_/CLK (sky130_fd_sc_hd__dfrtp_4)
     4    0.12    0.34    0.65    1.16 ^ _1310_/Q (sky130_fd_sc_hd__dfrtp_4)
                                         imem_inst.address[11] (net)
                  0.35    0.02    1.18 ^ _0943_/A (sky130_fd_sc_hd__xor2_4)
     1    0.06    0.10    0.22    1.40 v _0943_/X (sky130_fd_sc_hd__xor2_4)
                                         _0059_ (net)
                  0.10    0.01    1.41 v _1310_/D (sky130_fd_sc_hd__dfrtp_4)
                                  1.41   data arrival time

                          0.00    0.00   clock core_clock (rise edge)
                          0.00    0.00   clock source latency
     1    0.07    0.00    0.00    0.00 ^ clk (in)
                                         clk (net)
                  0.00    0.00    0.00 ^ clkbuf_0_clk/A (sky130_fd_sc_hd__clkbuf_16)
     9    0.22    0.23    0.25    0.25 ^ clkbuf_0_clk/X (sky130_fd_sc_hd__clkbuf_16)
                                         clknet_0_clk (net)
                  0.23    0.01    0.26 ^ clkbuf_3_4__f_clk/A (sky130_fd_sc_hd__clkbuf_16)
    12    0.09    0.11    0.24    0.50 ^ clkbuf_3_4__f_clk/X (sky130_fd_sc_hd__clkbuf_16)
                                         clknet_3_4__leaf_clk (net)
                  0.11    0.00    0.50 ^ _1310_/CLK (sky130_fd_sc_hd__dfrtp_4)
                          0.00    0.50   clock reconvergence pessimism
                         -0.05    0.45   library hold time
                                  0.45   data required time
-----------------------------------------------------------------------------
                                  0.45   data required time
                                 -1.41   data arrival time
-----------------------------------------------------------------------------
                                  0.96   slack (MET)


Startpoint: _1319_ (rising edge-triggered flip-flop clocked by core_clock)
Endpoint: _1319_ (rising edge-triggered flip-flop clocked by core_clock)
Path Group: core_clock
Path Type: min
Corner: Typical

Fanout     Cap    Slew   Delay    Time   Description
-----------------------------------------------------------------------------
                          0.00    0.00   clock core_clock (rise edge)
                          0.00    0.00   clock source latency
     1    0.07    0.00    0.00    0.00 ^ clk (in)
                                         clk (net)
                  0.00    0.00    0.00 ^ clkbuf_0_clk/A (sky130_fd_sc_hd__clkbuf_16)
     9    0.22    0.23    0.25    0.25 ^ clkbuf_0_clk/X (sky130_fd_sc_hd__clkbuf_16)
                                         clknet_0_clk (net)
                  0.23    0.01    0.26 ^ clkbuf_3_4__f_clk/A (sky130_fd_sc_hd__clkbuf_16)
    12    0.09    0.11    0.24    0.50 ^ clkbuf_3_4__f_clk/X (sky130_fd_sc_hd__clkbuf_16)
                                         clknet_3_4__leaf_clk (net)
                  0.11    0.00    0.51 ^ _1319_/CLK (sky130_fd_sc_hd__dfrtp_4)
     6    0.16    0.44    0.72    1.23 ^ _1319_/Q (sky130_fd_sc_hd__dfrtp_4)
                                         imem_inst.address[20] (net)
                  0.44    0.01    1.24 ^ _0928_/A (sky130_fd_sc_hd__xor2_2)
     1    0.02    0.08    0.21    1.45 v _0928_/X (sky130_fd_sc_hd__xor2_2)
                                         _0068_ (net)
                  0.08    0.00    1.45 v _1319_/D (sky130_fd_sc_hd__dfrtp_4)
                                  1.45   data arrival time

                          0.00    0.00   clock core_clock (rise edge)
                          0.00    0.00   clock source latency
     1    0.07    0.00    0.00    0.00 ^ clk (in)
                                         clk (net)
                  0.00    0.00    0.00 ^ clkbuf_0_clk/A (sky130_fd_sc_hd__clkbuf_16)
     9    0.22    0.23    0.25    0.25 ^ clkbuf_0_clk/X (sky130_fd_sc_hd__clkbuf_16)
                                         clknet_0_clk (net)
                  0.23    0.01    0.26 ^ clkbuf_3_4__f_clk/A (sky130_fd_sc_hd__clkbuf_16)
    12    0.09    0.11    0.24    0.50 ^ clkbuf_3_4__f_clk/X (sky130_fd_sc_hd__clkbuf_16)
                                         clknet_3_4__leaf_clk (net)
                  0.11    0.00    0.51 ^ _1319_/CLK (sky130_fd_sc_hd__dfrtp_4)
                          0.00    0.51   clock reconvergence pessimism
                         -0.04    0.47   library hold time
                                  0.47   data required time
-----------------------------------------------------------------------------
                                  0.47   data required time
                                 -1.45   data arrival time
-----------------------------------------------------------------------------
                                  0.98   slack (MET)


Startpoint: _1330_ (rising edge-triggered flip-flop clocked by core_clock)
Endpoint: _1330_ (rising edge-triggered flip-flop clocked by core_clock)
Path Group: core_clock
Path Type: min
Corner: Typical

Fanout     Cap    Slew   Delay    Time   Description
-----------------------------------------------------------------------------
                          0.00    0.00   clock core_clock (rise edge)
                          0.00    0.00   clock source latency
     1    0.07    0.00    0.00    0.00 ^ clk (in)
                                         clk (net)
                  0.00    0.00    0.00 ^ clkbuf_0_clk/A (sky130_fd_sc_hd__clkbuf_16)
     9    0.22    0.23    0.25    0.25 ^ clkbuf_0_clk/X (sky130_fd_sc_hd__clkbuf_16)
                                         clknet_0_clk (net)
                  0.23    0.01    0.26 ^ clkbuf_3_3__f_clk/A (sky130_fd_sc_hd__clkbuf_16)
    10    0.10    0.12    0.25    0.51 ^ clkbuf_3_3__f_clk/X (sky130_fd_sc_hd__clkbuf_16)
                                         clknet_3_3__leaf_clk (net)
                  0.12    0.00    0.51 ^ _1330_/CLK (sky130_fd_sc_hd__dfrtp_4)
     3    0.12    0.34    0.65    1.17 ^ _1330_/Q (sky130_fd_sc_hd__dfrtp_4)
                                         imem_inst.address[31] (net)
                  0.34    0.02    1.19 ^ _0910_/A (sky130_fd_sc_hd__xor2_4)
     2    0.07    0.12    0.25    1.44 v _0910_/X (sky130_fd_sc_hd__xor2_4)
                                         _0079_ (net)
                  0.12    0.02    1.45 v _1330_/D (sky130_fd_sc_hd__dfrtp_4)
                                  1.45   data arrival time

                          0.00    0.00   clock core_clock (rise edge)
                          0.00    0.00   clock source latency
     1    0.07    0.00    0.00    0.00 ^ clk (in)
                                         clk (net)
                  0.00    0.00    0.00 ^ clkbuf_0_clk/A (sky130_fd_sc_hd__clkbuf_16)
     9    0.22    0.23    0.25    0.25 ^ clkbuf_0_clk/X (sky130_fd_sc_hd__clkbuf_16)
                                         clknet_0_clk (net)
                  0.23    0.01    0.26 ^ clkbuf_3_3__f_clk/A (sky130_fd_sc_hd__clkbuf_16)
    10    0.10    0.12    0.25    0.51 ^ clkbuf_3_3__f_clk/X (sky130_fd_sc_hd__clkbuf_16)
                                         clknet_3_3__leaf_clk (net)
                  0.12    0.00    0.51 ^ _1330_/CLK (sky130_fd_sc_hd__dfrtp_4)
                          0.00    0.51   clock reconvergence pessimism
                         -0.06    0.46   library hold time
                                  0.46   data required time
-----------------------------------------------------------------------------
                                  0.46   data required time
                                 -1.45   data arrival time
-----------------------------------------------------------------------------
                                  0.99   slack (MET)


Startpoint: _1288_ (rising edge-triggered flip-flop clocked by core_clock)
Endpoint: _1288_ (rising edge-triggered flip-flop clocked by core_clock)
Path Group: core_clock
Path Type: min
Corner: Typical

Fanout     Cap    Slew   Delay    Time   Description
-----------------------------------------------------------------------------
                          0.00    0.00   clock core_clock (rise edge)
                          0.00    0.00   clock source latency
     1    0.07    0.00    0.00    0.00 ^ clk (in)
                                         clk (net)
                  0.00    0.00    0.00 ^ clkbuf_0_clk/A (sky130_fd_sc_hd__clkbuf_16)
     9    0.22    0.23    0.25    0.25 ^ clkbuf_0_clk/X (sky130_fd_sc_hd__clkbuf_16)
                                         clknet_0_clk (net)
                  0.23    0.01    0.26 ^ clkbuf_3_6__f_clk/A (sky130_fd_sc_hd__clkbuf_16)
    15    0.10    0.12    0.25    0.51 ^ clkbuf_3_6__f_clk/X (sky130_fd_sc_hd__clkbuf_16)
                                         clknet_3_6__leaf_clk (net)
                  0.12    0.01    0.52 ^ _1288_/CLK (sky130_fd_sc_hd__dfxtp_4)
     6    0.18    0.50    0.69    1.20 ^ _1288_/Q (sky130_fd_sc_hd__dfxtp_4)
                                         display_inst.counter[7] (net)
                  0.51    0.02    1.22 ^ _0714_/A1 (sky130_fd_sc_hd__a21oi_4)
     2    0.06    0.15    0.23    1.46 v _0714_/Y (sky130_fd_sc_hd__a21oi_4)
                                         _0037_ (net)
                  0.15    0.01    1.47 v _1288_/D (sky130_fd_sc_hd__dfxtp_4)
                                  1.47   data arrival time

                          0.00    0.00   clock core_clock (rise edge)
                          0.00    0.00   clock source latency
     1    0.07    0.00    0.00    0.00 ^ clk (in)
                                         clk (net)
                  0.00    0.00    0.00 ^ clkbuf_0_clk/A (sky130_fd_sc_hd__clkbuf_16)
     9    0.22    0.23    0.25    0.25 ^ clkbuf_0_clk/X (sky130_fd_sc_hd__clkbuf_16)
                                         clknet_0_clk (net)
                  0.23    0.01    0.26 ^ clkbuf_3_6__f_clk/A (sky130_fd_sc_hd__clkbuf_16)
    15    0.10    0.12    0.25    0.51 ^ clkbuf_3_6__f_clk/X (sky130_fd_sc_hd__clkbuf_16)
                                         clknet_3_6__leaf_clk (net)
                  0.12    0.01    0.52 ^ _1288_/CLK (sky130_fd_sc_hd__dfxtp_4)
                          0.00    0.52   clock reconvergence pessimism
                         -0.07    0.44   library hold time
                                  0.44   data required time
-----------------------------------------------------------------------------
                                  0.44   data required time
                                 -1.47   data arrival time
-----------------------------------------------------------------------------
                                  1.02   slack (MET)


Startpoint: _1339_ (rising edge-triggered flip-flop clocked by core_clock)
Endpoint: _1339_ (rising edge-triggered flip-flop clocked by core_clock)
Path Group: core_clock
Path Type: min
Corner: Typical

Fanout     Cap    Slew   Delay    Time   Description
-----------------------------------------------------------------------------
                          0.00    0.00   clock core_clock (rise edge)
                          0.00    0.00   clock source latency
     1    0.07    0.00    0.00    0.00 ^ clk (in)
                                         clk (net)
                  0.00    0.00    0.00 ^ clkbuf_0_clk/A (sky130_fd_sc_hd__clkbuf_16)
     9    0.22    0.23    0.25    0.25 ^ clkbuf_0_clk/X (sky130_fd_sc_hd__clkbuf_16)
                                         clknet_0_clk (net)
                  0.23    0.01    0.26 ^ clkbuf_3_4__f_clk/A (sky130_fd_sc_hd__clkbuf_16)
    12    0.09    0.11    0.24    0.50 ^ clkbuf_3_4__f_clk/X (sky130_fd_sc_hd__clkbuf_16)
                                         clknet_3_4__leaf_clk (net)
                  0.11    0.01    0.51 ^ _1339_/CLK (sky130_fd_sc_hd__dfxtp_4)
     3    0.07    0.11    0.43    0.94 v _1339_/Q (sky130_fd_sc_hd__dfxtp_4)
                                         regfile_inst.registers[10][8] (net)
                  0.11    0.02    0.96 v _0797_/A (sky130_fd_sc_hd__and2_4)
     2    0.08    0.11    0.23    1.19 v _0797_/X (sky130_fd_sc_hd__and2_4)
                                         _0585_ (net)
                  0.12    0.02    1.21 v _0798_/A (sky130_fd_sc_hd__clkbuf_2)
     1    0.04    0.16    0.23    1.45 v _0798_/X (sky130_fd_sc_hd__clkbuf_2)
                                         _0088_ (net)
                  0.16    0.01    1.46 v _1339_/D (sky130_fd_sc_hd__dfxtp_4)
                                  1.46   data arrival time

                          0.00    0.00   clock core_clock (rise edge)
                          0.00    0.00   clock source latency
     1    0.07    0.00    0.00    0.00 ^ clk (in)
                                         clk (net)
                  0.00    0.00    0.00 ^ clkbuf_0_clk/A (sky130_fd_sc_hd__clkbuf_16)
     9    0.22    0.23    0.25    0.25 ^ clkbuf_0_clk/X (sky130_fd_sc_hd__clkbuf_16)
                                         clknet_0_clk (net)
                  0.23    0.01    0.26 ^ clkbuf_3_4__f_clk/A (sky130_fd_sc_hd__clkbuf_16)
    12    0.09    0.11    0.24    0.50 ^ clkbuf_3_4__f_clk/X (sky130_fd_sc_hd__clkbuf_16)
                                         clknet_3_4__leaf_clk (net)
                  0.11    0.01    0.51 ^ _1339_/CLK (sky130_fd_sc_hd__dfxtp_4)
                          0.00    0.51   clock reconvergence pessimism
                         -0.08    0.43   library hold time
                                  0.43   data required time
-----------------------------------------------------------------------------
                                  0.43   data required time
                                 -1.46   data arrival time
-----------------------------------------------------------------------------
                                  1.03   slack (MET)


Startpoint: _1328_ (rising edge-triggered flip-flop clocked by core_clock)
Endpoint: _1328_ (rising edge-triggered flip-flop clocked by core_clock)
Path Group: core_clock
Path Type: min
Corner: Typical

Fanout     Cap    Slew   Delay    Time   Description
-----------------------------------------------------------------------------
                          0.00    0.00   clock core_clock (rise edge)
                          0.00    0.00   clock source latency
     1    0.07    0.00    0.00    0.00 ^ clk (in)
                                         clk (net)
                  0.00    0.00    0.00 ^ clkbuf_0_clk/A (sky130_fd_sc_hd__clkbuf_16)
     9    0.22    0.23    0.25    0.25 ^ clkbuf_0_clk/X (sky130_fd_sc_hd__clkbuf_16)
                                         clknet_0_clk (net)
                  0.23    0.01    0.26 ^ clkbuf_3_0__f_clk/A (sky130_fd_sc_hd__clkbuf_16)
    16    0.11    0.12    0.25    0.52 ^ clkbuf_3_0__f_clk/X (sky130_fd_sc_hd__clkbuf_16)
                                         clknet_3_0__leaf_clk (net)
                  0.12    0.00    0.52 ^ _1328_/CLK (sky130_fd_sc_hd__dfrtp_4)
     7    0.15    0.42    0.71    1.23 ^ _1328_/Q (sky130_fd_sc_hd__dfrtp_4)
                                         imem_inst.address[29] (net)
                  0.42    0.02    1.24 ^ _0913_/A (sky130_fd_sc_hd__xor2_2)
     2    0.04    0.11    0.26    1.50 v _0913_/X (sky130_fd_sc_hd__xor2_2)
                                         _0077_ (net)
                  0.11    0.01    1.51 v _1328_/D (sky130_fd_sc_hd__dfrtp_4)
                                  1.51   data arrival time

                          0.00    0.00   clock core_clock (rise edge)
                          0.00    0.00   clock source latency
     1    0.07    0.00    0.00    0.00 ^ clk (in)
                                         clk (net)
                  0.00    0.00    0.00 ^ clkbuf_0_clk/A (sky130_fd_sc_hd__clkbuf_16)
     9    0.22    0.23    0.25    0.25 ^ clkbuf_0_clk/X (sky130_fd_sc_hd__clkbuf_16)
                                         clknet_0_clk (net)
                  0.23    0.01    0.26 ^ clkbuf_3_0__f_clk/A (sky130_fd_sc_hd__clkbuf_16)
    16    0.11    0.12    0.25    0.52 ^ clkbuf_3_0__f_clk/X (sky130_fd_sc_hd__clkbuf_16)
                                         clknet_3_0__leaf_clk (net)
                  0.12    0.00    0.52 ^ _1328_/CLK (sky130_fd_sc_hd__dfrtp_4)
                          0.00    0.52   clock reconvergence pessimism
                         -0.05    0.47   library hold time
                                  0.47   data required time
-----------------------------------------------------------------------------
                                  0.47   data required time
                                 -1.51   data arrival time
-----------------------------------------------------------------------------
                                  1.04   slack (MET)


Startpoint: _1377_ (rising edge-triggered flip-flop clocked by core_clock)
Endpoint: _1377_ (rising edge-triggered flip-flop clocked by core_clock)
Path Group: core_clock
Path Type: min
Corner: Typical

Fanout     Cap    Slew   Delay    Time   Description
-----------------------------------------------------------------------------
                          0.00    0.00   clock core_clock (rise edge)
                          0.00    0.00   clock source latency
     1    0.07    0.00    0.00    0.00 ^ clk (in)
                                         clk (net)
                  0.00    0.00    0.00 ^ clkbuf_0_clk/A (sky130_fd_sc_hd__clkbuf_16)
     9    0.22    0.23    0.25    0.25 ^ clkbuf_0_clk/X (sky130_fd_sc_hd__clkbuf_16)
                                         clknet_0_clk (net)
                  0.23    0.01    0.26 ^ clkbuf_3_0__f_clk/A (sky130_fd_sc_hd__clkbuf_16)
    16    0.11    0.12    0.25    0.52 ^ clkbuf_3_0__f_clk/X (sky130_fd_sc_hd__clkbuf_16)
                                         clknet_3_0__leaf_clk (net)
                  0.12    0.00    0.52 ^ _1377_/CLK (sky130_fd_sc_hd__dfxtp_4)
     3    0.10    0.14    0.46    0.98 v _1377_/Q (sky130_fd_sc_hd__dfxtp_4)
                                         regfile_inst.registers[15][14] (net)
                  0.14    0.02    1.00 v _0882_/A (sky130_fd_sc_hd__and2_1)
     1    0.01    0.08    0.23    1.22 v _0882_/X (sky130_fd_sc_hd__and2_1)
                                         _0632_ (net)
                  0.08    0.00    1.22 v _0883_/A (sky130_fd_sc_hd__buf_2)
     5    0.07    0.16    0.24    1.47 v _0883_/X (sky130_fd_sc_hd__buf_2)
                                         _0126_ (net)
                  0.16    0.01    1.48 v _1377_/D (sky130_fd_sc_hd__dfxtp_4)
                                  1.48   data arrival time

                          0.00    0.00   clock core_clock (rise edge)
                          0.00    0.00   clock source latency
     1    0.07    0.00    0.00    0.00 ^ clk (in)
                                         clk (net)
                  0.00    0.00    0.00 ^ clkbuf_0_clk/A (sky130_fd_sc_hd__clkbuf_16)
     9    0.22    0.23    0.25    0.25 ^ clkbuf_0_clk/X (sky130_fd_sc_hd__clkbuf_16)
                                         clknet_0_clk (net)
                  0.23    0.01    0.26 ^ clkbuf_3_0__f_clk/A (sky130_fd_sc_hd__clkbuf_16)
    16    0.11    0.12    0.25    0.52 ^ clkbuf_3_0__f_clk/X (sky130_fd_sc_hd__clkbuf_16)
                                         clknet_3_0__leaf_clk (net)
                  0.12    0.00    0.52 ^ _1377_/CLK (sky130_fd_sc_hd__dfxtp_4)
                          0.00    0.52   clock reconvergence pessimism
                         -0.08    0.44   library hold time
                                  0.44   data required time
-----------------------------------------------------------------------------
                                  0.44   data required time
                                 -1.48   data arrival time
-----------------------------------------------------------------------------
                                  1.04   slack (MET)


Startpoint: _1370_ (rising edge-triggered flip-flop clocked by core_clock)
Endpoint: _1370_ (rising edge-triggered flip-flop clocked by core_clock)
Path Group: core_clock
Path Type: min
Corner: Typical

Fanout     Cap    Slew   Delay    Time   Description
-----------------------------------------------------------------------------
                          0.00    0.00   clock core_clock (rise edge)
                          0.00    0.00   clock source latency
     1    0.07    0.00    0.00    0.00 ^ clk (in)
                                         clk (net)
                  0.00    0.00    0.00 ^ clkbuf_0_clk/A (sky130_fd_sc_hd__clkbuf_16)
     9    0.22    0.23    0.25    0.25 ^ clkbuf_0_clk/X (sky130_fd_sc_hd__clkbuf_16)
                                         clknet_0_clk (net)
                  0.23    0.01    0.26 ^ clkbuf_3_2__f_clk/A (sky130_fd_sc_hd__clkbuf_16)
    14    0.09    0.11    0.23    0.50 ^ clkbuf_3_2__f_clk/X (sky130_fd_sc_hd__clkbuf_16)
                                         clknet_3_2__leaf_clk (net)
                  0.11    0.01    0.51 ^ _1370_/CLK (sky130_fd_sc_hd__dfxtp_4)
     3    0.09    0.13    0.44    0.94 v _1370_/Q (sky130_fd_sc_hd__dfxtp_4)
                                         regfile_inst.registers[15][7] (net)
                  0.13    0.02    0.97 v _0868_/A (sky130_fd_sc_hd__and2_1)
     1    0.01    0.07    0.21    1.17 v _0868_/X (sky130_fd_sc_hd__and2_1)
                                         _0625_ (net)
                  0.07    0.00    1.18 v _0869_/A (sky130_fd_sc_hd__clkbuf_4)
     8    0.09    0.18    0.26    1.44 v _0869_/X (sky130_fd_sc_hd__clkbuf_4)
                                         _0119_ (net)
                  0.19    0.02    1.46 v _1370_/D (sky130_fd_sc_hd__dfxtp_4)
                                  1.46   data arrival time

                          0.00    0.00   clock core_clock (rise edge)
                          0.00    0.00   clock source latency
     1    0.07    0.00    0.00    0.00 ^ clk (in)
                                         clk (net)
                  0.00    0.00    0.00 ^ clkbuf_0_clk/A (sky130_fd_sc_hd__clkbuf_16)
     9    0.22    0.23    0.25    0.25 ^ clkbuf_0_clk/X (sky130_fd_sc_hd__clkbuf_16)
                                         clknet_0_clk (net)
                  0.23    0.01    0.26 ^ clkbuf_3_2__f_clk/A (sky130_fd_sc_hd__clkbuf_16)
    14    0.09    0.11    0.23    0.50 ^ clkbuf_3_2__f_clk/X (sky130_fd_sc_hd__clkbuf_16)
                                         clknet_3_2__leaf_clk (net)
                  0.11    0.01    0.51 ^ _1370_/CLK (sky130_fd_sc_hd__dfxtp_4)
                          0.00    0.51   clock reconvergence pessimism
                         -0.09    0.41   library hold time
                                  0.41   data required time
-----------------------------------------------------------------------------
                                  0.41   data required time
                                 -1.46   data arrival time
-----------------------------------------------------------------------------
                                  1.05   slack (MET)


Startpoint: _1291_ (rising edge-triggered flip-flop clocked by core_clock)
Endpoint: _1291_ (rising edge-triggered flip-flop clocked by core_clock)
Path Group: core_clock
Path Type: min
Corner: Typical

Fanout     Cap    Slew   Delay    Time   Description
-----------------------------------------------------------------------------
                          0.00    0.00   clock core_clock (rise edge)
                          0.00    0.00   clock source latency
     1    0.07    0.00    0.00    0.00 ^ clk (in)
                                         clk (net)
                  0.00    0.00    0.00 ^ clkbuf_0_clk/A (sky130_fd_sc_hd__clkbuf_16)
     9    0.22    0.23    0.25    0.25 ^ clkbuf_0_clk/X (sky130_fd_sc_hd__clkbuf_16)
                                         clknet_0_clk (net)
                  0.23    0.01    0.26 ^ clkbuf_3_6__f_clk/A (sky130_fd_sc_hd__clkbuf_16)
    15    0.10    0.12    0.25    0.51 ^ clkbuf_3_6__f_clk/X (sky130_fd_sc_hd__clkbuf_16)
                                         clknet_3_6__leaf_clk (net)
                  0.12    0.01    0.52 ^ _1291_/CLK (sky130_fd_sc_hd__dfxtp_4)
     7    0.20    0.25    0.54    1.06 v _1291_/Q (sky130_fd_sc_hd__dfxtp_4)
                                         display_inst.counter[10] (net)
                  0.26    0.03    1.09 v _0722_/A1 (sky130_fd_sc_hd__o21a_2)
     1    0.06    0.14    0.40    1.49 v _0722_/X (sky130_fd_sc_hd__o21a_2)
                                         _0040_ (net)
                  0.14    0.01    1.50 v _1291_/D (sky130_fd_sc_hd__dfxtp_4)
                                  1.50   data arrival time

                          0.00    0.00   clock core_clock (rise edge)
                          0.00    0.00   clock source latency
     1    0.07    0.00    0.00    0.00 ^ clk (in)
                                         clk (net)
                  0.00    0.00    0.00 ^ clkbuf_0_clk/A (sky130_fd_sc_hd__clkbuf_16)
     9    0.22    0.23    0.25    0.25 ^ clkbuf_0_clk/X (sky130_fd_sc_hd__clkbuf_16)
                                         clknet_0_clk (net)
                  0.23    0.01    0.26 ^ clkbuf_3_6__f_clk/A (sky130_fd_sc_hd__clkbuf_16)
    15    0.10    0.12    0.25    0.51 ^ clkbuf_3_6__f_clk/X (sky130_fd_sc_hd__clkbuf_16)
                                         clknet_3_6__leaf_clk (net)
                  0.12    0.01    0.52 ^ _1291_/CLK (sky130_fd_sc_hd__dfxtp_4)
                          0.00    0.52   clock reconvergence pessimism
                         -0.07    0.45   library hold time
                                  0.45   data required time
-----------------------------------------------------------------------------
                                  0.45   data required time
                                 -1.50   data arrival time
-----------------------------------------------------------------------------
                                  1.05   slack (MET)


Startpoint: _1342_ (rising edge-triggered flip-flop clocked by core_clock)
Endpoint: _1342_ (rising edge-triggered flip-flop clocked by core_clock)
Path Group: core_clock
Path Type: min
Corner: Typical

Fanout     Cap    Slew   Delay    Time   Description
-----------------------------------------------------------------------------
                          0.00    0.00   clock core_clock (rise edge)
                          0.00    0.00   clock source latency
     1    0.07    0.00    0.00    0.00 ^ clk (in)
                                         clk (net)
                  0.00    0.00    0.00 ^ clkbuf_0_clk/A (sky130_fd_sc_hd__clkbuf_16)
     9    0.22    0.23    0.25    0.25 ^ clkbuf_0_clk/X (sky130_fd_sc_hd__clkbuf_16)
                                         clknet_0_clk (net)
                  0.23    0.01    0.26 ^ clkbuf_3_7__f_clk/A (sky130_fd_sc_hd__clkbuf_16)
    12    0.09    0.11    0.24    0.50 ^ clkbuf_3_7__f_clk/X (sky130_fd_sc_hd__clkbuf_16)
                                         clknet_3_7__leaf_clk (net)
                  0.11    0.00    0.51 ^ _1342_/CLK (sky130_fd_sc_hd__dfxtp_4)
     2    0.10    0.14    0.45    0.96 v _1342_/Q (sky130_fd_sc_hd__dfxtp_4)
                                         regfile_inst.registers[10][11] (net)
                  0.14    0.00    0.97 v _0803_/A (sky130_fd_sc_hd__and2_4)
     1    0.08    0.11    0.26    1.22 v _0803_/X (sky130_fd_sc_hd__and2_4)
                                         _0588_ (net)
                  0.11    0.01    1.23 v _0804_/A (sky130_fd_sc_hd__buf_2)
     9    0.06    0.14    0.24    1.47 v _0804_/X (sky130_fd_sc_hd__buf_2)
                                         _0091_ (net)
                  0.14    0.01    1.48 v _1342_/D (sky130_fd_sc_hd__dfxtp_4)
                                  1.48   data arrival time

                          0.00    0.00   clock core_clock (rise edge)
                          0.00    0.00   clock source latency
     1    0.07    0.00    0.00    0.00 ^ clk (in)
                                         clk (net)
                  0.00    0.00    0.00 ^ clkbuf_0_clk/A (sky130_fd_sc_hd__clkbuf_16)
     9    0.22    0.23    0.25    0.25 ^ clkbuf_0_clk/X (sky130_fd_sc_hd__clkbuf_16)
                                         clknet_0_clk (net)
                  0.23    0.01    0.26 ^ clkbuf_3_7__f_clk/A (sky130_fd_sc_hd__clkbuf_16)
    12    0.09    0.11    0.24    0.50 ^ clkbuf_3_7__f_clk/X (sky130_fd_sc_hd__clkbuf_16)
                                         clknet_3_7__leaf_clk (net)
                  0.11    0.00    0.51 ^ _1342_/CLK (sky130_fd_sc_hd__dfxtp_4)
                          0.00    0.51   clock reconvergence pessimism
                         -0.07    0.43   library hold time
                                  0.43   data required time
-----------------------------------------------------------------------------
                                  0.43   data required time
                                 -1.48   data arrival time
-----------------------------------------------------------------------------
                                  1.05   slack (MET)


Startpoint: _1304_ (rising edge-triggered flip-flop clocked by core_clock)
Endpoint: _1304_ (rising edge-triggered flip-flop clocked by core_clock)
Path Group: core_clock
Path Type: min
Corner: Typical

Fanout     Cap    Slew   Delay    Time   Description
-----------------------------------------------------------------------------
                          0.00    0.00   clock core_clock (rise edge)
                          0.00    0.00   clock source latency
     1    0.07    0.00    0.00    0.00 ^ clk (in)
                                         clk (net)
                  0.00    0.00    0.00 ^ clkbuf_0_clk/A (sky130_fd_sc_hd__clkbuf_16)
     9    0.22    0.23    0.25    0.25 ^ clkbuf_0_clk/X (sky130_fd_sc_hd__clkbuf_16)
                                         clknet_0_clk (net)
                  0.23    0.01    0.26 ^ clkbuf_3_6__f_clk/A (sky130_fd_sc_hd__clkbuf_16)
    15    0.10    0.12    0.25    0.51 ^ clkbuf_3_6__f_clk/X (sky130_fd_sc_hd__clkbuf_16)
                                         clknet_3_6__leaf_clk (net)
                  0.12    0.01    0.52 ^ _1304_/CLK (sky130_fd_sc_hd__dfrtp_4)
    12    0.24    0.33    0.75    1.27 v _1304_/Q (sky130_fd_sc_hd__dfrtp_4)
                                         imem_inst.address[5] (net)
                  0.33    0.01    1.27 v _0953_/A (sky130_fd_sc_hd__xor2_1)
     1    0.01    0.05    0.27    1.54 v _0953_/X (sky130_fd_sc_hd__xor2_1)
                                         _0053_ (net)
                  0.05    0.00    1.54 v _1304_/D (sky130_fd_sc_hd__dfrtp_4)
                                  1.54   data arrival time

                          0.00    0.00   clock core_clock (rise edge)
                          0.00    0.00   clock source latency
     1    0.07    0.00    0.00    0.00 ^ clk (in)
                                         clk (net)
                  0.00    0.00    0.00 ^ clkbuf_0_clk/A (sky130_fd_sc_hd__clkbuf_16)
     9    0.22    0.23    0.25    0.25 ^ clkbuf_0_clk/X (sky130_fd_sc_hd__clkbuf_16)
                                         clknet_0_clk (net)
                  0.23    0.01    0.26 ^ clkbuf_3_6__f_clk/A (sky130_fd_sc_hd__clkbuf_16)
    15    0.10    0.12    0.25    0.51 ^ clkbuf_3_6__f_clk/X (sky130_fd_sc_hd__clkbuf_16)
                                         clknet_3_6__leaf_clk (net)
                  0.12    0.01    0.52 ^ _1304_/CLK (sky130_fd_sc_hd__dfrtp_4)
                          0.00    0.52   clock reconvergence pessimism
                         -0.03    0.49   library hold time
                                  0.49   data required time
-----------------------------------------------------------------------------
                                  0.49   data required time
                                 -1.54   data arrival time
-----------------------------------------------------------------------------
                                  1.05   slack (MET)


Startpoint: _1349_ (rising edge-triggered flip-flop clocked by core_clock)
Endpoint: _1349_ (rising edge-triggered flip-flop clocked by core_clock)
Path Group: core_clock
Path Type: min
Corner: Typical

Fanout     Cap    Slew   Delay    Time   Description
-----------------------------------------------------------------------------
                          0.00    0.00   clock core_clock (rise edge)
                          0.00    0.00   clock source latency
     1    0.07    0.00    0.00    0.00 ^ clk (in)
                                         clk (net)
                  0.00    0.00    0.00 ^ clkbuf_0_clk/A (sky130_fd_sc_hd__clkbuf_16)
     9    0.22    0.23    0.25    0.25 ^ clkbuf_0_clk/X (sky130_fd_sc_hd__clkbuf_16)
                                         clknet_0_clk (net)
                  0.23    0.01    0.26 ^ clkbuf_3_1__f_clk/A (sky130_fd_sc_hd__clkbuf_16)
    13    0.09    0.11    0.24    0.50 ^ clkbuf_3_1__f_clk/X (sky130_fd_sc_hd__clkbuf_16)
                                         clknet_3_1__leaf_clk (net)
                  0.11    0.00    0.51 ^ _1349_/CLK (sky130_fd_sc_hd__dfxtp_4)
     3    0.08    0.11    0.44    0.95 v _1349_/Q (sky130_fd_sc_hd__dfxtp_4)
                                         regfile_inst.registers[25][2] (net)
                  0.11    0.00    0.95 v _0819_/A0 (sky130_fd_sc_hd__mux2_1)
     1    0.01    0.08    0.33    1.29 v _0819_/X (sky130_fd_sc_hd__mux2_1)
                                         _0597_ (net)
                  0.08    0.00    1.29 v _0820_/A (sky130_fd_sc_hd__buf_1)
     1    0.02    0.15    0.20    1.48 v _0820_/X (sky130_fd_sc_hd__buf_1)
                                         _0098_ (net)
                  0.15    0.00    1.48 v _1349_/D (sky130_fd_sc_hd__dfxtp_4)
                                  1.48   data arrival time

                          0.00    0.00   clock core_clock (rise edge)
                          0.00    0.00   clock source latency
     1    0.07    0.00    0.00    0.00 ^ clk (in)
                                         clk (net)
                  0.00    0.00    0.00 ^ clkbuf_0_clk/A (sky130_fd_sc_hd__clkbuf_16)
     9    0.22    0.23    0.25    0.25 ^ clkbuf_0_clk/X (sky130_fd_sc_hd__clkbuf_16)
                                         clknet_0_clk (net)
                  0.23    0.01    0.26 ^ clkbuf_3_1__f_clk/A (sky130_fd_sc_hd__clkbuf_16)
    13    0.09    0.11    0.24    0.50 ^ clkbuf_3_1__f_clk/X (sky130_fd_sc_hd__clkbuf_16)
                                         clknet_3_1__leaf_clk (net)
                  0.11    0.00    0.51 ^ _1349_/CLK (sky130_fd_sc_hd__dfxtp_4)
                          0.00    0.51   clock reconvergence pessimism
                         -0.07    0.43   library hold time
                                  0.43   data required time
-----------------------------------------------------------------------------
                                  0.43   data required time
                                 -1.48   data arrival time
-----------------------------------------------------------------------------
                                  1.05   slack (MET)


Startpoint: _1361_ (rising edge-triggered flip-flop clocked by core_clock)
Endpoint: _1361_ (rising edge-triggered flip-flop clocked by core_clock)
Path Group: core_clock
Path Type: min
Corner: Typical

Fanout     Cap    Slew   Delay    Time   Description
-----------------------------------------------------------------------------
                          0.00    0.00   clock core_clock (rise edge)
                          0.00    0.00   clock source latency
     1    0.07    0.00    0.00    0.00 ^ clk (in)
                                         clk (net)
                  0.00    0.00    0.00 ^ clkbuf_0_clk/A (sky130_fd_sc_hd__clkbuf_16)
     9    0.22    0.23    0.25    0.25 ^ clkbuf_0_clk/X (sky130_fd_sc_hd__clkbuf_16)
                                         clknet_0_clk (net)
                  0.23    0.01    0.26 ^ clkbuf_3_2__f_clk/A (sky130_fd_sc_hd__clkbuf_16)
    14    0.09    0.11    0.23    0.50 ^ clkbuf_3_2__f_clk/X (sky130_fd_sc_hd__clkbuf_16)
                                         clknet_3_2__leaf_clk (net)
                  0.11    0.01    0.51 ^ _1361_/CLK (sky130_fd_sc_hd__dfxtp_4)
     2    0.06    0.18    0.47    0.97 ^ _1361_/Q (sky130_fd_sc_hd__dfxtp_4)
                                         regfile_inst.registers[25][14] (net)
                  0.18    0.01    0.98 ^ _0850_/A0 (sky130_fd_sc_hd__mux2_1)
     1    0.01    0.13    0.22    1.21 ^ _0850_/X (sky130_fd_sc_hd__mux2_1)
                                         _0616_ (net)
                  0.13    0.00    1.21 ^ _0851_/A (sky130_fd_sc_hd__clkbuf_2)
     1    0.05    0.27    0.28    1.49 ^ _0851_/X (sky130_fd_sc_hd__clkbuf_2)
                                         _0110_ (net)
                  0.27    0.01    1.50 ^ _1361_/D (sky130_fd_sc_hd__dfxtp_4)
                                  1.50   data arrival time

                          0.00    0.00   clock core_clock (rise edge)
                          0.00    0.00   clock source latency
     1    0.07    0.00    0.00    0.00 ^ clk (in)
                                         clk (net)
                  0.00    0.00    0.00 ^ clkbuf_0_clk/A (sky130_fd_sc_hd__clkbuf_16)
     9    0.22    0.23    0.25    0.25 ^ clkbuf_0_clk/X (sky130_fd_sc_hd__clkbuf_16)
                                         clknet_0_clk (net)
                  0.23    0.01    0.26 ^ clkbuf_3_2__f_clk/A (sky130_fd_sc_hd__clkbuf_16)
    14    0.09    0.11    0.23    0.50 ^ clkbuf_3_2__f_clk/X (sky130_fd_sc_hd__clkbuf_16)
                                         clknet_3_2__leaf_clk (net)
                  0.11    0.01    0.51 ^ _1361_/CLK (sky130_fd_sc_hd__dfxtp_4)
                          0.00    0.51   clock reconvergence pessimism
                         -0.07    0.44   library hold time
                                  0.44   data required time
-----------------------------------------------------------------------------
                                  0.44   data required time
                                 -1.50   data arrival time
-----------------------------------------------------------------------------
                                  1.06   slack (MET)


Startpoint: _1294_ (rising edge-triggered flip-flop clocked by core_clock)
Endpoint: _1294_ (rising edge-triggered flip-flop clocked by core_clock)
Path Group: core_clock
Path Type: min
Corner: Typical

Fanout     Cap    Slew   Delay    Time   Description
-----------------------------------------------------------------------------
                          0.00    0.00   clock core_clock (rise edge)
                          0.00    0.00   clock source latency
     1    0.07    0.00    0.00    0.00 ^ clk (in)
                                         clk (net)
                  0.00    0.00    0.00 ^ clkbuf_0_clk/A (sky130_fd_sc_hd__clkbuf_16)
     9    0.22    0.23    0.25    0.25 ^ clkbuf_0_clk/X (sky130_fd_sc_hd__clkbuf_16)
                                         clknet_0_clk (net)
                  0.23    0.01    0.26 ^ clkbuf_3_0__f_clk/A (sky130_fd_sc_hd__clkbuf_16)
    16    0.11    0.12    0.25    0.52 ^ clkbuf_3_0__f_clk/X (sky130_fd_sc_hd__clkbuf_16)
                                         clknet_3_0__leaf_clk (net)
                  0.13    0.00    0.52 ^ _1294_/CLK (sky130_fd_sc_hd__dfxtp_4)
     4    0.11    0.14    0.47    0.99 v _1294_/Q (sky130_fd_sc_hd__dfxtp_4)
                                         display_inst.counter[13] (net)
                  0.14    0.00    0.99 v _0728_/B1 (sky130_fd_sc_hd__a21oi_4)
     1    0.05    0.34    0.33    1.32 ^ _0728_/Y (sky130_fd_sc_hd__a21oi_4)
                                         _0561_ (net)
                  0.34    0.01    1.33 ^ _0730_/A (sky130_fd_sc_hd__nor2_2)
     1    0.04    0.14    0.18    1.51 v _0730_/Y (sky130_fd_sc_hd__nor2_2)
                                         _0043_ (net)
                  0.14    0.01    1.52 v _1294_/D (sky130_fd_sc_hd__dfxtp_4)
                                  1.52   data arrival time

                          0.00    0.00   clock core_clock (rise edge)
                          0.00    0.00   clock source latency
     1    0.07    0.00    0.00    0.00 ^ clk (in)
                                         clk (net)
                  0.00    0.00    0.00 ^ clkbuf_0_clk/A (sky130_fd_sc_hd__clkbuf_16)
     9    0.22    0.23    0.25    0.25 ^ clkbuf_0_clk/X (sky130_fd_sc_hd__clkbuf_16)
                                         clknet_0_clk (net)
                  0.23    0.01    0.26 ^ clkbuf_3_0__f_clk/A (sky130_fd_sc_hd__clkbuf_16)
    16    0.11    0.12    0.25    0.52 ^ clkbuf_3_0__f_clk/X (sky130_fd_sc_hd__clkbuf_16)
                                         clknet_3_0__leaf_clk (net)
                  0.13    0.00    0.52 ^ _1294_/CLK (sky130_fd_sc_hd__dfxtp_4)
                          0.00    0.52   clock reconvergence pessimism
                         -0.07    0.45   library hold time
                                  0.45   data required time
-----------------------------------------------------------------------------
                                  0.45   data required time
                                 -1.52   data arrival time
-----------------------------------------------------------------------------
                                  1.07   slack (MET)


Startpoint: _1289_ (rising edge-triggered flip-flop clocked by core_clock)
Endpoint: _1289_ (rising edge-triggered flip-flop clocked by core_clock)
Path Group: core_clock
Path Type: min
Corner: Typical

Fanout     Cap    Slew   Delay    Time   Description
-----------------------------------------------------------------------------
                          0.00    0.00   clock core_clock (rise edge)
                          0.00    0.00   clock source latency
     1    0.07    0.00    0.00    0.00 ^ clk (in)
                                         clk (net)
                  0.00    0.00    0.00 ^ clkbuf_0_clk/A (sky130_fd_sc_hd__clkbuf_16)
     9    0.22    0.23    0.25    0.25 ^ clkbuf_0_clk/X (sky130_fd_sc_hd__clkbuf_16)
                                         clknet_0_clk (net)
                  0.23    0.01    0.26 ^ clkbuf_3_1__f_clk/A (sky130_fd_sc_hd__clkbuf_16)
    13    0.09    0.11    0.24    0.50 ^ clkbuf_3_1__f_clk/X (sky130_fd_sc_hd__clkbuf_16)
                                         clknet_3_1__leaf_clk (net)
                  0.11    0.00    0.51 ^ _1289_/CLK (sky130_fd_sc_hd__dfxtp_4)
     3    0.08    0.11    0.43    0.94 v _1289_/Q (sky130_fd_sc_hd__dfxtp_4)
                                         display_inst.counter[8] (net)
                  0.11    0.02    0.95 v _0716_/B1 (sky130_fd_sc_hd__a21oi_4)
     1    0.04    0.29    0.29    1.24 ^ _0716_/Y (sky130_fd_sc_hd__a21oi_4)
                                         _0554_ (net)
                  0.29    0.01    1.25 ^ _0717_/B (sky130_fd_sc_hd__nor2_1)
     2    0.04    0.18    0.24    1.48 v _0717_/Y (sky130_fd_sc_hd__nor2_1)
                                         _0038_ (net)
                  0.18    0.00    1.49 v _1289_/D (sky130_fd_sc_hd__dfxtp_4)
                                  1.49   data arrival time

                          0.00    0.00   clock core_clock (rise edge)
                          0.00    0.00   clock source latency
     1    0.07    0.00    0.00    0.00 ^ clk (in)
                                         clk (net)
                  0.00    0.00    0.00 ^ clkbuf_0_clk/A (sky130_fd_sc_hd__clkbuf_16)
     9    0.22    0.23    0.25    0.25 ^ clkbuf_0_clk/X (sky130_fd_sc_hd__clkbuf_16)
                                         clknet_0_clk (net)
                  0.23    0.01    0.26 ^ clkbuf_3_1__f_clk/A (sky130_fd_sc_hd__clkbuf_16)
    13    0.09    0.11    0.24    0.50 ^ clkbuf_3_1__f_clk/X (sky130_fd_sc_hd__clkbuf_16)
                                         clknet_3_1__leaf_clk (net)
                  0.11    0.00    0.51 ^ _1289_/CLK (sky130_fd_sc_hd__dfxtp_4)
                          0.00    0.51   clock reconvergence pessimism
                         -0.09    0.42   library hold time
                                  0.42   data required time
-----------------------------------------------------------------------------
                                  0.42   data required time
                                 -1.49   data arrival time
-----------------------------------------------------------------------------
                                  1.07   slack (MET)


Startpoint: _1325_ (rising edge-triggered flip-flop clocked by core_clock)
Endpoint: _1325_ (rising edge-triggered flip-flop clocked by core_clock)
Path Group: core_clock
Path Type: min
Corner: Typical

Fanout     Cap    Slew   Delay    Time   Description
-----------------------------------------------------------------------------
                          0.00    0.00   clock core_clock (rise edge)
                          0.00    0.00   clock source latency
     1    0.07    0.00    0.00    0.00 ^ clk (in)
                                         clk (net)
                  0.00    0.00    0.00 ^ clkbuf_0_clk/A (sky130_fd_sc_hd__clkbuf_16)
     9    0.22    0.23    0.25    0.25 ^ clkbuf_0_clk/X (sky130_fd_sc_hd__clkbuf_16)
                                         clknet_0_clk (net)
                  0.23    0.01    0.26 ^ clkbuf_3_2__f_clk/A (sky130_fd_sc_hd__clkbuf_16)
    14    0.09    0.11    0.23    0.50 ^ clkbuf_3_2__f_clk/X (sky130_fd_sc_hd__clkbuf_16)
                                         clknet_3_2__leaf_clk (net)
                  0.11    0.00    0.50 ^ _1325_/CLK (sky130_fd_sc_hd__dfrtp_4)
     5    0.16    0.44    0.71    1.21 ^ _1325_/Q (sky130_fd_sc_hd__dfrtp_4)
                                         imem_inst.address[26] (net)
                  0.45    0.03    1.25 ^ _0918_/A (sky130_fd_sc_hd__xor2_4)
     1    0.07    0.11    0.25    1.50 v _0918_/X (sky130_fd_sc_hd__xor2_4)
                                         _0074_ (net)
                  0.11    0.01    1.51 v _1325_/D (sky130_fd_sc_hd__dfrtp_4)
                                  1.51   data arrival time

                          0.00    0.00   clock core_clock (rise edge)
                          0.00    0.00   clock source latency
     1    0.07    0.00    0.00    0.00 ^ clk (in)
                                         clk (net)
                  0.00    0.00    0.00 ^ clkbuf_0_clk/A (sky130_fd_sc_hd__clkbuf_16)
     9    0.22    0.23    0.25    0.25 ^ clkbuf_0_clk/X (sky130_fd_sc_hd__clkbuf_16)
                                         clknet_0_clk (net)
                  0.23    0.01    0.26 ^ clkbuf_3_2__f_clk/A (sky130_fd_sc_hd__clkbuf_16)
    14    0.09    0.11    0.23    0.50 ^ clkbuf_3_2__f_clk/X (sky130_fd_sc_hd__clkbuf_16)
                                         clknet_3_2__leaf_clk (net)
                  0.11    0.00    0.50 ^ _1325_/CLK (sky130_fd_sc_hd__dfrtp_4)
                          0.00    0.50   clock reconvergence pessimism
                         -0.06    0.44   library hold time
                                  0.44   data required time
-----------------------------------------------------------------------------
                                  0.44   data required time
                                 -1.51   data arrival time
-----------------------------------------------------------------------------
                                  1.07   slack (MET)


Startpoint: _1375_ (rising edge-triggered flip-flop clocked by core_clock)
Endpoint: _1375_ (rising edge-triggered flip-flop clocked by core_clock)
Path Group: core_clock
Path Type: min
Corner: Typical

Fanout     Cap    Slew   Delay    Time   Description
-----------------------------------------------------------------------------
                          0.00    0.00   clock core_clock (rise edge)
                          0.00    0.00   clock source latency
     1    0.07    0.00    0.00    0.00 ^ clk (in)
                                         clk (net)
                  0.00    0.00    0.00 ^ clkbuf_0_clk/A (sky130_fd_sc_hd__clkbuf_16)
     9    0.22    0.23    0.25    0.25 ^ clkbuf_0_clk/X (sky130_fd_sc_hd__clkbuf_16)
                                         clknet_0_clk (net)
                  0.23    0.01    0.26 ^ clkbuf_3_7__f_clk/A (sky130_fd_sc_hd__clkbuf_16)
    12    0.09    0.11    0.24    0.50 ^ clkbuf_3_7__f_clk/X (sky130_fd_sc_hd__clkbuf_16)
                                         clknet_3_7__leaf_clk (net)
                  0.11    0.01    0.51 ^ _1375_/CLK (sky130_fd_sc_hd__dfxtp_4)
     5    0.13    0.18    0.46    0.97 v _1375_/Q (sky130_fd_sc_hd__dfxtp_4)
                                         regfile_inst.registers[15][12] (net)
                  0.21    0.05    1.02 v _0878_/A (sky130_fd_sc_hd__and2_4)
     1    0.13    0.17    0.31    1.33 v _0878_/X (sky130_fd_sc_hd__and2_4)
                                         _0630_ (net)
                  0.20    0.05    1.38 v _0879_/A (sky130_fd_sc_hd__clkbuf_1)
     1    0.01    0.05    0.17    1.55 v _0879_/X (sky130_fd_sc_hd__clkbuf_1)
                                         _0124_ (net)
                  0.05    0.00    1.55 v _1375_/D (sky130_fd_sc_hd__dfxtp_4)
                                  1.55   data arrival time

                          0.00    0.00   clock core_clock (rise edge)
                          0.00    0.00   clock source latency
     1    0.07    0.00    0.00    0.00 ^ clk (in)
                                         clk (net)
                  0.00    0.00    0.00 ^ clkbuf_0_clk/A (sky130_fd_sc_hd__clkbuf_16)
     9    0.22    0.23    0.25    0.25 ^ clkbuf_0_clk/X (sky130_fd_sc_hd__clkbuf_16)
                                         clknet_0_clk (net)
                  0.23    0.01    0.26 ^ clkbuf_3_7__f_clk/A (sky130_fd_sc_hd__clkbuf_16)
    12    0.09    0.11    0.24    0.50 ^ clkbuf_3_7__f_clk/X (sky130_fd_sc_hd__clkbuf_16)
                                         clknet_3_7__leaf_clk (net)
                  0.11    0.01    0.51 ^ _1375_/CLK (sky130_fd_sc_hd__dfxtp_4)
                          0.00    0.51   clock reconvergence pessimism
                         -0.03    0.47   library hold time
                                  0.47   data required time
-----------------------------------------------------------------------------
                                  0.47   data required time
                                 -1.55   data arrival time
-----------------------------------------------------------------------------
                                  1.07   slack (MET)


Startpoint: _1338_ (rising edge-triggered flip-flop clocked by core_clock)
Endpoint: _1338_ (rising edge-triggered flip-flop clocked by core_clock)
Path Group: core_clock
Path Type: min
Corner: Typical

Fanout     Cap    Slew   Delay    Time   Description
-----------------------------------------------------------------------------
                          0.00    0.00   clock core_clock (rise edge)
                          0.00    0.00   clock source latency
     1    0.07    0.00    0.00    0.00 ^ clk (in)
                                         clk (net)
                  0.00    0.00    0.00 ^ clkbuf_0_clk/A (sky130_fd_sc_hd__clkbuf_16)
     9    0.22    0.23    0.25    0.25 ^ clkbuf_0_clk/X (sky130_fd_sc_hd__clkbuf_16)
                                         clknet_0_clk (net)
                  0.23    0.01    0.26 ^ clkbuf_3_4__f_clk/A (sky130_fd_sc_hd__clkbuf_16)
    12    0.09    0.11    0.24    0.50 ^ clkbuf_3_4__f_clk/X (sky130_fd_sc_hd__clkbuf_16)
                                         clknet_3_4__leaf_clk (net)
                  0.11    0.00    0.51 ^ _1338_/CLK (sky130_fd_sc_hd__dfxtp_2)
     2    0.06    0.14    0.43    0.94 v _1338_/Q (sky130_fd_sc_hd__dfxtp_2)
                                         regfile_inst.registers[10][7] (net)
                  0.14    0.00    0.94 v _0795_/A (sky130_fd_sc_hd__and2_2)
     2    0.05    0.13    0.31    1.24 v _0795_/X (sky130_fd_sc_hd__and2_2)
                                         _0584_ (net)
                  0.13    0.01    1.25 v _0796_/A (sky130_fd_sc_hd__clkbuf_2)
     1    0.04    0.16    0.25    1.50 v _0796_/X (sky130_fd_sc_hd__clkbuf_2)
                                         _0087_ (net)
                  0.16    0.01    1.50 v _1338_/D (sky130_fd_sc_hd__dfxtp_2)
                                  1.50   data arrival time

                          0.00    0.00   clock core_clock (rise edge)
                          0.00    0.00   clock source latency
     1    0.07    0.00    0.00    0.00 ^ clk (in)
                                         clk (net)
                  0.00    0.00    0.00 ^ clkbuf_0_clk/A (sky130_fd_sc_hd__clkbuf_16)
     9    0.22    0.23    0.25    0.25 ^ clkbuf_0_clk/X (sky130_fd_sc_hd__clkbuf_16)
                                         clknet_0_clk (net)
                  0.23    0.01    0.26 ^ clkbuf_3_4__f_clk/A (sky130_fd_sc_hd__clkbuf_16)
    12    0.09    0.11    0.24    0.50 ^ clkbuf_3_4__f_clk/X (sky130_fd_sc_hd__clkbuf_16)
                                         clknet_3_4__leaf_clk (net)
                  0.11    0.00    0.51 ^ _1338_/CLK (sky130_fd_sc_hd__dfxtp_2)
                          0.00    0.51   clock reconvergence pessimism
                         -0.08    0.43   library hold time
                                  0.43   data required time
-----------------------------------------------------------------------------
                                  0.43   data required time
                                 -1.50   data arrival time
-----------------------------------------------------------------------------
                                  1.08   slack (MET)


Startpoint: _1292_ (rising edge-triggered flip-flop clocked by core_clock)
Endpoint: _1292_ (rising edge-triggered flip-flop clocked by core_clock)
Path Group: core_clock
Path Type: min
Corner: Typical

Fanout     Cap    Slew   Delay    Time   Description
-----------------------------------------------------------------------------
                          0.00    0.00   clock core_clock (rise edge)
                          0.00    0.00   clock source latency
     1    0.07    0.00    0.00    0.00 ^ clk (in)
                                         clk (net)
                  0.00    0.00    0.00 ^ clkbuf_0_clk/A (sky130_fd_sc_hd__clkbuf_16)
     9    0.22    0.23    0.25    0.25 ^ clkbuf_0_clk/X (sky130_fd_sc_hd__clkbuf_16)
                                         clknet_0_clk (net)
                  0.23    0.01    0.26 ^ clkbuf_3_3__f_clk/A (sky130_fd_sc_hd__clkbuf_16)
    10    0.10    0.12    0.25    0.51 ^ clkbuf_3_3__f_clk/X (sky130_fd_sc_hd__clkbuf_16)
                                         clknet_3_3__leaf_clk (net)
                  0.12    0.00    0.52 ^ _1292_/CLK (sky130_fd_sc_hd__dfxtp_4)
     4    0.17    0.21    0.51    1.03 v _1292_/Q (sky130_fd_sc_hd__dfxtp_4)
                                         display_inst.counter[11] (net)
                  0.22    0.01    1.04 v _0725_/A (sky130_fd_sc_hd__and3_4)
     4    0.13    0.17    0.34    1.38 v _0725_/X (sky130_fd_sc_hd__and3_4)
                                         _0560_ (net)
                  0.18    0.02    1.40 v _0726_/B (sky130_fd_sc_hd__nor2_1)
     1    0.00    0.11    0.16    1.56 ^ _0726_/Y (sky130_fd_sc_hd__nor2_1)
                                         _0041_ (net)
                  0.11    0.00    1.56 ^ _1292_/D (sky130_fd_sc_hd__dfxtp_4)
                                  1.56   data arrival time

                          0.00    0.00   clock core_clock (rise edge)
                          0.00    0.00   clock source latency
     1    0.07    0.00    0.00    0.00 ^ clk (in)
                                         clk (net)
                  0.00    0.00    0.00 ^ clkbuf_0_clk/A (sky130_fd_sc_hd__clkbuf_16)
     9    0.22    0.23    0.25    0.25 ^ clkbuf_0_clk/X (sky130_fd_sc_hd__clkbuf_16)
                                         clknet_0_clk (net)
                  0.23    0.01    0.26 ^ clkbuf_3_3__f_clk/A (sky130_fd_sc_hd__clkbuf_16)
    10    0.10    0.12    0.25    0.51 ^ clkbuf_3_3__f_clk/X (sky130_fd_sc_hd__clkbuf_16)
                                         clknet_3_3__leaf_clk (net)
                  0.12    0.00    0.52 ^ _1292_/CLK (sky130_fd_sc_hd__dfxtp_4)
                          0.00    0.52   clock reconvergence pessimism
                         -0.04    0.48   library hold time
                                  0.48   data required time
-----------------------------------------------------------------------------
                                  0.48   data required time
                                 -1.56   data arrival time
-----------------------------------------------------------------------------
                                  1.08   slack (MET)


Startpoint: _1376_ (rising edge-triggered flip-flop clocked by core_clock)
Endpoint: _1376_ (rising edge-triggered flip-flop clocked by core_clock)
Path Group: core_clock
Path Type: min
Corner: Typical

Fanout     Cap    Slew   Delay    Time   Description
-----------------------------------------------------------------------------
                          0.00    0.00   clock core_clock (rise edge)
                          0.00    0.00   clock source latency
     1    0.07    0.00    0.00    0.00 ^ clk (in)
                                         clk (net)
                  0.00    0.00    0.00 ^ clkbuf_0_clk/A (sky130_fd_sc_hd__clkbuf_16)
     9    0.22    0.23    0.25    0.25 ^ clkbuf_0_clk/X (sky130_fd_sc_hd__clkbuf_16)
                                         clknet_0_clk (net)
                  0.23    0.01    0.26 ^ clkbuf_3_1__f_clk/A (sky130_fd_sc_hd__clkbuf_16)
    13    0.09    0.11    0.24    0.50 ^ clkbuf_3_1__f_clk/X (sky130_fd_sc_hd__clkbuf_16)
                                         clknet_3_1__leaf_clk (net)
                  0.11    0.00    0.50 ^ _1376_/CLK (sky130_fd_sc_hd__dfxtp_4)
     5    0.13    0.18    0.47    0.97 v _1376_/Q (sky130_fd_sc_hd__dfxtp_4)
                                         regfile_inst.registers[15][13] (net)
                  0.18    0.03    1.00 v _0880_/A (sky130_fd_sc_hd__and2_1)
     1    0.03    0.14    0.29    1.29 v _0880_/X (sky130_fd_sc_hd__and2_1)
                                         _0631_ (net)
                  0.14    0.00    1.29 v _0881_/A (sky130_fd_sc_hd__buf_2)
     2    0.04    0.11    0.23    1.52 v _0881_/X (sky130_fd_sc_hd__buf_2)
                                         _0125_ (net)
                  0.11    0.01    1.53 v _1376_/D (sky130_fd_sc_hd__dfxtp_4)
                                  1.53   data arrival time

                          0.00    0.00   clock core_clock (rise edge)
                          0.00    0.00   clock source latency
     1    0.07    0.00    0.00    0.00 ^ clk (in)
                                         clk (net)
                  0.00    0.00    0.00 ^ clkbuf_0_clk/A (sky130_fd_sc_hd__clkbuf_16)
     9    0.22    0.23    0.25    0.25 ^ clkbuf_0_clk/X (sky130_fd_sc_hd__clkbuf_16)
                                         clknet_0_clk (net)
                  0.23    0.01    0.26 ^ clkbuf_3_1__f_clk/A (sky130_fd_sc_hd__clkbuf_16)
    13    0.09    0.11    0.24    0.50 ^ clkbuf_3_1__f_clk/X (sky130_fd_sc_hd__clkbuf_16)
                                         clknet_3_1__leaf_clk (net)
                  0.11    0.00    0.50 ^ _1376_/CLK (sky130_fd_sc_hd__dfxtp_4)
                          0.00    0.50   clock reconvergence pessimism
                         -0.06    0.45   library hold time
                                  0.45   data required time
-----------------------------------------------------------------------------
                                  0.45   data required time
                                 -1.53   data arrival time
-----------------------------------------------------------------------------
                                  1.08   slack (MET)


Startpoint: _1346_ (rising edge-triggered flip-flop clocked by core_clock)
Endpoint: _1346_ (rising edge-triggered flip-flop clocked by core_clock)
Path Group: core_clock
Path Type: min
Corner: Typical

Fanout     Cap    Slew   Delay    Time   Description
-----------------------------------------------------------------------------
                          0.00    0.00   clock core_clock (rise edge)
                          0.00    0.00   clock source latency
     1    0.07    0.00    0.00    0.00 ^ clk (in)
                                         clk (net)
                  0.00    0.00    0.00 ^ clkbuf_0_clk/A (sky130_fd_sc_hd__clkbuf_16)
     9    0.22    0.23    0.25    0.25 ^ clkbuf_0_clk/X (sky130_fd_sc_hd__clkbuf_16)
                                         clknet_0_clk (net)
                  0.23    0.01    0.26 ^ clkbuf_3_7__f_clk/A (sky130_fd_sc_hd__clkbuf_16)
    12    0.09    0.11    0.24    0.50 ^ clkbuf_3_7__f_clk/X (sky130_fd_sc_hd__clkbuf_16)
                                         clknet_3_7__leaf_clk (net)
                  0.11    0.01    0.51 ^ _1346_/CLK (sky130_fd_sc_hd__dfxtp_4)
     6    0.13    0.17    0.47    0.98 v _1346_/Q (sky130_fd_sc_hd__dfxtp_4)
                                         regfile_inst.registers[10][15] (net)
                  0.18    0.01    0.99 v _0811_/A (sky130_fd_sc_hd__and2_2)
     1    0.03    0.10    0.29    1.28 v _0811_/X (sky130_fd_sc_hd__and2_2)
                                         _0592_ (net)
                  0.10    0.01    1.28 v _0812_/A (sky130_fd_sc_hd__dlymetal6s2s_1)
     1    0.03    0.14    0.25    1.53 v _0812_/X (sky130_fd_sc_hd__dlymetal6s2s_1)
                                         _0095_ (net)
                  0.14    0.00    1.53 v _1346_/D (sky130_fd_sc_hd__dfxtp_4)
                                  1.53   data arrival time

                          0.00    0.00   clock core_clock (rise edge)
                          0.00    0.00   clock source latency
     1    0.07    0.00    0.00    0.00 ^ clk (in)
                                         clk (net)
                  0.00    0.00    0.00 ^ clkbuf_0_clk/A (sky130_fd_sc_hd__clkbuf_16)
     9    0.22    0.23    0.25    0.25 ^ clkbuf_0_clk/X (sky130_fd_sc_hd__clkbuf_16)
                                         clknet_0_clk (net)
                  0.23    0.01    0.26 ^ clkbuf_3_7__f_clk/A (sky130_fd_sc_hd__clkbuf_16)
    12    0.09    0.11    0.24    0.50 ^ clkbuf_3_7__f_clk/X (sky130_fd_sc_hd__clkbuf_16)
                                         clknet_3_7__leaf_clk (net)
                  0.11    0.01    0.51 ^ _1346_/CLK (sky130_fd_sc_hd__dfxtp_4)
                          0.00    0.51   clock reconvergence pessimism
                         -0.07    0.44   library hold time
                                  0.44   data required time
-----------------------------------------------------------------------------
                                  0.44   data required time
                                 -1.53   data arrival time
-----------------------------------------------------------------------------
                                  1.10   slack (MET)


Startpoint: _1359_ (rising edge-triggered flip-flop clocked by core_clock)
Endpoint: _1359_ (rising edge-triggered flip-flop clocked by core_clock)
Path Group: core_clock
Path Type: min
Corner: Typical

Fanout     Cap    Slew   Delay    Time   Description
-----------------------------------------------------------------------------
                          0.00    0.00   clock core_clock (rise edge)
                          0.00    0.00   clock source latency
     1    0.07    0.00    0.00    0.00 ^ clk (in)
                                         clk (net)
                  0.00    0.00    0.00 ^ clkbuf_0_clk/A (sky130_fd_sc_hd__clkbuf_16)
     9    0.22    0.23    0.25    0.25 ^ clkbuf_0_clk/X (sky130_fd_sc_hd__clkbuf_16)
                                         clknet_0_clk (net)
                  0.23    0.01    0.26 ^ clkbuf_3_4__f_clk/A (sky130_fd_sc_hd__clkbuf_16)
    12    0.09    0.11    0.24    0.50 ^ clkbuf_3_4__f_clk/X (sky130_fd_sc_hd__clkbuf_16)
                                         clknet_3_4__leaf_clk (net)
                  0.11    0.00    0.51 ^ _1359_/CLK (sky130_fd_sc_hd__dfxtp_4)
     3    0.08    0.12    0.44    0.95 v _1359_/Q (sky130_fd_sc_hd__dfxtp_4)
                                         regfile_inst.registers[25][12] (net)
                  0.13    0.02    0.96 v _0846_/A0 (sky130_fd_sc_hd__mux2_4)
     1    0.05    0.11    0.37    1.34 v _0846_/X (sky130_fd_sc_hd__mux2_4)
                                         _0614_ (net)
                  0.11    0.01    1.34 v _0847_/A (sky130_fd_sc_hd__buf_8)
     5    0.10    0.08    0.18    1.53 v _0847_/X (sky130_fd_sc_hd__buf_8)
                                         _0108_ (net)
                  0.09    0.03    1.55 v _1359_/D (sky130_fd_sc_hd__dfxtp_4)
                                  1.55   data arrival time

                          0.00    0.00   clock core_clock (rise edge)
                          0.00    0.00   clock source latency
     1    0.07    0.00    0.00    0.00 ^ clk (in)
                                         clk (net)
                  0.00    0.00    0.00 ^ clkbuf_0_clk/A (sky130_fd_sc_hd__clkbuf_16)
     9    0.22    0.23    0.25    0.25 ^ clkbuf_0_clk/X (sky130_fd_sc_hd__clkbuf_16)
                                         clknet_0_clk (net)
                  0.23    0.01    0.26 ^ clkbuf_3_4__f_clk/A (sky130_fd_sc_hd__clkbuf_16)
    12    0.09    0.11    0.24    0.50 ^ clkbuf_3_4__f_clk/X (sky130_fd_sc_hd__clkbuf_16)
                                         clknet_3_4__leaf_clk (net)
                  0.11    0.00    0.51 ^ _1359_/CLK (sky130_fd_sc_hd__dfxtp_4)
                          0.00    0.51   clock reconvergence pessimism
                         -0.05    0.46   library hold time
                                  0.46   data required time
-----------------------------------------------------------------------------
                                  0.46   data required time
                                 -1.55   data arrival time
-----------------------------------------------------------------------------
                                  1.10   slack (MET)


Startpoint: _1336_ (rising edge-triggered flip-flop clocked by core_clock)
Endpoint: _1336_ (rising edge-triggered flip-flop clocked by core_clock)
Path Group: core_clock
Path Type: min
Corner: Typical

Fanout     Cap    Slew   Delay    Time   Description
-----------------------------------------------------------------------------
                          0.00    0.00   clock core_clock (rise edge)
                          0.00    0.00   clock source latency
     1    0.07    0.00    0.00    0.00 ^ clk (in)
                                         clk (net)
                  0.00    0.00    0.00 ^ clkbuf_0_clk/A (sky130_fd_sc_hd__clkbuf_16)
     9    0.22    0.23    0.25    0.25 ^ clkbuf_0_clk/X (sky130_fd_sc_hd__clkbuf_16)
                                         clknet_0_clk (net)
                  0.23    0.01    0.26 ^ clkbuf_3_5__f_clk/A (sky130_fd_sc_hd__clkbuf_16)
    16    0.10    0.12    0.25    0.51 ^ clkbuf_3_5__f_clk/X (sky130_fd_sc_hd__clkbuf_16)
                                         clknet_3_5__leaf_clk (net)
                  0.12    0.00    0.51 ^ _1336_/CLK (sky130_fd_sc_hd__dfxtp_4)
     4    0.10    0.13    0.46    0.97 v _1336_/Q (sky130_fd_sc_hd__dfxtp_4)
                                         regfile_inst.registers[10][5] (net)
                  0.14    0.01    0.98 v _0791_/A (sky130_fd_sc_hd__and2_2)
     1    0.06    0.15    0.32    1.30 v _0791_/X (sky130_fd_sc_hd__and2_2)
                                         _0582_ (net)
                  0.15    0.01    1.31 v _0792_/A (sky130_fd_sc_hd__buf_2)
     1    0.04    0.11    0.24    1.55 v _0792_/X (sky130_fd_sc_hd__buf_2)
                                         _0085_ (net)
                  0.11    0.01    1.56 v _1336_/D (sky130_fd_sc_hd__dfxtp_4)
                                  1.56   data arrival time

                          0.00    0.00   clock core_clock (rise edge)
                          0.00    0.00   clock source latency
     1    0.07    0.00    0.00    0.00 ^ clk (in)
                                         clk (net)
                  0.00    0.00    0.00 ^ clkbuf_0_clk/A (sky130_fd_sc_hd__clkbuf_16)
     9    0.22    0.23    0.25    0.25 ^ clkbuf_0_clk/X (sky130_fd_sc_hd__clkbuf_16)
                                         clknet_0_clk (net)
                  0.23    0.01    0.26 ^ clkbuf_3_5__f_clk/A (sky130_fd_sc_hd__clkbuf_16)
    16    0.10    0.12    0.25    0.51 ^ clkbuf_3_5__f_clk/X (sky130_fd_sc_hd__clkbuf_16)
                                         clknet_3_5__leaf_clk (net)
                  0.12    0.00    0.51 ^ _1336_/CLK (sky130_fd_sc_hd__dfxtp_4)
                          0.00    0.51   clock reconvergence pessimism
                         -0.05    0.46   library hold time
                                  0.46   data required time
-----------------------------------------------------------------------------
                                  0.46   data required time
                                 -1.56   data arrival time
-----------------------------------------------------------------------------
                                  1.10   slack (MET)


Startpoint: _1373_ (rising edge-triggered flip-flop clocked by core_clock)
Endpoint: _1373_ (rising edge-triggered flip-flop clocked by core_clock)
Path Group: core_clock
Path Type: min
Corner: Typical

Fanout     Cap    Slew   Delay    Time   Description
-----------------------------------------------------------------------------
                          0.00    0.00   clock core_clock (rise edge)
                          0.00    0.00   clock source latency
     1    0.07    0.00    0.00    0.00 ^ clk (in)
                                         clk (net)
                  0.00    0.00    0.00 ^ clkbuf_0_clk/A (sky130_fd_sc_hd__clkbuf_16)
     9    0.22    0.23    0.25    0.25 ^ clkbuf_0_clk/X (sky130_fd_sc_hd__clkbuf_16)
                                         clknet_0_clk (net)
                  0.23    0.01    0.26 ^ clkbuf_3_5__f_clk/A (sky130_fd_sc_hd__clkbuf_16)
    16    0.10    0.12    0.25    0.51 ^ clkbuf_3_5__f_clk/X (sky130_fd_sc_hd__clkbuf_16)
                                         clknet_3_5__leaf_clk (net)
                  0.12    0.01    0.52 ^ _1373_/CLK (sky130_fd_sc_hd__dfxtp_4)
     2    0.10    0.14    0.45    0.97 v _1373_/Q (sky130_fd_sc_hd__dfxtp_4)
                                         regfile_inst.registers[15][10] (net)
                  0.14    0.01    0.98 v _0874_/A (sky130_fd_sc_hd__and2_4)
     1    0.08    0.11    0.25    1.23 v _0874_/X (sky130_fd_sc_hd__and2_4)
                                         _0628_ (net)
                  0.12    0.02    1.25 v _0875_/A (sky130_fd_sc_hd__clkbuf_4)
    17    0.08    0.16    0.27    1.52 v _0875_/X (sky130_fd_sc_hd__clkbuf_4)
                                         _0122_ (net)
                  0.17    0.02    1.54 v _1373_/D (sky130_fd_sc_hd__dfxtp_4)
                                  1.54   data arrival time

                          0.00    0.00   clock core_clock (rise edge)
                          0.00    0.00   clock source latency
     1    0.07    0.00    0.00    0.00 ^ clk (in)
                                         clk (net)
                  0.00    0.00    0.00 ^ clkbuf_0_clk/A (sky130_fd_sc_hd__clkbuf_16)
     9    0.22    0.23    0.25    0.25 ^ clkbuf_0_clk/X (sky130_fd_sc_hd__clkbuf_16)
                                         clknet_0_clk (net)
                  0.23    0.01    0.26 ^ clkbuf_3_5__f_clk/A (sky130_fd_sc_hd__clkbuf_16)
    16    0.10    0.12    0.25    0.51 ^ clkbuf_3_5__f_clk/X (sky130_fd_sc_hd__clkbuf_16)
                                         clknet_3_5__leaf_clk (net)
                  0.12    0.01    0.52 ^ _1373_/CLK (sky130_fd_sc_hd__dfxtp_4)
                          0.00    0.52   clock reconvergence pessimism
                         -0.08    0.44   library hold time
                                  0.44   data required time
-----------------------------------------------------------------------------
                                  0.44   data required time
                                 -1.54   data arrival time
-----------------------------------------------------------------------------
                                  1.11   slack (MET)


Startpoint: _1362_ (rising edge-triggered flip-flop clocked by core_clock)
Endpoint: _1362_ (rising edge-triggered flip-flop clocked by core_clock)
Path Group: core_clock
Path Type: min
Corner: Typical

Fanout     Cap    Slew   Delay    Time   Description
-----------------------------------------------------------------------------
                          0.00    0.00   clock core_clock (rise edge)
                          0.00    0.00   clock source latency
     1    0.07    0.00    0.00    0.00 ^ clk (in)
                                         clk (net)
                  0.00    0.00    0.00 ^ clkbuf_0_clk/A (sky130_fd_sc_hd__clkbuf_16)
     9    0.22    0.23    0.25    0.25 ^ clkbuf_0_clk/X (sky130_fd_sc_hd__clkbuf_16)
                                         clknet_0_clk (net)
                  0.23    0.01    0.26 ^ clkbuf_3_0__f_clk/A (sky130_fd_sc_hd__clkbuf_16)
    16    0.11    0.12    0.25    0.52 ^ clkbuf_3_0__f_clk/X (sky130_fd_sc_hd__clkbuf_16)
                                         clknet_3_0__leaf_clk (net)
                  0.13    0.00    0.52 ^ _1362_/CLK (sky130_fd_sc_hd__dfxtp_1)
     2    0.02    0.11    0.39    0.91 v _1362_/Q (sky130_fd_sc_hd__dfxtp_1)
                                         regfile_inst.registers[25][15] (net)
                  0.11    0.00    0.91 v _0852_/A0 (sky130_fd_sc_hd__mux2_4)
     1    0.09    0.15    0.42    1.34 v _0852_/X (sky130_fd_sc_hd__mux2_4)
                                         _0617_ (net)
                  0.15    0.01    1.34 v _0853_/A (sky130_fd_sc_hd__buf_6)
     9    0.09    0.08    0.21    1.55 v _0853_/X (sky130_fd_sc_hd__buf_6)
                                         _0111_ (net)
                  0.09    0.02    1.57 v _1362_/D (sky130_fd_sc_hd__dfxtp_1)
                                  1.57   data arrival time

                          0.00    0.00   clock core_clock (rise edge)
                          0.00    0.00   clock source latency
     1    0.07    0.00    0.00    0.00 ^ clk (in)
                                         clk (net)
                  0.00    0.00    0.00 ^ clkbuf_0_clk/A (sky130_fd_sc_hd__clkbuf_16)
     9    0.22    0.23    0.25    0.25 ^ clkbuf_0_clk/X (sky130_fd_sc_hd__clkbuf_16)
                                         clknet_0_clk (net)
                  0.23    0.01    0.26 ^ clkbuf_3_0__f_clk/A (sky130_fd_sc_hd__clkbuf_16)
    16    0.11    0.12    0.25    0.52 ^ clkbuf_3_0__f_clk/X (sky130_fd_sc_hd__clkbuf_16)
                                         clknet_3_0__leaf_clk (net)
                  0.13    0.00    0.52 ^ _1362_/CLK (sky130_fd_sc_hd__dfxtp_1)
                          0.00    0.52   clock reconvergence pessimism
                         -0.06    0.47   library hold time
                                  0.47   data required time
-----------------------------------------------------------------------------
                                  0.47   data required time
                                 -1.57   data arrival time
-----------------------------------------------------------------------------
                                  1.11   slack (MET)


Startpoint: _1343_ (rising edge-triggered flip-flop clocked by core_clock)
Endpoint: _1343_ (rising edge-triggered flip-flop clocked by core_clock)
Path Group: core_clock
Path Type: min
Corner: Typical

Fanout     Cap    Slew   Delay    Time   Description
-----------------------------------------------------------------------------
                          0.00    0.00   clock core_clock (rise edge)
                          0.00    0.00   clock source latency
     1    0.07    0.00    0.00    0.00 ^ clk (in)
                                         clk (net)
                  0.00    0.00    0.00 ^ clkbuf_0_clk/A (sky130_fd_sc_hd__clkbuf_16)
     9    0.22    0.23    0.25    0.25 ^ clkbuf_0_clk/X (sky130_fd_sc_hd__clkbuf_16)
                                         clknet_0_clk (net)
                  0.23    0.01    0.26 ^ clkbuf_3_7__f_clk/A (sky130_fd_sc_hd__clkbuf_16)
    12    0.09    0.11    0.24    0.50 ^ clkbuf_3_7__f_clk/X (sky130_fd_sc_hd__clkbuf_16)
                                         clknet_3_7__leaf_clk (net)
                  0.11    0.00    0.51 ^ _1343_/CLK (sky130_fd_sc_hd__dfxtp_4)
     3    0.11    0.15    0.47    0.98 v _1343_/Q (sky130_fd_sc_hd__dfxtp_4)
                                         regfile_inst.registers[10][12] (net)
                  0.15    0.01    0.98 v _0805_/A (sky130_fd_sc_hd__and2_4)
     1    0.08    0.12    0.25    1.24 v _0805_/X (sky130_fd_sc_hd__and2_4)
                                         _0589_ (net)
                  0.12    0.02    1.26 v _0806_/A (sky130_fd_sc_hd__clkbuf_2)
     1    0.05    0.19    0.26    1.53 v _0806_/X (sky130_fd_sc_hd__clkbuf_2)
                                         _0092_ (net)
                  0.20    0.01    1.54 v _1343_/D (sky130_fd_sc_hd__dfxtp_4)
                                  1.54   data arrival time

                          0.00    0.00   clock core_clock (rise edge)
                          0.00    0.00   clock source latency
     1    0.07    0.00    0.00    0.00 ^ clk (in)
                                         clk (net)
                  0.00    0.00    0.00 ^ clkbuf_0_clk/A (sky130_fd_sc_hd__clkbuf_16)
     9    0.22    0.23    0.25    0.25 ^ clkbuf_0_clk/X (sky130_fd_sc_hd__clkbuf_16)
                                         clknet_0_clk (net)
                  0.23    0.01    0.26 ^ clkbuf_3_7__f_clk/A (sky130_fd_sc_hd__clkbuf_16)
    12    0.09    0.11    0.24    0.50 ^ clkbuf_3_7__f_clk/X (sky130_fd_sc_hd__clkbuf_16)
                                         clknet_3_7__leaf_clk (net)
                  0.11    0.00    0.51 ^ _1343_/CLK (sky130_fd_sc_hd__dfxtp_4)
                          0.00    0.51   clock reconvergence pessimism
                         -0.09    0.41   library hold time
                                  0.41   data required time
-----------------------------------------------------------------------------
                                  0.41   data required time
                                 -1.54   data arrival time
-----------------------------------------------------------------------------
                                  1.12   slack (MET)


Startpoint: _1368_ (rising edge-triggered flip-flop clocked by core_clock)
Endpoint: _1368_ (rising edge-triggered flip-flop clocked by core_clock)
Path Group: core_clock
Path Type: min
Corner: Typical

Fanout     Cap    Slew   Delay    Time   Description
-----------------------------------------------------------------------------
                          0.00    0.00   clock core_clock (rise edge)
                          0.00    0.00   clock source latency
     1    0.07    0.00    0.00    0.00 ^ clk (in)
                                         clk (net)
                  0.00    0.00    0.00 ^ clkbuf_0_clk/A (sky130_fd_sc_hd__clkbuf_16)
     9    0.22    0.23    0.25    0.25 ^ clkbuf_0_clk/X (sky130_fd_sc_hd__clkbuf_16)
                                         clknet_0_clk (net)
                  0.23    0.01    0.26 ^ clkbuf_3_5__f_clk/A (sky130_fd_sc_hd__clkbuf_16)
    16    0.10    0.12    0.25    0.51 ^ clkbuf_3_5__f_clk/X (sky130_fd_sc_hd__clkbuf_16)
                                         clknet_3_5__leaf_clk (net)
                  0.12    0.00    0.51 ^ _1368_/CLK (sky130_fd_sc_hd__dfxtp_2)
     2    0.07    0.17    0.46    0.97 v _1368_/Q (sky130_fd_sc_hd__dfxtp_2)
                                         regfile_inst.registers[15][5] (net)
                  0.17    0.01    0.97 v _0864_/A (sky130_fd_sc_hd__and2_2)
     1    0.04    0.12    0.31    1.29 v _0864_/X (sky130_fd_sc_hd__and2_2)
                                         _0623_ (net)
                  0.12    0.01    1.29 v _0865_/A (sky130_fd_sc_hd__buf_1)
     2    0.03    0.20    0.25    1.54 v _0865_/X (sky130_fd_sc_hd__buf_1)
                                         _0117_ (net)
                  0.20    0.00    1.55 v _1368_/D (sky130_fd_sc_hd__dfxtp_2)
                                  1.55   data arrival time

                          0.00    0.00   clock core_clock (rise edge)
                          0.00    0.00   clock source latency
     1    0.07    0.00    0.00    0.00 ^ clk (in)
                                         clk (net)
                  0.00    0.00    0.00 ^ clkbuf_0_clk/A (sky130_fd_sc_hd__clkbuf_16)
     9    0.22    0.23    0.25    0.25 ^ clkbuf_0_clk/X (sky130_fd_sc_hd__clkbuf_16)
                                         clknet_0_clk (net)
                  0.23    0.01    0.26 ^ clkbuf_3_5__f_clk/A (sky130_fd_sc_hd__clkbuf_16)
    16    0.10    0.12    0.25    0.51 ^ clkbuf_3_5__f_clk/X (sky130_fd_sc_hd__clkbuf_16)
                                         clknet_3_5__leaf_clk (net)
                  0.12    0.00    0.51 ^ _1368_/CLK (sky130_fd_sc_hd__dfxtp_2)
                          0.00    0.51   clock reconvergence pessimism
                         -0.09    0.42   library hold time
                                  0.42   data required time
-----------------------------------------------------------------------------
                                  0.42   data required time
                                 -1.55   data arrival time
-----------------------------------------------------------------------------
                                  1.13   slack (MET)


Startpoint: _1335_ (rising edge-triggered flip-flop clocked by core_clock)
Endpoint: _1335_ (rising edge-triggered flip-flop clocked by core_clock)
Path Group: core_clock
Path Type: min
Corner: Typical

Fanout     Cap    Slew   Delay    Time   Description
-----------------------------------------------------------------------------
                          0.00    0.00   clock core_clock (rise edge)
                          0.00    0.00   clock source latency
     1    0.07    0.00    0.00    0.00 ^ clk (in)
                                         clk (net)
                  0.00    0.00    0.00 ^ clkbuf_0_clk/A (sky130_fd_sc_hd__clkbuf_16)
     9    0.22    0.23    0.25    0.25 ^ clkbuf_0_clk/X (sky130_fd_sc_hd__clkbuf_16)
                                         clknet_0_clk (net)
                  0.23    0.01    0.26 ^ clkbuf_3_1__f_clk/A (sky130_fd_sc_hd__clkbuf_16)
    13    0.09    0.11    0.24    0.50 ^ clkbuf_3_1__f_clk/X (sky130_fd_sc_hd__clkbuf_16)
                                         clknet_3_1__leaf_clk (net)
                  0.11    0.00    0.51 ^ _1335_/CLK (sky130_fd_sc_hd__dfxtp_4)
     3    0.10    0.14    0.45    0.95 v _1335_/Q (sky130_fd_sc_hd__dfxtp_4)
                                         regfile_inst.registers[10][4] (net)
                  0.15    0.03    0.98 v _0789_/A (sky130_fd_sc_hd__and2_2)
     1    0.06    0.15    0.32    1.30 v _0789_/X (sky130_fd_sc_hd__and2_2)
                                         _0581_ (net)
                  0.16    0.01    1.32 v _0790_/A (sky130_fd_sc_hd__buf_1)
     1    0.03    0.16    0.24    1.55 v _0790_/X (sky130_fd_sc_hd__buf_1)
                                         _0084_ (net)
                  0.16    0.00    1.56 v _1335_/D (sky130_fd_sc_hd__dfxtp_4)
                                  1.56   data arrival time

                          0.00    0.00   clock core_clock (rise edge)
                          0.00    0.00   clock source latency
     1    0.07    0.00    0.00    0.00 ^ clk (in)
                                         clk (net)
                  0.00    0.00    0.00 ^ clkbuf_0_clk/A (sky130_fd_sc_hd__clkbuf_16)
     9    0.22    0.23    0.25    0.25 ^ clkbuf_0_clk/X (sky130_fd_sc_hd__clkbuf_16)
                                         clknet_0_clk (net)
                  0.23    0.01    0.26 ^ clkbuf_3_1__f_clk/A (sky130_fd_sc_hd__clkbuf_16)
    13    0.09    0.11    0.24    0.50 ^ clkbuf_3_1__f_clk/X (sky130_fd_sc_hd__clkbuf_16)
                                         clknet_3_1__leaf_clk (net)
                  0.11    0.00    0.51 ^ _1335_/CLK (sky130_fd_sc_hd__dfxtp_4)
                          0.00    0.51   clock reconvergence pessimism
                         -0.08    0.43   library hold time
                                  0.43   data required time
-----------------------------------------------------------------------------
                                  0.43   data required time
                                 -1.56   data arrival time
-----------------------------------------------------------------------------
                                  1.13   slack (MET)


Startpoint: _1372_ (rising edge-triggered flip-flop clocked by core_clock)
Endpoint: _1372_ (rising edge-triggered flip-flop clocked by core_clock)
Path Group: core_clock
Path Type: min
Corner: Typical

Fanout     Cap    Slew   Delay    Time   Description
-----------------------------------------------------------------------------
                          0.00    0.00   clock core_clock (rise edge)
                          0.00    0.00   clock source latency
     1    0.07    0.00    0.00    0.00 ^ clk (in)
                                         clk (net)
                  0.00    0.00    0.00 ^ clkbuf_0_clk/A (sky130_fd_sc_hd__clkbuf_16)
     9    0.22    0.23    0.25    0.25 ^ clkbuf_0_clk/X (sky130_fd_sc_hd__clkbuf_16)
                                         clknet_0_clk (net)
                  0.23    0.01    0.26 ^ clkbuf_3_0__f_clk/A (sky130_fd_sc_hd__clkbuf_16)
    16    0.11    0.12    0.25    0.52 ^ clkbuf_3_0__f_clk/X (sky130_fd_sc_hd__clkbuf_16)
                                         clknet_3_0__leaf_clk (net)
                  0.12    0.00    0.52 ^ _1372_/CLK (sky130_fd_sc_hd__dfxtp_4)
     3    0.13    0.17    0.49    1.00 v _1372_/Q (sky130_fd_sc_hd__dfxtp_4)
                                         regfile_inst.registers[15][9] (net)
                  0.18    0.03    1.03 v _0872_/A (sky130_fd_sc_hd__and2_2)
     1    0.04    0.11    0.31    1.34 v _0872_/X (sky130_fd_sc_hd__and2_2)
                                         _0627_ (net)
                  0.11    0.01    1.34 v _0873_/A (sky130_fd_sc_hd__buf_2)
     2    0.06    0.13    0.24    1.58 v _0873_/X (sky130_fd_sc_hd__buf_2)
                                         _0121_ (net)
                  0.14    0.01    1.59 v _1372_/D (sky130_fd_sc_hd__dfxtp_4)
                                  1.59   data arrival time

                          0.00    0.00   clock core_clock (rise edge)
                          0.00    0.00   clock source latency
     1    0.07    0.00    0.00    0.00 ^ clk (in)
                                         clk (net)
                  0.00    0.00    0.00 ^ clkbuf_0_clk/A (sky130_fd_sc_hd__clkbuf_16)
     9    0.22    0.23    0.25    0.25 ^ clkbuf_0_clk/X (sky130_fd_sc_hd__clkbuf_16)
                                         clknet_0_clk (net)
                  0.23    0.01    0.26 ^ clkbuf_3_0__f_clk/A (sky130_fd_sc_hd__clkbuf_16)
    16    0.11    0.12    0.25    0.52 ^ clkbuf_3_0__f_clk/X (sky130_fd_sc_hd__clkbuf_16)
                                         clknet_3_0__leaf_clk (net)
                  0.12    0.00    0.52 ^ _1372_/CLK (sky130_fd_sc_hd__dfxtp_4)
                          0.00    0.52   clock reconvergence pessimism
                         -0.07    0.45   library hold time
                                  0.45   data required time
-----------------------------------------------------------------------------
                                  0.45   data required time
                                 -1.59   data arrival time
-----------------------------------------------------------------------------
                                  1.14   slack (MET)


Startpoint: _1352_ (rising edge-triggered flip-flop clocked by core_clock)
Endpoint: _1352_ (rising edge-triggered flip-flop clocked by core_clock)
Path Group: core_clock
Path Type: min
Corner: Typical

Fanout     Cap    Slew   Delay    Time   Description
-----------------------------------------------------------------------------
                          0.00    0.00   clock core_clock (rise edge)
                          0.00    0.00   clock source latency
     1    0.07    0.00    0.00    0.00 ^ clk (in)
                                         clk (net)
                  0.00    0.00    0.00 ^ clkbuf_0_clk/A (sky130_fd_sc_hd__clkbuf_16)
     9    0.22    0.23    0.25    0.25 ^ clkbuf_0_clk/X (sky130_fd_sc_hd__clkbuf_16)
                                         clknet_0_clk (net)
                  0.23    0.01    0.26 ^ clkbuf_3_2__f_clk/A (sky130_fd_sc_hd__clkbuf_16)
    14    0.09    0.11    0.23    0.50 ^ clkbuf_3_2__f_clk/X (sky130_fd_sc_hd__clkbuf_16)
                                         clknet_3_2__leaf_clk (net)
                  0.11    0.01    0.51 ^ _1352_/CLK (sky130_fd_sc_hd__dfxtp_4)
     3    0.13    0.18    0.48    0.99 v _1352_/Q (sky130_fd_sc_hd__dfxtp_4)
                                         regfile_inst.registers[25][5] (net)
                  0.18    0.01    1.00 v _0825_/A (sky130_fd_sc_hd__nor2_4)
     1    0.06    0.36    0.36    1.36 ^ _0825_/Y (sky130_fd_sc_hd__nor2_4)
                                         _0600_ (net)
                  0.36    0.01    1.37 ^ _0826_/B1 (sky130_fd_sc_hd__a21oi_4)
     6    0.08    0.17    0.17    1.54 v _0826_/Y (sky130_fd_sc_hd__a21oi_4)
                                         _0101_ (net)
                  0.17    0.02    1.57 v _1352_/D (sky130_fd_sc_hd__dfxtp_4)
                                  1.57   data arrival time

                          0.00    0.00   clock core_clock (rise edge)
                          0.00    0.00   clock source latency
     1    0.07    0.00    0.00    0.00 ^ clk (in)
                                         clk (net)
                  0.00    0.00    0.00 ^ clkbuf_0_clk/A (sky130_fd_sc_hd__clkbuf_16)
     9    0.22    0.23    0.25    0.25 ^ clkbuf_0_clk/X (sky130_fd_sc_hd__clkbuf_16)
                                         clknet_0_clk (net)
                  0.23    0.01    0.26 ^ clkbuf_3_2__f_clk/A (sky130_fd_sc_hd__clkbuf_16)
    14    0.09    0.11    0.23    0.50 ^ clkbuf_3_2__f_clk/X (sky130_fd_sc_hd__clkbuf_16)
                                         clknet_3_2__leaf_clk (net)
                  0.11    0.01    0.51 ^ _1352_/CLK (sky130_fd_sc_hd__dfxtp_4)
                          0.00    0.51   clock reconvergence pessimism
                         -0.08    0.42   library hold time
                                  0.42   data required time
-----------------------------------------------------------------------------
                                  0.42   data required time
                                 -1.57   data arrival time
-----------------------------------------------------------------------------
                                  1.14   slack (MET)


Startpoint: _1367_ (rising edge-triggered flip-flop clocked by core_clock)
Endpoint: _1367_ (rising edge-triggered flip-flop clocked by core_clock)
Path Group: core_clock
Path Type: min
Corner: Typical

Fanout     Cap    Slew   Delay    Time   Description
-----------------------------------------------------------------------------
                          0.00    0.00   clock core_clock (rise edge)
                          0.00    0.00   clock source latency
     1    0.07    0.00    0.00    0.00 ^ clk (in)
                                         clk (net)
                  0.00    0.00    0.00 ^ clkbuf_0_clk/A (sky130_fd_sc_hd__clkbuf_16)
     9    0.22    0.23    0.25    0.25 ^ clkbuf_0_clk/X (sky130_fd_sc_hd__clkbuf_16)
                                         clknet_0_clk (net)
                  0.23    0.01    0.26 ^ clkbuf_3_3__f_clk/A (sky130_fd_sc_hd__clkbuf_16)
    10    0.10    0.12    0.25    0.51 ^ clkbuf_3_3__f_clk/X (sky130_fd_sc_hd__clkbuf_16)
                                         clknet_3_3__leaf_clk (net)
                  0.12    0.01    0.52 ^ _1367_/CLK (sky130_fd_sc_hd__dfxtp_4)
     4    0.09    0.13    0.46    0.98 v _1367_/Q (sky130_fd_sc_hd__dfxtp_4)
                                         regfile_inst.registers[15][4] (net)
                  0.13    0.01    0.98 v _0862_/A (sky130_fd_sc_hd__and2_2)
     2    0.07    0.17    0.33    1.31 v _0862_/X (sky130_fd_sc_hd__and2_2)
                                         _0622_ (net)
                  0.17    0.01    1.32 v _0863_/A (sky130_fd_sc_hd__clkbuf_2)
     1    0.04    0.16    0.26    1.58 v _0863_/X (sky130_fd_sc_hd__clkbuf_2)
                                         _0116_ (net)
                  0.16    0.01    1.59 v _1367_/D (sky130_fd_sc_hd__dfxtp_4)
                                  1.59   data arrival time

                          0.00    0.00   clock core_clock (rise edge)
                          0.00    0.00   clock source latency
     1    0.07    0.00    0.00    0.00 ^ clk (in)
                                         clk (net)
                  0.00    0.00    0.00 ^ clkbuf_0_clk/A (sky130_fd_sc_hd__clkbuf_16)
     9    0.22    0.23    0.25    0.25 ^ clkbuf_0_clk/X (sky130_fd_sc_hd__clkbuf_16)
                                         clknet_0_clk (net)
                  0.23    0.01    0.26 ^ clkbuf_3_3__f_clk/A (sky130_fd_sc_hd__clkbuf_16)
    10    0.10    0.12    0.25    0.51 ^ clkbuf_3_3__f_clk/X (sky130_fd_sc_hd__clkbuf_16)
                                         clknet_3_3__leaf_clk (net)
                  0.12    0.01    0.52 ^ _1367_/CLK (sky130_fd_sc_hd__dfxtp_4)
                          0.00    0.52   clock reconvergence pessimism
                         -0.08    0.44   library hold time
                                  0.44   data required time
-----------------------------------------------------------------------------
                                  0.44   data required time
                                 -1.59   data arrival time
-----------------------------------------------------------------------------
                                  1.15   slack (MET)


Startpoint: _1341_ (rising edge-triggered flip-flop clocked by core_clock)
Endpoint: _1341_ (rising edge-triggered flip-flop clocked by core_clock)
Path Group: core_clock
Path Type: min
Corner: Typical

Fanout     Cap    Slew   Delay    Time   Description
-----------------------------------------------------------------------------
                          0.00    0.00   clock core_clock (rise edge)
                          0.00    0.00   clock source latency
     1    0.07    0.00    0.00    0.00 ^ clk (in)
                                         clk (net)
                  0.00    0.00    0.00 ^ clkbuf_0_clk/A (sky130_fd_sc_hd__clkbuf_16)
     9    0.22    0.23    0.25    0.25 ^ clkbuf_0_clk/X (sky130_fd_sc_hd__clkbuf_16)
                                         clknet_0_clk (net)
                  0.23    0.01    0.26 ^ clkbuf_3_2__f_clk/A (sky130_fd_sc_hd__clkbuf_16)
    14    0.09    0.11    0.23    0.50 ^ clkbuf_3_2__f_clk/X (sky130_fd_sc_hd__clkbuf_16)
                                         clknet_3_2__leaf_clk (net)
                  0.11    0.01    0.51 ^ _1341_/CLK (sky130_fd_sc_hd__dfxtp_4)
     3    0.10    0.14    0.44    0.95 v _1341_/Q (sky130_fd_sc_hd__dfxtp_4)
                                         regfile_inst.registers[10][10] (net)
                  0.15    0.03    0.98 v _0801_/A (sky130_fd_sc_hd__and2_2)
     2    0.06    0.16    0.33    1.30 v _0801_/X (sky130_fd_sc_hd__and2_2)
                                         _0587_ (net)
                  0.16    0.02    1.32 v _0802_/A (sky130_fd_sc_hd__buf_2)
     1    0.05    0.13    0.26    1.58 v _0802_/X (sky130_fd_sc_hd__buf_2)
                                         _0090_ (net)
                  0.13    0.01    1.59 v _1341_/D (sky130_fd_sc_hd__dfxtp_4)
                                  1.59   data arrival time

                          0.00    0.00   clock core_clock (rise edge)
                          0.00    0.00   clock source latency
     1    0.07    0.00    0.00    0.00 ^ clk (in)
                                         clk (net)
                  0.00    0.00    0.00 ^ clkbuf_0_clk/A (sky130_fd_sc_hd__clkbuf_16)
     9    0.22    0.23    0.25    0.25 ^ clkbuf_0_clk/X (sky130_fd_sc_hd__clkbuf_16)
                                         clknet_0_clk (net)
                  0.23    0.01    0.26 ^ clkbuf_3_2__f_clk/A (sky130_fd_sc_hd__clkbuf_16)
    14    0.09    0.11    0.23    0.50 ^ clkbuf_3_2__f_clk/X (sky130_fd_sc_hd__clkbuf_16)
                                         clknet_3_2__leaf_clk (net)
                  0.11    0.01    0.51 ^ _1341_/CLK (sky130_fd_sc_hd__dfxtp_4)
                          0.00    0.51   clock reconvergence pessimism
                         -0.07    0.44   library hold time
                                  0.44   data required time
-----------------------------------------------------------------------------
                                  0.44   data required time
                                 -1.59   data arrival time
-----------------------------------------------------------------------------
                                  1.15   slack (MET)


Startpoint: _1345_ (rising edge-triggered flip-flop clocked by core_clock)
Endpoint: _1345_ (rising edge-triggered flip-flop clocked by core_clock)
Path Group: core_clock
Path Type: min
Corner: Typical

Fanout     Cap    Slew   Delay    Time   Description
-----------------------------------------------------------------------------
                          0.00    0.00   clock core_clock (rise edge)
                          0.00    0.00   clock source latency
     1    0.07    0.00    0.00    0.00 ^ clk (in)
                                         clk (net)
                  0.00    0.00    0.00 ^ clkbuf_0_clk/A (sky130_fd_sc_hd__clkbuf_16)
     9    0.22    0.23    0.25    0.25 ^ clkbuf_0_clk/X (sky130_fd_sc_hd__clkbuf_16)
                                         clknet_0_clk (net)
                  0.23    0.01    0.26 ^ clkbuf_3_7__f_clk/A (sky130_fd_sc_hd__clkbuf_16)
    12    0.09    0.11    0.24    0.50 ^ clkbuf_3_7__f_clk/X (sky130_fd_sc_hd__clkbuf_16)
                                         clknet_3_7__leaf_clk (net)
                  0.11    0.01    0.51 ^ _1345_/CLK (sky130_fd_sc_hd__dfxtp_4)
     2    0.11    0.15    0.46    0.96 v _1345_/Q (sky130_fd_sc_hd__dfxtp_4)
                                         regfile_inst.registers[10][14] (net)
                  0.16    0.03    0.99 v _0809_/A (sky130_fd_sc_hd__and2_1)
     1    0.04    0.19    0.31    1.31 v _0809_/X (sky130_fd_sc_hd__and2_1)
                                         _0591_ (net)
                  0.19    0.01    1.31 v _0810_/A (sky130_fd_sc_hd__clkbuf_2)
     1    0.04    0.16    0.26    1.57 v _0810_/X (sky130_fd_sc_hd__clkbuf_2)
                                         _0094_ (net)
                  0.16    0.01    1.58 v _1345_/D (sky130_fd_sc_hd__dfxtp_4)
                                  1.58   data arrival time

                          0.00    0.00   clock core_clock (rise edge)
                          0.00    0.00   clock source latency
     1    0.07    0.00    0.00    0.00 ^ clk (in)
                                         clk (net)
                  0.00    0.00    0.00 ^ clkbuf_0_clk/A (sky130_fd_sc_hd__clkbuf_16)
     9    0.22    0.23    0.25    0.25 ^ clkbuf_0_clk/X (sky130_fd_sc_hd__clkbuf_16)
                                         clknet_0_clk (net)
                  0.23    0.01    0.26 ^ clkbuf_3_7__f_clk/A (sky130_fd_sc_hd__clkbuf_16)
    12    0.09    0.11    0.24    0.50 ^ clkbuf_3_7__f_clk/X (sky130_fd_sc_hd__clkbuf_16)
                                         clknet_3_7__leaf_clk (net)
                  0.11    0.01    0.51 ^ _1345_/CLK (sky130_fd_sc_hd__dfxtp_4)
                          0.00    0.51   clock reconvergence pessimism
                         -0.08    0.43   library hold time
                                  0.43   data required time
-----------------------------------------------------------------------------
                                  0.43   data required time
                                 -1.58   data arrival time
-----------------------------------------------------------------------------
                                  1.15   slack (MET)


Startpoint: _1379_ (rising edge-triggered flip-flop clocked by core_clock)
Endpoint: _1380_ (rising edge-triggered flip-flop clocked by core_clock)
Path Group: core_clock
Path Type: min
Corner: Typical

Fanout     Cap    Slew   Delay    Time   Description
-----------------------------------------------------------------------------
                          0.00    0.00   clock core_clock (rise edge)
                          0.00    0.00   clock source latency
     1    0.07    0.00    0.00    0.00 ^ clk (in)
                                         clk (net)
                  0.00    0.00    0.00 ^ clkbuf_0_clk/A (sky130_fd_sc_hd__clkbuf_16)
     9    0.22    0.23    0.25    0.25 ^ clkbuf_0_clk/X (sky130_fd_sc_hd__clkbuf_16)
                                         clknet_0_clk (net)
                  0.23    0.01    0.26 ^ clkbuf_3_1__f_clk/A (sky130_fd_sc_hd__clkbuf_16)
    13    0.09    0.11    0.24    0.50 ^ clkbuf_3_1__f_clk/X (sky130_fd_sc_hd__clkbuf_16)
                                         clknet_3_1__leaf_clk (net)
                  0.11    0.00    0.51 ^ _1379_/CLK (sky130_fd_sc_hd__dfxtp_4)
     5    0.20    0.24    0.53    1.04 v _1379_/Q (sky130_fd_sc_hd__dfxtp_4)
                                         display_inst.digit_select[0] (net)
                  0.24    0.01    1.05 v _0685_/A (sky130_fd_sc_hd__nand2_4)
     2    0.08    0.25    0.29    1.34 ^ _0685_/Y (sky130_fd_sc_hd__nand2_4)
                                         net3 (net)
                  0.25    0.01    1.35 ^ _0888_/A1 (sky130_fd_sc_hd__o21ai_4)
     6    0.08    0.19    0.21    1.56 v _0888_/Y (sky130_fd_sc_hd__o21ai_4)
                                         _0129_ (net)
                  0.20    0.03    1.59 v _1380_/D (sky130_fd_sc_hd__dfxtp_4)
                                  1.59   data arrival time

                          0.00    0.00   clock core_clock (rise edge)
                          0.00    0.00   clock source latency
     1    0.07    0.00    0.00    0.00 ^ clk (in)
                                         clk (net)
                  0.00    0.00    0.00 ^ clkbuf_0_clk/A (sky130_fd_sc_hd__clkbuf_16)
     9    0.22    0.23    0.25    0.25 ^ clkbuf_0_clk/X (sky130_fd_sc_hd__clkbuf_16)
                                         clknet_0_clk (net)
                  0.23    0.01    0.26 ^ clkbuf_3_3__f_clk/A (sky130_fd_sc_hd__clkbuf_16)
    10    0.10    0.12    0.25    0.51 ^ clkbuf_3_3__f_clk/X (sky130_fd_sc_hd__clkbuf_16)
                                         clknet_3_3__leaf_clk (net)
                  0.12    0.01    0.52 ^ _1380_/CLK (sky130_fd_sc_hd__dfxtp_4)
                          0.00    0.52   clock reconvergence pessimism
                         -0.09    0.43   library hold time
                                  0.43   data required time
-----------------------------------------------------------------------------
                                  0.43   data required time
                                 -1.59   data arrival time
-----------------------------------------------------------------------------
                                  1.16   slack (MET)


Startpoint: _1353_ (rising edge-triggered flip-flop clocked by core_clock)
Endpoint: _1353_ (rising edge-triggered flip-flop clocked by core_clock)
Path Group: core_clock
Path Type: min
Corner: Typical

Fanout     Cap    Slew   Delay    Time   Description
-----------------------------------------------------------------------------
                          0.00    0.00   clock core_clock (rise edge)
                          0.00    0.00   clock source latency
     1    0.07    0.00    0.00    0.00 ^ clk (in)
                                         clk (net)
                  0.00    0.00    0.00 ^ clkbuf_0_clk/A (sky130_fd_sc_hd__clkbuf_16)
     9    0.22    0.23    0.25    0.25 ^ clkbuf_0_clk/X (sky130_fd_sc_hd__clkbuf_16)
                                         clknet_0_clk (net)
                  0.23    0.01    0.26 ^ clkbuf_3_6__f_clk/A (sky130_fd_sc_hd__clkbuf_16)
    15    0.10    0.12    0.25    0.51 ^ clkbuf_3_6__f_clk/X (sky130_fd_sc_hd__clkbuf_16)
                                         clknet_3_6__leaf_clk (net)
                  0.12    0.01    0.52 ^ _1353_/CLK (sky130_fd_sc_hd__dfxtp_4)
     5    0.13    0.18    0.47    0.99 v _1353_/Q (sky130_fd_sc_hd__dfxtp_4)
                                         regfile_inst.registers[25][6] (net)
                  0.18    0.00    0.99 v _0827_/A0 (sky130_fd_sc_hd__mux2_1)
     1    0.01    0.11    0.40    1.39 v _0827_/X (sky130_fd_sc_hd__mux2_1)
                                         _0601_ (net)
                  0.11    0.00    1.39 v _0828_/A (sky130_fd_sc_hd__buf_1)
     1    0.03    0.15    0.21    1.61 v _0828_/X (sky130_fd_sc_hd__buf_1)
                                         _0102_ (net)
                  0.15    0.00    1.61 v _1353_/D (sky130_fd_sc_hd__dfxtp_4)
                                  1.61   data arrival time

                          0.00    0.00   clock core_clock (rise edge)
                          0.00    0.00   clock source latency
     1    0.07    0.00    0.00    0.00 ^ clk (in)
                                         clk (net)
                  0.00    0.00    0.00 ^ clkbuf_0_clk/A (sky130_fd_sc_hd__clkbuf_16)
     9    0.22    0.23    0.25    0.25 ^ clkbuf_0_clk/X (sky130_fd_sc_hd__clkbuf_16)
                                         clknet_0_clk (net)
                  0.23    0.01    0.26 ^ clkbuf_3_6__f_clk/A (sky130_fd_sc_hd__clkbuf_16)
    15    0.10    0.12    0.25    0.51 ^ clkbuf_3_6__f_clk/X (sky130_fd_sc_hd__clkbuf_16)
                                         clknet_3_6__leaf_clk (net)
                  0.12    0.01    0.52 ^ _1353_/CLK (sky130_fd_sc_hd__dfxtp_4)
                          0.00    0.52   clock reconvergence pessimism
                         -0.07    0.45   library hold time
                                  0.45   data required time
-----------------------------------------------------------------------------
                                  0.45   data required time
                                 -1.61   data arrival time
-----------------------------------------------------------------------------
                                  1.16   slack (MET)


Startpoint: _1317_ (rising edge-triggered flip-flop clocked by core_clock)
Endpoint: _1317_ (rising edge-triggered flip-flop clocked by core_clock)
Path Group: core_clock
Path Type: min
Corner: Typical

Fanout     Cap    Slew   Delay    Time   Description
-----------------------------------------------------------------------------
                          0.00    0.00   clock core_clock (rise edge)
                          0.00    0.00   clock source latency
     1    0.07    0.00    0.00    0.00 ^ clk (in)
                                         clk (net)
                  0.00    0.00    0.00 ^ clkbuf_0_clk/A (sky130_fd_sc_hd__clkbuf_16)
     9    0.22    0.23    0.25    0.25 ^ clkbuf_0_clk/X (sky130_fd_sc_hd__clkbuf_16)
                                         clknet_0_clk (net)
                  0.23    0.01    0.26 ^ clkbuf_3_2__f_clk/A (sky130_fd_sc_hd__clkbuf_16)
    14    0.09    0.11    0.23    0.50 ^ clkbuf_3_2__f_clk/X (sky130_fd_sc_hd__clkbuf_16)
                                         clknet_3_2__leaf_clk (net)
                  0.11    0.01    0.51 ^ _1317_/CLK (sky130_fd_sc_hd__dfrtp_4)
     3    0.09    0.17    0.61    1.12 v _1317_/Q (sky130_fd_sc_hd__dfrtp_4)
                                         imem_inst.address[18] (net)
                  0.17    0.01    1.14 v _0931_/B1 (sky130_fd_sc_hd__a21oi_4)
     1    0.04    0.29    0.31    1.44 ^ _0931_/Y (sky130_fd_sc_hd__a21oi_4)
                                         _0159_ (net)
                  0.29    0.01    1.45 ^ _0932_/B (sky130_fd_sc_hd__nor2_4)
     1    0.07    0.13    0.15    1.60 v _0932_/Y (sky130_fd_sc_hd__nor2_4)
                                         _0066_ (net)
                  0.14    0.01    1.61 v _1317_/D (sky130_fd_sc_hd__dfrtp_4)
                                  1.61   data arrival time

                          0.00    0.00   clock core_clock (rise edge)
                          0.00    0.00   clock source latency
     1    0.07    0.00    0.00    0.00 ^ clk (in)
                                         clk (net)
                  0.00    0.00    0.00 ^ clkbuf_0_clk/A (sky130_fd_sc_hd__clkbuf_16)
     9    0.22    0.23    0.25    0.25 ^ clkbuf_0_clk/X (sky130_fd_sc_hd__clkbuf_16)
                                         clknet_0_clk (net)
                  0.23    0.01    0.26 ^ clkbuf_3_2__f_clk/A (sky130_fd_sc_hd__clkbuf_16)
    14    0.09    0.11    0.23    0.50 ^ clkbuf_3_2__f_clk/X (sky130_fd_sc_hd__clkbuf_16)
                                         clknet_3_2__leaf_clk (net)
                  0.11    0.01    0.51 ^ _1317_/CLK (sky130_fd_sc_hd__dfrtp_4)
                          0.00    0.51   clock reconvergence pessimism
                         -0.06    0.44   library hold time
                                  0.44   data required time
-----------------------------------------------------------------------------
                                  0.44   data required time
                                 -1.61   data arrival time
-----------------------------------------------------------------------------
                                  1.17   slack (MET)


Startpoint: _1364_ (rising edge-triggered flip-flop clocked by core_clock)
Endpoint: _1364_ (rising edge-triggered flip-flop clocked by core_clock)
Path Group: core_clock
Path Type: min
Corner: Typical

Fanout     Cap    Slew   Delay    Time   Description
-----------------------------------------------------------------------------
                          0.00    0.00   clock core_clock (rise edge)
                          0.00    0.00   clock source latency
     1    0.07    0.00    0.00    0.00 ^ clk (in)
                                         clk (net)
                  0.00    0.00    0.00 ^ clkbuf_0_clk/A (sky130_fd_sc_hd__clkbuf_16)
     9    0.22    0.23    0.25    0.25 ^ clkbuf_0_clk/X (sky130_fd_sc_hd__clkbuf_16)
                                         clknet_0_clk (net)
                  0.23    0.01    0.26 ^ clkbuf_3_4__f_clk/A (sky130_fd_sc_hd__clkbuf_16)
    12    0.09    0.11    0.24    0.50 ^ clkbuf_3_4__f_clk/X (sky130_fd_sc_hd__clkbuf_16)
                                         clknet_3_4__leaf_clk (net)
                  0.11    0.00    0.51 ^ _1364_/CLK (sky130_fd_sc_hd__dfxtp_2)
     2    0.05    0.13    0.42    0.93 v _1364_/Q (sky130_fd_sc_hd__dfxtp_2)
                                         regfile_inst.registers[15][1] (net)
                  0.13    0.01    0.93 v _0856_/A (sky130_fd_sc_hd__or2_4)
     1    0.07    0.13    0.37    1.30 v _0856_/X (sky130_fd_sc_hd__or2_4)
                                         _0619_ (net)
                  0.13    0.02    1.32 v _0857_/A (sky130_fd_sc_hd__clkbuf_2)
     1    0.05    0.19    0.26    1.59 v _0857_/X (sky130_fd_sc_hd__clkbuf_2)
                                         _0113_ (net)
                  0.19    0.01    1.59 v _1364_/D (sky130_fd_sc_hd__dfxtp_2)
                                  1.59   data arrival time

                          0.00    0.00   clock core_clock (rise edge)
                          0.00    0.00   clock source latency
     1    0.07    0.00    0.00    0.00 ^ clk (in)
                                         clk (net)
                  0.00    0.00    0.00 ^ clkbuf_0_clk/A (sky130_fd_sc_hd__clkbuf_16)
     9    0.22    0.23    0.25    0.25 ^ clkbuf_0_clk/X (sky130_fd_sc_hd__clkbuf_16)
                                         clknet_0_clk (net)
                  0.23    0.01    0.26 ^ clkbuf_3_4__f_clk/A (sky130_fd_sc_hd__clkbuf_16)
    12    0.09    0.11    0.24    0.50 ^ clkbuf_3_4__f_clk/X (sky130_fd_sc_hd__clkbuf_16)
                                         clknet_3_4__leaf_clk (net)
                  0.11    0.00    0.51 ^ _1364_/CLK (sky130_fd_sc_hd__dfxtp_2)
                          0.00    0.51   clock reconvergence pessimism
                         -0.09    0.42   library hold time
                                  0.42   data required time
-----------------------------------------------------------------------------
                                  0.42   data required time
                                 -1.59   data arrival time
-----------------------------------------------------------------------------
                                  1.18   slack (MET)


Startpoint: _1371_ (rising edge-triggered flip-flop clocked by core_clock)
Endpoint: _1371_ (rising edge-triggered flip-flop clocked by core_clock)
Path Group: core_clock
Path Type: min
Corner: Typical

Fanout     Cap    Slew   Delay    Time   Description
-----------------------------------------------------------------------------
                          0.00    0.00   clock core_clock (rise edge)
                          0.00    0.00   clock source latency
     1    0.07    0.00    0.00    0.00 ^ clk (in)
                                         clk (net)
                  0.00    0.00    0.00 ^ clkbuf_0_clk/A (sky130_fd_sc_hd__clkbuf_16)
     9    0.22    0.23    0.25    0.25 ^ clkbuf_0_clk/X (sky130_fd_sc_hd__clkbuf_16)
                                         clknet_0_clk (net)
                  0.23    0.01    0.26 ^ clkbuf_3_6__f_clk/A (sky130_fd_sc_hd__clkbuf_16)
    15    0.10    0.12    0.25    0.51 ^ clkbuf_3_6__f_clk/X (sky130_fd_sc_hd__clkbuf_16)
                                         clknet_3_6__leaf_clk (net)
                  0.12    0.01    0.52 ^ _1371_/CLK (sky130_fd_sc_hd__dfxtp_2)
     2    0.05    0.11    0.42    0.94 v _1371_/Q (sky130_fd_sc_hd__dfxtp_2)
                                         regfile_inst.registers[15][8] (net)
                  0.11    0.00    0.94 v _0870_/A (sky130_fd_sc_hd__and2_2)
     2    0.08    0.19    0.33    1.27 v _0870_/X (sky130_fd_sc_hd__and2_2)
                                         _0626_ (net)
                  0.19    0.02    1.29 v _0871_/A (sky130_fd_sc_hd__clkbuf_4)
     5    0.08    0.17    0.31    1.60 v _0871_/X (sky130_fd_sc_hd__clkbuf_4)
                                         _0120_ (net)
                  0.17    0.02    1.62 v _1371_/D (sky130_fd_sc_hd__dfxtp_2)
                                  1.62   data arrival time

                          0.00    0.00   clock core_clock (rise edge)
                          0.00    0.00   clock source latency
     1    0.07    0.00    0.00    0.00 ^ clk (in)
                                         clk (net)
                  0.00    0.00    0.00 ^ clkbuf_0_clk/A (sky130_fd_sc_hd__clkbuf_16)
     9    0.22    0.23    0.25    0.25 ^ clkbuf_0_clk/X (sky130_fd_sc_hd__clkbuf_16)
                                         clknet_0_clk (net)
                  0.23    0.01    0.26 ^ clkbuf_3_6__f_clk/A (sky130_fd_sc_hd__clkbuf_16)
    15    0.10    0.12    0.25    0.51 ^ clkbuf_3_6__f_clk/X (sky130_fd_sc_hd__clkbuf_16)
                                         clknet_3_6__leaf_clk (net)
                  0.12    0.01    0.52 ^ _1371_/CLK (sky130_fd_sc_hd__dfxtp_2)
                          0.00    0.52   clock reconvergence pessimism
                         -0.08    0.44   library hold time
                                  0.44   data required time
-----------------------------------------------------------------------------
                                  0.44   data required time
                                 -1.62   data arrival time
-----------------------------------------------------------------------------
                                  1.18   slack (MET)


Startpoint: _1369_ (rising edge-triggered flip-flop clocked by core_clock)
Endpoint: _1369_ (rising edge-triggered flip-flop clocked by core_clock)
Path Group: core_clock
Path Type: min
Corner: Typical

Fanout     Cap    Slew   Delay    Time   Description
-----------------------------------------------------------------------------
                          0.00    0.00   clock core_clock (rise edge)
                          0.00    0.00   clock source latency
     1    0.07    0.00    0.00    0.00 ^ clk (in)
                                         clk (net)
                  0.00    0.00    0.00 ^ clkbuf_0_clk/A (sky130_fd_sc_hd__clkbuf_16)
     9    0.22    0.23    0.25    0.25 ^ clkbuf_0_clk/X (sky130_fd_sc_hd__clkbuf_16)
                                         clknet_0_clk (net)
                  0.23    0.01    0.26 ^ clkbuf_3_2__f_clk/A (sky130_fd_sc_hd__clkbuf_16)
    14    0.09    0.11    0.23    0.50 ^ clkbuf_3_2__f_clk/X (sky130_fd_sc_hd__clkbuf_16)
                                         clknet_3_2__leaf_clk (net)
                  0.11    0.01    0.51 ^ _1369_/CLK (sky130_fd_sc_hd__dfxtp_4)
     2    0.13    0.18    0.47    0.97 v _1369_/Q (sky130_fd_sc_hd__dfxtp_4)
                                         regfile_inst.registers[15][6] (net)
                  0.19    0.03    1.01 v _0866_/A (sky130_fd_sc_hd__and2_2)
     2    0.04    0.11    0.31    1.32 v _0866_/X (sky130_fd_sc_hd__and2_2)
                                         _0624_ (net)
                  0.11    0.01    1.32 v _0867_/A (sky130_fd_sc_hd__dlymetal6s2s_1)
     2    0.03    0.17    0.27    1.60 v _0867_/X (sky130_fd_sc_hd__dlymetal6s2s_1)
                                         _0118_ (net)
                  0.17    0.00    1.60 v _1369_/D (sky130_fd_sc_hd__dfxtp_4)
                                  1.60   data arrival time

                          0.00    0.00   clock core_clock (rise edge)
                          0.00    0.00   clock source latency
     1    0.07    0.00    0.00    0.00 ^ clk (in)
                                         clk (net)
                  0.00    0.00    0.00 ^ clkbuf_0_clk/A (sky130_fd_sc_hd__clkbuf_16)
     9    0.22    0.23    0.25    0.25 ^ clkbuf_0_clk/X (sky130_fd_sc_hd__clkbuf_16)
                                         clknet_0_clk (net)
                  0.23    0.01    0.26 ^ clkbuf_3_2__f_clk/A (sky130_fd_sc_hd__clkbuf_16)
    14    0.09    0.11    0.23    0.50 ^ clkbuf_3_2__f_clk/X (sky130_fd_sc_hd__clkbuf_16)
                                         clknet_3_2__leaf_clk (net)
                  0.11    0.01    0.51 ^ _1369_/CLK (sky130_fd_sc_hd__dfxtp_4)
                          0.00    0.51   clock reconvergence pessimism
                         -0.08    0.42   library hold time
                                  0.42   data required time
-----------------------------------------------------------------------------
                                  0.42   data required time
                                 -1.60   data arrival time
-----------------------------------------------------------------------------
                                  1.18   slack (MET)


Startpoint: _1313_ (rising edge-triggered flip-flop clocked by core_clock)
Endpoint: _1313_ (rising edge-triggered flip-flop clocked by core_clock)
Path Group: core_clock
Path Type: min
Corner: Typical

Fanout     Cap    Slew   Delay    Time   Description
-----------------------------------------------------------------------------
                          0.00    0.00   clock core_clock (rise edge)
                          0.00    0.00   clock source latency
     1    0.07    0.00    0.00    0.00 ^ clk (in)
                                         clk (net)
                  0.00    0.00    0.00 ^ clkbuf_0_clk/A (sky130_fd_sc_hd__clkbuf_16)
     9    0.22    0.23    0.25    0.25 ^ clkbuf_0_clk/X (sky130_fd_sc_hd__clkbuf_16)
                                         clknet_0_clk (net)
                  0.23    0.01    0.26 ^ clkbuf_3_3__f_clk/A (sky130_fd_sc_hd__clkbuf_16)
    10    0.10    0.12    0.25    0.51 ^ clkbuf_3_3__f_clk/X (sky130_fd_sc_hd__clkbuf_16)
                                         clknet_3_3__leaf_clk (net)
                  0.12    0.01    0.52 ^ _1313_/CLK (sky130_fd_sc_hd__dfrtp_4)
     4    0.07    0.22    0.57    1.09 ^ _1313_/Q (sky130_fd_sc_hd__dfrtp_4)
                                         imem_inst.address[14] (net)
                  0.22    0.00    1.09 ^ rebuffer31/A (sky130_fd_sc_hd__dlygate4sd1_1)
     1    0.02    0.24    0.37    1.46 ^ rebuffer31/X (sky130_fd_sc_hd__dlygate4sd1_1)
                                         net53 (net)
                  0.24    0.00    1.46 ^ _0938_/A (sky130_fd_sc_hd__xor2_1)
     1    0.02    0.10    0.19    1.66 v _0938_/X (sky130_fd_sc_hd__xor2_1)
                                         _0062_ (net)
                  0.10    0.00    1.66 v _1313_/D (sky130_fd_sc_hd__dfrtp_4)
                                  1.66   data arrival time

                          0.00    0.00   clock core_clock (rise edge)
                          0.00    0.00   clock source latency
     1    0.07    0.00    0.00    0.00 ^ clk (in)
                                         clk (net)
                  0.00    0.00    0.00 ^ clkbuf_0_clk/A (sky130_fd_sc_hd__clkbuf_16)
     9    0.22    0.23    0.25    0.25 ^ clkbuf_0_clk/X (sky130_fd_sc_hd__clkbuf_16)
                                         clknet_0_clk (net)
                  0.23    0.01    0.26 ^ clkbuf_3_3__f_clk/A (sky130_fd_sc_hd__clkbuf_16)
    10    0.10    0.12    0.25    0.51 ^ clkbuf_3_3__f_clk/X (sky130_fd_sc_hd__clkbuf_16)
                                         clknet_3_3__leaf_clk (net)
                  0.12    0.01    0.52 ^ _1313_/CLK (sky130_fd_sc_hd__dfrtp_4)
                          0.00    0.52   clock reconvergence pessimism
                         -0.05    0.48   library hold time
                                  0.48   data required time
-----------------------------------------------------------------------------
                                  0.48   data required time
                                 -1.66   data arrival time
-----------------------------------------------------------------------------
                                  1.18   slack (MET)


Startpoint: _1350_ (rising edge-triggered flip-flop clocked by core_clock)
Endpoint: _1350_ (rising edge-triggered flip-flop clocked by core_clock)
Path Group: core_clock
Path Type: min
Corner: Typical

Fanout     Cap    Slew   Delay    Time   Description
-----------------------------------------------------------------------------
                          0.00    0.00   clock core_clock (rise edge)
                          0.00    0.00   clock source latency
     1    0.07    0.00    0.00    0.00 ^ clk (in)
                                         clk (net)
                  0.00    0.00    0.00 ^ clkbuf_0_clk/A (sky130_fd_sc_hd__clkbuf_16)
     9    0.22    0.23    0.25    0.25 ^ clkbuf_0_clk/X (sky130_fd_sc_hd__clkbuf_16)
                                         clknet_0_clk (net)
                  0.23    0.01    0.26 ^ clkbuf_3_2__f_clk/A (sky130_fd_sc_hd__clkbuf_16)
    14    0.09    0.11    0.23    0.50 ^ clkbuf_3_2__f_clk/X (sky130_fd_sc_hd__clkbuf_16)
                                         clknet_3_2__leaf_clk (net)
                  0.11    0.01    0.50 ^ _1350_/CLK (sky130_fd_sc_hd__dfxtp_4)
     3    0.12    0.16    0.48    0.98 v _1350_/Q (sky130_fd_sc_hd__dfxtp_4)
                                         regfile_inst.registers[25][3] (net)
                  0.16    0.01    0.99 v _0821_/A0 (sky130_fd_sc_hd__mux2_1)
     1    0.01    0.09    0.37    1.36 v _0821_/X (sky130_fd_sc_hd__mux2_1)
                                         _0598_ (net)
                  0.09    0.00    1.36 v _0822_/A (sky130_fd_sc_hd__buf_4)
     2    0.10    0.13    0.23    1.59 v _0822_/X (sky130_fd_sc_hd__buf_4)
                                         _0099_ (net)
                  0.14    0.03    1.62 v _1350_/D (sky130_fd_sc_hd__dfxtp_4)
                                  1.62   data arrival time

                          0.00    0.00   clock core_clock (rise edge)
                          0.00    0.00   clock source latency
     1    0.07    0.00    0.00    0.00 ^ clk (in)
                                         clk (net)
                  0.00    0.00    0.00 ^ clkbuf_0_clk/A (sky130_fd_sc_hd__clkbuf_16)
     9    0.22    0.23    0.25    0.25 ^ clkbuf_0_clk/X (sky130_fd_sc_hd__clkbuf_16)
                                         clknet_0_clk (net)
                  0.23    0.01    0.26 ^ clkbuf_3_2__f_clk/A (sky130_fd_sc_hd__clkbuf_16)
    14    0.09    0.11    0.23    0.50 ^ clkbuf_3_2__f_clk/X (sky130_fd_sc_hd__clkbuf_16)
                                         clknet_3_2__leaf_clk (net)
                  0.11    0.01    0.50 ^ _1350_/CLK (sky130_fd_sc_hd__dfxtp_4)
                          0.00    0.50   clock reconvergence pessimism
                         -0.07    0.43   library hold time
                                  0.43   data required time
-----------------------------------------------------------------------------
                                  0.43   data required time
                                 -1.62   data arrival time
-----------------------------------------------------------------------------
                                  1.18   slack (MET)


Startpoint: _1311_ (rising edge-triggered flip-flop clocked by core_clock)
Endpoint: _1311_ (rising edge-triggered flip-flop clocked by core_clock)
Path Group: core_clock
Path Type: min
Corner: Typical

Fanout     Cap    Slew   Delay    Time   Description
-----------------------------------------------------------------------------
                          0.00    0.00   clock core_clock (rise edge)
                          0.00    0.00   clock source latency
     1    0.07    0.00    0.00    0.00 ^ clk (in)
                                         clk (net)
                  0.00    0.00    0.00 ^ clkbuf_0_clk/A (sky130_fd_sc_hd__clkbuf_16)
     9    0.22    0.23    0.25    0.25 ^ clkbuf_0_clk/X (sky130_fd_sc_hd__clkbuf_16)
                                         clknet_0_clk (net)
                  0.23    0.01    0.26 ^ clkbuf_3_2__f_clk/A (sky130_fd_sc_hd__clkbuf_16)
    14    0.09    0.11    0.23    0.50 ^ clkbuf_3_2__f_clk/X (sky130_fd_sc_hd__clkbuf_16)
                                         clknet_3_2__leaf_clk (net)
                  0.11    0.00    0.50 ^ _1311_/CLK (sky130_fd_sc_hd__dfrtp_4)
     3    0.10    0.29    0.62    1.12 ^ _1311_/Q (sky130_fd_sc_hd__dfrtp_4)
                                         imem_inst.address[12] (net)
                  0.30    0.01    1.13 ^ _0941_/B1 (sky130_fd_sc_hd__a21oi_2)
     1    0.03    0.11    0.14    1.26 v _0941_/Y (sky130_fd_sc_hd__a21oi_2)
                                         _0163_ (net)
                  0.11    0.00    1.26 v _0942_/B (sky130_fd_sc_hd__nor2_1)
     1    0.02    0.37    0.32    1.59 ^ _0942_/Y (sky130_fd_sc_hd__nor2_1)
                                         _0060_ (net)
                  0.37    0.00    1.59 ^ _1311_/D (sky130_fd_sc_hd__dfrtp_4)
                                  1.59   data arrival time

                          0.00    0.00   clock core_clock (rise edge)
                          0.00    0.00   clock source latency
     1    0.07    0.00    0.00    0.00 ^ clk (in)
                                         clk (net)
                  0.00    0.00    0.00 ^ clkbuf_0_clk/A (sky130_fd_sc_hd__clkbuf_16)
     9    0.22    0.23    0.25    0.25 ^ clkbuf_0_clk/X (sky130_fd_sc_hd__clkbuf_16)
                                         clknet_0_clk (net)
                  0.23    0.01    0.26 ^ clkbuf_3_2__f_clk/A (sky130_fd_sc_hd__clkbuf_16)
    14    0.09    0.11    0.23    0.50 ^ clkbuf_3_2__f_clk/X (sky130_fd_sc_hd__clkbuf_16)
                                         clknet_3_2__leaf_clk (net)
                  0.11    0.00    0.50 ^ _1311_/CLK (sky130_fd_sc_hd__dfrtp_4)
                          0.00    0.50   clock reconvergence pessimism
                         -0.09    0.40   library hold time
                                  0.40   data required time
-----------------------------------------------------------------------------
                                  0.40   data required time
                                 -1.59   data arrival time
-----------------------------------------------------------------------------
                                  1.19   slack (MET)


Startpoint: _1378_ (rising edge-triggered flip-flop clocked by core_clock)
Endpoint: _1378_ (rising edge-triggered flip-flop clocked by core_clock)
Path Group: core_clock
Path Type: min
Corner: Typical

Fanout     Cap    Slew   Delay    Time   Description
-----------------------------------------------------------------------------
                          0.00    0.00   clock core_clock (rise edge)
                          0.00    0.00   clock source latency
     1    0.07    0.00    0.00    0.00 ^ clk (in)
                                         clk (net)
                  0.00    0.00    0.00 ^ clkbuf_0_clk/A (sky130_fd_sc_hd__clkbuf_16)
     9    0.22    0.23    0.25    0.25 ^ clkbuf_0_clk/X (sky130_fd_sc_hd__clkbuf_16)
                                         clknet_0_clk (net)
                  0.23    0.01    0.26 ^ clkbuf_3_0__f_clk/A (sky130_fd_sc_hd__clkbuf_16)
    16    0.11    0.12    0.25    0.52 ^ clkbuf_3_0__f_clk/X (sky130_fd_sc_hd__clkbuf_16)
                                         clknet_3_0__leaf_clk (net)
                  0.12    0.00    0.52 ^ _1378_/CLK (sky130_fd_sc_hd__dfxtp_4)
     4    0.16    0.21    0.49    1.01 v _1378_/Q (sky130_fd_sc_hd__dfxtp_4)
                                         regfile_inst.registers[15][15] (net)
                  0.22    0.04    1.04 v _0884_/A (sky130_fd_sc_hd__and2_2)
     1    0.08    0.18    0.39    1.43 v _0884_/X (sky130_fd_sc_hd__and2_2)
                                         _0633_ (net)
                  0.18    0.01    1.44 v _0885_/A (sky130_fd_sc_hd__buf_1)
     1    0.02    0.12    0.22    1.66 v _0885_/X (sky130_fd_sc_hd__buf_1)
                                         _0127_ (net)
                  0.12    0.00    1.66 v _1378_/D (sky130_fd_sc_hd__dfxtp_4)
                                  1.66   data arrival time

                          0.00    0.00   clock core_clock (rise edge)
                          0.00    0.00   clock source latency
     1    0.07    0.00    0.00    0.00 ^ clk (in)
                                         clk (net)
                  0.00    0.00    0.00 ^ clkbuf_0_clk/A (sky130_fd_sc_hd__clkbuf_16)
     9    0.22    0.23    0.25    0.25 ^ clkbuf_0_clk/X (sky130_fd_sc_hd__clkbuf_16)
                                         clknet_0_clk (net)
                  0.23    0.01    0.26 ^ clkbuf_3_0__f_clk/A (sky130_fd_sc_hd__clkbuf_16)
    16    0.11    0.12    0.25    0.52 ^ clkbuf_3_0__f_clk/X (sky130_fd_sc_hd__clkbuf_16)
                                         clknet_3_0__leaf_clk (net)
                  0.12    0.00    0.52 ^ _1378_/CLK (sky130_fd_sc_hd__dfxtp_4)
                          0.00    0.52   clock reconvergence pessimism
                         -0.06    0.46   library hold time
                                  0.46   data required time
-----------------------------------------------------------------------------
                                  0.46   data required time
                                 -1.66   data arrival time
-----------------------------------------------------------------------------
                                  1.20   slack (MET)


Startpoint: _1344_ (rising edge-triggered flip-flop clocked by core_clock)
Endpoint: _1344_ (rising edge-triggered flip-flop clocked by core_clock)
Path Group: core_clock
Path Type: min
Corner: Typical

Fanout     Cap    Slew   Delay    Time   Description
-----------------------------------------------------------------------------
                          0.00    0.00   clock core_clock (rise edge)
                          0.00    0.00   clock source latency
     1    0.07    0.00    0.00    0.00 ^ clk (in)
                                         clk (net)
                  0.00    0.00    0.00 ^ clkbuf_0_clk/A (sky130_fd_sc_hd__clkbuf_16)
     9    0.22    0.23    0.25    0.25 ^ clkbuf_0_clk/X (sky130_fd_sc_hd__clkbuf_16)
                                         clknet_0_clk (net)
                  0.23    0.01    0.26 ^ clkbuf_3_0__f_clk/A (sky130_fd_sc_hd__clkbuf_16)
    16    0.11    0.12    0.25    0.52 ^ clkbuf_3_0__f_clk/X (sky130_fd_sc_hd__clkbuf_16)
                                         clknet_3_0__leaf_clk (net)
                  0.13    0.01    0.52 ^ _1344_/CLK (sky130_fd_sc_hd__dfxtp_4)
     3    0.16    0.21    0.49    1.01 v _1344_/Q (sky130_fd_sc_hd__dfxtp_4)
                                         regfile_inst.registers[10][13] (net)
                  0.22    0.04    1.05 v _0807_/A (sky130_fd_sc_hd__and2_4)
     2    0.08    0.11    0.28    1.34 v _0807_/X (sky130_fd_sc_hd__and2_4)
                                         _0590_ (net)
                  0.12    0.02    1.36 v _0808_/A (sky130_fd_sc_hd__clkbuf_4)
     1    0.08    0.17    0.27    1.63 v _0808_/X (sky130_fd_sc_hd__clkbuf_4)
                                         _0093_ (net)
                  0.17    0.02    1.65 v _1344_/D (sky130_fd_sc_hd__dfxtp_4)
                                  1.65   data arrival time

                          0.00    0.00   clock core_clock (rise edge)
                          0.00    0.00   clock source latency
     1    0.07    0.00    0.00    0.00 ^ clk (in)
                                         clk (net)
                  0.00    0.00    0.00 ^ clkbuf_0_clk/A (sky130_fd_sc_hd__clkbuf_16)
     9    0.22    0.23    0.25    0.25 ^ clkbuf_0_clk/X (sky130_fd_sc_hd__clkbuf_16)
                                         clknet_0_clk (net)
                  0.23    0.01    0.26 ^ clkbuf_3_0__f_clk/A (sky130_fd_sc_hd__clkbuf_16)
    16    0.11    0.12    0.25    0.52 ^ clkbuf_3_0__f_clk/X (sky130_fd_sc_hd__clkbuf_16)
                                         clknet_3_0__leaf_clk (net)
                  0.13    0.01    0.52 ^ _1344_/CLK (sky130_fd_sc_hd__dfxtp_4)
                          0.00    0.52   clock reconvergence pessimism
                         -0.08    0.44   library hold time
                                  0.44   data required time
-----------------------------------------------------------------------------
                                  0.44   data required time
                                 -1.65   data arrival time
-----------------------------------------------------------------------------
                                  1.21   slack (MET)


Startpoint: _1312_ (rising edge-triggered flip-flop clocked by core_clock)
Endpoint: _1312_ (rising edge-triggered flip-flop clocked by core_clock)
Path Group: core_clock
Path Type: min
Corner: Typical

Fanout     Cap    Slew   Delay    Time   Description
-----------------------------------------------------------------------------
                          0.00    0.00   clock core_clock (rise edge)
                          0.00    0.00   clock source latency
     1    0.07    0.00    0.00    0.00 ^ clk (in)
                                         clk (net)
                  0.00    0.00    0.00 ^ clkbuf_0_clk/A (sky130_fd_sc_hd__clkbuf_16)
     9    0.22    0.23    0.25    0.25 ^ clkbuf_0_clk/X (sky130_fd_sc_hd__clkbuf_16)
                                         clknet_0_clk (net)
                  0.23    0.01    0.26 ^ clkbuf_3_4__f_clk/A (sky130_fd_sc_hd__clkbuf_16)
    12    0.09    0.11    0.24    0.50 ^ clkbuf_3_4__f_clk/X (sky130_fd_sc_hd__clkbuf_16)
                                         clknet_3_4__leaf_clk (net)
                  0.11    0.00    0.51 ^ _1312_/CLK (sky130_fd_sc_hd__dfrtp_4)
     3    0.05    0.17    0.53    1.03 ^ _1312_/Q (sky130_fd_sc_hd__dfrtp_4)
                                         imem_inst.address[13] (net)
                  0.17    0.00    1.03 ^ _0939_/A (sky130_fd_sc_hd__nor2_2)
     1    0.05    0.14    0.16    1.20 v _0939_/Y (sky130_fd_sc_hd__nor2_2)
                                         _0162_ (net)
                  0.14    0.00    1.20 v _0940_/B (sky130_fd_sc_hd__nor2_2)
     1    0.04    0.46    0.40    1.60 ^ _0940_/Y (sky130_fd_sc_hd__nor2_2)
                                         _0061_ (net)
                  0.46    0.01    1.61 ^ _1312_/D (sky130_fd_sc_hd__dfrtp_4)
                                  1.61   data arrival time

                          0.00    0.00   clock core_clock (rise edge)
                          0.00    0.00   clock source latency
     1    0.07    0.00    0.00    0.00 ^ clk (in)
                                         clk (net)
                  0.00    0.00    0.00 ^ clkbuf_0_clk/A (sky130_fd_sc_hd__clkbuf_16)
     9    0.22    0.23    0.25    0.25 ^ clkbuf_0_clk/X (sky130_fd_sc_hd__clkbuf_16)
                                         clknet_0_clk (net)
                  0.23    0.01    0.26 ^ clkbuf_3_4__f_clk/A (sky130_fd_sc_hd__clkbuf_16)
    12    0.09    0.11    0.24    0.50 ^ clkbuf_3_4__f_clk/X (sky130_fd_sc_hd__clkbuf_16)
                                         clknet_3_4__leaf_clk (net)
                  0.11    0.00    0.51 ^ _1312_/CLK (sky130_fd_sc_hd__dfrtp_4)
                          0.00    0.51   clock reconvergence pessimism
                         -0.11    0.39   library hold time
                                  0.39   data required time
-----------------------------------------------------------------------------
                                  0.39   data required time
                                 -1.61   data arrival time
-----------------------------------------------------------------------------
                                  1.21   slack (MET)


Startpoint: _1374_ (rising edge-triggered flip-flop clocked by core_clock)
Endpoint: _1374_ (rising edge-triggered flip-flop clocked by core_clock)
Path Group: core_clock
Path Type: min
Corner: Typical

Fanout     Cap    Slew   Delay    Time   Description
-----------------------------------------------------------------------------
                          0.00    0.00   clock core_clock (rise edge)
                          0.00    0.00   clock source latency
     1    0.07    0.00    0.00    0.00 ^ clk (in)
                                         clk (net)
                  0.00    0.00    0.00 ^ clkbuf_0_clk/A (sky130_fd_sc_hd__clkbuf_16)
     9    0.22    0.23    0.25    0.25 ^ clkbuf_0_clk/X (sky130_fd_sc_hd__clkbuf_16)
                                         clknet_0_clk (net)
                  0.23    0.01    0.26 ^ clkbuf_3_0__f_clk/A (sky130_fd_sc_hd__clkbuf_16)
    16    0.11    0.12    0.25    0.52 ^ clkbuf_3_0__f_clk/X (sky130_fd_sc_hd__clkbuf_16)
                                         clknet_3_0__leaf_clk (net)
                  0.12    0.00    0.52 ^ _1374_/CLK (sky130_fd_sc_hd__dfxtp_4)
     6    0.17    0.22    0.51    1.03 v _1374_/Q (sky130_fd_sc_hd__dfxtp_4)
                                         regfile_inst.registers[15][11] (net)
                  0.23    0.03    1.06 v _0876_/A (sky130_fd_sc_hd__and2_2)
     1    0.05    0.13    0.34    1.40 v _0876_/X (sky130_fd_sc_hd__and2_2)
                                         _0629_ (net)
                  0.13    0.01    1.41 v _0877_/A (sky130_fd_sc_hd__buf_2)
     1    0.05    0.13    0.24    1.65 v _0877_/X (sky130_fd_sc_hd__buf_2)
                                         _0123_ (net)
                  0.13    0.01    1.67 v _1374_/D (sky130_fd_sc_hd__dfxtp_4)
                                  1.67   data arrival time

                          0.00    0.00   clock core_clock (rise edge)
                          0.00    0.00   clock source latency
     1    0.07    0.00    0.00    0.00 ^ clk (in)
                                         clk (net)
                  0.00    0.00    0.00 ^ clkbuf_0_clk/A (sky130_fd_sc_hd__clkbuf_16)
     9    0.22    0.23    0.25    0.25 ^ clkbuf_0_clk/X (sky130_fd_sc_hd__clkbuf_16)
                                         clknet_0_clk (net)
                  0.23    0.01    0.26 ^ clkbuf_3_0__f_clk/A (sky130_fd_sc_hd__clkbuf_16)
    16    0.11    0.12    0.25    0.52 ^ clkbuf_3_0__f_clk/X (sky130_fd_sc_hd__clkbuf_16)
                                         clknet_3_0__leaf_clk (net)
                  0.12    0.00    0.52 ^ _1374_/CLK (sky130_fd_sc_hd__dfxtp_4)
                          0.00    0.52   clock reconvergence pessimism
                         -0.06    0.45   library hold time
                                  0.45   data required time
-----------------------------------------------------------------------------
                                  0.45   data required time
                                 -1.67   data arrival time
-----------------------------------------------------------------------------
                                  1.21   slack (MET)


Startpoint: _1323_ (rising edge-triggered flip-flop clocked by core_clock)
Endpoint: _1323_ (rising edge-triggered flip-flop clocked by core_clock)
Path Group: core_clock
Path Type: min
Corner: Typical

Fanout     Cap    Slew   Delay    Time   Description
-----------------------------------------------------------------------------
                          0.00    0.00   clock core_clock (rise edge)
                          0.00    0.00   clock source latency
     1    0.07    0.00    0.00    0.00 ^ clk (in)
                                         clk (net)
                  0.00    0.00    0.00 ^ clkbuf_0_clk/A (sky130_fd_sc_hd__clkbuf_16)
     9    0.22    0.23    0.25    0.25 ^ clkbuf_0_clk/X (sky130_fd_sc_hd__clkbuf_16)
                                         clknet_0_clk (net)
                  0.23    0.01    0.26 ^ clkbuf_3_4__f_clk/A (sky130_fd_sc_hd__clkbuf_16)
    12    0.09    0.11    0.24    0.50 ^ clkbuf_3_4__f_clk/X (sky130_fd_sc_hd__clkbuf_16)
                                         clknet_3_4__leaf_clk (net)
                  0.11    0.00    0.51 ^ _1323_/CLK (sky130_fd_sc_hd__dfrtp_4)
     3    0.06    0.20    0.55    1.05 ^ _1323_/Q (sky130_fd_sc_hd__dfrtp_4)
                                         imem_inst.address[24] (net)
                  0.20    0.01    1.06 ^ _0905_/A (sky130_fd_sc_hd__and3_2)
     3    0.06    0.29    0.40    1.47 ^ _0905_/X (sky130_fd_sc_hd__and3_2)
                                         _0146_ (net)
                  0.29    0.00    1.47 ^ _0922_/A (sky130_fd_sc_hd__nor2_2)
     2    0.04    0.14    0.18    1.65 v _0922_/Y (sky130_fd_sc_hd__nor2_2)
                                         _0072_ (net)
                  0.14    0.01    1.66 v _1323_/D (sky130_fd_sc_hd__dfrtp_4)
                                  1.66   data arrival time

                          0.00    0.00   clock core_clock (rise edge)
                          0.00    0.00   clock source latency
     1    0.07    0.00    0.00    0.00 ^ clk (in)
                                         clk (net)
                  0.00    0.00    0.00 ^ clkbuf_0_clk/A (sky130_fd_sc_hd__clkbuf_16)
     9    0.22    0.23    0.25    0.25 ^ clkbuf_0_clk/X (sky130_fd_sc_hd__clkbuf_16)
                                         clknet_0_clk (net)
                  0.23    0.01    0.26 ^ clkbuf_3_4__f_clk/A (sky130_fd_sc_hd__clkbuf_16)
    12    0.09    0.11    0.24    0.50 ^ clkbuf_3_4__f_clk/X (sky130_fd_sc_hd__clkbuf_16)
                                         clknet_3_4__leaf_clk (net)
                  0.11    0.00    0.51 ^ _1323_/CLK (sky130_fd_sc_hd__dfrtp_4)
                          0.00    0.51   clock reconvergence pessimism
                         -0.07    0.44   library hold time
                                  0.44   data required time
-----------------------------------------------------------------------------
                                  0.44   data required time
                                 -1.66   data arrival time
-----------------------------------------------------------------------------
                                  1.22   slack (MET)


Startpoint: _1324_ (rising edge-triggered flip-flop clocked by core_clock)
Endpoint: _1324_ (rising edge-triggered flip-flop clocked by core_clock)
Path Group: core_clock
Path Type: min
Corner: Typical

Fanout     Cap    Slew   Delay    Time   Description
-----------------------------------------------------------------------------
                          0.00    0.00   clock core_clock (rise edge)
                          0.00    0.00   clock source latency
     1    0.07    0.00    0.00    0.00 ^ clk (in)
                                         clk (net)
                  0.00    0.00    0.00 ^ clkbuf_0_clk/A (sky130_fd_sc_hd__clkbuf_16)
     9    0.22    0.23    0.25    0.25 ^ clkbuf_0_clk/X (sky130_fd_sc_hd__clkbuf_16)
                                         clknet_0_clk (net)
                  0.23    0.01    0.26 ^ clkbuf_3_3__f_clk/A (sky130_fd_sc_hd__clkbuf_16)
    10    0.10    0.12    0.25    0.51 ^ clkbuf_3_3__f_clk/X (sky130_fd_sc_hd__clkbuf_16)
                                         clknet_3_3__leaf_clk (net)
                  0.12    0.00    0.52 ^ _1324_/CLK (sky130_fd_sc_hd__dfrtp_4)
     3    0.07    0.22    0.57    1.09 ^ _1324_/Q (sky130_fd_sc_hd__dfrtp_4)
                                         imem_inst.address[25] (net)
                  0.22    0.01    1.09 ^ _0919_/A (sky130_fd_sc_hd__nor2_2)
     1    0.04    0.12    0.15    1.25 v _0919_/Y (sky130_fd_sc_hd__nor2_2)
                                         _0154_ (net)
                  0.12    0.01    1.26 v _0920_/B (sky130_fd_sc_hd__nor2_1)
     1    0.02    0.43    0.37    1.62 ^ _0920_/Y (sky130_fd_sc_hd__nor2_1)
                                         _0073_ (net)
                  0.43    0.00    1.63 ^ _1324_/D (sky130_fd_sc_hd__dfrtp_4)
                                  1.63   data arrival time

                          0.00    0.00   clock core_clock (rise edge)
                          0.00    0.00   clock source latency
     1    0.07    0.00    0.00    0.00 ^ clk (in)
                                         clk (net)
                  0.00    0.00    0.00 ^ clkbuf_0_clk/A (sky130_fd_sc_hd__clkbuf_16)
     9    0.22    0.23    0.25    0.25 ^ clkbuf_0_clk/X (sky130_fd_sc_hd__clkbuf_16)
                                         clknet_0_clk (net)
                  0.23    0.01    0.26 ^ clkbuf_3_3__f_clk/A (sky130_fd_sc_hd__clkbuf_16)
    10    0.10    0.12    0.25    0.51 ^ clkbuf_3_3__f_clk/X (sky130_fd_sc_hd__clkbuf_16)
                                         clknet_3_3__leaf_clk (net)
                  0.12    0.00    0.52 ^ _1324_/CLK (sky130_fd_sc_hd__dfrtp_4)
                          0.00    0.52   clock reconvergence pessimism
                         -0.10    0.41   library hold time
                                  0.41   data required time
-----------------------------------------------------------------------------
                                  0.41   data required time
                                 -1.63   data arrival time
-----------------------------------------------------------------------------
                                  1.22   slack (MET)


Startpoint: _1322_ (rising edge-triggered flip-flop clocked by core_clock)
Endpoint: _1322_ (rising edge-triggered flip-flop clocked by core_clock)
Path Group: core_clock
Path Type: min
Corner: Typical

Fanout     Cap    Slew   Delay    Time   Description
-----------------------------------------------------------------------------
                          0.00    0.00   clock core_clock (rise edge)
                          0.00    0.00   clock source latency
     1    0.07    0.00    0.00    0.00 ^ clk (in)
                                         clk (net)
                  0.00    0.00    0.00 ^ clkbuf_0_clk/A (sky130_fd_sc_hd__clkbuf_16)
     9    0.22    0.23    0.25    0.25 ^ clkbuf_0_clk/X (sky130_fd_sc_hd__clkbuf_16)
                                         clknet_0_clk (net)
                  0.23    0.01    0.26 ^ clkbuf_3_0__f_clk/A (sky130_fd_sc_hd__clkbuf_16)
    16    0.11    0.12    0.25    0.52 ^ clkbuf_3_0__f_clk/X (sky130_fd_sc_hd__clkbuf_16)
                                         clknet_3_0__leaf_clk (net)
                  0.12    0.00    0.52 ^ _1322_/CLK (sky130_fd_sc_hd__dfrtp_4)
     4    0.09    0.26    0.60    1.11 ^ _1322_/Q (sky130_fd_sc_hd__dfrtp_4)
                                         imem_inst.address[23] (net)
                  0.26    0.02    1.13 ^ rebuffer53/A (sky130_fd_sc_hd__dlygate4sd1_1)
     1    0.02    0.21    0.35    1.49 ^ rebuffer53/X (sky130_fd_sc_hd__dlygate4sd1_1)
                                         net76 (net)
                  0.21    0.00    1.49 ^ _0923_/A (sky130_fd_sc_hd__xor2_4)
     3    0.06    0.10    0.20    1.69 v _0923_/X (sky130_fd_sc_hd__xor2_4)
                                         _0071_ (net)
                  0.10    0.00    1.70 v _1322_/D (sky130_fd_sc_hd__dfrtp_4)
                                  1.70   data arrival time

                          0.00    0.00   clock core_clock (rise edge)
                          0.00    0.00   clock source latency
     1    0.07    0.00    0.00    0.00 ^ clk (in)
                                         clk (net)
                  0.00    0.00    0.00 ^ clkbuf_0_clk/A (sky130_fd_sc_hd__clkbuf_16)
     9    0.22    0.23    0.25    0.25 ^ clkbuf_0_clk/X (sky130_fd_sc_hd__clkbuf_16)
                                         clknet_0_clk (net)
                  0.23    0.01    0.26 ^ clkbuf_3_0__f_clk/A (sky130_fd_sc_hd__clkbuf_16)
    16    0.11    0.12    0.25    0.52 ^ clkbuf_3_0__f_clk/X (sky130_fd_sc_hd__clkbuf_16)
                                         clknet_3_0__leaf_clk (net)
                  0.12    0.00    0.52 ^ _1322_/CLK (sky130_fd_sc_hd__dfrtp_4)
                          0.00    0.52   clock reconvergence pessimism
                         -0.05    0.47   library hold time
                                  0.47   data required time
-----------------------------------------------------------------------------
                                  0.47   data required time
                                 -1.70   data arrival time
-----------------------------------------------------------------------------
                                  1.23   slack (MET)


Startpoint: _1287_ (rising edge-triggered flip-flop clocked by core_clock)
Endpoint: _1287_ (rising edge-triggered flip-flop clocked by core_clock)
Path Group: core_clock
Path Type: min
Corner: Typical

Fanout     Cap    Slew   Delay    Time   Description
-----------------------------------------------------------------------------
                          0.00    0.00   clock core_clock (rise edge)
                          0.00    0.00   clock source latency
     1    0.07    0.00    0.00    0.00 ^ clk (in)
                                         clk (net)
                  0.00    0.00    0.00 ^ clkbuf_0_clk/A (sky130_fd_sc_hd__clkbuf_16)
     9    0.22    0.23    0.25    0.25 ^ clkbuf_0_clk/X (sky130_fd_sc_hd__clkbuf_16)
                                         clknet_0_clk (net)
                  0.23    0.01    0.26 ^ clkbuf_3_6__f_clk/A (sky130_fd_sc_hd__clkbuf_16)
    15    0.10    0.12    0.25    0.51 ^ clkbuf_3_6__f_clk/X (sky130_fd_sc_hd__clkbuf_16)
                                         clknet_3_6__leaf_clk (net)
                  0.12    0.01    0.52 ^ _1287_/CLK (sky130_fd_sc_hd__dfxtp_4)
     3    0.11    0.16    0.46    0.98 v _1287_/Q (sky130_fd_sc_hd__dfxtp_4)
                                         display_inst.counter[6] (net)
                  0.16    0.01    0.99 v _0711_/A (sky130_fd_sc_hd__nor2_4)
     1    0.08    0.49    0.44    1.44 ^ _0711_/Y (sky130_fd_sc_hd__nor2_4)
                                         _0551_ (net)
                  0.49    0.02    1.46 ^ _0712_/B (sky130_fd_sc_hd__nor2_4)
     2    0.07    0.18    0.19    1.64 v _0712_/Y (sky130_fd_sc_hd__nor2_4)
                                         _0036_ (net)
                  0.19    0.02    1.66 v _1287_/D (sky130_fd_sc_hd__dfxtp_4)
                                  1.66   data arrival time

                          0.00    0.00   clock core_clock (rise edge)
                          0.00    0.00   clock source latency
     1    0.07    0.00    0.00    0.00 ^ clk (in)
                                         clk (net)
                  0.00    0.00    0.00 ^ clkbuf_0_clk/A (sky130_fd_sc_hd__clkbuf_16)
     9    0.22    0.23    0.25    0.25 ^ clkbuf_0_clk/X (sky130_fd_sc_hd__clkbuf_16)
                                         clknet_0_clk (net)
                  0.23    0.01    0.26 ^ clkbuf_3_6__f_clk/A (sky130_fd_sc_hd__clkbuf_16)
    15    0.10    0.12    0.25    0.51 ^ clkbuf_3_6__f_clk/X (sky130_fd_sc_hd__clkbuf_16)
                                         clknet_3_6__leaf_clk (net)
                  0.12    0.01    0.52 ^ _1287_/CLK (sky130_fd_sc_hd__dfxtp_4)
                          0.00    0.52   clock reconvergence pessimism
                         -0.09    0.43   library hold time
                                  0.43   data required time
-----------------------------------------------------------------------------
                                  0.43   data required time
                                 -1.66   data arrival time
-----------------------------------------------------------------------------
                                  1.23   slack (MET)


Startpoint: _1307_ (rising edge-triggered flip-flop clocked by core_clock)
Endpoint: _1307_ (rising edge-triggered flip-flop clocked by core_clock)
Path Group: core_clock
Path Type: min
Corner: Typical

Fanout     Cap    Slew   Delay    Time   Description
-----------------------------------------------------------------------------
                          0.00    0.00   clock core_clock (rise edge)
                          0.00    0.00   clock source latency
     1    0.07    0.00    0.00    0.00 ^ clk (in)
                                         clk (net)
                  0.00    0.00    0.00 ^ clkbuf_0_clk/A (sky130_fd_sc_hd__clkbuf_16)
     9    0.22    0.23    0.25    0.25 ^ clkbuf_0_clk/X (sky130_fd_sc_hd__clkbuf_16)
                                         clknet_0_clk (net)
                  0.23    0.01    0.26 ^ clkbuf_3_0__f_clk/A (sky130_fd_sc_hd__clkbuf_16)
    16    0.11    0.12    0.25    0.52 ^ clkbuf_3_0__f_clk/X (sky130_fd_sc_hd__clkbuf_16)
                                         clknet_3_0__leaf_clk (net)
                  0.13    0.01    0.52 ^ _1307_/CLK (sky130_fd_sc_hd__dfrtp_4)
     4    0.10    0.30    0.61    1.14 ^ _1307_/Q (sky130_fd_sc_hd__dfrtp_4)
                                         imem_inst.address[8] (net)
                  0.31    0.03    1.17 ^ rebuffer63/A (sky130_fd_sc_hd__dlygate4sd1_1)
     1    0.02    0.18    0.34    1.51 ^ rebuffer63/X (sky130_fd_sc_hd__dlygate4sd1_1)
                                         net86 (net)
                  0.18    0.00    1.51 ^ _0948_/A (sky130_fd_sc_hd__xor2_4)
     2    0.06    0.10    0.18    1.69 v _0948_/X (sky130_fd_sc_hd__xor2_4)
                                         _0056_ (net)
                  0.10    0.01    1.71 v _1307_/D (sky130_fd_sc_hd__dfrtp_4)
                                  1.71   data arrival time

                          0.00    0.00   clock core_clock (rise edge)
                          0.00    0.00   clock source latency
     1    0.07    0.00    0.00    0.00 ^ clk (in)
                                         clk (net)
                  0.00    0.00    0.00 ^ clkbuf_0_clk/A (sky130_fd_sc_hd__clkbuf_16)
     9    0.22    0.23    0.25    0.25 ^ clkbuf_0_clk/X (sky130_fd_sc_hd__clkbuf_16)
                                         clknet_0_clk (net)
                  0.23    0.01    0.26 ^ clkbuf_3_0__f_clk/A (sky130_fd_sc_hd__clkbuf_16)
    16    0.11    0.12    0.25    0.52 ^ clkbuf_3_0__f_clk/X (sky130_fd_sc_hd__clkbuf_16)
                                         clknet_3_0__leaf_clk (net)
                  0.13    0.01    0.52 ^ _1307_/CLK (sky130_fd_sc_hd__dfrtp_4)
                          0.00    0.52   clock reconvergence pessimism
                         -0.05    0.48   library hold time
                                  0.48   data required time
-----------------------------------------------------------------------------
                                  0.48   data required time
                                 -1.71   data arrival time
-----------------------------------------------------------------------------
                                  1.23   slack (MET)


Startpoint: _1365_ (rising edge-triggered flip-flop clocked by core_clock)
Endpoint: _1365_ (rising edge-triggered flip-flop clocked by core_clock)
Path Group: core_clock
Path Type: min
Corner: Typical

Fanout     Cap    Slew   Delay    Time   Description
-----------------------------------------------------------------------------
                          0.00    0.00   clock core_clock (rise edge)
                          0.00    0.00   clock source latency
     1    0.07    0.00    0.00    0.00 ^ clk (in)
                                         clk (net)
                  0.00    0.00    0.00 ^ clkbuf_0_clk/A (sky130_fd_sc_hd__clkbuf_16)
     9    0.22    0.23    0.25    0.25 ^ clkbuf_0_clk/X (sky130_fd_sc_hd__clkbuf_16)
                                         clknet_0_clk (net)
                  0.23    0.01    0.26 ^ clkbuf_3_3__f_clk/A (sky130_fd_sc_hd__clkbuf_16)
    10    0.10    0.12    0.25    0.51 ^ clkbuf_3_3__f_clk/X (sky130_fd_sc_hd__clkbuf_16)
                                         clknet_3_3__leaf_clk (net)
                  0.12    0.01    0.52 ^ _1365_/CLK (sky130_fd_sc_hd__dfxtp_4)
     4    0.11    0.15    0.46    0.98 v _1365_/Q (sky130_fd_sc_hd__dfxtp_4)
                                         regfile_inst.registers[15][2] (net)
                  0.15    0.01    0.99 v _0858_/A (sky130_fd_sc_hd__or2_4)
     2    0.08    0.13    0.38    1.37 v _0858_/X (sky130_fd_sc_hd__or2_4)
                                         _0620_ (net)
                  0.14    0.02    1.39 v _0859_/A (sky130_fd_sc_hd__clkbuf_4)
     1    0.07    0.15    0.26    1.66 v _0859_/X (sky130_fd_sc_hd__clkbuf_4)
                                         _0114_ (net)
                  0.16    0.02    1.68 v _1365_/D (sky130_fd_sc_hd__dfxtp_4)
                                  1.68   data arrival time

                          0.00    0.00   clock core_clock (rise edge)
                          0.00    0.00   clock source latency
     1    0.07    0.00    0.00    0.00 ^ clk (in)
                                         clk (net)
                  0.00    0.00    0.00 ^ clkbuf_0_clk/A (sky130_fd_sc_hd__clkbuf_16)
     9    0.22    0.23    0.25    0.25 ^ clkbuf_0_clk/X (sky130_fd_sc_hd__clkbuf_16)
                                         clknet_0_clk (net)
                  0.23    0.01    0.26 ^ clkbuf_3_3__f_clk/A (sky130_fd_sc_hd__clkbuf_16)
    10    0.10    0.12    0.25    0.51 ^ clkbuf_3_3__f_clk/X (sky130_fd_sc_hd__clkbuf_16)
                                         clknet_3_3__leaf_clk (net)
                  0.12    0.01    0.52 ^ _1365_/CLK (sky130_fd_sc_hd__dfxtp_4)
                          0.00    0.52   clock reconvergence pessimism
                         -0.07    0.44   library hold time
                                  0.44   data required time
-----------------------------------------------------------------------------
                                  0.44   data required time
                                 -1.68   data arrival time
-----------------------------------------------------------------------------
                                  1.23   slack (MET)


Startpoint: _1295_ (rising edge-triggered flip-flop clocked by core_clock)
Endpoint: _1295_ (rising edge-triggered flip-flop clocked by core_clock)
Path Group: core_clock
Path Type: min
Corner: Typical

Fanout     Cap    Slew   Delay    Time   Description
-----------------------------------------------------------------------------
                          0.00    0.00   clock core_clock (rise edge)
                          0.00    0.00   clock source latency
     1    0.07    0.00    0.00    0.00 ^ clk (in)
                                         clk (net)
                  0.00    0.00    0.00 ^ clkbuf_0_clk/A (sky130_fd_sc_hd__clkbuf_16)
     9    0.22    0.23    0.25    0.25 ^ clkbuf_0_clk/X (sky130_fd_sc_hd__clkbuf_16)
                                         clknet_0_clk (net)
                  0.23    0.01    0.26 ^ clkbuf_3_5__f_clk/A (sky130_fd_sc_hd__clkbuf_16)
    16    0.10    0.12    0.25    0.51 ^ clkbuf_3_5__f_clk/X (sky130_fd_sc_hd__clkbuf_16)
                                         clknet_3_5__leaf_clk (net)
                  0.12    0.00    0.51 ^ _1295_/CLK (sky130_fd_sc_hd__dfxtp_4)
     5    0.16    0.20    0.50    1.02 v _1295_/Q (sky130_fd_sc_hd__dfxtp_4)
                                         display_inst.counter[14] (net)
                  0.21    0.02    1.04 v _0731_/A (sky130_fd_sc_hd__nor2_4)
     1    0.07    0.43    0.42    1.46 ^ _0731_/Y (sky130_fd_sc_hd__nor2_4)
                                         _0563_ (net)
                  0.43    0.00    1.47 ^ _0733_/A (sky130_fd_sc_hd__nor2_1)
     1    0.02    0.15    0.22    1.68 v _0733_/Y (sky130_fd_sc_hd__nor2_1)
                                         _0044_ (net)
                  0.15    0.00    1.68 v _1295_/D (sky130_fd_sc_hd__dfxtp_4)
                                  1.68   data arrival time

                          0.00    0.00   clock core_clock (rise edge)
                          0.00    0.00   clock source latency
     1    0.07    0.00    0.00    0.00 ^ clk (in)
                                         clk (net)
                  0.00    0.00    0.00 ^ clkbuf_0_clk/A (sky130_fd_sc_hd__clkbuf_16)
     9    0.22    0.23    0.25    0.25 ^ clkbuf_0_clk/X (sky130_fd_sc_hd__clkbuf_16)
                                         clknet_0_clk (net)
                  0.23    0.01    0.26 ^ clkbuf_3_5__f_clk/A (sky130_fd_sc_hd__clkbuf_16)
    16    0.10    0.12    0.25    0.51 ^ clkbuf_3_5__f_clk/X (sky130_fd_sc_hd__clkbuf_16)
                                         clknet_3_5__leaf_clk (net)
                  0.12    0.00    0.51 ^ _1295_/CLK (sky130_fd_sc_hd__dfxtp_4)
                          0.00    0.51   clock reconvergence pessimism
                         -0.07    0.44   library hold time
                                  0.44   data required time
-----------------------------------------------------------------------------
                                  0.44   data required time
                                 -1.68   data arrival time
-----------------------------------------------------------------------------
                                  1.24   slack (MET)


Startpoint: _1347_ (rising edge-triggered flip-flop clocked by core_clock)
Endpoint: _1347_ (rising edge-triggered flip-flop clocked by core_clock)
Path Group: core_clock
Path Type: min
Corner: Typical

Fanout     Cap    Slew   Delay    Time   Description
-----------------------------------------------------------------------------
                          0.00    0.00   clock core_clock (rise edge)
                          0.00    0.00   clock source latency
     1    0.07    0.00    0.00    0.00 ^ clk (in)
                                         clk (net)
                  0.00    0.00    0.00 ^ clkbuf_0_clk/A (sky130_fd_sc_hd__clkbuf_16)
     9    0.22    0.23    0.25    0.25 ^ clkbuf_0_clk/X (sky130_fd_sc_hd__clkbuf_16)
                                         clknet_0_clk (net)
                  0.23    0.01    0.26 ^ clkbuf_3_4__f_clk/A (sky130_fd_sc_hd__clkbuf_16)
    12    0.09    0.11    0.24    0.50 ^ clkbuf_3_4__f_clk/X (sky130_fd_sc_hd__clkbuf_16)
                                         clknet_3_4__leaf_clk (net)
                  0.11    0.00    0.51 ^ _1347_/CLK (sky130_fd_sc_hd__dfxtp_4)
     2    0.12    0.16    0.47    0.97 v _1347_/Q (sky130_fd_sc_hd__dfxtp_4)
                                         regfile_inst.registers[25][0] (net)
                  0.16    0.01    0.98 v _0815_/A0 (sky130_fd_sc_hd__mux2_2)
     1    0.05    0.15    0.43    1.41 v _0815_/X (sky130_fd_sc_hd__mux2_2)
                                         _0595_ (net)
                  0.16    0.01    1.42 v _0816_/A (sky130_fd_sc_hd__clkbuf_2)
     1    0.04    0.16    0.25    1.67 v _0816_/X (sky130_fd_sc_hd__clkbuf_2)
                                         _0096_ (net)
                  0.16    0.01    1.68 v _1347_/D (sky130_fd_sc_hd__dfxtp_4)
                                  1.68   data arrival time

                          0.00    0.00   clock core_clock (rise edge)
                          0.00    0.00   clock source latency
     1    0.07    0.00    0.00    0.00 ^ clk (in)
                                         clk (net)
                  0.00    0.00    0.00 ^ clkbuf_0_clk/A (sky130_fd_sc_hd__clkbuf_16)
     9    0.22    0.23    0.25    0.25 ^ clkbuf_0_clk/X (sky130_fd_sc_hd__clkbuf_16)
                                         clknet_0_clk (net)
                  0.23    0.01    0.26 ^ clkbuf_3_4__f_clk/A (sky130_fd_sc_hd__clkbuf_16)
    12    0.09    0.11    0.24    0.50 ^ clkbuf_3_4__f_clk/X (sky130_fd_sc_hd__clkbuf_16)
                                         clknet_3_4__leaf_clk (net)
                  0.11    0.00    0.51 ^ _1347_/CLK (sky130_fd_sc_hd__dfxtp_4)
                          0.00    0.51   clock reconvergence pessimism
                         -0.08    0.43   library hold time
                                  0.43   data required time
-----------------------------------------------------------------------------
                                  0.43   data required time
                                 -1.68   data arrival time
-----------------------------------------------------------------------------
                                  1.25   slack (MET)


Startpoint: _1333_ (rising edge-triggered flip-flop clocked by core_clock)
Endpoint: _1333_ (rising edge-triggered flip-flop clocked by core_clock)
Path Group: core_clock
Path Type: min
Corner: Typical

Fanout     Cap    Slew   Delay    Time   Description
-----------------------------------------------------------------------------
                          0.00    0.00   clock core_clock (rise edge)
                          0.00    0.00   clock source latency
     1    0.07    0.00    0.00    0.00 ^ clk (in)
                                         clk (net)
                  0.00    0.00    0.00 ^ clkbuf_0_clk/A (sky130_fd_sc_hd__clkbuf_16)
     9    0.22    0.23    0.25    0.25 ^ clkbuf_0_clk/X (sky130_fd_sc_hd__clkbuf_16)
                                         clknet_0_clk (net)
                  0.23    0.01    0.26 ^ clkbuf_3_1__f_clk/A (sky130_fd_sc_hd__clkbuf_16)
    13    0.09    0.11    0.24    0.50 ^ clkbuf_3_1__f_clk/X (sky130_fd_sc_hd__clkbuf_16)
                                         clknet_3_1__leaf_clk (net)
                  0.11    0.00    0.50 ^ _1333_/CLK (sky130_fd_sc_hd__dfxtp_4)
     5    0.14    0.18    0.48    0.99 v _1333_/Q (sky130_fd_sc_hd__dfxtp_4)
                                         regfile_inst.registers[10][2] (net)
                  0.19    0.02    1.01 v _0785_/A (sky130_fd_sc_hd__and2_2)
     1    0.05    0.14    0.33    1.34 v _0785_/X (sky130_fd_sc_hd__and2_2)
                                         _0579_ (net)
                  0.14    0.01    1.35 v _0786_/A (sky130_fd_sc_hd__clkbuf_4)
    12    0.09    0.18    0.29    1.64 v _0786_/X (sky130_fd_sc_hd__clkbuf_4)
                                         _0082_ (net)
                  0.18    0.03    1.67 v _1333_/D (sky130_fd_sc_hd__dfxtp_4)
                                  1.67   data arrival time

                          0.00    0.00   clock core_clock (rise edge)
                          0.00    0.00   clock source latency
     1    0.07    0.00    0.00    0.00 ^ clk (in)
                                         clk (net)
                  0.00    0.00    0.00 ^ clkbuf_0_clk/A (sky130_fd_sc_hd__clkbuf_16)
     9    0.22    0.23    0.25    0.25 ^ clkbuf_0_clk/X (sky130_fd_sc_hd__clkbuf_16)
                                         clknet_0_clk (net)
                  0.23    0.01    0.26 ^ clkbuf_3_1__f_clk/A (sky130_fd_sc_hd__clkbuf_16)
    13    0.09    0.11    0.24    0.50 ^ clkbuf_3_1__f_clk/X (sky130_fd_sc_hd__clkbuf_16)
                                         clknet_3_1__leaf_clk (net)
                  0.11    0.00    0.50 ^ _1333_/CLK (sky130_fd_sc_hd__dfxtp_4)
                          0.00    0.50   clock reconvergence pessimism
                         -0.09    0.42   library hold time
                                  0.42   data required time
-----------------------------------------------------------------------------
                                  0.42   data required time
                                 -1.67   data arrival time
-----------------------------------------------------------------------------
                                  1.25   slack (MET)


Startpoint: _1351_ (rising edge-triggered flip-flop clocked by core_clock)
Endpoint: _1351_ (rising edge-triggered flip-flop clocked by core_clock)
Path Group: core_clock
Path Type: min
Corner: Typical

Fanout     Cap    Slew   Delay    Time   Description
-----------------------------------------------------------------------------
                          0.00    0.00   clock core_clock (rise edge)
                          0.00    0.00   clock source latency
     1    0.07    0.00    0.00    0.00 ^ clk (in)
                                         clk (net)
                  0.00    0.00    0.00 ^ clkbuf_0_clk/A (sky130_fd_sc_hd__clkbuf_16)
     9    0.22    0.23    0.25    0.25 ^ clkbuf_0_clk/X (sky130_fd_sc_hd__clkbuf_16)
                                         clknet_0_clk (net)
                  0.23    0.01    0.26 ^ clkbuf_3_7__f_clk/A (sky130_fd_sc_hd__clkbuf_16)
    12    0.09    0.11    0.24    0.50 ^ clkbuf_3_7__f_clk/X (sky130_fd_sc_hd__clkbuf_16)
                                         clknet_3_7__leaf_clk (net)
                  0.11    0.00    0.50 ^ _1351_/CLK (sky130_fd_sc_hd__dfxtp_4)
     4    0.10    0.14    0.46    0.96 v _1351_/Q (sky130_fd_sc_hd__dfxtp_4)
                                         regfile_inst.registers[25][4] (net)
                  0.14    0.01    0.97 v _0823_/A0 (sky130_fd_sc_hd__mux2_2)
     1    0.03    0.13    0.39    1.36 v _0823_/X (sky130_fd_sc_hd__mux2_2)
                                         _0599_ (net)
                  0.13    0.00    1.37 v _0824_/A (sky130_fd_sc_hd__buf_2)
    17    0.08    0.20    0.29    1.65 v _0824_/X (sky130_fd_sc_hd__buf_2)
                                         _0100_ (net)
                  0.20    0.02    1.67 v _1351_/D (sky130_fd_sc_hd__dfxtp_4)
                                  1.67   data arrival time

                          0.00    0.00   clock core_clock (rise edge)
                          0.00    0.00   clock source latency
     1    0.07    0.00    0.00    0.00 ^ clk (in)
                                         clk (net)
                  0.00    0.00    0.00 ^ clkbuf_0_clk/A (sky130_fd_sc_hd__clkbuf_16)
     9    0.22    0.23    0.25    0.25 ^ clkbuf_0_clk/X (sky130_fd_sc_hd__clkbuf_16)
                                         clknet_0_clk (net)
                  0.23    0.01    0.26 ^ clkbuf_3_7__f_clk/A (sky130_fd_sc_hd__clkbuf_16)
    12    0.09    0.11    0.24    0.50 ^ clkbuf_3_7__f_clk/X (sky130_fd_sc_hd__clkbuf_16)
                                         clknet_3_7__leaf_clk (net)
                  0.11    0.00    0.50 ^ _1351_/CLK (sky130_fd_sc_hd__dfxtp_4)
                          0.00    0.50   clock reconvergence pessimism
                         -0.09    0.41   library hold time
                                  0.41   data required time
-----------------------------------------------------------------------------
                                  0.41   data required time
                                 -1.67   data arrival time
-----------------------------------------------------------------------------
                                  1.26   slack (MET)


Startpoint: _1334_ (rising edge-triggered flip-flop clocked by core_clock)
Endpoint: _1334_ (rising edge-triggered flip-flop clocked by core_clock)
Path Group: core_clock
Path Type: min
Corner: Typical

Fanout     Cap    Slew   Delay    Time   Description
-----------------------------------------------------------------------------
                          0.00    0.00   clock core_clock (rise edge)
                          0.00    0.00   clock source latency
     1    0.07    0.00    0.00    0.00 ^ clk (in)
                                         clk (net)
                  0.00    0.00    0.00 ^ clkbuf_0_clk/A (sky130_fd_sc_hd__clkbuf_16)
     9    0.22    0.23    0.25    0.25 ^ clkbuf_0_clk/X (sky130_fd_sc_hd__clkbuf_16)
                                         clknet_0_clk (net)
                  0.23    0.01    0.26 ^ clkbuf_3_6__f_clk/A (sky130_fd_sc_hd__clkbuf_16)
    15    0.10    0.12    0.25    0.51 ^ clkbuf_3_6__f_clk/X (sky130_fd_sc_hd__clkbuf_16)
                                         clknet_3_6__leaf_clk (net)
                  0.12    0.01    0.52 ^ _1334_/CLK (sky130_fd_sc_hd__dfxtp_4)
     2    0.08    0.11    0.44    0.96 v _1334_/Q (sky130_fd_sc_hd__dfxtp_4)
                                         regfile_inst.registers[10][3] (net)
                  0.12    0.01    0.98 v _0787_/A (sky130_fd_sc_hd__or2b_4)
    14    0.13    0.20    0.41    1.39 v _0787_/X (sky130_fd_sc_hd__or2b_4)
                                         _0580_ (net)
                  0.22    0.05    1.43 v _0788_/A (sky130_fd_sc_hd__buf_2)
     1    0.06    0.13    0.29    1.72 v _0788_/X (sky130_fd_sc_hd__buf_2)
                                         _0083_ (net)
                  0.14    0.01    1.73 v _1334_/D (sky130_fd_sc_hd__dfxtp_4)
                                  1.73   data arrival time

                          0.00    0.00   clock core_clock (rise edge)
                          0.00    0.00   clock source latency
     1    0.07    0.00    0.00    0.00 ^ clk (in)
                                         clk (net)
                  0.00    0.00    0.00 ^ clkbuf_0_clk/A (sky130_fd_sc_hd__clkbuf_16)
     9    0.22    0.23    0.25    0.25 ^ clkbuf_0_clk/X (sky130_fd_sc_hd__clkbuf_16)
                                         clknet_0_clk (net)
                  0.23    0.01    0.26 ^ clkbuf_3_6__f_clk/A (sky130_fd_sc_hd__clkbuf_16)
    15    0.10    0.12    0.25    0.51 ^ clkbuf_3_6__f_clk/X (sky130_fd_sc_hd__clkbuf_16)
                                         clknet_3_6__leaf_clk (net)
                  0.12    0.01    0.52 ^ _1334_/CLK (sky130_fd_sc_hd__dfxtp_4)
                          0.00    0.52   clock reconvergence pessimism
                         -0.07    0.45   library hold time
                                  0.45   data required time
-----------------------------------------------------------------------------
                                  0.45   data required time
                                 -1.73   data arrival time
-----------------------------------------------------------------------------
                                  1.28   slack (MET)


Startpoint: _1358_ (rising edge-triggered flip-flop clocked by core_clock)
Endpoint: _1358_ (rising edge-triggered flip-flop clocked by core_clock)
Path Group: core_clock
Path Type: min
Corner: Typical

Fanout     Cap    Slew   Delay    Time   Description
-----------------------------------------------------------------------------
                          0.00    0.00   clock core_clock (rise edge)
                          0.00    0.00   clock source latency
     1    0.07    0.00    0.00    0.00 ^ clk (in)
                                         clk (net)
                  0.00    0.00    0.00 ^ clkbuf_0_clk/A (sky130_fd_sc_hd__clkbuf_16)
     9    0.22    0.23    0.25    0.25 ^ clkbuf_0_clk/X (sky130_fd_sc_hd__clkbuf_16)
                                         clknet_0_clk (net)
                  0.23    0.01    0.26 ^ clkbuf_3_5__f_clk/A (sky130_fd_sc_hd__clkbuf_16)
    16    0.10    0.12    0.25    0.51 ^ clkbuf_3_5__f_clk/X (sky130_fd_sc_hd__clkbuf_16)
                                         clknet_3_5__leaf_clk (net)
                  0.12    0.00    0.51 ^ _1358_/CLK (sky130_fd_sc_hd__dfxtp_4)
     3    0.10    0.13    0.46    0.97 v _1358_/Q (sky130_fd_sc_hd__dfxtp_4)
                                         regfile_inst.registers[25][11] (net)
                  0.13    0.01    0.98 v _0844_/A0 (sky130_fd_sc_hd__mux2_1)
     2    0.03    0.16    0.43    1.41 v _0844_/X (sky130_fd_sc_hd__mux2_1)
                                         _0613_ (net)
                  0.16    0.00    1.41 v _0845_/A (sky130_fd_sc_hd__buf_2)
     1    0.07    0.17    0.28    1.69 v _0845_/X (sky130_fd_sc_hd__buf_2)
                                         _0107_ (net)
                  0.17    0.02    1.71 v _1358_/D (sky130_fd_sc_hd__dfxtp_4)
                                  1.71   data arrival time

                          0.00    0.00   clock core_clock (rise edge)
                          0.00    0.00   clock source latency
     1    0.07    0.00    0.00    0.00 ^ clk (in)
                                         clk (net)
                  0.00    0.00    0.00 ^ clkbuf_0_clk/A (sky130_fd_sc_hd__clkbuf_16)
     9    0.22    0.23    0.25    0.25 ^ clkbuf_0_clk/X (sky130_fd_sc_hd__clkbuf_16)
                                         clknet_0_clk (net)
                  0.23    0.01    0.26 ^ clkbuf_3_5__f_clk/A (sky130_fd_sc_hd__clkbuf_16)
    16    0.10    0.12    0.25    0.51 ^ clkbuf_3_5__f_clk/X (sky130_fd_sc_hd__clkbuf_16)
                                         clknet_3_5__leaf_clk (net)
                  0.12    0.00    0.51 ^ _1358_/CLK (sky130_fd_sc_hd__dfxtp_4)
                          0.00    0.51   clock reconvergence pessimism
                         -0.08    0.43   library hold time
                                  0.43   data required time
-----------------------------------------------------------------------------
                                  0.43   data required time
                                 -1.71   data arrival time
-----------------------------------------------------------------------------
                                  1.28   slack (MET)


Startpoint: _1357_ (rising edge-triggered flip-flop clocked by core_clock)
Endpoint: _1357_ (rising edge-triggered flip-flop clocked by core_clock)
Path Group: core_clock
Path Type: min
Corner: Typical

Fanout     Cap    Slew   Delay    Time   Description
-----------------------------------------------------------------------------
                          0.00    0.00   clock core_clock (rise edge)
                          0.00    0.00   clock source latency
     1    0.07    0.00    0.00    0.00 ^ clk (in)
                                         clk (net)
                  0.00    0.00    0.00 ^ clkbuf_0_clk/A (sky130_fd_sc_hd__clkbuf_16)
     9    0.22    0.23    0.25    0.25 ^ clkbuf_0_clk/X (sky130_fd_sc_hd__clkbuf_16)
                                         clknet_0_clk (net)
                  0.23    0.01    0.26 ^ clkbuf_3_6__f_clk/A (sky130_fd_sc_hd__clkbuf_16)
    15    0.10    0.12    0.25    0.51 ^ clkbuf_3_6__f_clk/X (sky130_fd_sc_hd__clkbuf_16)
                                         clknet_3_6__leaf_clk (net)
                  0.12    0.01    0.52 ^ _1357_/CLK (sky130_fd_sc_hd__dfxtp_4)
     3    0.10    0.14    0.46    0.98 v _1357_/Q (sky130_fd_sc_hd__dfxtp_4)
                                         regfile_inst.registers[25][10] (net)
                  0.14    0.00    0.99 v _0842_/A0 (sky130_fd_sc_hd__mux2_8)
     1    0.10    0.12    0.42    1.40 v _0842_/X (sky130_fd_sc_hd__mux2_8)
                                         _0612_ (net)
                  0.13    0.03    1.44 v _0843_/A (sky130_fd_sc_hd__clkbuf_4)
     2    0.08    0.16    0.27    1.71 v _0843_/X (sky130_fd_sc_hd__clkbuf_4)
                                         _0106_ (net)
                  0.16    0.02    1.73 v _1357_/D (sky130_fd_sc_hd__dfxtp_4)
                                  1.73   data arrival time

                          0.00    0.00   clock core_clock (rise edge)
                          0.00    0.00   clock source latency
     1    0.07    0.00    0.00    0.00 ^ clk (in)
                                         clk (net)
                  0.00    0.00    0.00 ^ clkbuf_0_clk/A (sky130_fd_sc_hd__clkbuf_16)
     9    0.22    0.23    0.25    0.25 ^ clkbuf_0_clk/X (sky130_fd_sc_hd__clkbuf_16)
                                         clknet_0_clk (net)
                  0.23    0.01    0.26 ^ clkbuf_3_6__f_clk/A (sky130_fd_sc_hd__clkbuf_16)
    15    0.10    0.12    0.25    0.51 ^ clkbuf_3_6__f_clk/X (sky130_fd_sc_hd__clkbuf_16)
                                         clknet_3_6__leaf_clk (net)
                  0.12    0.01    0.52 ^ _1357_/CLK (sky130_fd_sc_hd__dfxtp_4)
                          0.00    0.52   clock reconvergence pessimism
                         -0.08    0.44   library hold time
                                  0.44   data required time
-----------------------------------------------------------------------------
                                  0.44   data required time
                                 -1.73   data arrival time
-----------------------------------------------------------------------------
                                  1.29   slack (MET)


Startpoint: _1314_ (rising edge-triggered flip-flop clocked by core_clock)
Endpoint: _1314_ (rising edge-triggered flip-flop clocked by core_clock)
Path Group: core_clock
Path Type: min
Corner: Typical

Fanout     Cap    Slew   Delay    Time   Description
-----------------------------------------------------------------------------
                          0.00    0.00   clock core_clock (rise edge)
                          0.00    0.00   clock source latency
     1    0.07    0.00    0.00    0.00 ^ clk (in)
                                         clk (net)
                  0.00    0.00    0.00 ^ clkbuf_0_clk/A (sky130_fd_sc_hd__clkbuf_16)
     9    0.22    0.23    0.25    0.25 ^ clkbuf_0_clk/X (sky130_fd_sc_hd__clkbuf_16)
                                         clknet_0_clk (net)
                  0.23    0.01    0.26 ^ clkbuf_3_7__f_clk/A (sky130_fd_sc_hd__clkbuf_16)
    12    0.09    0.11    0.24    0.50 ^ clkbuf_3_7__f_clk/X (sky130_fd_sc_hd__clkbuf_16)
                                         clknet_3_7__leaf_clk (net)
                  0.11    0.01    0.51 ^ _1314_/CLK (sky130_fd_sc_hd__dfrtp_4)
     3    0.10    0.29    0.60    1.11 ^ _1314_/Q (sky130_fd_sc_hd__dfrtp_4)
                                         imem_inst.address[15] (net)
                  0.29    0.03    1.14 ^ _0936_/B1 (sky130_fd_sc_hd__a21oi_2)
     1    0.04    0.13    0.15    1.29 v _0936_/Y (sky130_fd_sc_hd__a21oi_2)
                                         _0161_ (net)
                  0.13    0.01    1.30 v _0937_/B (sky130_fd_sc_hd__nor2_2)
     1    0.04    0.47    0.40    1.69 ^ _0937_/Y (sky130_fd_sc_hd__nor2_2)
                                         _0063_ (net)
                  0.47    0.01    1.70 ^ _1314_/D (sky130_fd_sc_hd__dfrtp_4)
                                  1.70   data arrival time

                          0.00    0.00   clock core_clock (rise edge)
                          0.00    0.00   clock source latency
     1    0.07    0.00    0.00    0.00 ^ clk (in)
                                         clk (net)
                  0.00    0.00    0.00 ^ clkbuf_0_clk/A (sky130_fd_sc_hd__clkbuf_16)
     9    0.22    0.23    0.25    0.25 ^ clkbuf_0_clk/X (sky130_fd_sc_hd__clkbuf_16)
                                         clknet_0_clk (net)
                  0.23    0.01    0.26 ^ clkbuf_3_7__f_clk/A (sky130_fd_sc_hd__clkbuf_16)
    12    0.09    0.11    0.24    0.50 ^ clkbuf_3_7__f_clk/X (sky130_fd_sc_hd__clkbuf_16)
                                         clknet_3_7__leaf_clk (net)
                  0.11    0.01    0.51 ^ _1314_/CLK (sky130_fd_sc_hd__dfrtp_4)
                          0.00    0.51   clock reconvergence pessimism
                         -0.11    0.40   library hold time
                                  0.40   data required time
-----------------------------------------------------------------------------
                                  0.40   data required time
                                 -1.70   data arrival time
-----------------------------------------------------------------------------
                                  1.31   slack (MET)


Startpoint: _1356_ (rising edge-triggered flip-flop clocked by core_clock)
Endpoint: _1356_ (rising edge-triggered flip-flop clocked by core_clock)
Path Group: core_clock
Path Type: min
Corner: Typical

Fanout     Cap    Slew   Delay    Time   Description
-----------------------------------------------------------------------------
                          0.00    0.00   clock core_clock (rise edge)
                          0.00    0.00   clock source latency
     1    0.07    0.00    0.00    0.00 ^ clk (in)
                                         clk (net)
                  0.00    0.00    0.00 ^ clkbuf_0_clk/A (sky130_fd_sc_hd__clkbuf_16)
     9    0.22    0.23    0.25    0.25 ^ clkbuf_0_clk/X (sky130_fd_sc_hd__clkbuf_16)
                                         clknet_0_clk (net)
                  0.23    0.01    0.26 ^ clkbuf_3_5__f_clk/A (sky130_fd_sc_hd__clkbuf_16)
    16    0.10    0.12    0.25    0.51 ^ clkbuf_3_5__f_clk/X (sky130_fd_sc_hd__clkbuf_16)
                                         clknet_3_5__leaf_clk (net)
                  0.12    0.00    0.51 ^ _1356_/CLK (sky130_fd_sc_hd__dfxtp_4)
     4    0.11    0.15    0.46    0.97 v _1356_/Q (sky130_fd_sc_hd__dfxtp_4)
                                         regfile_inst.registers[25][9] (net)
                  0.16    0.03    1.00 v _0836_/A0 (sky130_fd_sc_hd__mux2_1)
     1    0.01    0.11    0.39    1.39 v _0836_/X (sky130_fd_sc_hd__mux2_1)
                                         _0607_ (net)
                  0.11    0.00    1.39 v _0837_/A (sky130_fd_sc_hd__clkbuf_4)
     1    0.11    0.22    0.29    1.69 v _0837_/X (sky130_fd_sc_hd__clkbuf_4)
                                         _0105_ (net)
                  0.22    0.03    1.72 v _1356_/D (sky130_fd_sc_hd__dfxtp_4)
                                  1.72   data arrival time

                          0.00    0.00   clock core_clock (rise edge)
                          0.00    0.00   clock source latency
     1    0.07    0.00    0.00    0.00 ^ clk (in)
                                         clk (net)
                  0.00    0.00    0.00 ^ clkbuf_0_clk/A (sky130_fd_sc_hd__clkbuf_16)
     9    0.22    0.23    0.25    0.25 ^ clkbuf_0_clk/X (sky130_fd_sc_hd__clkbuf_16)
                                         clknet_0_clk (net)
                  0.23    0.01    0.26 ^ clkbuf_3_5__f_clk/A (sky130_fd_sc_hd__clkbuf_16)
    16    0.10    0.12    0.25    0.51 ^ clkbuf_3_5__f_clk/X (sky130_fd_sc_hd__clkbuf_16)
                                         clknet_3_5__leaf_clk (net)
                  0.12    0.00    0.51 ^ _1356_/CLK (sky130_fd_sc_hd__dfxtp_4)
                          0.00    0.51   clock reconvergence pessimism
                         -0.10    0.41   library hold time
                                  0.41   data required time
-----------------------------------------------------------------------------
                                  0.41   data required time
                                 -1.72   data arrival time
-----------------------------------------------------------------------------
                                  1.31   slack (MET)


Startpoint: _1329_ (rising edge-triggered flip-flop clocked by core_clock)
Endpoint: _1329_ (rising edge-triggered flip-flop clocked by core_clock)
Path Group: core_clock
Path Type: min
Corner: Typical

Fanout     Cap    Slew   Delay    Time   Description
-----------------------------------------------------------------------------
                          0.00    0.00   clock core_clock (rise edge)
                          0.00    0.00   clock source latency
     1    0.07    0.00    0.00    0.00 ^ clk (in)
                                         clk (net)
                  0.00    0.00    0.00 ^ clkbuf_0_clk/A (sky130_fd_sc_hd__clkbuf_16)
     9    0.22    0.23    0.25    0.25 ^ clkbuf_0_clk/X (sky130_fd_sc_hd__clkbuf_16)
                                         clknet_0_clk (net)
                  0.23    0.01    0.26 ^ clkbuf_3_4__f_clk/A (sky130_fd_sc_hd__clkbuf_16)
    12    0.09    0.11    0.24    0.50 ^ clkbuf_3_4__f_clk/X (sky130_fd_sc_hd__clkbuf_16)
                                         clknet_3_4__leaf_clk (net)
                  0.11    0.01    0.51 ^ _1329_/CLK (sky130_fd_sc_hd__dfrtp_4)
     4    0.08    0.15    0.60    1.11 v _1329_/Q (sky130_fd_sc_hd__dfrtp_4)
                                         imem_inst.address[30] (net)
                  0.15    0.00    1.11 v _0911_/B1 (sky130_fd_sc_hd__a21oi_4)
     1    0.06    0.41    0.38    1.49 ^ _0911_/Y (sky130_fd_sc_hd__a21oi_4)
                                         _0151_ (net)
                  0.41    0.01    1.50 ^ _0912_/B (sky130_fd_sc_hd__nor2_2)
     3    0.06    0.18    0.24    1.74 v _0912_/Y (sky130_fd_sc_hd__nor2_2)
                                         _0078_ (net)
                  0.18    0.01    1.75 v _1329_/D (sky130_fd_sc_hd__dfrtp_4)
                                  1.75   data arrival time

                          0.00    0.00   clock core_clock (rise edge)
                          0.00    0.00   clock source latency
     1    0.07    0.00    0.00    0.00 ^ clk (in)
                                         clk (net)
                  0.00    0.00    0.00 ^ clkbuf_0_clk/A (sky130_fd_sc_hd__clkbuf_16)
     9    0.22    0.23    0.25    0.25 ^ clkbuf_0_clk/X (sky130_fd_sc_hd__clkbuf_16)
                                         clknet_0_clk (net)
                  0.23    0.01    0.26 ^ clkbuf_3_4__f_clk/A (sky130_fd_sc_hd__clkbuf_16)
    12    0.09    0.11    0.24    0.50 ^ clkbuf_3_4__f_clk/X (sky130_fd_sc_hd__clkbuf_16)
                                         clknet_3_4__leaf_clk (net)
                  0.11    0.01    0.51 ^ _1329_/CLK (sky130_fd_sc_hd__dfrtp_4)
                          0.00    0.51   clock reconvergence pessimism
                         -0.08    0.43   library hold time
                                  0.43   data required time
-----------------------------------------------------------------------------
                                  0.43   data required time
                                 -1.75   data arrival time
-----------------------------------------------------------------------------
                                  1.32   slack (MET)


Startpoint: _1285_ (rising edge-triggered flip-flop clocked by core_clock)
Endpoint: _1286_ (rising edge-triggered flip-flop clocked by core_clock)
Path Group: core_clock
Path Type: min
Corner: Typical

Fanout     Cap    Slew   Delay    Time   Description
-----------------------------------------------------------------------------
                          0.00    0.00   clock core_clock (rise edge)
                          0.00    0.00   clock source latency
     1    0.07    0.00    0.00    0.00 ^ clk (in)
                                         clk (net)
                  0.00    0.00    0.00 ^ clkbuf_0_clk/A (sky130_fd_sc_hd__clkbuf_16)
     9    0.22    0.23    0.25    0.25 ^ clkbuf_0_clk/X (sky130_fd_sc_hd__clkbuf_16)
                                         clknet_0_clk (net)
                  0.23    0.01    0.26 ^ clkbuf_3_4__f_clk/A (sky130_fd_sc_hd__clkbuf_16)
    12    0.09    0.11    0.24    0.50 ^ clkbuf_3_4__f_clk/X (sky130_fd_sc_hd__clkbuf_16)
                                         clknet_3_4__leaf_clk (net)
                  0.11    0.00    0.51 ^ _1285_/CLK (sky130_fd_sc_hd__dfxtp_4)
     4    0.10    0.30    0.54    1.05 ^ _1285_/Q (sky130_fd_sc_hd__dfxtp_4)
                                         display_inst.counter[4] (net)
                  0.30    0.02    1.07 ^ _0706_/A (sky130_fd_sc_hd__and3_4)
     3    0.10    0.31    0.45    1.52 ^ _0706_/X (sky130_fd_sc_hd__and3_4)
                                         _0547_ (net)
                  0.31    0.02    1.53 ^ _0709_/A (sky130_fd_sc_hd__nor2_2)
     1    0.06    0.16    0.22    1.75 v _0709_/Y (sky130_fd_sc_hd__nor2_2)
                                         _0035_ (net)
                  0.16    0.01    1.76 v _1286_/D (sky130_fd_sc_hd__dfxtp_4)
                                  1.76   data arrival time

                          0.00    0.00   clock core_clock (rise edge)
                          0.00    0.00   clock source latency
     1    0.07    0.00    0.00    0.00 ^ clk (in)
                                         clk (net)
                  0.00    0.00    0.00 ^ clkbuf_0_clk/A (sky130_fd_sc_hd__clkbuf_16)
     9    0.22    0.23    0.25    0.25 ^ clkbuf_0_clk/X (sky130_fd_sc_hd__clkbuf_16)
                                         clknet_0_clk (net)
                  0.23    0.01    0.26 ^ clkbuf_3_5__f_clk/A (sky130_fd_sc_hd__clkbuf_16)
    16    0.10    0.12    0.25    0.51 ^ clkbuf_3_5__f_clk/X (sky130_fd_sc_hd__clkbuf_16)
                                         clknet_3_5__leaf_clk (net)
                  0.12    0.01    0.52 ^ _1286_/CLK (sky130_fd_sc_hd__dfxtp_4)
                          0.00    0.52   clock reconvergence pessimism
                         -0.08    0.44   library hold time
                                  0.44   data required time
-----------------------------------------------------------------------------
                                  0.44   data required time
                                 -1.76   data arrival time
-----------------------------------------------------------------------------
                                  1.33   slack (MET)


Startpoint: _1332_ (rising edge-triggered flip-flop clocked by core_clock)
Endpoint: _1332_ (rising edge-triggered flip-flop clocked by core_clock)
Path Group: core_clock
Path Type: min
Corner: Typical

Fanout     Cap    Slew   Delay    Time   Description
-----------------------------------------------------------------------------
                          0.00    0.00   clock core_clock (rise edge)
                          0.00    0.00   clock source latency
     1    0.07    0.00    0.00    0.00 ^ clk (in)
                                         clk (net)
                  0.00    0.00    0.00 ^ clkbuf_0_clk/A (sky130_fd_sc_hd__clkbuf_16)
     9    0.22    0.23    0.25    0.25 ^ clkbuf_0_clk/X (sky130_fd_sc_hd__clkbuf_16)
                                         clknet_0_clk (net)
                  0.23    0.01    0.26 ^ clkbuf_3_2__f_clk/A (sky130_fd_sc_hd__clkbuf_16)
    14    0.09    0.11    0.23    0.50 ^ clkbuf_3_2__f_clk/X (sky130_fd_sc_hd__clkbuf_16)
                                         clknet_3_2__leaf_clk (net)
                  0.11    0.01    0.50 ^ _1332_/CLK (sky130_fd_sc_hd__dfxtp_4)
     3    0.13    0.17    0.46    0.96 v _1332_/Q (sky130_fd_sc_hd__dfxtp_4)
                                         regfile_inst.registers[10][1] (net)
                  0.18    0.03    1.00 v _0783_/A (sky130_fd_sc_hd__or2b_2)
     2    0.05    0.15    0.46    1.45 v _0783_/X (sky130_fd_sc_hd__or2b_2)
                                         _0578_ (net)
                  0.15    0.01    1.46 v _0784_/A (sky130_fd_sc_hd__clkbuf_2)
     2    0.05    0.19    0.27    1.73 v _0784_/X (sky130_fd_sc_hd__clkbuf_2)
                                         _0081_ (net)
                  0.19    0.01    1.74 v _1332_/D (sky130_fd_sc_hd__dfxtp_4)
                                  1.74   data arrival time

                          0.00    0.00   clock core_clock (rise edge)
                          0.00    0.00   clock source latency
     1    0.07    0.00    0.00    0.00 ^ clk (in)
                                         clk (net)
                  0.00    0.00    0.00 ^ clkbuf_0_clk/A (sky130_fd_sc_hd__clkbuf_16)
     9    0.22    0.23    0.25    0.25 ^ clkbuf_0_clk/X (sky130_fd_sc_hd__clkbuf_16)
                                         clknet_0_clk (net)
                  0.23    0.01    0.26 ^ clkbuf_3_2__f_clk/A (sky130_fd_sc_hd__clkbuf_16)
    14    0.09    0.11    0.23    0.50 ^ clkbuf_3_2__f_clk/X (sky130_fd_sc_hd__clkbuf_16)
                                         clknet_3_2__leaf_clk (net)
                  0.11    0.01    0.50 ^ _1332_/CLK (sky130_fd_sc_hd__dfxtp_4)
                          0.00    0.50   clock reconvergence pessimism
                         -0.09    0.41   library hold time
                                  0.41   data required time
-----------------------------------------------------------------------------
                                  0.41   data required time
                                 -1.74   data arrival time
-----------------------------------------------------------------------------
                                  1.33   slack (MET)


Startpoint: _1326_ (rising edge-triggered flip-flop clocked by core_clock)
Endpoint: _1326_ (rising edge-triggered flip-flop clocked by core_clock)
Path Group: core_clock
Path Type: min
Corner: Typical

Fanout     Cap    Slew   Delay    Time   Description
-----------------------------------------------------------------------------
                          0.00    0.00   clock core_clock (rise edge)
                          0.00    0.00   clock source latency
     1    0.07    0.00    0.00    0.00 ^ clk (in)
                                         clk (net)
                  0.00    0.00    0.00 ^ clkbuf_0_clk/A (sky130_fd_sc_hd__clkbuf_16)
     9    0.22    0.23    0.25    0.25 ^ clkbuf_0_clk/X (sky130_fd_sc_hd__clkbuf_16)
                                         clknet_0_clk (net)
                  0.23    0.01    0.26 ^ clkbuf_3_1__f_clk/A (sky130_fd_sc_hd__clkbuf_16)
    13    0.09    0.11    0.24    0.50 ^ clkbuf_3_1__f_clk/X (sky130_fd_sc_hd__clkbuf_16)
                                         clknet_3_1__leaf_clk (net)
                  0.11    0.00    0.51 ^ _1326_/CLK (sky130_fd_sc_hd__dfrtp_4)
     6    0.11    0.19    0.64    1.14 v _1326_/Q (sky130_fd_sc_hd__dfrtp_4)
                                         imem_inst.address[27] (net)
                  0.19    0.02    1.16 v _0916_/B1 (sky130_fd_sc_hd__a21oi_4)
     1    0.06    0.40    0.39    1.55 ^ _0916_/Y (sky130_fd_sc_hd__a21oi_4)
                                         _0153_ (net)
                  0.40    0.01    1.56 ^ _0917_/B (sky130_fd_sc_hd__nor2_4)
    15    0.08    0.16    0.18    1.74 v _0917_/Y (sky130_fd_sc_hd__nor2_4)
                                         _0075_ (net)
                  0.17    0.02    1.76 v _1326_/D (sky130_fd_sc_hd__dfrtp_4)
                                  1.76   data arrival time

                          0.00    0.00   clock core_clock (rise edge)
                          0.00    0.00   clock source latency
     1    0.07    0.00    0.00    0.00 ^ clk (in)
                                         clk (net)
                  0.00    0.00    0.00 ^ clkbuf_0_clk/A (sky130_fd_sc_hd__clkbuf_16)
     9    0.22    0.23    0.25    0.25 ^ clkbuf_0_clk/X (sky130_fd_sc_hd__clkbuf_16)
                                         clknet_0_clk (net)
                  0.23    0.01    0.26 ^ clkbuf_3_1__f_clk/A (sky130_fd_sc_hd__clkbuf_16)
    13    0.09    0.11    0.24    0.50 ^ clkbuf_3_1__f_clk/X (sky130_fd_sc_hd__clkbuf_16)
                                         clknet_3_1__leaf_clk (net)
                  0.11    0.00    0.51 ^ _1326_/CLK (sky130_fd_sc_hd__dfrtp_4)
                          0.00    0.51   clock reconvergence pessimism
                         -0.08    0.43   library hold time
                                  0.43   data required time
-----------------------------------------------------------------------------
                                  0.43   data required time
                                 -1.76   data arrival time
-----------------------------------------------------------------------------
                                  1.33   slack (MET)


Startpoint: _1309_ (rising edge-triggered flip-flop clocked by core_clock)
Endpoint: _1309_ (rising edge-triggered flip-flop clocked by core_clock)
Path Group: core_clock
Path Type: min
Corner: Typical

Fanout     Cap    Slew   Delay    Time   Description
-----------------------------------------------------------------------------
                          0.00    0.00   clock core_clock (rise edge)
                          0.00    0.00   clock source latency
     1    0.07    0.00    0.00    0.00 ^ clk (in)
                                         clk (net)
                  0.00    0.00    0.00 ^ clkbuf_0_clk/A (sky130_fd_sc_hd__clkbuf_16)
     9    0.22    0.23    0.25    0.25 ^ clkbuf_0_clk/X (sky130_fd_sc_hd__clkbuf_16)
                                         clknet_0_clk (net)
                  0.23    0.01    0.26 ^ clkbuf_3_2__f_clk/A (sky130_fd_sc_hd__clkbuf_16)
    14    0.09    0.11    0.23    0.50 ^ clkbuf_3_2__f_clk/X (sky130_fd_sc_hd__clkbuf_16)
                                         clknet_3_2__leaf_clk (net)
                  0.11    0.01    0.51 ^ _1309_/CLK (sky130_fd_sc_hd__dfrtp_4)
     4    0.16    0.25    0.67    1.18 v _1309_/Q (sky130_fd_sc_hd__dfrtp_4)
                                         imem_inst.address[10] (net)
                  0.26    0.04    1.22 v _0944_/A (sky130_fd_sc_hd__nor2_4)
     1    0.06    0.36    0.39    1.61 ^ _0944_/Y (sky130_fd_sc_hd__nor2_4)
                                         _0164_ (net)
                  0.36    0.01    1.62 ^ _0945_/B (sky130_fd_sc_hd__nor2_4)
     1    0.06    0.13    0.15    1.77 v _0945_/Y (sky130_fd_sc_hd__nor2_4)
                                         _0058_ (net)
                  0.13    0.01    1.78 v _1309_/D (sky130_fd_sc_hd__dfrtp_4)
                                  1.78   data arrival time

                          0.00    0.00   clock core_clock (rise edge)
                          0.00    0.00   clock source latency
     1    0.07    0.00    0.00    0.00 ^ clk (in)
                                         clk (net)
                  0.00    0.00    0.00 ^ clkbuf_0_clk/A (sky130_fd_sc_hd__clkbuf_16)
     9    0.22    0.23    0.25    0.25 ^ clkbuf_0_clk/X (sky130_fd_sc_hd__clkbuf_16)
                                         clknet_0_clk (net)
                  0.23    0.01    0.26 ^ clkbuf_3_2__f_clk/A (sky130_fd_sc_hd__clkbuf_16)
    14    0.09    0.11    0.23    0.50 ^ clkbuf_3_2__f_clk/X (sky130_fd_sc_hd__clkbuf_16)
                                         clknet_3_2__leaf_clk (net)
                  0.11    0.01    0.51 ^ _1309_/CLK (sky130_fd_sc_hd__dfrtp_4)
                          0.00    0.51   clock reconvergence pessimism
                         -0.06    0.44   library hold time
                                  0.44   data required time
-----------------------------------------------------------------------------
                                  0.44   data required time
                                 -1.78   data arrival time
-----------------------------------------------------------------------------
                                  1.34   slack (MET)


Startpoint: _1348_ (rising edge-triggered flip-flop clocked by core_clock)
Endpoint: _1348_ (rising edge-triggered flip-flop clocked by core_clock)
Path Group: core_clock
Path Type: min
Corner: Typical

Fanout     Cap    Slew   Delay    Time   Description
-----------------------------------------------------------------------------
                          0.00    0.00   clock core_clock (rise edge)
                          0.00    0.00   clock source latency
     1    0.07    0.00    0.00    0.00 ^ clk (in)
                                         clk (net)
                  0.00    0.00    0.00 ^ clkbuf_0_clk/A (sky130_fd_sc_hd__clkbuf_16)
     9    0.22    0.23    0.25    0.25 ^ clkbuf_0_clk/X (sky130_fd_sc_hd__clkbuf_16)
                                         clknet_0_clk (net)
                  0.23    0.01    0.26 ^ clkbuf_3_6__f_clk/A (sky130_fd_sc_hd__clkbuf_16)
    15    0.10    0.12    0.25    0.51 ^ clkbuf_3_6__f_clk/X (sky130_fd_sc_hd__clkbuf_16)
                                         clknet_3_6__leaf_clk (net)
                  0.12    0.01    0.52 ^ _1348_/CLK (sky130_fd_sc_hd__dfxtp_4)
     3    0.13    0.17    0.48    1.00 v _1348_/Q (sky130_fd_sc_hd__dfxtp_4)
                                         regfile_inst.registers[25][1] (net)
                  0.18    0.02    1.02 v _0817_/A0 (sky130_fd_sc_hd__mux2_4)
     4    0.09    0.15    0.44    1.46 v _0817_/X (sky130_fd_sc_hd__mux2_4)
                                         _0596_ (net)
                  0.15    0.01    1.47 v _0818_/A (sky130_fd_sc_hd__clkbuf_4)
    11    0.08    0.16    0.29    1.76 v _0818_/X (sky130_fd_sc_hd__clkbuf_4)
                                         _0097_ (net)
                  0.17    0.02    1.78 v _1348_/D (sky130_fd_sc_hd__dfxtp_4)
                                  1.78   data arrival time

                          0.00    0.00   clock core_clock (rise edge)
                          0.00    0.00   clock source latency
     1    0.07    0.00    0.00    0.00 ^ clk (in)
                                         clk (net)
                  0.00    0.00    0.00 ^ clkbuf_0_clk/A (sky130_fd_sc_hd__clkbuf_16)
     9    0.22    0.23    0.25    0.25 ^ clkbuf_0_clk/X (sky130_fd_sc_hd__clkbuf_16)
                                         clknet_0_clk (net)
                  0.23    0.01    0.26 ^ clkbuf_3_6__f_clk/A (sky130_fd_sc_hd__clkbuf_16)
    15    0.10    0.12    0.25    0.51 ^ clkbuf_3_6__f_clk/X (sky130_fd_sc_hd__clkbuf_16)
                                         clknet_3_6__leaf_clk (net)
                  0.12    0.01    0.52 ^ _1348_/CLK (sky130_fd_sc_hd__dfxtp_4)
                          0.00    0.52   clock reconvergence pessimism
                         -0.08    0.44   library hold time
                                  0.44   data required time
-----------------------------------------------------------------------------
                                  0.44   data required time
                                 -1.78   data arrival time
-----------------------------------------------------------------------------
                                  1.34   slack (MET)


Startpoint: _1366_ (rising edge-triggered flip-flop clocked by core_clock)
Endpoint: _1366_ (rising edge-triggered flip-flop clocked by core_clock)
Path Group: core_clock
Path Type: min
Corner: Typical

Fanout     Cap    Slew   Delay    Time   Description
-----------------------------------------------------------------------------
                          0.00    0.00   clock core_clock (rise edge)
                          0.00    0.00   clock source latency
     1    0.07    0.00    0.00    0.00 ^ clk (in)
                                         clk (net)
                  0.00    0.00    0.00 ^ clkbuf_0_clk/A (sky130_fd_sc_hd__clkbuf_16)
     9    0.22    0.23    0.25    0.25 ^ clkbuf_0_clk/X (sky130_fd_sc_hd__clkbuf_16)
                                         clknet_0_clk (net)
                  0.23    0.01    0.26 ^ clkbuf_3_5__f_clk/A (sky130_fd_sc_hd__clkbuf_16)
    16    0.10    0.12    0.25    0.51 ^ clkbuf_3_5__f_clk/X (sky130_fd_sc_hd__clkbuf_16)
                                         clknet_3_5__leaf_clk (net)
                  0.12    0.00    0.51 ^ _1366_/CLK (sky130_fd_sc_hd__dfxtp_4)
     3    0.12    0.33    0.58    1.09 ^ _1366_/Q (sky130_fd_sc_hd__dfxtp_4)
                                         regfile_inst.registers[15][3] (net)
                  0.33    0.01    1.11 ^ _0860_/A (sky130_fd_sc_hd__or2_2)
     1    0.04    0.21    0.31    1.41 ^ _0860_/X (sky130_fd_sc_hd__or2_2)
                                         _0621_ (net)
                  0.22    0.01    1.42 ^ _0861_/A (sky130_fd_sc_hd__clkbuf_2)
     1    0.06    0.32    0.34    1.77 ^ _0861_/X (sky130_fd_sc_hd__clkbuf_2)
                                         _0115_ (net)
                  0.32    0.01    1.78 ^ _1366_/D (sky130_fd_sc_hd__dfxtp_4)
                                  1.78   data arrival time

                          0.00    0.00   clock core_clock (rise edge)
                          0.00    0.00   clock source latency
     1    0.07    0.00    0.00    0.00 ^ clk (in)
                                         clk (net)
                  0.00    0.00    0.00 ^ clkbuf_0_clk/A (sky130_fd_sc_hd__clkbuf_16)
     9    0.22    0.23    0.25    0.25 ^ clkbuf_0_clk/X (sky130_fd_sc_hd__clkbuf_16)
                                         clknet_0_clk (net)
                  0.23    0.01    0.26 ^ clkbuf_3_5__f_clk/A (sky130_fd_sc_hd__clkbuf_16)
    16    0.10    0.12    0.25    0.51 ^ clkbuf_3_5__f_clk/X (sky130_fd_sc_hd__clkbuf_16)
                                         clknet_3_5__leaf_clk (net)
                  0.12    0.00    0.51 ^ _1366_/CLK (sky130_fd_sc_hd__dfxtp_4)
                          0.00    0.51   clock reconvergence pessimism
                         -0.08    0.43   library hold time
                                  0.43   data required time
-----------------------------------------------------------------------------
                                  0.43   data required time
                                 -1.78   data arrival time
-----------------------------------------------------------------------------
                                  1.34   slack (MET)


Startpoint: _1354_ (rising edge-triggered flip-flop clocked by core_clock)
Endpoint: _1354_ (rising edge-triggered flip-flop clocked by core_clock)
Path Group: core_clock
Path Type: min
Corner: Typical

Fanout     Cap    Slew   Delay    Time   Description
-----------------------------------------------------------------------------
                          0.00    0.00   clock core_clock (rise edge)
                          0.00    0.00   clock source latency
     1    0.07    0.00    0.00    0.00 ^ clk (in)
                                         clk (net)
                  0.00    0.00    0.00 ^ clkbuf_0_clk/A (sky130_fd_sc_hd__clkbuf_16)
     9    0.22    0.23    0.25    0.25 ^ clkbuf_0_clk/X (sky130_fd_sc_hd__clkbuf_16)
                                         clknet_0_clk (net)
                  0.23    0.01    0.26 ^ clkbuf_3_5__f_clk/A (sky130_fd_sc_hd__clkbuf_16)
    16    0.10    0.12    0.25    0.51 ^ clkbuf_3_5__f_clk/X (sky130_fd_sc_hd__clkbuf_16)
                                         clknet_3_5__leaf_clk (net)
                  0.12    0.01    0.52 ^ _1354_/CLK (sky130_fd_sc_hd__dfxtp_4)
     3    0.12    0.17    0.46    0.98 v _1354_/Q (sky130_fd_sc_hd__dfxtp_4)
                                         regfile_inst.registers[25][7] (net)
                  0.18    0.03    1.01 v _0829_/A0 (sky130_fd_sc_hd__mux2_2)
     2    0.04    0.12    0.41    1.42 v _0829_/X (sky130_fd_sc_hd__mux2_2)
                                         _0602_ (net)
                  0.12    0.00    1.43 v _0830_/A (sky130_fd_sc_hd__clkbuf_4)
    12    0.11    0.22    0.30    1.73 v _0830_/X (sky130_fd_sc_hd__clkbuf_4)
                                         _0103_ (net)
                  0.23    0.03    1.76 v _1354_/D (sky130_fd_sc_hd__dfxtp_4)
                                  1.76   data arrival time

                          0.00    0.00   clock core_clock (rise edge)
                          0.00    0.00   clock source latency
     1    0.07    0.00    0.00    0.00 ^ clk (in)
                                         clk (net)
                  0.00    0.00    0.00 ^ clkbuf_0_clk/A (sky130_fd_sc_hd__clkbuf_16)
     9    0.22    0.23    0.25    0.25 ^ clkbuf_0_clk/X (sky130_fd_sc_hd__clkbuf_16)
                                         clknet_0_clk (net)
                  0.23    0.01    0.26 ^ clkbuf_3_5__f_clk/A (sky130_fd_sc_hd__clkbuf_16)
    16    0.10    0.12    0.25    0.51 ^ clkbuf_3_5__f_clk/X (sky130_fd_sc_hd__clkbuf_16)
                                         clknet_3_5__leaf_clk (net)
                  0.12    0.01    0.52 ^ _1354_/CLK (sky130_fd_sc_hd__dfxtp_4)
                          0.00    0.52   clock reconvergence pessimism
                         -0.10    0.41   library hold time
                                  0.41   data required time
-----------------------------------------------------------------------------
                                  0.41   data required time
                                 -1.76   data arrival time
-----------------------------------------------------------------------------
                                  1.35   slack (MET)


Startpoint: _1284_ (rising edge-triggered flip-flop clocked by core_clock)
Endpoint: _1284_ (rising edge-triggered flip-flop clocked by core_clock)
Path Group: core_clock
Path Type: min
Corner: Typical

Fanout     Cap    Slew   Delay    Time   Description
-----------------------------------------------------------------------------
                          0.00    0.00   clock core_clock (rise edge)
                          0.00    0.00   clock source latency
     1    0.07    0.00    0.00    0.00 ^ clk (in)
                                         clk (net)
                  0.00    0.00    0.00 ^ clkbuf_0_clk/A (sky130_fd_sc_hd__clkbuf_16)
     9    0.22    0.23    0.25    0.25 ^ clkbuf_0_clk/X (sky130_fd_sc_hd__clkbuf_16)
                                         clknet_0_clk (net)
                  0.23    0.01    0.26 ^ clkbuf_3_7__f_clk/A (sky130_fd_sc_hd__clkbuf_16)
    12    0.09    0.11    0.24    0.50 ^ clkbuf_3_7__f_clk/X (sky130_fd_sc_hd__clkbuf_16)
                                         clknet_3_7__leaf_clk (net)
                  0.11    0.00    0.51 ^ _1284_/CLK (sky130_fd_sc_hd__dfxtp_4)
     6    0.18    0.23    0.52    1.03 v _1284_/Q (sky130_fd_sc_hd__dfxtp_4)
                                         display_inst.counter[3] (net)
                  0.23    0.02    1.05 v _0702_/A (sky130_fd_sc_hd__and2_4)
     5    0.14    0.18    0.34    1.39 v _0702_/X (sky130_fd_sc_hd__and2_4)
                                         _0545_ (net)
                  0.19    0.03    1.42 v _0704_/A (sky130_fd_sc_hd__nor2_1)
     1    0.02    0.35    0.35    1.77 ^ _0704_/Y (sky130_fd_sc_hd__nor2_1)
                                         _0033_ (net)
                  0.35    0.00    1.77 ^ _1284_/D (sky130_fd_sc_hd__dfxtp_4)
                                  1.77   data arrival time

                          0.00    0.00   clock core_clock (rise edge)
                          0.00    0.00   clock source latency
     1    0.07    0.00    0.00    0.00 ^ clk (in)
                                         clk (net)
                  0.00    0.00    0.00 ^ clkbuf_0_clk/A (sky130_fd_sc_hd__clkbuf_16)
     9    0.22    0.23    0.25    0.25 ^ clkbuf_0_clk/X (sky130_fd_sc_hd__clkbuf_16)
                                         clknet_0_clk (net)
                  0.23    0.01    0.26 ^ clkbuf_3_7__f_clk/A (sky130_fd_sc_hd__clkbuf_16)
    12    0.09    0.11    0.24    0.50 ^ clkbuf_3_7__f_clk/X (sky130_fd_sc_hd__clkbuf_16)
                                         clknet_3_7__leaf_clk (net)
                  0.11    0.00    0.51 ^ _1284_/CLK (sky130_fd_sc_hd__dfxtp_4)
                          0.00    0.51   clock reconvergence pessimism
                         -0.09    0.42   library hold time
                                  0.42   data required time
-----------------------------------------------------------------------------
                                  0.42   data required time
                                 -1.77   data arrival time
-----------------------------------------------------------------------------
                                  1.35   slack (MET)


Startpoint: _1290_ (rising edge-triggered flip-flop clocked by core_clock)
Endpoint: _1290_ (rising edge-triggered flip-flop clocked by core_clock)
Path Group: core_clock
Path Type: min
Corner: Typical

Fanout     Cap    Slew   Delay    Time   Description
-----------------------------------------------------------------------------
                          0.00    0.00   clock core_clock (rise edge)
                          0.00    0.00   clock source latency
     1    0.07    0.00    0.00    0.00 ^ clk (in)
                                         clk (net)
                  0.00    0.00    0.00 ^ clkbuf_0_clk/A (sky130_fd_sc_hd__clkbuf_16)
     9    0.22    0.23    0.25    0.25 ^ clkbuf_0_clk/X (sky130_fd_sc_hd__clkbuf_16)
                                         clknet_0_clk (net)
                  0.23    0.01    0.26 ^ clkbuf_3_6__f_clk/A (sky130_fd_sc_hd__clkbuf_16)
    15    0.10    0.12    0.25    0.51 ^ clkbuf_3_6__f_clk/X (sky130_fd_sc_hd__clkbuf_16)
                                         clknet_3_6__leaf_clk (net)
                  0.12    0.01    0.52 ^ _1290_/CLK (sky130_fd_sc_hd__dfxtp_4)
     7    0.18    0.22    0.53    1.05 v _1290_/Q (sky130_fd_sc_hd__dfxtp_4)
                                         display_inst.counter[9] (net)
                  0.22    0.01    1.06 v _0719_/A1 (sky130_fd_sc_hd__o21ai_4)
     1    0.08    0.28    0.55    1.61 ^ _0719_/Y (sky130_fd_sc_hd__o21ai_4)
                                         _0556_ (net)
                  0.28    0.02    1.63 ^ _0720_/B (sky130_fd_sc_hd__nor2_2)
     2    0.04    0.14    0.17    1.80 v _0720_/Y (sky130_fd_sc_hd__nor2_2)
                                         _0039_ (net)
                  0.14    0.01    1.81 v _1290_/D (sky130_fd_sc_hd__dfxtp_4)
                                  1.81   data arrival time

                          0.00    0.00   clock core_clock (rise edge)
                          0.00    0.00   clock source latency
     1    0.07    0.00    0.00    0.00 ^ clk (in)
                                         clk (net)
                  0.00    0.00    0.00 ^ clkbuf_0_clk/A (sky130_fd_sc_hd__clkbuf_16)
     9    0.22    0.23    0.25    0.25 ^ clkbuf_0_clk/X (sky130_fd_sc_hd__clkbuf_16)
                                         clknet_0_clk (net)
                  0.23    0.01    0.26 ^ clkbuf_3_6__f_clk/A (sky130_fd_sc_hd__clkbuf_16)
    15    0.10    0.12    0.25    0.51 ^ clkbuf_3_6__f_clk/X (sky130_fd_sc_hd__clkbuf_16)
                                         clknet_3_6__leaf_clk (net)
                  0.12    0.01    0.52 ^ _1290_/CLK (sky130_fd_sc_hd__dfxtp_4)
                          0.00    0.52   clock reconvergence pessimism
                         -0.07    0.45   library hold time
                                  0.45   data required time
-----------------------------------------------------------------------------
                                  0.45   data required time
                                 -1.81   data arrival time
-----------------------------------------------------------------------------
                                  1.36   slack (MET)


Startpoint: _1281_ (rising edge-triggered flip-flop clocked by core_clock)
Endpoint: _1281_ (rising edge-triggered flip-flop clocked by core_clock)
Path Group: core_clock
Path Type: min
Corner: Typical

Fanout     Cap    Slew   Delay    Time   Description
-----------------------------------------------------------------------------
                          0.00    0.00   clock core_clock (rise edge)
                          0.00    0.00   clock source latency
     1    0.07    0.00    0.00    0.00 ^ clk (in)
                                         clk (net)
                  0.00    0.00    0.00 ^ clkbuf_0_clk/A (sky130_fd_sc_hd__clkbuf_16)
     9    0.22    0.23    0.25    0.25 ^ clkbuf_0_clk/X (sky130_fd_sc_hd__clkbuf_16)
                                         clknet_0_clk (net)
                  0.23    0.01    0.26 ^ clkbuf_3_1__f_clk/A (sky130_fd_sc_hd__clkbuf_16)
    13    0.09    0.11    0.24    0.50 ^ clkbuf_3_1__f_clk/X (sky130_fd_sc_hd__clkbuf_16)
                                         clknet_3_1__leaf_clk (net)
                  0.11    0.00    0.50 ^ _1281_/CLK (sky130_fd_sc_hd__dfxtp_4)
     7    0.15    0.41    0.62    1.13 ^ _1281_/Q (sky130_fd_sc_hd__dfxtp_4)
                                         display_inst.counter[0] (net)
                  0.42    0.02    1.15 ^ _0696_/A_N (sky130_fd_sc_hd__and2b_4)
     1    0.08    0.12    0.33    1.48 v _0696_/X (sky130_fd_sc_hd__and2b_4)
                                         _0542_ (net)
                  0.12    0.02    1.50 v _0697_/A (sky130_fd_sc_hd__dlymetal6s2s_1)
     1    0.04    0.18    0.29    1.78 v _0697_/X (sky130_fd_sc_hd__dlymetal6s2s_1)
                                         _0030_ (net)
                  0.18    0.00    1.79 v _1281_/D (sky130_fd_sc_hd__dfxtp_4)
                                  1.79   data arrival time

                          0.00    0.00   clock core_clock (rise edge)
                          0.00    0.00   clock source latency
     1    0.07    0.00    0.00    0.00 ^ clk (in)
                                         clk (net)
                  0.00    0.00    0.00 ^ clkbuf_0_clk/A (sky130_fd_sc_hd__clkbuf_16)
     9    0.22    0.23    0.25    0.25 ^ clkbuf_0_clk/X (sky130_fd_sc_hd__clkbuf_16)
                                         clknet_0_clk (net)
                  0.23    0.01    0.26 ^ clkbuf_3_1__f_clk/A (sky130_fd_sc_hd__clkbuf_16)
    13    0.09    0.11    0.24    0.50 ^ clkbuf_3_1__f_clk/X (sky130_fd_sc_hd__clkbuf_16)
                                         clknet_3_1__leaf_clk (net)
                  0.11    0.00    0.50 ^ _1281_/CLK (sky130_fd_sc_hd__dfxtp_4)
                          0.00    0.50   clock reconvergence pessimism
                         -0.09    0.42   library hold time
                                  0.42   data required time
-----------------------------------------------------------------------------
                                  0.42   data required time
                                 -1.79   data arrival time
-----------------------------------------------------------------------------
                                  1.37   slack (MET)


Startpoint: _1318_ (rising edge-triggered flip-flop clocked by core_clock)
Endpoint: _1318_ (rising edge-triggered flip-flop clocked by core_clock)
Path Group: core_clock
Path Type: min
Corner: Typical

Fanout     Cap    Slew   Delay    Time   Description
-----------------------------------------------------------------------------
                          0.00    0.00   clock core_clock (rise edge)
                          0.00    0.00   clock source latency
     1    0.07    0.00    0.00    0.00 ^ clk (in)
                                         clk (net)
                  0.00    0.00    0.00 ^ clkbuf_0_clk/A (sky130_fd_sc_hd__clkbuf_16)
     9    0.22    0.23    0.25    0.25 ^ clkbuf_0_clk/X (sky130_fd_sc_hd__clkbuf_16)
                                         clknet_0_clk (net)
                  0.23    0.01    0.26 ^ clkbuf_3_5__f_clk/A (sky130_fd_sc_hd__clkbuf_16)
    16    0.10    0.12    0.25    0.51 ^ clkbuf_3_5__f_clk/X (sky130_fd_sc_hd__clkbuf_16)
                                         clknet_3_5__leaf_clk (net)
                  0.12    0.01    0.52 ^ _1318_/CLK (sky130_fd_sc_hd__dfrtp_4)
     3    0.10    0.30    0.61    1.13 ^ _1318_/Q (sky130_fd_sc_hd__dfrtp_4)
                                         imem_inst.address[19] (net)
                  0.30    0.03    1.16 ^ _0929_/A (sky130_fd_sc_hd__nor2_2)
     1    0.04    0.14    0.18    1.34 v _0929_/Y (sky130_fd_sc_hd__nor2_2)
                                         _0158_ (net)
                  0.14    0.00    1.35 v _0930_/B (sky130_fd_sc_hd__nor2_8)
     7    0.13    0.48    0.40    1.74 ^ _0930_/Y (sky130_fd_sc_hd__nor2_8)
                                         _0067_ (net)
                  0.49    0.05    1.79 ^ _1318_/D (sky130_fd_sc_hd__dfrtp_4)
                                  1.79   data arrival time

                          0.00    0.00   clock core_clock (rise edge)
                          0.00    0.00   clock source latency
     1    0.07    0.00    0.00    0.00 ^ clk (in)
                                         clk (net)
                  0.00    0.00    0.00 ^ clkbuf_0_clk/A (sky130_fd_sc_hd__clkbuf_16)
     9    0.22    0.23    0.25    0.25 ^ clkbuf_0_clk/X (sky130_fd_sc_hd__clkbuf_16)
                                         clknet_0_clk (net)
                  0.23    0.01    0.26 ^ clkbuf_3_5__f_clk/A (sky130_fd_sc_hd__clkbuf_16)
    16    0.10    0.12    0.25    0.51 ^ clkbuf_3_5__f_clk/X (sky130_fd_sc_hd__clkbuf_16)
                                         clknet_3_5__leaf_clk (net)
                  0.12    0.01    0.52 ^ _1318_/CLK (sky130_fd_sc_hd__dfrtp_4)
                          0.00    0.52   clock reconvergence pessimism
                         -0.12    0.40   library hold time
                                  0.40   data required time
-----------------------------------------------------------------------------
                                  0.40   data required time
                                 -1.79   data arrival time
-----------------------------------------------------------------------------
                                  1.39   slack (MET)


Startpoint: _1355_ (rising edge-triggered flip-flop clocked by core_clock)
Endpoint: _1355_ (rising edge-triggered flip-flop clocked by core_clock)
Path Group: core_clock
Path Type: min
Corner: Typical

Fanout     Cap    Slew   Delay    Time   Description
-----------------------------------------------------------------------------
                          0.00    0.00   clock core_clock (rise edge)
                          0.00    0.00   clock source latency
     1    0.07    0.00    0.00    0.00 ^ clk (in)
                                         clk (net)
                  0.00    0.00    0.00 ^ clkbuf_0_clk/A (sky130_fd_sc_hd__clkbuf_16)
     9    0.22    0.23    0.25    0.25 ^ clkbuf_0_clk/X (sky130_fd_sc_hd__clkbuf_16)
                                         clknet_0_clk (net)
                  0.23    0.01    0.26 ^ clkbuf_3_5__f_clk/A (sky130_fd_sc_hd__clkbuf_16)
    16    0.10    0.12    0.25    0.51 ^ clkbuf_3_5__f_clk/X (sky130_fd_sc_hd__clkbuf_16)
                                         clknet_3_5__leaf_clk (net)
                  0.12    0.01    0.52 ^ _1355_/CLK (sky130_fd_sc_hd__dfxtp_4)
     3    0.16    0.20    0.50    1.02 v _1355_/Q (sky130_fd_sc_hd__dfxtp_4)
                                         regfile_inst.registers[25][8] (net)
                  0.21    0.02    1.04 v _0834_/A0 (sky130_fd_sc_hd__mux2_8)
     2    0.12    0.13    0.47    1.51 v _0834_/X (sky130_fd_sc_hd__mux2_8)
                                         _0606_ (net)
                  0.14    0.01    1.52 v _0835_/A (sky130_fd_sc_hd__clkbuf_4)
    14    0.09    0.18    0.29    1.80 v _0835_/X (sky130_fd_sc_hd__clkbuf_4)
                                         _0104_ (net)
                  0.18    0.02    1.83 v _1355_/D (sky130_fd_sc_hd__dfxtp_4)
                                  1.83   data arrival time

                          0.00    0.00   clock core_clock (rise edge)
                          0.00    0.00   clock source latency
     1    0.07    0.00    0.00    0.00 ^ clk (in)
                                         clk (net)
                  0.00    0.00    0.00 ^ clkbuf_0_clk/A (sky130_fd_sc_hd__clkbuf_16)
     9    0.22    0.23    0.25    0.25 ^ clkbuf_0_clk/X (sky130_fd_sc_hd__clkbuf_16)
                                         clknet_0_clk (net)
                  0.23    0.01    0.26 ^ clkbuf_3_5__f_clk/A (sky130_fd_sc_hd__clkbuf_16)
    16    0.10    0.12    0.25    0.51 ^ clkbuf_3_5__f_clk/X (sky130_fd_sc_hd__clkbuf_16)
                                         clknet_3_5__leaf_clk (net)
                  0.12    0.01    0.52 ^ _1355_/CLK (sky130_fd_sc_hd__dfxtp_4)
                          0.00    0.52   clock reconvergence pessimism
                         -0.09    0.43   library hold time
                                  0.43   data required time
-----------------------------------------------------------------------------
                                  0.43   data required time
                                 -1.83   data arrival time
-----------------------------------------------------------------------------
                                  1.40   slack (MET)


Startpoint: _1327_ (rising edge-triggered flip-flop clocked by core_clock)
Endpoint: _1327_ (rising edge-triggered flip-flop clocked by core_clock)
Path Group: core_clock
Path Type: min
Corner: Typical

Fanout     Cap    Slew   Delay    Time   Description
-----------------------------------------------------------------------------
                          0.00    0.00   clock core_clock (rise edge)
                          0.00    0.00   clock source latency
     1    0.07    0.00    0.00    0.00 ^ clk (in)
                                         clk (net)
                  0.00    0.00    0.00 ^ clkbuf_0_clk/A (sky130_fd_sc_hd__clkbuf_16)
     9    0.22    0.23    0.25    0.25 ^ clkbuf_0_clk/X (sky130_fd_sc_hd__clkbuf_16)
                                         clknet_0_clk (net)
                  0.23    0.01    0.26 ^ clkbuf_3_0__f_clk/A (sky130_fd_sc_hd__clkbuf_16)
    16    0.11    0.12    0.25    0.52 ^ clkbuf_3_0__f_clk/X (sky130_fd_sc_hd__clkbuf_16)
                                         clknet_3_0__leaf_clk (net)
                  0.13    0.00    0.52 ^ _1327_/CLK (sky130_fd_sc_hd__dfrtp_4)
     6    0.16    0.26    0.67    1.19 v _1327_/Q (sky130_fd_sc_hd__dfrtp_4)
                                         imem_inst.address[28] (net)
                  0.28    0.06    1.25 v _0914_/A (sky130_fd_sc_hd__nor2_2)
     1    0.03    0.37    0.40    1.65 ^ _0914_/Y (sky130_fd_sc_hd__nor2_2)
                                         _0152_ (net)
                  0.37    0.00    1.66 ^ _0915_/B (sky130_fd_sc_hd__nor2_4)
    17    0.11    0.18    0.20    1.86 v _0915_/Y (sky130_fd_sc_hd__nor2_4)
                                         _0076_ (net)
                  0.19    0.04    1.90 v _1327_/D (sky130_fd_sc_hd__dfrtp_4)
                                  1.90   data arrival time

                          0.00    0.00   clock core_clock (rise edge)
                          0.00    0.00   clock source latency
     1    0.07    0.00    0.00    0.00 ^ clk (in)
                                         clk (net)
                  0.00    0.00    0.00 ^ clkbuf_0_clk/A (sky130_fd_sc_hd__clkbuf_16)
     9    0.22    0.23    0.25    0.25 ^ clkbuf_0_clk/X (sky130_fd_sc_hd__clkbuf_16)
                                         clknet_0_clk (net)
                  0.23    0.01    0.26 ^ clkbuf_3_0__f_clk/A (sky130_fd_sc_hd__clkbuf_16)
    16    0.11    0.12    0.25    0.52 ^ clkbuf_3_0__f_clk/X (sky130_fd_sc_hd__clkbuf_16)
                                         clknet_3_0__leaf_clk (net)
                  0.13    0.00    0.52 ^ _1327_/CLK (sky130_fd_sc_hd__dfrtp_4)
                          0.00    0.52   clock reconvergence pessimism
                         -0.08    0.44   library hold time
                                  0.44   data required time
-----------------------------------------------------------------------------
                                  0.44   data required time
                                 -1.90   data arrival time
-----------------------------------------------------------------------------
                                  1.46   slack (MET)


Startpoint: _1283_ (rising edge-triggered flip-flop clocked by core_clock)
Endpoint: _1283_ (rising edge-triggered flip-flop clocked by core_clock)
Path Group: core_clock
Path Type: min
Corner: Typical

Fanout     Cap    Slew   Delay    Time   Description
-----------------------------------------------------------------------------
                          0.00    0.00   clock core_clock (rise edge)
                          0.00    0.00   clock source latency
     1    0.07    0.00    0.00    0.00 ^ clk (in)
                                         clk (net)
                  0.00    0.00    0.00 ^ clkbuf_0_clk/A (sky130_fd_sc_hd__clkbuf_16)
     9    0.22    0.23    0.25    0.25 ^ clkbuf_0_clk/X (sky130_fd_sc_hd__clkbuf_16)
                                         clknet_0_clk (net)
                  0.23    0.01    0.26 ^ clkbuf_3_1__f_clk/A (sky130_fd_sc_hd__clkbuf_16)
    13    0.09    0.11    0.24    0.50 ^ clkbuf_3_1__f_clk/X (sky130_fd_sc_hd__clkbuf_16)
                                         clknet_3_1__leaf_clk (net)
                  0.11    0.00    0.51 ^ _1283_/CLK (sky130_fd_sc_hd__dfxtp_4)
     4    0.13    0.37    0.60    1.10 ^ _1283_/Q (sky130_fd_sc_hd__dfxtp_4)
                                         display_inst.counter[2] (net)
                  0.37    0.01    1.11 ^ _0700_/B1 (sky130_fd_sc_hd__a21oi_4)
     2    0.10    0.18    0.20    1.31 v _0700_/Y (sky130_fd_sc_hd__a21oi_4)
                                         _0544_ (net)
                  0.19    0.03    1.34 v _0701_/B (sky130_fd_sc_hd__nor2_4)
    10    0.09    0.56    0.48    1.82 ^ _0701_/Y (sky130_fd_sc_hd__nor2_4)
                                         _0032_ (net)
                  0.56    0.03    1.85 ^ _1283_/D (sky130_fd_sc_hd__dfxtp_4)
                                  1.85   data arrival time

                          0.00    0.00   clock core_clock (rise edge)
                          0.00    0.00   clock source latency
     1    0.07    0.00    0.00    0.00 ^ clk (in)
                                         clk (net)
                  0.00    0.00    0.00 ^ clkbuf_0_clk/A (sky130_fd_sc_hd__clkbuf_16)
     9    0.22    0.23    0.25    0.25 ^ clkbuf_0_clk/X (sky130_fd_sc_hd__clkbuf_16)
                                         clknet_0_clk (net)
                  0.23    0.01    0.26 ^ clkbuf_3_1__f_clk/A (sky130_fd_sc_hd__clkbuf_16)
    13    0.09    0.11    0.24    0.50 ^ clkbuf_3_1__f_clk/X (sky130_fd_sc_hd__clkbuf_16)
                                         clknet_3_1__leaf_clk (net)
                  0.11    0.00    0.51 ^ _1283_/CLK (sky130_fd_sc_hd__dfxtp_4)
                          0.00    0.51   clock reconvergence pessimism
                         -0.12    0.38   library hold time
                                  0.38   data required time
-----------------------------------------------------------------------------
                                  0.38   data required time
                                 -1.85   data arrival time
-----------------------------------------------------------------------------
                                  1.46   slack (MET)


Startpoint: _1315_ (rising edge-triggered flip-flop clocked by core_clock)
Endpoint: _1315_ (rising edge-triggered flip-flop clocked by core_clock)
Path Group: core_clock
Path Type: min
Corner: Typical

Fanout     Cap    Slew   Delay    Time   Description
-----------------------------------------------------------------------------
                          0.00    0.00   clock core_clock (rise edge)
                          0.00    0.00   clock source latency
     1    0.07    0.00    0.00    0.00 ^ clk (in)
                                         clk (net)
                  0.00    0.00    0.00 ^ clkbuf_0_clk/A (sky130_fd_sc_hd__clkbuf_16)
     9    0.22    0.23    0.25    0.25 ^ clkbuf_0_clk/X (sky130_fd_sc_hd__clkbuf_16)
                                         clknet_0_clk (net)
                  0.23    0.01    0.26 ^ clkbuf_3_0__f_clk/A (sky130_fd_sc_hd__clkbuf_16)
    16    0.11    0.12    0.25    0.52 ^ clkbuf_3_0__f_clk/X (sky130_fd_sc_hd__clkbuf_16)
                                         clknet_3_0__leaf_clk (net)
                  0.13    0.01    0.52 ^ _1315_/CLK (sky130_fd_sc_hd__dfrtp_4)
     5    0.11    0.19    0.63    1.16 v _1315_/Q (sky130_fd_sc_hd__dfrtp_4)
                                         imem_inst.address[16] (net)
                  0.20    0.01    1.17 v _0934_/A (sky130_fd_sc_hd__nor2_4)
     1    0.07    0.45    0.43    1.60 ^ _0934_/Y (sky130_fd_sc_hd__nor2_4)
                                         _0160_ (net)
                  0.45    0.02    1.62 ^ _0935_/B (sky130_fd_sc_hd__nor2_4)
    14    0.13    0.21    0.24    1.85 v _0935_/Y (sky130_fd_sc_hd__nor2_4)
                                         _0064_ (net)
                  0.23    0.05    1.90 v _1315_/D (sky130_fd_sc_hd__dfrtp_4)
                                  1.90   data arrival time

                          0.00    0.00   clock core_clock (rise edge)
                          0.00    0.00   clock source latency
     1    0.07    0.00    0.00    0.00 ^ clk (in)
                                         clk (net)
                  0.00    0.00    0.00 ^ clkbuf_0_clk/A (sky130_fd_sc_hd__clkbuf_16)
     9    0.22    0.23    0.25    0.25 ^ clkbuf_0_clk/X (sky130_fd_sc_hd__clkbuf_16)
                                         clknet_0_clk (net)
                  0.23    0.01    0.26 ^ clkbuf_3_0__f_clk/A (sky130_fd_sc_hd__clkbuf_16)
    16    0.11    0.12    0.25    0.52 ^ clkbuf_3_0__f_clk/X (sky130_fd_sc_hd__clkbuf_16)
                                         clknet_3_0__leaf_clk (net)
                  0.13    0.01    0.52 ^ _1315_/CLK (sky130_fd_sc_hd__dfrtp_4)
                          0.00    0.52   clock reconvergence pessimism
                         -0.10    0.42   library hold time
                                  0.42   data required time
-----------------------------------------------------------------------------
                                  0.42   data required time
                                 -1.90   data arrival time
-----------------------------------------------------------------------------
                                  1.48   slack (MET)


Startpoint: _1360_ (rising edge-triggered flip-flop clocked by core_clock)
Endpoint: _1360_ (rising edge-triggered flip-flop clocked by core_clock)
Path Group: core_clock
Path Type: min
Corner: Typical

Fanout     Cap    Slew   Delay    Time   Description
-----------------------------------------------------------------------------
                          0.00    0.00   clock core_clock (rise edge)
                          0.00    0.00   clock source latency
     1    0.07    0.00    0.00    0.00 ^ clk (in)
                                         clk (net)
                  0.00    0.00    0.00 ^ clkbuf_0_clk/A (sky130_fd_sc_hd__clkbuf_16)
     9    0.22    0.23    0.25    0.25 ^ clkbuf_0_clk/X (sky130_fd_sc_hd__clkbuf_16)
                                         clknet_0_clk (net)
                  0.23    0.01    0.26 ^ clkbuf_3_0__f_clk/A (sky130_fd_sc_hd__clkbuf_16)
    16    0.11    0.12    0.25    0.52 ^ clkbuf_3_0__f_clk/X (sky130_fd_sc_hd__clkbuf_16)
                                         clknet_3_0__leaf_clk (net)
                  0.13    0.01    0.52 ^ _1360_/CLK (sky130_fd_sc_hd__dfxtp_4)
     4    0.19    0.24    0.51    1.04 v _1360_/Q (sky130_fd_sc_hd__dfxtp_4)
                                         regfile_inst.registers[25][13] (net)
                  0.25    0.05    1.08 v _0848_/A0 (sky130_fd_sc_hd__mux2_8)
     2    0.10    0.12    0.46    1.55 v _0848_/X (sky130_fd_sc_hd__mux2_8)
                                         _0615_ (net)
                  0.14    0.04    1.58 v _0849_/A (sky130_fd_sc_hd__clkbuf_4)
    20    0.11    0.21    0.31    1.89 v _0849_/X (sky130_fd_sc_hd__clkbuf_4)
                                         _0109_ (net)
                  0.22    0.03    1.92 v _1360_/D (sky130_fd_sc_hd__dfxtp_4)
                                  1.92   data arrival time

                          0.00    0.00   clock core_clock (rise edge)
                          0.00    0.00   clock source latency
     1    0.07    0.00    0.00    0.00 ^ clk (in)
                                         clk (net)
                  0.00    0.00    0.00 ^ clkbuf_0_clk/A (sky130_fd_sc_hd__clkbuf_16)
     9    0.22    0.23    0.25    0.25 ^ clkbuf_0_clk/X (sky130_fd_sc_hd__clkbuf_16)
                                         clknet_0_clk (net)
                  0.23    0.01    0.26 ^ clkbuf_3_0__f_clk/A (sky130_fd_sc_hd__clkbuf_16)
    16    0.11    0.12    0.25    0.52 ^ clkbuf_3_0__f_clk/X (sky130_fd_sc_hd__clkbuf_16)
                                         clknet_3_0__leaf_clk (net)
                  0.13    0.01    0.52 ^ _1360_/CLK (sky130_fd_sc_hd__dfxtp_4)
                          0.00    0.52   clock reconvergence pessimism
                         -0.10    0.42   library hold time
                                  0.42   data required time
-----------------------------------------------------------------------------
                                  0.42   data required time
                                 -1.92   data arrival time
-----------------------------------------------------------------------------
                                  1.50   slack (MET)


Startpoint: _1303_ (rising edge-triggered flip-flop clocked by core_clock)
Endpoint: _1303_ (rising edge-triggered flip-flop clocked by core_clock)
Path Group: core_clock
Path Type: min
Corner: Typical

Fanout     Cap    Slew   Delay    Time   Description
-----------------------------------------------------------------------------
                          0.00    0.00   clock core_clock (rise edge)
                          0.00    0.00   clock source latency
     1    0.07    0.00    0.00    0.00 ^ clk (in)
                                         clk (net)
                  0.00    0.00    0.00 ^ clkbuf_0_clk/A (sky130_fd_sc_hd__clkbuf_16)
     9    0.22    0.23    0.25    0.25 ^ clkbuf_0_clk/X (sky130_fd_sc_hd__clkbuf_16)
                                         clknet_0_clk (net)
                  0.23    0.01    0.26 ^ clkbuf_3_7__f_clk/A (sky130_fd_sc_hd__clkbuf_16)
    12    0.09    0.11    0.24    0.50 ^ clkbuf_3_7__f_clk/X (sky130_fd_sc_hd__clkbuf_16)
                                         clknet_3_7__leaf_clk (net)
                  0.11    0.00    0.51 ^ _1303_/CLK (sky130_fd_sc_hd__dfrtp_4)
     9    0.22    0.31    0.74    1.24 v _1303_/Q (sky130_fd_sc_hd__dfrtp_4)
                                         imem_inst.address[4] (net)
                  0.31    0.03    1.27 v _0954_/A (sky130_fd_sc_hd__nor2_4)
     1    0.07    0.44    0.47    1.74 ^ _0954_/Y (sky130_fd_sc_hd__nor2_4)
                                         _0168_ (net)
                  0.44    0.02    1.75 ^ _0955_/B (sky130_fd_sc_hd__nor2_4)
     1    0.07    0.16    0.17    1.93 v _0955_/Y (sky130_fd_sc_hd__nor2_4)
                                         _0052_ (net)
                  0.17    0.02    1.95 v _1303_/D (sky130_fd_sc_hd__dfrtp_4)
                                  1.95   data arrival time

                          0.00    0.00   clock core_clock (rise edge)
                          0.00    0.00   clock source latency
     1    0.07    0.00    0.00    0.00 ^ clk (in)
                                         clk (net)
                  0.00    0.00    0.00 ^ clkbuf_0_clk/A (sky130_fd_sc_hd__clkbuf_16)
     9    0.22    0.23    0.25    0.25 ^ clkbuf_0_clk/X (sky130_fd_sc_hd__clkbuf_16)
                                         clknet_0_clk (net)
                  0.23    0.01    0.26 ^ clkbuf_3_7__f_clk/A (sky130_fd_sc_hd__clkbuf_16)
    12    0.09    0.11    0.24    0.50 ^ clkbuf_3_7__f_clk/X (sky130_fd_sc_hd__clkbuf_16)
                                         clknet_3_7__leaf_clk (net)
                  0.11    0.00    0.51 ^ _1303_/CLK (sky130_fd_sc_hd__dfrtp_4)
                          0.00    0.51   clock reconvergence pessimism
                         -0.08    0.43   library hold time
                                  0.43   data required time
-----------------------------------------------------------------------------
                                  0.43   data required time
                                 -1.95   data arrival time
-----------------------------------------------------------------------------
                                  1.52   slack (MET)


Startpoint: _1296_ (rising edge-triggered flip-flop clocked by core_clock)
Endpoint: _1296_ (rising edge-triggered flip-flop clocked by core_clock)
Path Group: core_clock
Path Type: min
Corner: Typical

Fanout     Cap    Slew   Delay    Time   Description
-----------------------------------------------------------------------------
                          0.00    0.00   clock core_clock (rise edge)
                          0.00    0.00   clock source latency
     1    0.07    0.00    0.00    0.00 ^ clk (in)
                                         clk (net)
                  0.00    0.00    0.00 ^ clkbuf_0_clk/A (sky130_fd_sc_hd__clkbuf_16)
     9    0.22    0.23    0.25    0.25 ^ clkbuf_0_clk/X (sky130_fd_sc_hd__clkbuf_16)
                                         clknet_0_clk (net)
                  0.23    0.01    0.26 ^ clkbuf_3_3__f_clk/A (sky130_fd_sc_hd__clkbuf_16)
    10    0.10    0.12    0.25    0.51 ^ clkbuf_3_3__f_clk/X (sky130_fd_sc_hd__clkbuf_16)
                                         clknet_3_3__leaf_clk (net)
                  0.12    0.00    0.51 ^ _1296_/CLK (sky130_fd_sc_hd__dfxtp_4)
     5    0.14    0.19    0.50    1.01 v _1296_/Q (sky130_fd_sc_hd__dfxtp_4)
                                         display_inst.counter[15] (net)
                  0.19    0.01    1.02 v _0734_/A (sky130_fd_sc_hd__or2_4)
     1    0.06    0.11    0.38    1.40 v _0734_/X (sky130_fd_sc_hd__or2_4)
                                         _0565_ (net)
                  0.11    0.01    1.42 v _0737_/B (sky130_fd_sc_hd__and3_4)
     1    0.07    0.10    0.27    1.68 v _0737_/X (sky130_fd_sc_hd__and3_4)
                                         _0568_ (net)
                  0.11    0.02    1.70 v _0738_/A (sky130_fd_sc_hd__buf_2)
     2    0.07    0.16    0.25    1.95 v _0738_/X (sky130_fd_sc_hd__buf_2)
                                         _0045_ (net)
                  0.16    0.01    1.97 v _1296_/D (sky130_fd_sc_hd__dfxtp_4)
                                  1.97   data arrival time

                          0.00    0.00   clock core_clock (rise edge)
                          0.00    0.00   clock source latency
     1    0.07    0.00    0.00    0.00 ^ clk (in)
                                         clk (net)
                  0.00    0.00    0.00 ^ clkbuf_0_clk/A (sky130_fd_sc_hd__clkbuf_16)
     9    0.22    0.23    0.25    0.25 ^ clkbuf_0_clk/X (sky130_fd_sc_hd__clkbuf_16)
                                         clknet_0_clk (net)
                  0.23    0.01    0.26 ^ clkbuf_3_3__f_clk/A (sky130_fd_sc_hd__clkbuf_16)
    10    0.10    0.12    0.25    0.51 ^ clkbuf_3_3__f_clk/X (sky130_fd_sc_hd__clkbuf_16)
                                         clknet_3_3__leaf_clk (net)
                  0.12    0.00    0.51 ^ _1296_/CLK (sky130_fd_sc_hd__dfxtp_4)
                          0.00    0.51   clock reconvergence pessimism
                         -0.07    0.44   library hold time
                                  0.44   data required time
-----------------------------------------------------------------------------
                                  0.44   data required time
                                 -1.97   data arrival time
-----------------------------------------------------------------------------
                                  1.53   slack (MET)


Startpoint: _1320_ (rising edge-triggered flip-flop clocked by core_clock)
Endpoint: _1320_ (rising edge-triggered flip-flop clocked by core_clock)
Path Group: core_clock
Path Type: min
Corner: Typical

Fanout     Cap    Slew   Delay    Time   Description
-----------------------------------------------------------------------------
                          0.00    0.00   clock core_clock (rise edge)
                          0.00    0.00   clock source latency
     1    0.07    0.00    0.00    0.00 ^ clk (in)
                                         clk (net)
                  0.00    0.00    0.00 ^ clkbuf_0_clk/A (sky130_fd_sc_hd__clkbuf_16)
     9    0.22    0.23    0.25    0.25 ^ clkbuf_0_clk/X (sky130_fd_sc_hd__clkbuf_16)
                                         clknet_0_clk (net)
                  0.23    0.01    0.26 ^ clkbuf_3_6__f_clk/A (sky130_fd_sc_hd__clkbuf_16)
    15    0.10    0.12    0.25    0.51 ^ clkbuf_3_6__f_clk/X (sky130_fd_sc_hd__clkbuf_16)
                                         clknet_3_6__leaf_clk (net)
                  0.12    0.01    0.52 ^ _1320_/CLK (sky130_fd_sc_hd__dfrtp_4)
     4    0.13    0.38    0.68    1.20 ^ _1320_/Q (sky130_fd_sc_hd__dfrtp_4)
                                         imem_inst.address[21] (net)
                  0.39    0.02    1.22 ^ _0903_/A (sky130_fd_sc_hd__and3_4)
     4    0.14    0.40    0.54    1.76 ^ _0903_/X (sky130_fd_sc_hd__and3_4)
                                         _0144_ (net)
                  0.40    0.01    1.77 ^ _0927_/A (sky130_fd_sc_hd__nor2_4)
     2    0.09    0.17    0.20    1.97 v _0927_/Y (sky130_fd_sc_hd__nor2_4)
                                         _0069_ (net)
                  0.18    0.03    2.00 v _1320_/D (sky130_fd_sc_hd__dfrtp_4)
                                  2.00   data arrival time

                          0.00    0.00   clock core_clock (rise edge)
                          0.00    0.00   clock source latency
     1    0.07    0.00    0.00    0.00 ^ clk (in)
                                         clk (net)
                  0.00    0.00    0.00 ^ clkbuf_0_clk/A (sky130_fd_sc_hd__clkbuf_16)
     9    0.22    0.23    0.25    0.25 ^ clkbuf_0_clk/X (sky130_fd_sc_hd__clkbuf_16)
                                         clknet_0_clk (net)
                  0.23    0.01    0.26 ^ clkbuf_3_6__f_clk/A (sky130_fd_sc_hd__clkbuf_16)
    15    0.10    0.12    0.25    0.51 ^ clkbuf_3_6__f_clk/X (sky130_fd_sc_hd__clkbuf_16)
                                         clknet_3_6__leaf_clk (net)
                  0.12    0.01    0.52 ^ _1320_/CLK (sky130_fd_sc_hd__dfrtp_4)
                          0.00    0.52   clock reconvergence pessimism
                         -0.08    0.44   library hold time
                                  0.44   data required time
-----------------------------------------------------------------------------
                                  0.44   data required time
                                 -2.00   data arrival time
-----------------------------------------------------------------------------
                                  1.56   slack (MET)


Startpoint: _1306_ (rising edge-triggered flip-flop clocked by core_clock)
Endpoint: _1306_ (rising edge-triggered flip-flop clocked by core_clock)
Path Group: core_clock
Path Type: min
Corner: Typical

Fanout     Cap    Slew   Delay    Time   Description
-----------------------------------------------------------------------------
                          0.00    0.00   clock core_clock (rise edge)
                          0.00    0.00   clock source latency
     1    0.07    0.00    0.00    0.00 ^ clk (in)
                                         clk (net)
                  0.00    0.00    0.00 ^ clkbuf_0_clk/A (sky130_fd_sc_hd__clkbuf_16)
     9    0.22    0.23    0.25    0.25 ^ clkbuf_0_clk/X (sky130_fd_sc_hd__clkbuf_16)
                                         clknet_0_clk (net)
                  0.23    0.01    0.26 ^ clkbuf_3_0__f_clk/A (sky130_fd_sc_hd__clkbuf_16)
    16    0.11    0.12    0.25    0.52 ^ clkbuf_3_0__f_clk/X (sky130_fd_sc_hd__clkbuf_16)
                                         clknet_3_0__leaf_clk (net)
                  0.13    0.01    0.52 ^ _1306_/CLK (sky130_fd_sc_hd__dfrtp_4)
     3    0.14    0.24    0.65    1.18 v _1306_/Q (sky130_fd_sc_hd__dfrtp_4)
                                         imem_inst.address[7] (net)
                  0.26    0.05    1.23 v _0949_/A (sky130_fd_sc_hd__nor2_4)
     1    0.09    0.53    0.51    1.73 ^ _0949_/Y (sky130_fd_sc_hd__nor2_4)
                                         _0166_ (net)
                  0.53    0.03    1.76 ^ _0950_/B (sky130_fd_sc_hd__nor2_4)
     7    0.09    0.20    0.23    1.99 v _0950_/Y (sky130_fd_sc_hd__nor2_4)
                                         _0055_ (net)
                  0.20    0.02    2.01 v _1306_/D (sky130_fd_sc_hd__dfrtp_4)
                                  2.01   data arrival time

                          0.00    0.00   clock core_clock (rise edge)
                          0.00    0.00   clock source latency
     1    0.07    0.00    0.00    0.00 ^ clk (in)
                                         clk (net)
                  0.00    0.00    0.00 ^ clkbuf_0_clk/A (sky130_fd_sc_hd__clkbuf_16)
     9    0.22    0.23    0.25    0.25 ^ clkbuf_0_clk/X (sky130_fd_sc_hd__clkbuf_16)
                                         clknet_0_clk (net)
                  0.23    0.01    0.26 ^ clkbuf_3_0__f_clk/A (sky130_fd_sc_hd__clkbuf_16)
    16    0.11    0.12    0.25    0.52 ^ clkbuf_3_0__f_clk/X (sky130_fd_sc_hd__clkbuf_16)
                                         clknet_3_0__leaf_clk (net)
                  0.13    0.01    0.52 ^ _1306_/CLK (sky130_fd_sc_hd__dfrtp_4)
                          0.00    0.52   clock reconvergence pessimism
                         -0.09    0.43   library hold time
                                  0.43   data required time
-----------------------------------------------------------------------------
                                  0.43   data required time
                                 -2.01   data arrival time
-----------------------------------------------------------------------------
                                  1.58   slack (MET)


Startpoint: _1301_ (rising edge-triggered flip-flop clocked by core_clock)
Endpoint: _1301_ (rising edge-triggered flip-flop clocked by core_clock)
Path Group: core_clock
Path Type: min
Corner: Typical

Fanout     Cap    Slew   Delay    Time   Description
-----------------------------------------------------------------------------
                          0.00    0.00   clock core_clock (rise edge)
                          0.00    0.00   clock source latency
     1    0.07    0.00    0.00    0.00 ^ clk (in)
                                         clk (net)
                  0.00    0.00    0.00 ^ clkbuf_0_clk/A (sky130_fd_sc_hd__clkbuf_16)
     9    0.22    0.23    0.25    0.25 ^ clkbuf_0_clk/X (sky130_fd_sc_hd__clkbuf_16)
                                         clknet_0_clk (net)
                  0.23    0.01    0.26 ^ clkbuf_3_0__f_clk/A (sky130_fd_sc_hd__clkbuf_16)
    16    0.11    0.12    0.25    0.52 ^ clkbuf_3_0__f_clk/X (sky130_fd_sc_hd__clkbuf_16)
                                         clknet_3_0__leaf_clk (net)
                  0.12    0.00    0.52 ^ _1301_/CLK (sky130_fd_sc_hd__dfrtp_4)
    10    0.29    0.40    0.79    1.31 v _1301_/Q (sky130_fd_sc_hd__dfrtp_4)
                                         imem_inst.address[2] (net)
                  0.41    0.06    1.37 v _0956_/A (sky130_fd_sc_hd__buf_12)
     9    0.22    0.13    0.33    1.71 v _0956_/X (sky130_fd_sc_hd__buf_12)
                                         _0169_ (net)
                  0.16    0.05    1.75 v _0959_/B (sky130_fd_sc_hd__xor2_4)
     2    0.09    0.14    0.28    2.04 v _0959_/X (sky130_fd_sc_hd__xor2_4)
                                         _0050_ (net)
                  0.15    0.03    2.06 v _1301_/D (sky130_fd_sc_hd__dfrtp_4)
                                  2.06   data arrival time

                          0.00    0.00   clock core_clock (rise edge)
                          0.00    0.00   clock source latency
     1    0.07    0.00    0.00    0.00 ^ clk (in)
                                         clk (net)
                  0.00    0.00    0.00 ^ clkbuf_0_clk/A (sky130_fd_sc_hd__clkbuf_16)
     9    0.22    0.23    0.25    0.25 ^ clkbuf_0_clk/X (sky130_fd_sc_hd__clkbuf_16)
                                         clknet_0_clk (net)
                  0.23    0.01    0.26 ^ clkbuf_3_0__f_clk/A (sky130_fd_sc_hd__clkbuf_16)
    16    0.11    0.12    0.25    0.52 ^ clkbuf_3_0__f_clk/X (sky130_fd_sc_hd__clkbuf_16)
                                         clknet_3_0__leaf_clk (net)
                  0.12    0.00    0.52 ^ _1301_/CLK (sky130_fd_sc_hd__dfrtp_4)
                          0.00    0.52   clock reconvergence pessimism
                         -0.07    0.45   library hold time
                                  0.45   data required time
-----------------------------------------------------------------------------
                                  0.45   data required time
                                 -2.06   data arrival time
-----------------------------------------------------------------------------
                                  1.61   slack (MET)


Startpoint: _1305_ (rising edge-triggered flip-flop clocked by core_clock)
Endpoint: _1305_ (rising edge-triggered flip-flop clocked by core_clock)
Path Group: core_clock
Path Type: min
Corner: Typical

Fanout     Cap    Slew   Delay    Time   Description
-----------------------------------------------------------------------------
                          0.00    0.00   clock core_clock (rise edge)
                          0.00    0.00   clock source latency
     1    0.07    0.00    0.00    0.00 ^ clk (in)
                                         clk (net)
                  0.00    0.00    0.00 ^ clkbuf_0_clk/A (sky130_fd_sc_hd__clkbuf_16)
     9    0.22    0.23    0.25    0.25 ^ clkbuf_0_clk/X (sky130_fd_sc_hd__clkbuf_16)
                                         clknet_0_clk (net)
                  0.23    0.01    0.26 ^ clkbuf_3_6__f_clk/A (sky130_fd_sc_hd__clkbuf_16)
    15    0.10    0.12    0.25    0.51 ^ clkbuf_3_6__f_clk/X (sky130_fd_sc_hd__clkbuf_16)
                                         clknet_3_6__leaf_clk (net)
                  0.12    0.01    0.52 ^ _1305_/CLK (sky130_fd_sc_hd__dfrtp_4)
     4    0.07    0.22    0.57    1.08 ^ _1305_/Q (sky130_fd_sc_hd__dfrtp_4)
                                         imem_inst.address[6] (net)
                  0.22    0.01    1.10 ^ rebuffer67/A (sky130_fd_sc_hd__dlygate4sd1_1)
     1    0.00    0.05    0.24    1.33 ^ rebuffer67/X (sky130_fd_sc_hd__dlygate4sd1_1)
                                         net90 (net)
                  0.05    0.00    1.33 ^ _0893_/A (sky130_fd_sc_hd__and3_4)
     3    0.16    0.46    0.47    1.80 ^ _0893_/X (sky130_fd_sc_hd__and3_4)
                                         _0134_ (net)
                  0.47    0.03    1.83 ^ _0952_/A (sky130_fd_sc_hd__nor2_4)
     5    0.08    0.19    0.21    2.04 v _0952_/Y (sky130_fd_sc_hd__nor2_4)
                                         _0054_ (net)
                  0.20    0.02    2.06 v _1305_/D (sky130_fd_sc_hd__dfrtp_4)
                                  2.06   data arrival time

                          0.00    0.00   clock core_clock (rise edge)
                          0.00    0.00   clock source latency
     1    0.07    0.00    0.00    0.00 ^ clk (in)
                                         clk (net)
                  0.00    0.00    0.00 ^ clkbuf_0_clk/A (sky130_fd_sc_hd__clkbuf_16)
     9    0.22    0.23    0.25    0.25 ^ clkbuf_0_clk/X (sky130_fd_sc_hd__clkbuf_16)
                                         clknet_0_clk (net)
                  0.23    0.01    0.26 ^ clkbuf_3_6__f_clk/A (sky130_fd_sc_hd__clkbuf_16)
    15    0.10    0.12    0.25    0.51 ^ clkbuf_3_6__f_clk/X (sky130_fd_sc_hd__clkbuf_16)
                                         clknet_3_6__leaf_clk (net)
                  0.12    0.01    0.52 ^ _1305_/CLK (sky130_fd_sc_hd__dfrtp_4)
                          0.00    0.52   clock reconvergence pessimism
                         -0.09    0.43   library hold time
                                  0.43   data required time
-----------------------------------------------------------------------------
                                  0.43   data required time
                                 -2.06   data arrival time
-----------------------------------------------------------------------------
                                  1.63   slack (MET)


Startpoint: _1302_ (rising edge-triggered flip-flop clocked by core_clock)
Endpoint: _1302_ (rising edge-triggered flip-flop clocked by core_clock)
Path Group: core_clock
Path Type: min
Corner: Typical

Fanout     Cap    Slew   Delay    Time   Description
-----------------------------------------------------------------------------
                          0.00    0.00   clock core_clock (rise edge)
                          0.00    0.00   clock source latency
     1    0.07    0.00    0.00    0.00 ^ clk (in)
                                         clk (net)
                  0.00    0.00    0.00 ^ clkbuf_0_clk/A (sky130_fd_sc_hd__clkbuf_16)
     9    0.22    0.23    0.25    0.25 ^ clkbuf_0_clk/X (sky130_fd_sc_hd__clkbuf_16)
                                         clknet_0_clk (net)
                  0.23    0.01    0.26 ^ clkbuf_3_5__f_clk/A (sky130_fd_sc_hd__clkbuf_16)
    16    0.10    0.12    0.25    0.51 ^ clkbuf_3_5__f_clk/X (sky130_fd_sc_hd__clkbuf_16)
                                         clknet_3_5__leaf_clk (net)
                  0.12    0.00    0.51 ^ _1302_/CLK (sky130_fd_sc_hd__dfrtp_4)
     2    0.08    0.15    0.61    1.12 v _1302_/Q (sky130_fd_sc_hd__dfrtp_4)
                                         imem_inst.address[3] (net)
                  0.16    0.02    1.14 v _0890_/A (sky130_fd_sc_hd__buf_12)
    10    0.28    0.14    0.25    1.39 v _0890_/X (sky130_fd_sc_hd__buf_12)
                                         _0131_ (net)
                  0.15    0.03    1.42 v _0957_/B1 (sky130_fd_sc_hd__a21oi_4)
     1    0.07    0.51    0.45    1.88 ^ _0957_/Y (sky130_fd_sc_hd__a21oi_4)
                                         _0170_ (net)
                  0.51    0.01    1.88 ^ _0958_/B (sky130_fd_sc_hd__nor2_4)
     1    0.07    0.14    0.19    2.07 v _0958_/Y (sky130_fd_sc_hd__nor2_4)
                                         _0051_ (net)
                  0.14    0.02    2.09 v _1302_/D (sky130_fd_sc_hd__dfrtp_4)
                                  2.09   data arrival time

                          0.00    0.00   clock core_clock (rise edge)
                          0.00    0.00   clock source latency
     1    0.07    0.00    0.00    0.00 ^ clk (in)
                                         clk (net)
                  0.00    0.00    0.00 ^ clkbuf_0_clk/A (sky130_fd_sc_hd__clkbuf_16)
     9    0.22    0.23    0.25    0.25 ^ clkbuf_0_clk/X (sky130_fd_sc_hd__clkbuf_16)
                                         clknet_0_clk (net)
                  0.23    0.01    0.26 ^ clkbuf_3_5__f_clk/A (sky130_fd_sc_hd__clkbuf_16)
    16    0.10    0.12    0.25    0.51 ^ clkbuf_3_5__f_clk/X (sky130_fd_sc_hd__clkbuf_16)
                                         clknet_3_5__leaf_clk (net)
                  0.12    0.00    0.51 ^ _1302_/CLK (sky130_fd_sc_hd__dfrtp_4)
                          0.00    0.51   clock reconvergence pessimism
                         -0.06    0.45   library hold time
                                  0.45   data required time
-----------------------------------------------------------------------------
                                  0.45   data required time
                                 -2.09   data arrival time
-----------------------------------------------------------------------------
                                  1.64   slack (MET)


Startpoint: _1308_ (rising edge-triggered flip-flop clocked by core_clock)
Endpoint: _1308_ (rising edge-triggered flip-flop clocked by core_clock)
Path Group: core_clock
Path Type: min
Corner: Typical

Fanout     Cap    Slew   Delay    Time   Description
-----------------------------------------------------------------------------
                          0.00    0.00   clock core_clock (rise edge)
                          0.00    0.00   clock source latency
     1    0.07    0.00    0.00    0.00 ^ clk (in)
                                         clk (net)
                  0.00    0.00    0.00 ^ clkbuf_0_clk/A (sky130_fd_sc_hd__clkbuf_16)
     9    0.22    0.23    0.25    0.25 ^ clkbuf_0_clk/X (sky130_fd_sc_hd__clkbuf_16)
                                         clknet_0_clk (net)
                  0.23    0.01    0.26 ^ clkbuf_3_6__f_clk/A (sky130_fd_sc_hd__clkbuf_16)
    15    0.10    0.12    0.25    0.51 ^ clkbuf_3_6__f_clk/X (sky130_fd_sc_hd__clkbuf_16)
                                         clknet_3_6__leaf_clk (net)
                  0.12    0.00    0.51 ^ _1308_/CLK (sky130_fd_sc_hd__dfrtp_4)
     4    0.03    0.12    0.49    1.01 ^ _1308_/Q (sky130_fd_sc_hd__dfrtp_4)
                                         imem_inst.address[9] (net)
                  0.12    0.00    1.01 ^ rebuffer69/A (sky130_fd_sc_hd__dlygate4sd1_1)
     1    0.03    0.29    0.39    1.40 ^ rebuffer69/X (sky130_fd_sc_hd__dlygate4sd1_1)
                                         net92 (net)
                  0.29    0.00    1.40 ^ _0946_/B1 (sky130_fd_sc_hd__a21oi_4)
     1    0.07    0.14    0.15    1.55 v _0946_/Y (sky130_fd_sc_hd__a21oi_4)
                                         _0165_ (net)
                  0.15    0.02    1.57 v _0947_/B (sky130_fd_sc_hd__nor2_2)
     1    0.05    0.54    0.46    2.03 ^ _0947_/Y (sky130_fd_sc_hd__nor2_2)
                                         _0057_ (net)
                  0.54    0.01    2.04 ^ _1308_/D (sky130_fd_sc_hd__dfrtp_4)
                                  2.04   data arrival time

                          0.00    0.00   clock core_clock (rise edge)
                          0.00    0.00   clock source latency
     1    0.07    0.00    0.00    0.00 ^ clk (in)
                                         clk (net)
                  0.00    0.00    0.00 ^ clkbuf_0_clk/A (sky130_fd_sc_hd__clkbuf_16)
     9    0.22    0.23    0.25    0.25 ^ clkbuf_0_clk/X (sky130_fd_sc_hd__clkbuf_16)
                                         clknet_0_clk (net)
                  0.23    0.01    0.26 ^ clkbuf_3_6__f_clk/A (sky130_fd_sc_hd__clkbuf_16)
    15    0.10    0.12    0.25    0.51 ^ clkbuf_3_6__f_clk/X (sky130_fd_sc_hd__clkbuf_16)
                                         clknet_3_6__leaf_clk (net)
                  0.12    0.00    0.51 ^ _1308_/CLK (sky130_fd_sc_hd__dfrtp_4)
                          0.00    0.51   clock reconvergence pessimism
                         -0.12    0.39   library hold time
                                  0.39   data required time
-----------------------------------------------------------------------------
                                  0.39   data required time
                                 -2.04   data arrival time
-----------------------------------------------------------------------------
                                  1.64   slack (MET)


Startpoint: _1315_ (rising edge-triggered flip-flop clocked by core_clock)
Endpoint: _1316_ (rising edge-triggered flip-flop clocked by core_clock)
Path Group: core_clock
Path Type: min
Corner: Typical

Fanout     Cap    Slew   Delay    Time   Description
-----------------------------------------------------------------------------
                          0.00    0.00   clock core_clock (rise edge)
                          0.00    0.00   clock source latency
     1    0.07    0.00    0.00    0.00 ^ clk (in)
                                         clk (net)
                  0.00    0.00    0.00 ^ clkbuf_0_clk/A (sky130_fd_sc_hd__clkbuf_16)
     9    0.22    0.23    0.25    0.25 ^ clkbuf_0_clk/X (sky130_fd_sc_hd__clkbuf_16)
                                         clknet_0_clk (net)
                  0.23    0.01    0.26 ^ clkbuf_3_0__f_clk/A (sky130_fd_sc_hd__clkbuf_16)
    16    0.11    0.12    0.25    0.52 ^ clkbuf_3_0__f_clk/X (sky130_fd_sc_hd__clkbuf_16)
                                         clknet_3_0__leaf_clk (net)
                  0.13    0.01    0.52 ^ _1315_/CLK (sky130_fd_sc_hd__dfrtp_4)
     5    0.11    0.19    0.63    1.16 v _1315_/Q (sky130_fd_sc_hd__dfrtp_4)
                                         imem_inst.address[16] (net)
                  0.20    0.02    1.18 v rebuffer27/A (sky130_fd_sc_hd__dlygate4sd1_1)
     1    0.02    0.09    0.35    1.53 v rebuffer27/X (sky130_fd_sc_hd__dlygate4sd1_1)
                                         net49 (net)
                  0.09    0.00    1.53 v _0900_/A (sky130_fd_sc_hd__and2_4)
     4    0.14    0.18    0.27    1.81 v _0900_/X (sky130_fd_sc_hd__and2_4)
                                         _0141_ (net)
                  0.19    0.03    1.84 v _0933_/B (sky130_fd_sc_hd__xor2_4)
     1    0.11    0.16    0.32    2.16 v _0933_/X (sky130_fd_sc_hd__xor2_4)
                                         _0065_ (net)
                  0.16    0.01    2.16 v _1316_/D (sky130_fd_sc_hd__dfrtp_4)
                                  2.16   data arrival time

                          0.00    0.00   clock core_clock (rise edge)
                          0.00    0.00   clock source latency
     1    0.07    0.00    0.00    0.00 ^ clk (in)
                                         clk (net)
                  0.00    0.00    0.00 ^ clkbuf_0_clk/A (sky130_fd_sc_hd__clkbuf_16)
     9    0.22    0.23    0.25    0.25 ^ clkbuf_0_clk/X (sky130_fd_sc_hd__clkbuf_16)
                                         clknet_0_clk (net)
                  0.23    0.01    0.26 ^ clkbuf_3_7__f_clk/A (sky130_fd_sc_hd__clkbuf_16)
    12    0.09    0.11    0.24    0.50 ^ clkbuf_3_7__f_clk/X (sky130_fd_sc_hd__clkbuf_16)
                                         clknet_3_7__leaf_clk (net)
                  0.11    0.00    0.51 ^ _1316_/CLK (sky130_fd_sc_hd__dfrtp_4)
                          0.00    0.51   clock reconvergence pessimism
                         -0.07    0.43   library hold time
                                  0.43   data required time
-----------------------------------------------------------------------------
                                  0.43   data required time
                                 -2.16   data arrival time
-----------------------------------------------------------------------------
                                  1.73   slack (MET)


Startpoint: _1320_ (rising edge-triggered flip-flop clocked by core_clock)
Endpoint: _1321_ (rising edge-triggered flip-flop clocked by core_clock)
Path Group: core_clock
Path Type: min
Corner: Typical

Fanout     Cap    Slew   Delay    Time   Description
-----------------------------------------------------------------------------
                          0.00    0.00   clock core_clock (rise edge)
                          0.00    0.00   clock source latency
     1    0.07    0.00    0.00    0.00 ^ clk (in)
                                         clk (net)
                  0.00    0.00    0.00 ^ clkbuf_0_clk/A (sky130_fd_sc_hd__clkbuf_16)
     9    0.22    0.23    0.25    0.25 ^ clkbuf_0_clk/X (sky130_fd_sc_hd__clkbuf_16)
                                         clknet_0_clk (net)
                  0.23    0.01    0.26 ^ clkbuf_3_6__f_clk/A (sky130_fd_sc_hd__clkbuf_16)
    15    0.10    0.12    0.25    0.51 ^ clkbuf_3_6__f_clk/X (sky130_fd_sc_hd__clkbuf_16)
                                         clknet_3_6__leaf_clk (net)
                  0.12    0.01    0.52 ^ _1320_/CLK (sky130_fd_sc_hd__dfrtp_4)
     4    0.13    0.22    0.66    1.18 v _1320_/Q (sky130_fd_sc_hd__dfrtp_4)
                                         imem_inst.address[21] (net)
                  0.22    0.02    1.20 v _0903_/A (sky130_fd_sc_hd__and3_4)
     4    0.14    0.18    0.36    1.56 v _0903_/X (sky130_fd_sc_hd__and3_4)
                                         _0144_ (net)
                  0.18    0.01    1.57 v _0924_/B (sky130_fd_sc_hd__nor2_4)
     1    0.07    0.41    0.38    1.94 ^ _0924_/Y (sky130_fd_sc_hd__nor2_4)
                                         _0156_ (net)
                  0.41    0.01    1.96 ^ _0925_/B (sky130_fd_sc_hd__nor2_4)
    14    0.12    0.19    0.23    2.18 v _0925_/Y (sky130_fd_sc_hd__nor2_4)
                                         _0070_ (net)
                  0.20    0.04    2.22 v _1321_/D (sky130_fd_sc_hd__dfrtp_4)
                                  2.22   data arrival time

                          0.00    0.00   clock core_clock (rise edge)
                          0.00    0.00   clock source latency
     1    0.07    0.00    0.00    0.00 ^ clk (in)
                                         clk (net)
                  0.00    0.00    0.00 ^ clkbuf_0_clk/A (sky130_fd_sc_hd__clkbuf_16)
     9    0.22    0.23    0.25    0.25 ^ clkbuf_0_clk/X (sky130_fd_sc_hd__clkbuf_16)
                                         clknet_0_clk (net)
                  0.23    0.01    0.26 ^ clkbuf_3_5__f_clk/A (sky130_fd_sc_hd__clkbuf_16)
    16    0.10    0.12    0.25    0.51 ^ clkbuf_3_5__f_clk/X (sky130_fd_sc_hd__clkbuf_16)
                                         clknet_3_5__leaf_clk (net)
                  0.12    0.00    0.51 ^ _1321_/CLK (sky130_fd_sc_hd__dfrtp_4)
                          0.00    0.51   clock reconvergence pessimism
                         -0.09    0.42   library hold time
                                  0.42   data required time
-----------------------------------------------------------------------------
                                  0.42   data required time
                                 -2.22   data arrival time
-----------------------------------------------------------------------------
                                  1.80   slack (MET)



worst slack corner Typical: 0.7344
