
===========================================================================
report_checks -path_delay min (Hold)
============================================================================
======================= Fastest Corner ===================================

Startpoint: _322_ (rising edge-triggered flip-flop clocked by core_clock)
Endpoint: _352_ (rising edge-triggered flip-flop clocked by core_clock)
Path Group: core_clock
Path Type: min
Corner: Fastest

Fanout     Cap    Slew   Delay    Time   Description
-----------------------------------------------------------------------------
                          0.00    0.00   clock core_clock (rise edge)
                          0.00    0.00   clock source latency
     1    0.02    0.00    0.00    0.00 ^ clk (in)
                                         clk (net)
                  0.00    0.00    0.00 ^ clkbuf_0_clk/A (sky130_fd_sc_hd__clkbuf_16)
     4    0.04    0.05    0.09    0.09 ^ clkbuf_0_clk/X (sky130_fd_sc_hd__clkbuf_16)
                                         clknet_0_clk (net)
                  0.05    0.00    0.09 ^ clkbuf_2_0__f_clk/A (sky130_fd_sc_hd__clkbuf_16)
     7    0.03    0.04    0.10    0.19 ^ clkbuf_2_0__f_clk/X (sky130_fd_sc_hd__clkbuf_16)
                                         clknet_2_0__leaf_clk (net)
                  0.04    0.00    0.19 ^ _322_/CLK (sky130_fd_sc_hd__dfrtp_4)
     5    0.04    0.11    0.31    0.50 ^ _322_/Q (sky130_fd_sc_hd__dfrtp_4)
                                         counter.one_second_enable (net)
                  0.11    0.00    0.50 ^ _164_/A1 (sky130_fd_sc_hd__a211oi_1)
     1    0.00    0.03    0.05    0.55 v _164_/Y (sky130_fd_sc_hd__a211oi_1)
                                         _062_ (net)
                  0.03    0.00    0.55 v _352_/D (sky130_fd_sc_hd__dfrtp_4)
                                  0.55   data arrival time

                          0.00    0.00   clock core_clock (rise edge)
                          0.00    0.00   clock source latency
     1    0.02    0.00    0.00    0.00 ^ clk (in)
                                         clk (net)
                  0.00    0.00    0.00 ^ clkbuf_0_clk/A (sky130_fd_sc_hd__clkbuf_16)
     4    0.04    0.05    0.09    0.09 ^ clkbuf_0_clk/X (sky130_fd_sc_hd__clkbuf_16)
                                         clknet_0_clk (net)
                  0.05    0.00    0.09 ^ clkbuf_2_3__f_clk/A (sky130_fd_sc_hd__clkbuf_16)
    10    0.04    0.04    0.10    0.19 ^ clkbuf_2_3__f_clk/X (sky130_fd_sc_hd__clkbuf_16)
                                         clknet_2_3__leaf_clk (net)
                  0.04    0.00    0.19 ^ _352_/CLK (sky130_fd_sc_hd__dfrtp_4)
                          0.00    0.19   clock reconvergence pessimism
                         -0.03    0.17   library hold time
                                  0.17   data required time
-----------------------------------------------------------------------------
                                  0.17   data required time
                                 -0.55   data arrival time
-----------------------------------------------------------------------------
                                  0.38   slack (MET)


Startpoint: _353_ (rising edge-triggered flip-flop clocked by core_clock)
Endpoint: _353_ (rising edge-triggered flip-flop clocked by core_clock)
Path Group: core_clock
Path Type: min
Corner: Fastest

Fanout     Cap    Slew   Delay    Time   Description
-----------------------------------------------------------------------------
                          0.00    0.00   clock core_clock (rise edge)
                          0.00    0.00   clock source latency
     1    0.02    0.00    0.00    0.00 ^ clk (in)
                                         clk (net)
                  0.00    0.00    0.00 ^ clkbuf_0_clk/A (sky130_fd_sc_hd__clkbuf_16)
     4    0.04    0.05    0.09    0.09 ^ clkbuf_0_clk/X (sky130_fd_sc_hd__clkbuf_16)
                                         clknet_0_clk (net)
                  0.05    0.00    0.09 ^ clkbuf_2_3__f_clk/A (sky130_fd_sc_hd__clkbuf_16)
    10    0.04    0.04    0.10    0.19 ^ clkbuf_2_3__f_clk/X (sky130_fd_sc_hd__clkbuf_16)
                                         clknet_2_3__leaf_clk (net)
                  0.04    0.00    0.19 ^ _353_/CLK (sky130_fd_sc_hd__dfrtp_4)
     4    0.03    0.08    0.29    0.49 ^ _353_/Q (sky130_fd_sc_hd__dfrtp_4)
                                         counter.count[3] (net)
                  0.08    0.00    0.49 ^ _160_/A (sky130_fd_sc_hd__xor2_1)
     1    0.01    0.04    0.06    0.55 v _160_/X (sky130_fd_sc_hd__xor2_1)
                                         _063_ (net)
                  0.04    0.00    0.55 v _353_/D (sky130_fd_sc_hd__dfrtp_4)
                                  0.55   data arrival time

                          0.00    0.00   clock core_clock (rise edge)
                          0.00    0.00   clock source latency
     1    0.02    0.00    0.00    0.00 ^ clk (in)
                                         clk (net)
                  0.00    0.00    0.00 ^ clkbuf_0_clk/A (sky130_fd_sc_hd__clkbuf_16)
     4    0.04    0.05    0.09    0.09 ^ clkbuf_0_clk/X (sky130_fd_sc_hd__clkbuf_16)
                                         clknet_0_clk (net)
                  0.05    0.00    0.09 ^ clkbuf_2_3__f_clk/A (sky130_fd_sc_hd__clkbuf_16)
    10    0.04    0.04    0.10    0.19 ^ clkbuf_2_3__f_clk/X (sky130_fd_sc_hd__clkbuf_16)
                                         clknet_2_3__leaf_clk (net)
                  0.04    0.00    0.19 ^ _353_/CLK (sky130_fd_sc_hd__dfrtp_4)
                          0.00    0.19   clock reconvergence pessimism
                         -0.03    0.16   library hold time
                                  0.16   data required time
-----------------------------------------------------------------------------
                                  0.16   data required time
                                 -0.55   data arrival time
-----------------------------------------------------------------------------
                                  0.39   slack (MET)


Startpoint: _348_ (rising edge-triggered flip-flop clocked by core_clock)
Endpoint: _349_ (rising edge-triggered flip-flop clocked by core_clock)
Path Group: core_clock
Path Type: min
Corner: Fastest

Fanout     Cap    Slew   Delay    Time   Description
-----------------------------------------------------------------------------
                          0.00    0.00   clock core_clock (rise edge)
                          0.00    0.00   clock source latency
     1    0.02    0.00    0.00    0.00 ^ clk (in)
                                         clk (net)
                  0.00    0.00    0.00 ^ clkbuf_0_clk/A (sky130_fd_sc_hd__clkbuf_16)
     4    0.04    0.05    0.09    0.09 ^ clkbuf_0_clk/X (sky130_fd_sc_hd__clkbuf_16)
                                         clknet_0_clk (net)
                  0.05    0.00    0.09 ^ clkbuf_2_0__f_clk/A (sky130_fd_sc_hd__clkbuf_16)
     7    0.03    0.04    0.10    0.19 ^ clkbuf_2_0__f_clk/X (sky130_fd_sc_hd__clkbuf_16)
                                         clknet_2_0__leaf_clk (net)
                  0.04    0.00    0.19 ^ _348_/CLK (sky130_fd_sc_hd__dfrtp_2)
     3    0.03    0.12    0.29    0.48 ^ _348_/Q (sky130_fd_sc_hd__dfrtp_2)
                                         counter.one_second_counter[25] (net)
                  0.12    0.00    0.48 ^ _278_/A2 (sky130_fd_sc_hd__o211a_1)
     1    0.01    0.07    0.12    0.60 ^ _278_/X (sky130_fd_sc_hd__o211a_1)
                                         _019_ (net)
                  0.07    0.00    0.60 ^ _349_/D (sky130_fd_sc_hd__dfrtp_1)
                                  0.60   data arrival time

                          0.00    0.00   clock core_clock (rise edge)
                          0.00    0.00   clock source latency
     1    0.02    0.00    0.00    0.00 ^ clk (in)
                                         clk (net)
                  0.00    0.00    0.00 ^ clkbuf_0_clk/A (sky130_fd_sc_hd__clkbuf_16)
     4    0.04    0.05    0.09    0.09 ^ clkbuf_0_clk/X (sky130_fd_sc_hd__clkbuf_16)
                                         clknet_0_clk (net)
                  0.05    0.00    0.09 ^ clkbuf_2_2__f_clk/A (sky130_fd_sc_hd__clkbuf_16)
    10    0.04    0.05    0.10    0.20 ^ clkbuf_2_2__f_clk/X (sky130_fd_sc_hd__clkbuf_16)
                                         clknet_2_2__leaf_clk (net)
                  0.05    0.00    0.20 ^ _349_/CLK (sky130_fd_sc_hd__dfrtp_1)
                          0.00    0.20   clock reconvergence pessimism
                         -0.02    0.17   library hold time
                                  0.17   data required time
-----------------------------------------------------------------------------
                                  0.17   data required time
                                 -0.60   data arrival time
-----------------------------------------------------------------------------
                                  0.43   slack (MET)


Startpoint: _323_ (rising edge-triggered flip-flop clocked by core_clock)
Endpoint: _323_ (rising edge-triggered flip-flop clocked by core_clock)
Path Group: core_clock
Path Type: min
Corner: Fastest

Fanout     Cap    Slew   Delay    Time   Description
-----------------------------------------------------------------------------
                          0.00    0.00   clock core_clock (rise edge)
                          0.00    0.00   clock source latency
     1    0.02    0.00    0.00    0.00 ^ clk (in)
                                         clk (net)
                  0.00    0.00    0.00 ^ clkbuf_0_clk/A (sky130_fd_sc_hd__clkbuf_16)
     4    0.04    0.05    0.09    0.09 ^ clkbuf_0_clk/X (sky130_fd_sc_hd__clkbuf_16)
                                         clknet_0_clk (net)
                  0.05    0.00    0.09 ^ clkbuf_2_3__f_clk/A (sky130_fd_sc_hd__clkbuf_16)
    10    0.04    0.04    0.10    0.19 ^ clkbuf_2_3__f_clk/X (sky130_fd_sc_hd__clkbuf_16)
                                         clknet_2_3__leaf_clk (net)
                  0.04    0.00    0.19 ^ _323_/CLK (sky130_fd_sc_hd__dfrtp_4)
     7    0.05    0.12    0.32    0.51 ^ _323_/Q (sky130_fd_sc_hd__dfrtp_4)
                                         counter.one_second_counter[0] (net)
                  0.12    0.00    0.52 ^ _183_/A (sky130_fd_sc_hd__nor2_1)
     1    0.01    0.06    0.07    0.58 v _183_/Y (sky130_fd_sc_hd__nor2_1)
                                         _001_ (net)
                  0.06    0.00    0.58 v _323_/D (sky130_fd_sc_hd__dfrtp_4)
                                  0.58   data arrival time

                          0.00    0.00   clock core_clock (rise edge)
                          0.00    0.00   clock source latency
     1    0.02    0.00    0.00    0.00 ^ clk (in)
                                         clk (net)
                  0.00    0.00    0.00 ^ clkbuf_0_clk/A (sky130_fd_sc_hd__clkbuf_16)
     4    0.04    0.05    0.09    0.09 ^ clkbuf_0_clk/X (sky130_fd_sc_hd__clkbuf_16)
                                         clknet_0_clk (net)
                  0.05    0.00    0.09 ^ clkbuf_2_3__f_clk/A (sky130_fd_sc_hd__clkbuf_16)
    10    0.04    0.04    0.10    0.19 ^ clkbuf_2_3__f_clk/X (sky130_fd_sc_hd__clkbuf_16)
                                         clknet_2_3__leaf_clk (net)
                  0.04    0.00    0.19 ^ _323_/CLK (sky130_fd_sc_hd__dfrtp_4)
                          0.00    0.19   clock reconvergence pessimism
                         -0.04    0.16   library hold time
                                  0.16   data required time
-----------------------------------------------------------------------------
                                  0.16   data required time
                                 -0.58   data arrival time
-----------------------------------------------------------------------------
                                  0.43   slack (MET)


Startpoint: _344_ (rising edge-triggered flip-flop clocked by core_clock)
Endpoint: _344_ (rising edge-triggered flip-flop clocked by core_clock)
Path Group: core_clock
Path Type: min
Corner: Fastest

Fanout     Cap    Slew   Delay    Time   Description
-----------------------------------------------------------------------------
                          0.00    0.00   clock core_clock (rise edge)
                          0.00    0.00   clock source latency
     1    0.02    0.00    0.00    0.00 ^ clk (in)
                                         clk (net)
                  0.00    0.00    0.00 ^ clkbuf_0_clk/A (sky130_fd_sc_hd__clkbuf_16)
     4    0.04    0.05    0.09    0.09 ^ clkbuf_0_clk/X (sky130_fd_sc_hd__clkbuf_16)
                                         clknet_0_clk (net)
                  0.05    0.00    0.09 ^ clkbuf_2_1__f_clk/A (sky130_fd_sc_hd__clkbuf_16)
     8    0.03    0.04    0.10    0.19 ^ clkbuf_2_1__f_clk/X (sky130_fd_sc_hd__clkbuf_16)
                                         clknet_2_1__leaf_clk (net)
                  0.04    0.00    0.19 ^ _344_/CLK (sky130_fd_sc_hd__dfrtp_2)
     3    0.03    0.07    0.30    0.49 v _344_/Q (sky130_fd_sc_hd__dfrtp_2)
                                         counter.one_second_counter[21] (net)
                  0.07    0.00    0.49 v _261_/A (sky130_fd_sc_hd__inv_2)
     1    0.02    0.06    0.08    0.56 ^ _261_/Y (sky130_fd_sc_hd__inv_2)
                                         _141_ (net)
                  0.06    0.00    0.56 ^ _263_/A1 (sky130_fd_sc_hd__a211oi_1)
     1    0.01    0.04    0.05    0.61 v _263_/Y (sky130_fd_sc_hd__a211oi_1)
                                         _014_ (net)
                  0.04    0.00    0.61 v _344_/D (sky130_fd_sc_hd__dfrtp_2)
                                  0.61   data arrival time

                          0.00    0.00   clock core_clock (rise edge)
                          0.00    0.00   clock source latency
     1    0.02    0.00    0.00    0.00 ^ clk (in)
                                         clk (net)
                  0.00    0.00    0.00 ^ clkbuf_0_clk/A (sky130_fd_sc_hd__clkbuf_16)
     4    0.04    0.05    0.09    0.09 ^ clkbuf_0_clk/X (sky130_fd_sc_hd__clkbuf_16)
                                         clknet_0_clk (net)
                  0.05    0.00    0.09 ^ clkbuf_2_1__f_clk/A (sky130_fd_sc_hd__clkbuf_16)
     8    0.03    0.04    0.10    0.19 ^ clkbuf_2_1__f_clk/X (sky130_fd_sc_hd__clkbuf_16)
                                         clknet_2_1__leaf_clk (net)
                  0.04    0.00    0.19 ^ _344_/CLK (sky130_fd_sc_hd__dfrtp_2)
                          0.00    0.19   clock reconvergence pessimism
                         -0.03    0.16   library hold time
                                  0.16   data required time
-----------------------------------------------------------------------------
                                  0.16   data required time
                                 -0.61   data arrival time
-----------------------------------------------------------------------------
                                  0.45   slack (MET)


Startpoint: _330_ (rising edge-triggered flip-flop clocked by core_clock)
Endpoint: _330_ (rising edge-triggered flip-flop clocked by core_clock)
Path Group: core_clock
Path Type: min
Corner: Fastest

Fanout     Cap    Slew   Delay    Time   Description
-----------------------------------------------------------------------------
                          0.00    0.00   clock core_clock (rise edge)
                          0.00    0.00   clock source latency
     1    0.02    0.00    0.00    0.00 ^ clk (in)
                                         clk (net)
                  0.00    0.00    0.00 ^ clkbuf_0_clk/A (sky130_fd_sc_hd__clkbuf_16)
     4    0.04    0.05    0.09    0.09 ^ clkbuf_0_clk/X (sky130_fd_sc_hd__clkbuf_16)
                                         clknet_0_clk (net)
                  0.05    0.00    0.09 ^ clkbuf_2_1__f_clk/A (sky130_fd_sc_hd__clkbuf_16)
     8    0.03    0.04    0.10    0.19 ^ clkbuf_2_1__f_clk/X (sky130_fd_sc_hd__clkbuf_16)
                                         clknet_2_1__leaf_clk (net)
                  0.04    0.00    0.19 ^ _330_/CLK (sky130_fd_sc_hd__dfrtp_1)
     2    0.02    0.08    0.27    0.46 v _330_/Q (sky130_fd_sc_hd__dfrtp_1)
                                         counter.one_second_counter[7] (net)
                  0.08    0.00    0.46 v _207_/A (sky130_fd_sc_hd__inv_2)
     1    0.01    0.06    0.07    0.54 ^ _207_/Y (sky130_fd_sc_hd__inv_2)
                                         _101_ (net)
                  0.06    0.00    0.54 ^ _208_/A1 (sky130_fd_sc_hd__a211oi_1)
     1    0.01    0.06    0.07    0.60 v _208_/Y (sky130_fd_sc_hd__a211oi_1)
                                         _025_ (net)
                  0.06    0.00    0.61 v _330_/D (sky130_fd_sc_hd__dfrtp_1)
                                  0.61   data arrival time

                          0.00    0.00   clock core_clock (rise edge)
                          0.00    0.00   clock source latency
     1    0.02    0.00    0.00    0.00 ^ clk (in)
                                         clk (net)
                  0.00    0.00    0.00 ^ clkbuf_0_clk/A (sky130_fd_sc_hd__clkbuf_16)
     4    0.04    0.05    0.09    0.09 ^ clkbuf_0_clk/X (sky130_fd_sc_hd__clkbuf_16)
                                         clknet_0_clk (net)
                  0.05    0.00    0.09 ^ clkbuf_2_1__f_clk/A (sky130_fd_sc_hd__clkbuf_16)
     8    0.03    0.04    0.10    0.19 ^ clkbuf_2_1__f_clk/X (sky130_fd_sc_hd__clkbuf_16)
                                         clknet_2_1__leaf_clk (net)
                  0.04    0.00    0.19 ^ _330_/CLK (sky130_fd_sc_hd__dfrtp_1)
                          0.00    0.19   clock reconvergence pessimism
                         -0.04    0.15   library hold time
                                  0.15   data required time
-----------------------------------------------------------------------------
                                  0.15   data required time
                                 -0.61   data arrival time
-----------------------------------------------------------------------------
                                  0.46   slack (MET)


Startpoint: _341_ (rising edge-triggered flip-flop clocked by core_clock)
Endpoint: _341_ (rising edge-triggered flip-flop clocked by core_clock)
Path Group: core_clock
Path Type: min
Corner: Fastest

Fanout     Cap    Slew   Delay    Time   Description
-----------------------------------------------------------------------------
                          0.00    0.00   clock core_clock (rise edge)
                          0.00    0.00   clock source latency
     1    0.02    0.00    0.00    0.00 ^ clk (in)
                                         clk (net)
                  0.00    0.00    0.00 ^ clkbuf_0_clk/A (sky130_fd_sc_hd__clkbuf_16)
     4    0.04    0.05    0.09    0.09 ^ clkbuf_0_clk/X (sky130_fd_sc_hd__clkbuf_16)
                                         clknet_0_clk (net)
                  0.05    0.00    0.09 ^ clkbuf_2_3__f_clk/A (sky130_fd_sc_hd__clkbuf_16)
    10    0.04    0.04    0.10    0.19 ^ clkbuf_2_3__f_clk/X (sky130_fd_sc_hd__clkbuf_16)
                                         clknet_2_3__leaf_clk (net)
                  0.04    0.00    0.19 ^ _341_/CLK (sky130_fd_sc_hd__dfrtp_4)
     6    0.05    0.12    0.33    0.52 ^ _341_/Q (sky130_fd_sc_hd__dfrtp_4)
                                         counter.one_second_counter[18] (net)
                  0.12    0.00    0.52 ^ _250_/B2 (sky130_fd_sc_hd__o221a_1)
     1    0.01    0.07    0.13    0.65 ^ _250_/X (sky130_fd_sc_hd__o221a_1)
                                         _010_ (net)
                  0.07    0.00    0.65 ^ _341_/D (sky130_fd_sc_hd__dfrtp_4)
                                  0.65   data arrival time

                          0.00    0.00   clock core_clock (rise edge)
                          0.00    0.00   clock source latency
     1    0.02    0.00    0.00    0.00 ^ clk (in)
                                         clk (net)
                  0.00    0.00    0.00 ^ clkbuf_0_clk/A (sky130_fd_sc_hd__clkbuf_16)
     4    0.04    0.05    0.09    0.09 ^ clkbuf_0_clk/X (sky130_fd_sc_hd__clkbuf_16)
                                         clknet_0_clk (net)
                  0.05    0.00    0.09 ^ clkbuf_2_3__f_clk/A (sky130_fd_sc_hd__clkbuf_16)
    10    0.04    0.04    0.10    0.19 ^ clkbuf_2_3__f_clk/X (sky130_fd_sc_hd__clkbuf_16)
                                         clknet_2_3__leaf_clk (net)
                  0.04    0.00    0.19 ^ _341_/CLK (sky130_fd_sc_hd__dfrtp_4)
                          0.00    0.19   clock reconvergence pessimism
                         -0.02    0.17   library hold time
                                  0.17   data required time
-----------------------------------------------------------------------------
                                  0.17   data required time
                                 -0.65   data arrival time
-----------------------------------------------------------------------------
                                  0.48   slack (MET)


Startpoint: _351_ (rising edge-triggered flip-flop clocked by core_clock)
Endpoint: _351_ (rising edge-triggered flip-flop clocked by core_clock)
Path Group: core_clock
Path Type: min
Corner: Fastest

Fanout     Cap    Slew   Delay    Time   Description
-----------------------------------------------------------------------------
                          0.00    0.00   clock core_clock (rise edge)
                          0.00    0.00   clock source latency
     1    0.02    0.00    0.00    0.00 ^ clk (in)
                                         clk (net)
                  0.00    0.00    0.00 ^ clkbuf_0_clk/A (sky130_fd_sc_hd__clkbuf_16)
     4    0.04    0.05    0.09    0.09 ^ clkbuf_0_clk/X (sky130_fd_sc_hd__clkbuf_16)
                                         clknet_0_clk (net)
                  0.05    0.00    0.09 ^ clkbuf_2_0__f_clk/A (sky130_fd_sc_hd__clkbuf_16)
     7    0.03    0.04    0.10    0.19 ^ clkbuf_2_0__f_clk/X (sky130_fd_sc_hd__clkbuf_16)
                                         clknet_2_0__leaf_clk (net)
                  0.04    0.00    0.19 ^ _351_/CLK (sky130_fd_sc_hd__dfrtp_4)
     5    0.04    0.09    0.30    0.49 ^ _351_/Q (sky130_fd_sc_hd__dfrtp_4)
                                         counter.count[1] (net)
                  0.09    0.00    0.49 ^ _165_/B1 (sky130_fd_sc_hd__a21oi_1)
     1    0.01    0.05    0.05    0.54 v _165_/Y (sky130_fd_sc_hd__a21oi_1)
                                         _069_ (net)
                  0.05    0.00    0.54 v _166_/B (sky130_fd_sc_hd__nor2_1)
     1    0.01    0.11    0.11    0.65 ^ _166_/Y (sky130_fd_sc_hd__nor2_1)
                                         _061_ (net)
                  0.11    0.00    0.65 ^ _351_/D (sky130_fd_sc_hd__dfrtp_4)
                                  0.65   data arrival time

                          0.00    0.00   clock core_clock (rise edge)
                          0.00    0.00   clock source latency
     1    0.02    0.00    0.00    0.00 ^ clk (in)
                                         clk (net)
                  0.00    0.00    0.00 ^ clkbuf_0_clk/A (sky130_fd_sc_hd__clkbuf_16)
     4    0.04    0.05    0.09    0.09 ^ clkbuf_0_clk/X (sky130_fd_sc_hd__clkbuf_16)
                                         clknet_0_clk (net)
                  0.05    0.00    0.09 ^ clkbuf_2_0__f_clk/A (sky130_fd_sc_hd__clkbuf_16)
     7    0.03    0.04    0.10    0.19 ^ clkbuf_2_0__f_clk/X (sky130_fd_sc_hd__clkbuf_16)
                                         clknet_2_0__leaf_clk (net)
                  0.04    0.00    0.19 ^ _351_/CLK (sky130_fd_sc_hd__dfrtp_4)
                          0.00    0.19   clock reconvergence pessimism
                         -0.03    0.16   library hold time
                                  0.16   data required time
-----------------------------------------------------------------------------
                                  0.16   data required time
                                 -0.65   data arrival time
-----------------------------------------------------------------------------
                                  0.49   slack (MET)


Startpoint: _338_ (rising edge-triggered flip-flop clocked by core_clock)
Endpoint: _338_ (rising edge-triggered flip-flop clocked by core_clock)
Path Group: core_clock
Path Type: min
Corner: Fastest

Fanout     Cap    Slew   Delay    Time   Description
-----------------------------------------------------------------------------
                          0.00    0.00   clock core_clock (rise edge)
                          0.00    0.00   clock source latency
     1    0.02    0.00    0.00    0.00 ^ clk (in)
                                         clk (net)
                  0.00    0.00    0.00 ^ clkbuf_0_clk/A (sky130_fd_sc_hd__clkbuf_16)
     4    0.04    0.05    0.09    0.09 ^ clkbuf_0_clk/X (sky130_fd_sc_hd__clkbuf_16)
                                         clknet_0_clk (net)
                  0.05    0.00    0.09 ^ clkbuf_2_2__f_clk/A (sky130_fd_sc_hd__clkbuf_16)
    10    0.04    0.05    0.10    0.20 ^ clkbuf_2_2__f_clk/X (sky130_fd_sc_hd__clkbuf_16)
                                         clknet_2_2__leaf_clk (net)
                  0.05    0.00    0.20 ^ _338_/CLK (sky130_fd_sc_hd__dfrtp_1)
     3    0.02    0.09    0.29    0.48 v _338_/Q (sky130_fd_sc_hd__dfrtp_1)
                                         counter.one_second_counter[15] (net)
                  0.09    0.00    0.49 v _238_/A (sky130_fd_sc_hd__inv_2)
     1    0.01    0.05    0.07    0.55 ^ _238_/Y (sky130_fd_sc_hd__inv_2)
                                         _124_ (net)
                  0.05    0.00    0.55 ^ _241_/A1 (sky130_fd_sc_hd__a211oi_1)
     1    0.02    0.07    0.09    0.64 v _241_/Y (sky130_fd_sc_hd__a211oi_1)
                                         _007_ (net)
                  0.07    0.00    0.64 v _338_/D (sky130_fd_sc_hd__dfrtp_1)
                                  0.64   data arrival time

                          0.00    0.00   clock core_clock (rise edge)
                          0.00    0.00   clock source latency
     1    0.02    0.00    0.00    0.00 ^ clk (in)
                                         clk (net)
                  0.00    0.00    0.00 ^ clkbuf_0_clk/A (sky130_fd_sc_hd__clkbuf_16)
     4    0.04    0.05    0.09    0.09 ^ clkbuf_0_clk/X (sky130_fd_sc_hd__clkbuf_16)
                                         clknet_0_clk (net)
                  0.05    0.00    0.09 ^ clkbuf_2_2__f_clk/A (sky130_fd_sc_hd__clkbuf_16)
    10    0.04    0.05    0.10    0.20 ^ clkbuf_2_2__f_clk/X (sky130_fd_sc_hd__clkbuf_16)
                                         clknet_2_2__leaf_clk (net)
                  0.05    0.00    0.20 ^ _338_/CLK (sky130_fd_sc_hd__dfrtp_1)
                          0.00    0.20   clock reconvergence pessimism
                         -0.04    0.15   library hold time
                                  0.15   data required time
-----------------------------------------------------------------------------
                                  0.15   data required time
                                 -0.64   data arrival time
-----------------------------------------------------------------------------
                                  0.49   slack (MET)


Startpoint: _345_ (rising edge-triggered flip-flop clocked by core_clock)
Endpoint: _345_ (rising edge-triggered flip-flop clocked by core_clock)
Path Group: core_clock
Path Type: min
Corner: Fastest

Fanout     Cap    Slew   Delay    Time   Description
-----------------------------------------------------------------------------
                          0.00    0.00   clock core_clock (rise edge)
                          0.00    0.00   clock source latency
     1    0.02    0.00    0.00    0.00 ^ clk (in)
                                         clk (net)
                  0.00    0.00    0.00 ^ clkbuf_0_clk/A (sky130_fd_sc_hd__clkbuf_16)
     4    0.04    0.05    0.09    0.09 ^ clkbuf_0_clk/X (sky130_fd_sc_hd__clkbuf_16)
                                         clknet_0_clk (net)
                  0.05    0.00    0.09 ^ clkbuf_2_1__f_clk/A (sky130_fd_sc_hd__clkbuf_16)
     8    0.03    0.04    0.10    0.19 ^ clkbuf_2_1__f_clk/X (sky130_fd_sc_hd__clkbuf_16)
                                         clknet_2_1__leaf_clk (net)
                  0.04    0.00    0.19 ^ _345_/CLK (sky130_fd_sc_hd__dfrtp_2)
     3    0.04    0.08    0.30    0.49 v _345_/Q (sky130_fd_sc_hd__dfrtp_2)
                                         counter.one_second_counter[22] (net)
                  0.08    0.00    0.49 v _264_/A (sky130_fd_sc_hd__nor2_1)
     1    0.00    0.07    0.09    0.59 ^ _264_/Y (sky130_fd_sc_hd__nor2_1)
                                         _143_ (net)
                  0.07    0.00    0.59 ^ _266_/B (sky130_fd_sc_hd__nor3_1)
     1    0.01    0.06    0.06    0.65 v _266_/Y (sky130_fd_sc_hd__nor3_1)
                                         _015_ (net)
                  0.06    0.00    0.65 v _345_/D (sky130_fd_sc_hd__dfrtp_2)
                                  0.65   data arrival time

                          0.00    0.00   clock core_clock (rise edge)
                          0.00    0.00   clock source latency
     1    0.02    0.00    0.00    0.00 ^ clk (in)
                                         clk (net)
                  0.00    0.00    0.00 ^ clkbuf_0_clk/A (sky130_fd_sc_hd__clkbuf_16)
     4    0.04    0.05    0.09    0.09 ^ clkbuf_0_clk/X (sky130_fd_sc_hd__clkbuf_16)
                                         clknet_0_clk (net)
                  0.05    0.00    0.09 ^ clkbuf_2_1__f_clk/A (sky130_fd_sc_hd__clkbuf_16)
     8    0.03    0.04    0.10    0.19 ^ clkbuf_2_1__f_clk/X (sky130_fd_sc_hd__clkbuf_16)
                                         clknet_2_1__leaf_clk (net)
                  0.04    0.00    0.19 ^ _345_/CLK (sky130_fd_sc_hd__dfrtp_2)
                          0.00    0.19   clock reconvergence pessimism
                         -0.04    0.15   library hold time
                                  0.15   data required time
-----------------------------------------------------------------------------
                                  0.15   data required time
                                 -0.65   data arrival time
-----------------------------------------------------------------------------
                                  0.50   slack (MET)


Startpoint: _322_ (rising edge-triggered flip-flop clocked by core_clock)
Endpoint: _350_ (rising edge-triggered flip-flop clocked by core_clock)
Path Group: core_clock
Path Type: min
Corner: Fastest

Fanout     Cap    Slew   Delay    Time   Description
-----------------------------------------------------------------------------
                          0.00    0.00   clock core_clock (rise edge)
                          0.00    0.00   clock source latency
     1    0.02    0.00    0.00    0.00 ^ clk (in)
                                         clk (net)
                  0.00    0.00    0.00 ^ clkbuf_0_clk/A (sky130_fd_sc_hd__clkbuf_16)
     4    0.04    0.05    0.09    0.09 ^ clkbuf_0_clk/X (sky130_fd_sc_hd__clkbuf_16)
                                         clknet_0_clk (net)
                  0.05    0.00    0.09 ^ clkbuf_2_0__f_clk/A (sky130_fd_sc_hd__clkbuf_16)
     7    0.03    0.04    0.10    0.19 ^ clkbuf_2_0__f_clk/X (sky130_fd_sc_hd__clkbuf_16)
                                         clknet_2_0__leaf_clk (net)
                  0.04    0.00    0.19 ^ _322_/CLK (sky130_fd_sc_hd__dfrtp_4)
     5    0.04    0.11    0.31    0.50 ^ _322_/Q (sky130_fd_sc_hd__dfrtp_4)
                                         counter.one_second_enable (net)
                  0.11    0.00    0.50 ^ _168_/A1 (sky130_fd_sc_hd__o21a_1)
     2    0.02    0.13    0.16    0.66 ^ _168_/X (sky130_fd_sc_hd__o21a_1)
                                         _060_ (net)
                  0.13    0.00    0.66 ^ _350_/D (sky130_fd_sc_hd__dfrtp_4)
                                  0.66   data arrival time

                          0.00    0.00   clock core_clock (rise edge)
                          0.00    0.00   clock source latency
     1    0.02    0.00    0.00    0.00 ^ clk (in)
                                         clk (net)
                  0.00    0.00    0.00 ^ clkbuf_0_clk/A (sky130_fd_sc_hd__clkbuf_16)
     4    0.04    0.05    0.09    0.09 ^ clkbuf_0_clk/X (sky130_fd_sc_hd__clkbuf_16)
                                         clknet_0_clk (net)
                  0.05    0.00    0.09 ^ clkbuf_2_1__f_clk/A (sky130_fd_sc_hd__clkbuf_16)
     8    0.03    0.04    0.10    0.19 ^ clkbuf_2_1__f_clk/X (sky130_fd_sc_hd__clkbuf_16)
                                         clknet_2_1__leaf_clk (net)
                  0.04    0.00    0.19 ^ _350_/CLK (sky130_fd_sc_hd__dfrtp_4)
                          0.00    0.19   clock reconvergence pessimism
                         -0.03    0.16   library hold time
                                  0.16   data required time
-----------------------------------------------------------------------------
                                  0.16   data required time
                                 -0.66   data arrival time
-----------------------------------------------------------------------------
                                  0.50   slack (MET)


Startpoint: _346_ (rising edge-triggered flip-flop clocked by core_clock)
Endpoint: _346_ (rising edge-triggered flip-flop clocked by core_clock)
Path Group: core_clock
Path Type: min
Corner: Fastest

Fanout     Cap    Slew   Delay    Time   Description
-----------------------------------------------------------------------------
                          0.00    0.00   clock core_clock (rise edge)
                          0.00    0.00   clock source latency
     1    0.02    0.00    0.00    0.00 ^ clk (in)
                                         clk (net)
                  0.00    0.00    0.00 ^ clkbuf_0_clk/A (sky130_fd_sc_hd__clkbuf_16)
     4    0.04    0.05    0.09    0.09 ^ clkbuf_0_clk/X (sky130_fd_sc_hd__clkbuf_16)
                                         clknet_0_clk (net)
                  0.05    0.00    0.09 ^ clkbuf_2_1__f_clk/A (sky130_fd_sc_hd__clkbuf_16)
     8    0.03    0.04    0.10    0.19 ^ clkbuf_2_1__f_clk/X (sky130_fd_sc_hd__clkbuf_16)
                                         clknet_2_1__leaf_clk (net)
                  0.04    0.00    0.19 ^ _346_/CLK (sky130_fd_sc_hd__dfrtp_1)
     2    0.02    0.16    0.29    0.48 ^ _346_/Q (sky130_fd_sc_hd__dfrtp_1)
                                         counter.one_second_counter[23] (net)
                  0.16    0.00    0.48 ^ _269_/A1 (sky130_fd_sc_hd__o211a_1)
     1    0.02    0.13    0.18    0.66 ^ _269_/X (sky130_fd_sc_hd__o211a_1)
                                         _016_ (net)
                  0.13    0.00    0.67 ^ _346_/D (sky130_fd_sc_hd__dfrtp_1)
                                  0.67   data arrival time

                          0.00    0.00   clock core_clock (rise edge)
                          0.00    0.00   clock source latency
     1    0.02    0.00    0.00    0.00 ^ clk (in)
                                         clk (net)
                  0.00    0.00    0.00 ^ clkbuf_0_clk/A (sky130_fd_sc_hd__clkbuf_16)
     4    0.04    0.05    0.09    0.09 ^ clkbuf_0_clk/X (sky130_fd_sc_hd__clkbuf_16)
                                         clknet_0_clk (net)
                  0.05    0.00    0.09 ^ clkbuf_2_1__f_clk/A (sky130_fd_sc_hd__clkbuf_16)
     8    0.03    0.04    0.10    0.19 ^ clkbuf_2_1__f_clk/X (sky130_fd_sc_hd__clkbuf_16)
                                         clknet_2_1__leaf_clk (net)
                  0.04    0.00    0.19 ^ _346_/CLK (sky130_fd_sc_hd__dfrtp_1)
                          0.00    0.19   clock reconvergence pessimism
                         -0.03    0.16   library hold time
                                  0.16   data required time
-----------------------------------------------------------------------------
                                  0.16   data required time
                                 -0.67   data arrival time
-----------------------------------------------------------------------------
                                  0.50   slack (MET)


Startpoint: _335_ (rising edge-triggered flip-flop clocked by core_clock)
Endpoint: _335_ (rising edge-triggered flip-flop clocked by core_clock)
Path Group: core_clock
Path Type: min
Corner: Fastest

Fanout     Cap    Slew   Delay    Time   Description
-----------------------------------------------------------------------------
                          0.00    0.00   clock core_clock (rise edge)
                          0.00    0.00   clock source latency
     1    0.02    0.00    0.00    0.00 ^ clk (in)
                                         clk (net)
                  0.00    0.00    0.00 ^ clkbuf_0_clk/A (sky130_fd_sc_hd__clkbuf_16)
     4    0.04    0.05    0.09    0.09 ^ clkbuf_0_clk/X (sky130_fd_sc_hd__clkbuf_16)
                                         clknet_0_clk (net)
                  0.05    0.00    0.09 ^ clkbuf_2_2__f_clk/A (sky130_fd_sc_hd__clkbuf_16)
    10    0.04    0.05    0.10    0.20 ^ clkbuf_2_2__f_clk/X (sky130_fd_sc_hd__clkbuf_16)
                                         clknet_2_2__leaf_clk (net)
                  0.05    0.00    0.20 ^ _335_/CLK (sky130_fd_sc_hd__dfrtp_1)
     4    0.02    0.09    0.29    0.48 v _335_/Q (sky130_fd_sc_hd__dfrtp_1)
                                         counter.one_second_counter[12] (net)
                  0.09    0.00    0.49 v _227_/A (sky130_fd_sc_hd__nor2_1)
     1    0.01    0.16    0.16    0.65 ^ _227_/Y (sky130_fd_sc_hd__nor2_1)
                                         _116_ (net)
                  0.16    0.00    0.65 ^ _229_/B (sky130_fd_sc_hd__nor3_1)
     1    0.01    0.05    0.05    0.69 v _229_/Y (sky130_fd_sc_hd__nor3_1)
                                         _004_ (net)
                  0.05    0.00    0.70 v _335_/D (sky130_fd_sc_hd__dfrtp_1)
                                  0.70   data arrival time

                          0.00    0.00   clock core_clock (rise edge)
                          0.00    0.00   clock source latency
     1    0.02    0.00    0.00    0.00 ^ clk (in)
                                         clk (net)
                  0.00    0.00    0.00 ^ clkbuf_0_clk/A (sky130_fd_sc_hd__clkbuf_16)
     4    0.04    0.05    0.09    0.09 ^ clkbuf_0_clk/X (sky130_fd_sc_hd__clkbuf_16)
                                         clknet_0_clk (net)
                  0.05    0.00    0.09 ^ clkbuf_2_2__f_clk/A (sky130_fd_sc_hd__clkbuf_16)
    10    0.04    0.05    0.10    0.20 ^ clkbuf_2_2__f_clk/X (sky130_fd_sc_hd__clkbuf_16)
                                         clknet_2_2__leaf_clk (net)
                  0.05    0.00    0.20 ^ _335_/CLK (sky130_fd_sc_hd__dfrtp_1)
                          0.00    0.20   clock reconvergence pessimism
                         -0.04    0.16   library hold time
                                  0.16   data required time
-----------------------------------------------------------------------------
                                  0.16   data required time
                                 -0.70   data arrival time
-----------------------------------------------------------------------------
                                  0.53   slack (MET)


Startpoint: _340_ (rising edge-triggered flip-flop clocked by core_clock)
Endpoint: _340_ (rising edge-triggered flip-flop clocked by core_clock)
Path Group: core_clock
Path Type: min
Corner: Fastest

Fanout     Cap    Slew   Delay    Time   Description
-----------------------------------------------------------------------------
                          0.00    0.00   clock core_clock (rise edge)
                          0.00    0.00   clock source latency
     1    0.02    0.00    0.00    0.00 ^ clk (in)
                                         clk (net)
                  0.00    0.00    0.00 ^ clkbuf_0_clk/A (sky130_fd_sc_hd__clkbuf_16)
     4    0.04    0.05    0.09    0.09 ^ clkbuf_0_clk/X (sky130_fd_sc_hd__clkbuf_16)
                                         clknet_0_clk (net)
                  0.05    0.00    0.09 ^ clkbuf_2_3__f_clk/A (sky130_fd_sc_hd__clkbuf_16)
    10    0.04    0.04    0.10    0.19 ^ clkbuf_2_3__f_clk/X (sky130_fd_sc_hd__clkbuf_16)
                                         clknet_2_3__leaf_clk (net)
                  0.04    0.00    0.19 ^ _340_/CLK (sky130_fd_sc_hd__dfrtp_4)
     7    0.06    0.14    0.34    0.53 ^ _340_/Q (sky130_fd_sc_hd__dfrtp_4)
                                         counter.one_second_counter[17] (net)
                  0.14    0.00    0.53 ^ _246_/A (sky130_fd_sc_hd__xor2_1)
     1    0.01    0.10    0.12    0.65 ^ _246_/X (sky130_fd_sc_hd__xor2_1)
                                         _130_ (net)
                  0.10    0.00    0.65 ^ _247_/B (sky130_fd_sc_hd__nor2_1)
     1    0.01    0.05    0.06    0.71 v _247_/Y (sky130_fd_sc_hd__nor2_1)
                                         _009_ (net)
                  0.05    0.00    0.71 v _340_/D (sky130_fd_sc_hd__dfrtp_4)
                                  0.71   data arrival time

                          0.00    0.00   clock core_clock (rise edge)
                          0.00    0.00   clock source latency
     1    0.02    0.00    0.00    0.00 ^ clk (in)
                                         clk (net)
                  0.00    0.00    0.00 ^ clkbuf_0_clk/A (sky130_fd_sc_hd__clkbuf_16)
     4    0.04    0.05    0.09    0.09 ^ clkbuf_0_clk/X (sky130_fd_sc_hd__clkbuf_16)
                                         clknet_0_clk (net)
                  0.05    0.00    0.09 ^ clkbuf_2_3__f_clk/A (sky130_fd_sc_hd__clkbuf_16)
    10    0.04    0.04    0.10    0.19 ^ clkbuf_2_3__f_clk/X (sky130_fd_sc_hd__clkbuf_16)
                                         clknet_2_3__leaf_clk (net)
                  0.04    0.00    0.19 ^ _340_/CLK (sky130_fd_sc_hd__dfrtp_4)
                          0.00    0.19   clock reconvergence pessimism
                         -0.03    0.16   library hold time
                                  0.16   data required time
-----------------------------------------------------------------------------
                                  0.16   data required time
                                 -0.71   data arrival time
-----------------------------------------------------------------------------
                                  0.55   slack (MET)


Startpoint: _325_ (rising edge-triggered flip-flop clocked by core_clock)
Endpoint: _325_ (rising edge-triggered flip-flop clocked by core_clock)
Path Group: core_clock
Path Type: min
Corner: Fastest

Fanout     Cap    Slew   Delay    Time   Description
-----------------------------------------------------------------------------
                          0.00    0.00   clock core_clock (rise edge)
                          0.00    0.00   clock source latency
     1    0.02    0.00    0.00    0.00 ^ clk (in)
                                         clk (net)
                  0.00    0.00    0.00 ^ clkbuf_0_clk/A (sky130_fd_sc_hd__clkbuf_16)
     4    0.04    0.05    0.09    0.09 ^ clkbuf_0_clk/X (sky130_fd_sc_hd__clkbuf_16)
                                         clknet_0_clk (net)
                  0.05    0.00    0.09 ^ clkbuf_2_2__f_clk/A (sky130_fd_sc_hd__clkbuf_16)
    10    0.04    0.05    0.10    0.20 ^ clkbuf_2_2__f_clk/X (sky130_fd_sc_hd__clkbuf_16)
                                         clknet_2_2__leaf_clk (net)
                  0.05    0.00    0.20 ^ _325_/CLK (sky130_fd_sc_hd__dfrtp_2)
     4    0.03    0.11    0.28    0.48 ^ _325_/Q (sky130_fd_sc_hd__dfrtp_2)
                                         counter.one_second_counter[2] (net)
                  0.11    0.00    0.48 ^ _188_/A (sky130_fd_sc_hd__nand3_1)
     1    0.00    0.05    0.05    0.53 v _188_/Y (sky130_fd_sc_hd__nand3_1)
                                         _087_ (net)
                  0.05    0.00    0.53 v _190_/A (sky130_fd_sc_hd__and3_1)
     1    0.01    0.05    0.12    0.65 v _190_/X (sky130_fd_sc_hd__and3_1)
                                         _089_ (net)
                  0.05    0.00    0.66 v _191_/A (sky130_fd_sc_hd__clkbuf_1)
     1    0.01    0.04    0.09    0.74 v _191_/X (sky130_fd_sc_hd__clkbuf_1)
                                         _020_ (net)
                  0.04    0.00    0.74 v _325_/D (sky130_fd_sc_hd__dfrtp_2)
                                  0.74   data arrival time

                          0.00    0.00   clock core_clock (rise edge)
                          0.00    0.00   clock source latency
     1    0.02    0.00    0.00    0.00 ^ clk (in)
                                         clk (net)
                  0.00    0.00    0.00 ^ clkbuf_0_clk/A (sky130_fd_sc_hd__clkbuf_16)
     4    0.04    0.05    0.09    0.09 ^ clkbuf_0_clk/X (sky130_fd_sc_hd__clkbuf_16)
                                         clknet_0_clk (net)
                  0.05    0.00    0.09 ^ clkbuf_2_2__f_clk/A (sky130_fd_sc_hd__clkbuf_16)
    10    0.04    0.05    0.10    0.20 ^ clkbuf_2_2__f_clk/X (sky130_fd_sc_hd__clkbuf_16)
                                         clknet_2_2__leaf_clk (net)
                  0.05    0.00    0.20 ^ _325_/CLK (sky130_fd_sc_hd__dfrtp_2)
                          0.00    0.20   clock reconvergence pessimism
                         -0.03    0.16   library hold time
                                  0.16   data required time
-----------------------------------------------------------------------------
                                  0.16   data required time
                                 -0.74   data arrival time
-----------------------------------------------------------------------------
                                  0.58   slack (MET)


Startpoint: _342_ (rising edge-triggered flip-flop clocked by core_clock)
Endpoint: _342_ (rising edge-triggered flip-flop clocked by core_clock)
Path Group: core_clock
Path Type: min
Corner: Fastest

Fanout     Cap    Slew   Delay    Time   Description
-----------------------------------------------------------------------------
                          0.00    0.00   clock core_clock (rise edge)
                          0.00    0.00   clock source latency
     1    0.02    0.00    0.00    0.00 ^ clk (in)
                                         clk (net)
                  0.00    0.00    0.00 ^ clkbuf_0_clk/A (sky130_fd_sc_hd__clkbuf_16)
     4    0.04    0.05    0.09    0.09 ^ clkbuf_0_clk/X (sky130_fd_sc_hd__clkbuf_16)
                                         clknet_0_clk (net)
                  0.05    0.00    0.09 ^ clkbuf_2_0__f_clk/A (sky130_fd_sc_hd__clkbuf_16)
     7    0.03    0.04    0.10    0.19 ^ clkbuf_2_0__f_clk/X (sky130_fd_sc_hd__clkbuf_16)
                                         clknet_2_0__leaf_clk (net)
                  0.04    0.00    0.19 ^ _342_/CLK (sky130_fd_sc_hd__dfrtp_2)
     4    0.04    0.15    0.31    0.50 ^ _342_/Q (sky130_fd_sc_hd__dfrtp_2)
                                         counter.one_second_counter[19] (net)
                  0.15    0.00    0.50 ^ _251_/B1 (sky130_fd_sc_hd__a41o_1)
     1    0.01    0.05    0.07    0.57 ^ _251_/X (sky130_fd_sc_hd__a41o_1)
                                         _133_ (net)
                  0.05    0.00    0.57 ^ _255_/B (sky130_fd_sc_hd__and3_1)
     1    0.01    0.05    0.11    0.68 ^ _255_/X (sky130_fd_sc_hd__and3_1)
                                         _137_ (net)
                  0.05    0.00    0.68 ^ _256_/A (sky130_fd_sc_hd__clkbuf_1)
     1    0.01    0.05    0.07    0.75 ^ _256_/X (sky130_fd_sc_hd__clkbuf_1)
                                         _011_ (net)
                  0.05    0.00    0.75 ^ _342_/D (sky130_fd_sc_hd__dfrtp_2)
                                  0.75   data arrival time

                          0.00    0.00   clock core_clock (rise edge)
                          0.00    0.00   clock source latency
     1    0.02    0.00    0.00    0.00 ^ clk (in)
                                         clk (net)
                  0.00    0.00    0.00 ^ clkbuf_0_clk/A (sky130_fd_sc_hd__clkbuf_16)
     4    0.04    0.05    0.09    0.09 ^ clkbuf_0_clk/X (sky130_fd_sc_hd__clkbuf_16)
                                         clknet_0_clk (net)
                  0.05    0.00    0.09 ^ clkbuf_2_0__f_clk/A (sky130_fd_sc_hd__clkbuf_16)
     7    0.03    0.04    0.10    0.19 ^ clkbuf_2_0__f_clk/X (sky130_fd_sc_hd__clkbuf_16)
                                         clknet_2_0__leaf_clk (net)
                  0.04    0.00    0.19 ^ _342_/CLK (sky130_fd_sc_hd__dfrtp_2)
                          0.00    0.19   clock reconvergence pessimism
                         -0.02    0.17   library hold time
                                  0.17   data required time
-----------------------------------------------------------------------------
                                  0.17   data required time
                                 -0.75   data arrival time
-----------------------------------------------------------------------------
                                  0.58   slack (MET)


Startpoint: _327_ (rising edge-triggered flip-flop clocked by core_clock)
Endpoint: _327_ (rising edge-triggered flip-flop clocked by core_clock)
Path Group: core_clock
Path Type: min
Corner: Fastest

Fanout     Cap    Slew   Delay    Time   Description
-----------------------------------------------------------------------------
                          0.00    0.00   clock core_clock (rise edge)
                          0.00    0.00   clock source latency
     1    0.02    0.00    0.00    0.00 ^ clk (in)
                                         clk (net)
                  0.00    0.00    0.00 ^ clkbuf_0_clk/A (sky130_fd_sc_hd__clkbuf_16)
     4    0.04    0.05    0.09    0.09 ^ clkbuf_0_clk/X (sky130_fd_sc_hd__clkbuf_16)
                                         clknet_0_clk (net)
                  0.05    0.00    0.09 ^ clkbuf_2_2__f_clk/A (sky130_fd_sc_hd__clkbuf_16)
    10    0.04    0.05    0.10    0.20 ^ clkbuf_2_2__f_clk/X (sky130_fd_sc_hd__clkbuf_16)
                                         clknet_2_2__leaf_clk (net)
                  0.05    0.00    0.20 ^ _327_/CLK (sky130_fd_sc_hd__dfrtp_2)
     5    0.04    0.14    0.31    0.50 ^ _327_/Q (sky130_fd_sc_hd__dfrtp_2)
                                         counter.one_second_counter[4] (net)
                  0.14    0.00    0.50 ^ _196_/A (sky130_fd_sc_hd__nand2_1)
     1    0.01    0.05    0.05    0.55 v _196_/Y (sky130_fd_sc_hd__nand2_1)
                                         _093_ (net)
                  0.05    0.00    0.55 v _198_/B (sky130_fd_sc_hd__and3_1)
     1    0.01    0.05    0.13    0.69 v _198_/X (sky130_fd_sc_hd__and3_1)
                                         _095_ (net)
                  0.05    0.00    0.69 v _199_/A (sky130_fd_sc_hd__clkbuf_1)
     1    0.01    0.03    0.07    0.76 v _199_/X (sky130_fd_sc_hd__clkbuf_1)
                                         _022_ (net)
                  0.03    0.00    0.76 v _327_/D (sky130_fd_sc_hd__dfrtp_2)
                                  0.76   data arrival time

                          0.00    0.00   clock core_clock (rise edge)
                          0.00    0.00   clock source latency
     1    0.02    0.00    0.00    0.00 ^ clk (in)
                                         clk (net)
                  0.00    0.00    0.00 ^ clkbuf_0_clk/A (sky130_fd_sc_hd__clkbuf_16)
     4    0.04    0.05    0.09    0.09 ^ clkbuf_0_clk/X (sky130_fd_sc_hd__clkbuf_16)
                                         clknet_0_clk (net)
                  0.05    0.00    0.09 ^ clkbuf_2_2__f_clk/A (sky130_fd_sc_hd__clkbuf_16)
    10    0.04    0.05    0.10    0.20 ^ clkbuf_2_2__f_clk/X (sky130_fd_sc_hd__clkbuf_16)
                                         clknet_2_2__leaf_clk (net)
                  0.05    0.00    0.20 ^ _327_/CLK (sky130_fd_sc_hd__dfrtp_2)
                          0.00    0.20   clock reconvergence pessimism
                         -0.03    0.17   library hold time
                                  0.17   data required time
-----------------------------------------------------------------------------
                                  0.17   data required time
                                 -0.76   data arrival time
-----------------------------------------------------------------------------
                                  0.59   slack (MET)


Startpoint: _324_ (rising edge-triggered flip-flop clocked by core_clock)
Endpoint: _324_ (rising edge-triggered flip-flop clocked by core_clock)
Path Group: core_clock
Path Type: min
Corner: Fastest

Fanout     Cap    Slew   Delay    Time   Description
-----------------------------------------------------------------------------
                          0.00    0.00   clock core_clock (rise edge)
                          0.00    0.00   clock source latency
     1    0.02    0.00    0.00    0.00 ^ clk (in)
                                         clk (net)
                  0.00    0.00    0.00 ^ clkbuf_0_clk/A (sky130_fd_sc_hd__clkbuf_16)
     4    0.04    0.05    0.09    0.09 ^ clkbuf_0_clk/X (sky130_fd_sc_hd__clkbuf_16)
                                         clknet_0_clk (net)
                  0.05    0.00    0.09 ^ clkbuf_2_1__f_clk/A (sky130_fd_sc_hd__clkbuf_16)
     8    0.03    0.04    0.10    0.19 ^ clkbuf_2_1__f_clk/X (sky130_fd_sc_hd__clkbuf_16)
                                         clknet_2_1__leaf_clk (net)
                  0.04    0.00    0.19 ^ _324_/CLK (sky130_fd_sc_hd__dfrtp_4)
     6    0.04    0.10    0.31    0.50 ^ _324_/Q (sky130_fd_sc_hd__dfrtp_4)
                                         counter.one_second_counter[1] (net)
                  0.10    0.00    0.50 ^ _184_/A (sky130_fd_sc_hd__nand2_1)
     1    0.01    0.04    0.04    0.55 v _184_/Y (sky130_fd_sc_hd__nand2_1)
                                         _084_ (net)
                  0.04    0.00    0.55 v _186_/A (sky130_fd_sc_hd__and3_1)
     1    0.01    0.05    0.12    0.67 v _186_/X (sky130_fd_sc_hd__and3_1)
                                         _086_ (net)
                  0.05    0.00    0.67 v _187_/A (sky130_fd_sc_hd__clkbuf_1)
     1    0.01    0.05    0.09    0.76 v _187_/X (sky130_fd_sc_hd__clkbuf_1)
                                         _012_ (net)
                  0.05    0.00    0.76 v _324_/D (sky130_fd_sc_hd__dfrtp_4)
                                  0.76   data arrival time

                          0.00    0.00   clock core_clock (rise edge)
                          0.00    0.00   clock source latency
     1    0.02    0.00    0.00    0.00 ^ clk (in)
                                         clk (net)
                  0.00    0.00    0.00 ^ clkbuf_0_clk/A (sky130_fd_sc_hd__clkbuf_16)
     4    0.04    0.05    0.09    0.09 ^ clkbuf_0_clk/X (sky130_fd_sc_hd__clkbuf_16)
                                         clknet_0_clk (net)
                  0.05    0.00    0.09 ^ clkbuf_2_1__f_clk/A (sky130_fd_sc_hd__clkbuf_16)
     8    0.03    0.04    0.10    0.19 ^ clkbuf_2_1__f_clk/X (sky130_fd_sc_hd__clkbuf_16)
                                         clknet_2_1__leaf_clk (net)
                  0.04    0.00    0.19 ^ _324_/CLK (sky130_fd_sc_hd__dfrtp_4)
                          0.00    0.19   clock reconvergence pessimism
                         -0.03    0.16   library hold time
                                  0.16   data required time
-----------------------------------------------------------------------------
                                  0.16   data required time
                                 -0.76   data arrival time
-----------------------------------------------------------------------------
                                  0.60   slack (MET)


Startpoint: _349_ (rising edge-triggered flip-flop clocked by core_clock)
Endpoint: _322_ (rising edge-triggered flip-flop clocked by core_clock)
Path Group: core_clock
Path Type: min
Corner: Fastest

Fanout     Cap    Slew   Delay    Time   Description
-----------------------------------------------------------------------------
                          0.00    0.00   clock core_clock (rise edge)
                          0.00    0.00   clock source latency
     1    0.02    0.00    0.00    0.00 ^ clk (in)
                                         clk (net)
                  0.00    0.00    0.00 ^ clkbuf_0_clk/A (sky130_fd_sc_hd__clkbuf_16)
     4    0.04    0.05    0.09    0.09 ^ clkbuf_0_clk/X (sky130_fd_sc_hd__clkbuf_16)
                                         clknet_0_clk (net)
                  0.05    0.00    0.09 ^ clkbuf_2_2__f_clk/A (sky130_fd_sc_hd__clkbuf_16)
    10    0.04    0.05    0.10    0.20 ^ clkbuf_2_2__f_clk/X (sky130_fd_sc_hd__clkbuf_16)
                                         clknet_2_2__leaf_clk (net)
                  0.05    0.00    0.20 ^ _349_/CLK (sky130_fd_sc_hd__dfrtp_1)
     2    0.03    0.18    0.31    0.51 ^ _349_/Q (sky130_fd_sc_hd__dfrtp_1)
                                         counter.one_second_counter[26] (net)
                  0.18    0.00    0.51 ^ _181_/B1_N (sky130_fd_sc_hd__a21bo_4)
    10    0.06    0.07    0.17    0.68 v _181_/X (sky130_fd_sc_hd__a21bo_4)
                                         _083_ (net)
                  0.07    0.01    0.69 v _182_/A (sky130_fd_sc_hd__clkinv_4)
    10    0.08    0.11    0.11    0.80 ^ _182_/Y (sky130_fd_sc_hd__clkinv_4)
                                         _000_ (net)
                  0.11    0.00    0.80 ^ _322_/D (sky130_fd_sc_hd__dfrtp_4)
                                  0.80   data arrival time

                          0.00    0.00   clock core_clock (rise edge)
                          0.00    0.00   clock source latency
     1    0.02    0.00    0.00    0.00 ^ clk (in)
                                         clk (net)
                  0.00    0.00    0.00 ^ clkbuf_0_clk/A (sky130_fd_sc_hd__clkbuf_16)
     4    0.04    0.05    0.09    0.09 ^ clkbuf_0_clk/X (sky130_fd_sc_hd__clkbuf_16)
                                         clknet_0_clk (net)
                  0.05    0.00    0.09 ^ clkbuf_2_0__f_clk/A (sky130_fd_sc_hd__clkbuf_16)
     7    0.03    0.04    0.10    0.19 ^ clkbuf_2_0__f_clk/X (sky130_fd_sc_hd__clkbuf_16)
                                         clknet_2_0__leaf_clk (net)
                  0.04    0.00    0.19 ^ _322_/CLK (sky130_fd_sc_hd__dfrtp_4)
                          0.00    0.19   clock reconvergence pessimism
                         -0.03    0.16   library hold time
                                  0.16   data required time
-----------------------------------------------------------------------------
                                  0.16   data required time
                                 -0.80   data arrival time
-----------------------------------------------------------------------------
                                  0.64   slack (MET)


Startpoint: _339_ (rising edge-triggered flip-flop clocked by core_clock)
Endpoint: _339_ (rising edge-triggered flip-flop clocked by core_clock)
Path Group: core_clock
Path Type: min
Corner: Fastest

Fanout     Cap    Slew   Delay    Time   Description
-----------------------------------------------------------------------------
                          0.00    0.00   clock core_clock (rise edge)
                          0.00    0.00   clock source latency
     1    0.02    0.00    0.00    0.00 ^ clk (in)
                                         clk (net)
                  0.00    0.00    0.00 ^ clkbuf_0_clk/A (sky130_fd_sc_hd__clkbuf_16)
     4    0.04    0.05    0.09    0.09 ^ clkbuf_0_clk/X (sky130_fd_sc_hd__clkbuf_16)
                                         clknet_0_clk (net)
                  0.05    0.00    0.09 ^ clkbuf_2_3__f_clk/A (sky130_fd_sc_hd__clkbuf_16)
    10    0.04    0.04    0.10    0.19 ^ clkbuf_2_3__f_clk/X (sky130_fd_sc_hd__clkbuf_16)
                                         clknet_2_3__leaf_clk (net)
                  0.04    0.00    0.19 ^ _339_/CLK (sky130_fd_sc_hd__dfrtp_4)
     6    0.05    0.12    0.32    0.51 ^ _339_/Q (sky130_fd_sc_hd__dfrtp_4)
                                         counter.one_second_counter[16] (net)
                  0.12    0.00    0.52 ^ _242_/A (sky130_fd_sc_hd__or2_1)
     1    0.00    0.04    0.08    0.60 ^ _242_/X (sky130_fd_sc_hd__or2_1)
                                         _127_ (net)
                  0.04    0.00    0.60 ^ _244_/B (sky130_fd_sc_hd__and3_1)
     1    0.01    0.08    0.12    0.72 ^ _244_/X (sky130_fd_sc_hd__and3_1)
                                         _129_ (net)
                  0.08    0.00    0.72 ^ _245_/A (sky130_fd_sc_hd__clkbuf_1)
     1    0.01    0.08    0.09    0.81 ^ _245_/X (sky130_fd_sc_hd__clkbuf_1)
                                         _008_ (net)
                  0.08    0.00    0.81 ^ _339_/D (sky130_fd_sc_hd__dfrtp_4)
                                  0.81   data arrival time

                          0.00    0.00   clock core_clock (rise edge)
                          0.00    0.00   clock source latency
     1    0.02    0.00    0.00    0.00 ^ clk (in)
                                         clk (net)
                  0.00    0.00    0.00 ^ clkbuf_0_clk/A (sky130_fd_sc_hd__clkbuf_16)
     4    0.04    0.05    0.09    0.09 ^ clkbuf_0_clk/X (sky130_fd_sc_hd__clkbuf_16)
                                         clknet_0_clk (net)
                  0.05    0.00    0.09 ^ clkbuf_2_3__f_clk/A (sky130_fd_sc_hd__clkbuf_16)
    10    0.04    0.04    0.10    0.19 ^ clkbuf_2_3__f_clk/X (sky130_fd_sc_hd__clkbuf_16)
                                         clknet_2_3__leaf_clk (net)
                  0.04    0.00    0.19 ^ _339_/CLK (sky130_fd_sc_hd__dfrtp_4)
                          0.00    0.19   clock reconvergence pessimism
                         -0.02    0.17   library hold time
                                  0.17   data required time
-----------------------------------------------------------------------------
                                  0.17   data required time
                                 -0.81   data arrival time
-----------------------------------------------------------------------------
                                  0.64   slack (MET)


Startpoint: _332_ (rising edge-triggered flip-flop clocked by core_clock)
Endpoint: _332_ (rising edge-triggered flip-flop clocked by core_clock)
Path Group: core_clock
Path Type: min
Corner: Fastest

Fanout     Cap    Slew   Delay    Time   Description
-----------------------------------------------------------------------------
                          0.00    0.00   clock core_clock (rise edge)
                          0.00    0.00   clock source latency
     1    0.02    0.00    0.00    0.00 ^ clk (in)
                                         clk (net)
                  0.00    0.00    0.00 ^ clkbuf_0_clk/A (sky130_fd_sc_hd__clkbuf_16)
     4    0.04    0.05    0.09    0.09 ^ clkbuf_0_clk/X (sky130_fd_sc_hd__clkbuf_16)
                                         clknet_0_clk (net)
                  0.05    0.00    0.09 ^ clkbuf_2_3__f_clk/A (sky130_fd_sc_hd__clkbuf_16)
    10    0.04    0.04    0.10    0.19 ^ clkbuf_2_3__f_clk/X (sky130_fd_sc_hd__clkbuf_16)
                                         clknet_2_3__leaf_clk (net)
                  0.04    0.00    0.19 ^ _332_/CLK (sky130_fd_sc_hd__dfrtp_2)
     3    0.03    0.13    0.29    0.48 ^ _332_/Q (sky130_fd_sc_hd__dfrtp_2)
                                         counter.one_second_counter[9] (net)
                  0.13    0.00    0.49 ^ _213_/B1 (sky130_fd_sc_hd__a31o_1)
     1    0.00    0.04    0.07    0.56 ^ _213_/X (sky130_fd_sc_hd__a31o_1)
                                         _105_ (net)
                  0.04    0.00    0.56 ^ _216_/B (sky130_fd_sc_hd__and3_1)
     1    0.01    0.07    0.12    0.68 ^ _216_/X (sky130_fd_sc_hd__and3_1)
                                         _108_ (net)
                  0.07    0.00    0.68 ^ _217_/A (sky130_fd_sc_hd__buf_1)
     1    0.02    0.14    0.14    0.81 ^ _217_/X (sky130_fd_sc_hd__buf_1)
                                         _027_ (net)
                  0.14    0.00    0.81 ^ _332_/D (sky130_fd_sc_hd__dfrtp_2)
                                  0.81   data arrival time

                          0.00    0.00   clock core_clock (rise edge)
                          0.00    0.00   clock source latency
     1    0.02    0.00    0.00    0.00 ^ clk (in)
                                         clk (net)
                  0.00    0.00    0.00 ^ clkbuf_0_clk/A (sky130_fd_sc_hd__clkbuf_16)
     4    0.04    0.05    0.09    0.09 ^ clkbuf_0_clk/X (sky130_fd_sc_hd__clkbuf_16)
                                         clknet_0_clk (net)
                  0.05    0.00    0.09 ^ clkbuf_2_3__f_clk/A (sky130_fd_sc_hd__clkbuf_16)
    10    0.04    0.04    0.10    0.19 ^ clkbuf_2_3__f_clk/X (sky130_fd_sc_hd__clkbuf_16)
                                         clknet_2_3__leaf_clk (net)
                  0.04    0.00    0.19 ^ _332_/CLK (sky130_fd_sc_hd__dfrtp_2)
                          0.00    0.19   clock reconvergence pessimism
                         -0.03    0.17   library hold time
                                  0.17   data required time
-----------------------------------------------------------------------------
                                  0.17   data required time
                                 -0.81   data arrival time
-----------------------------------------------------------------------------
                                  0.65   slack (MET)


Startpoint: _336_ (rising edge-triggered flip-flop clocked by core_clock)
Endpoint: _336_ (rising edge-triggered flip-flop clocked by core_clock)
Path Group: core_clock
Path Type: min
Corner: Fastest

Fanout     Cap    Slew   Delay    Time   Description
-----------------------------------------------------------------------------
                          0.00    0.00   clock core_clock (rise edge)
                          0.00    0.00   clock source latency
     1    0.02    0.00    0.00    0.00 ^ clk (in)
                                         clk (net)
                  0.00    0.00    0.00 ^ clkbuf_0_clk/A (sky130_fd_sc_hd__clkbuf_16)
     4    0.04    0.05    0.09    0.09 ^ clkbuf_0_clk/X (sky130_fd_sc_hd__clkbuf_16)
                                         clknet_0_clk (net)
                  0.05    0.00    0.09 ^ clkbuf_2_3__f_clk/A (sky130_fd_sc_hd__clkbuf_16)
    10    0.04    0.04    0.10    0.19 ^ clkbuf_2_3__f_clk/X (sky130_fd_sc_hd__clkbuf_16)
                                         clknet_2_3__leaf_clk (net)
                  0.04    0.00    0.19 ^ _336_/CLK (sky130_fd_sc_hd__dfrtp_4)
     6    0.04    0.11    0.31    0.51 ^ _336_/Q (sky130_fd_sc_hd__dfrtp_4)
                                         counter.one_second_counter[13] (net)
                  0.11    0.00    0.51 ^ _231_/A (sky130_fd_sc_hd__nand2_1)
     1    0.01    0.05    0.05    0.56 v _231_/Y (sky130_fd_sc_hd__nand2_1)
                                         _119_ (net)
                  0.05    0.00    0.56 v _232_/C (sky130_fd_sc_hd__and3_1)
     1    0.02    0.07    0.16    0.72 v _232_/X (sky130_fd_sc_hd__and3_1)
                                         _120_ (net)
                  0.07    0.00    0.72 v _233_/A (sky130_fd_sc_hd__clkbuf_1)
     1    0.01    0.05    0.10    0.82 v _233_/X (sky130_fd_sc_hd__clkbuf_1)
                                         _005_ (net)
                  0.05    0.00    0.82 v _336_/D (sky130_fd_sc_hd__dfrtp_4)
                                  0.82   data arrival time

                          0.00    0.00   clock core_clock (rise edge)
                          0.00    0.00   clock source latency
     1    0.02    0.00    0.00    0.00 ^ clk (in)
                                         clk (net)
                  0.00    0.00    0.00 ^ clkbuf_0_clk/A (sky130_fd_sc_hd__clkbuf_16)
     4    0.04    0.05    0.09    0.09 ^ clkbuf_0_clk/X (sky130_fd_sc_hd__clkbuf_16)
                                         clknet_0_clk (net)
                  0.05    0.00    0.09 ^ clkbuf_2_3__f_clk/A (sky130_fd_sc_hd__clkbuf_16)
    10    0.04    0.04    0.10    0.19 ^ clkbuf_2_3__f_clk/X (sky130_fd_sc_hd__clkbuf_16)
                                         clknet_2_3__leaf_clk (net)
                  0.04    0.00    0.19 ^ _336_/CLK (sky130_fd_sc_hd__dfrtp_4)
                          0.00    0.19   clock reconvergence pessimism
                         -0.03    0.16   library hold time
                                  0.16   data required time
-----------------------------------------------------------------------------
                                  0.16   data required time
                                 -0.82   data arrival time
-----------------------------------------------------------------------------
                                  0.66   slack (MET)


Startpoint: _331_ (rising edge-triggered flip-flop clocked by core_clock)
Endpoint: _331_ (rising edge-triggered flip-flop clocked by core_clock)
Path Group: core_clock
Path Type: min
Corner: Fastest

Fanout     Cap    Slew   Delay    Time   Description
-----------------------------------------------------------------------------
                          0.00    0.00   clock core_clock (rise edge)
                          0.00    0.00   clock source latency
     1    0.02    0.00    0.00    0.00 ^ clk (in)
                                         clk (net)
                  0.00    0.00    0.00 ^ clkbuf_0_clk/A (sky130_fd_sc_hd__clkbuf_16)
     4    0.04    0.05    0.09    0.09 ^ clkbuf_0_clk/X (sky130_fd_sc_hd__clkbuf_16)
                                         clknet_0_clk (net)
                  0.05    0.00    0.09 ^ clkbuf_2_0__f_clk/A (sky130_fd_sc_hd__clkbuf_16)
     7    0.03    0.04    0.10    0.19 ^ clkbuf_2_0__f_clk/X (sky130_fd_sc_hd__clkbuf_16)
                                         clknet_2_0__leaf_clk (net)
                  0.04    0.00    0.19 ^ _331_/CLK (sky130_fd_sc_hd__dfrtp_2)
     5    0.03    0.13    0.29    0.48 ^ _331_/Q (sky130_fd_sc_hd__dfrtp_2)
                                         counter.one_second_counter[8] (net)
                  0.13    0.00    0.48 ^ _209_/A (sky130_fd_sc_hd__or2_1)
     1    0.01    0.07    0.11    0.59 ^ _209_/X (sky130_fd_sc_hd__or2_1)
                                         _102_ (net)
                  0.07    0.00    0.59 ^ _211_/A (sky130_fd_sc_hd__and3_1)
     1    0.01    0.07    0.12    0.71 ^ _211_/X (sky130_fd_sc_hd__and3_1)
                                         _104_ (net)
                  0.07    0.00    0.71 ^ _212_/A (sky130_fd_sc_hd__clkbuf_1)
     1    0.01    0.11    0.11    0.82 ^ _212_/X (sky130_fd_sc_hd__clkbuf_1)
                                         _026_ (net)
                  0.11    0.00    0.82 ^ _331_/D (sky130_fd_sc_hd__dfrtp_2)
                                  0.82   data arrival time

                          0.00    0.00   clock core_clock (rise edge)
                          0.00    0.00   clock source latency
     1    0.02    0.00    0.00    0.00 ^ clk (in)
                                         clk (net)
                  0.00    0.00    0.00 ^ clkbuf_0_clk/A (sky130_fd_sc_hd__clkbuf_16)
     4    0.04    0.05    0.09    0.09 ^ clkbuf_0_clk/X (sky130_fd_sc_hd__clkbuf_16)
                                         clknet_0_clk (net)
                  0.05    0.00    0.09 ^ clkbuf_2_0__f_clk/A (sky130_fd_sc_hd__clkbuf_16)
     7    0.03    0.04    0.10    0.19 ^ clkbuf_2_0__f_clk/X (sky130_fd_sc_hd__clkbuf_16)
                                         clknet_2_0__leaf_clk (net)
                  0.04    0.00    0.19 ^ _331_/CLK (sky130_fd_sc_hd__dfrtp_2)
                          0.00    0.19   clock reconvergence pessimism
                         -0.03    0.16   library hold time
                                  0.16   data required time
-----------------------------------------------------------------------------
                                  0.16   data required time
                                 -0.82   data arrival time
-----------------------------------------------------------------------------
                                  0.66   slack (MET)


Startpoint: _326_ (rising edge-triggered flip-flop clocked by core_clock)
Endpoint: _326_ (rising edge-triggered flip-flop clocked by core_clock)
Path Group: core_clock
Path Type: min
Corner: Fastest

Fanout     Cap    Slew   Delay    Time   Description
-----------------------------------------------------------------------------
                          0.00    0.00   clock core_clock (rise edge)
                          0.00    0.00   clock source latency
     1    0.02    0.00    0.00    0.00 ^ clk (in)
                                         clk (net)
                  0.00    0.00    0.00 ^ clkbuf_0_clk/A (sky130_fd_sc_hd__clkbuf_16)
     4    0.04    0.05    0.09    0.09 ^ clkbuf_0_clk/X (sky130_fd_sc_hd__clkbuf_16)
                                         clknet_0_clk (net)
                  0.05    0.00    0.09 ^ clkbuf_2_2__f_clk/A (sky130_fd_sc_hd__clkbuf_16)
    10    0.04    0.05    0.10    0.20 ^ clkbuf_2_2__f_clk/X (sky130_fd_sc_hd__clkbuf_16)
                                         clknet_2_2__leaf_clk (net)
                  0.05    0.00    0.20 ^ _326_/CLK (sky130_fd_sc_hd__dfrtp_1)
     2    0.02    0.08    0.28    0.48 v _326_/Q (sky130_fd_sc_hd__dfrtp_1)
                                         counter.one_second_counter[3] (net)
                  0.08    0.00    0.48 v _192_/B1 (sky130_fd_sc_hd__a31o_1)
     1    0.01    0.04    0.11    0.58 v _192_/X (sky130_fd_sc_hd__a31o_1)
                                         _090_ (net)
                  0.04    0.00    0.58 v _193_/C (sky130_fd_sc_hd__and3b_1)
     1    0.01    0.05    0.14    0.72 v _193_/X (sky130_fd_sc_hd__and3b_1)
                                         _091_ (net)
                  0.05    0.00    0.72 v _194_/A (sky130_fd_sc_hd__buf_1)
     1    0.01    0.06    0.10    0.82 v _194_/X (sky130_fd_sc_hd__buf_1)
                                         _021_ (net)
                  0.06    0.00    0.82 v _326_/D (sky130_fd_sc_hd__dfrtp_1)
                                  0.82   data arrival time

                          0.00    0.00   clock core_clock (rise edge)
                          0.00    0.00   clock source latency
     1    0.02    0.00    0.00    0.00 ^ clk (in)
                                         clk (net)
                  0.00    0.00    0.00 ^ clkbuf_0_clk/A (sky130_fd_sc_hd__clkbuf_16)
     4    0.04    0.05    0.09    0.09 ^ clkbuf_0_clk/X (sky130_fd_sc_hd__clkbuf_16)
                                         clknet_0_clk (net)
                  0.05    0.00    0.09 ^ clkbuf_2_2__f_clk/A (sky130_fd_sc_hd__clkbuf_16)
    10    0.04    0.05    0.10    0.20 ^ clkbuf_2_2__f_clk/X (sky130_fd_sc_hd__clkbuf_16)
                                         clknet_2_2__leaf_clk (net)
                  0.05    0.00    0.20 ^ _326_/CLK (sky130_fd_sc_hd__dfrtp_1)
                          0.00    0.20   clock reconvergence pessimism
                         -0.04    0.16   library hold time
                                  0.16   data required time
-----------------------------------------------------------------------------
                                  0.16   data required time
                                 -0.82   data arrival time
-----------------------------------------------------------------------------
                                  0.67   slack (MET)


Startpoint: _329_ (rising edge-triggered flip-flop clocked by core_clock)
Endpoint: _329_ (rising edge-triggered flip-flop clocked by core_clock)
Path Group: core_clock
Path Type: min
Corner: Fastest

Fanout     Cap    Slew   Delay    Time   Description
-----------------------------------------------------------------------------
                          0.00    0.00   clock core_clock (rise edge)
                          0.00    0.00   clock source latency
     1    0.02    0.00    0.00    0.00 ^ clk (in)
                                         clk (net)
                  0.00    0.00    0.00 ^ clkbuf_0_clk/A (sky130_fd_sc_hd__clkbuf_16)
     4    0.04    0.05    0.09    0.09 ^ clkbuf_0_clk/X (sky130_fd_sc_hd__clkbuf_16)
                                         clknet_0_clk (net)
                  0.05    0.00    0.09 ^ clkbuf_2_3__f_clk/A (sky130_fd_sc_hd__clkbuf_16)
    10    0.04    0.04    0.10    0.19 ^ clkbuf_2_3__f_clk/X (sky130_fd_sc_hd__clkbuf_16)
                                         clknet_2_3__leaf_clk (net)
                  0.04    0.00    0.19 ^ _329_/CLK (sky130_fd_sc_hd__dfrtp_2)
     3    0.04    0.15    0.31    0.50 ^ _329_/Q (sky130_fd_sc_hd__dfrtp_2)
                                         counter.one_second_counter[6] (net)
                  0.15    0.00    0.50 ^ _203_/A (sky130_fd_sc_hd__or2_1)
     1    0.01    0.08    0.12    0.62 ^ _203_/X (sky130_fd_sc_hd__or2_1)
                                         _098_ (net)
                  0.08    0.00    0.62 ^ _205_/B (sky130_fd_sc_hd__and3_1)
     1    0.01    0.07    0.13    0.74 ^ _205_/X (sky130_fd_sc_hd__and3_1)
                                         _100_ (net)
                  0.07    0.00    0.74 ^ _206_/A (sky130_fd_sc_hd__clkbuf_1)
     1    0.01    0.09    0.10    0.84 ^ _206_/X (sky130_fd_sc_hd__clkbuf_1)
                                         _024_ (net)
                  0.09    0.00    0.84 ^ _329_/D (sky130_fd_sc_hd__dfrtp_2)
                                  0.84   data arrival time

                          0.00    0.00   clock core_clock (rise edge)
                          0.00    0.00   clock source latency
     1    0.02    0.00    0.00    0.00 ^ clk (in)
                                         clk (net)
                  0.00    0.00    0.00 ^ clkbuf_0_clk/A (sky130_fd_sc_hd__clkbuf_16)
     4    0.04    0.05    0.09    0.09 ^ clkbuf_0_clk/X (sky130_fd_sc_hd__clkbuf_16)
                                         clknet_0_clk (net)
                  0.05    0.00    0.09 ^ clkbuf_2_3__f_clk/A (sky130_fd_sc_hd__clkbuf_16)
    10    0.04    0.04    0.10    0.19 ^ clkbuf_2_3__f_clk/X (sky130_fd_sc_hd__clkbuf_16)
                                         clknet_2_3__leaf_clk (net)
                  0.04    0.00    0.19 ^ _329_/CLK (sky130_fd_sc_hd__dfrtp_2)
                          0.00    0.19   clock reconvergence pessimism
                         -0.02    0.17   library hold time
                                  0.17   data required time
-----------------------------------------------------------------------------
                                  0.17   data required time
                                 -0.84   data arrival time
-----------------------------------------------------------------------------
                                  0.67   slack (MET)


Startpoint: _343_ (rising edge-triggered flip-flop clocked by core_clock)
Endpoint: _343_ (rising edge-triggered flip-flop clocked by core_clock)
Path Group: core_clock
Path Type: min
Corner: Fastest

Fanout     Cap    Slew   Delay    Time   Description
-----------------------------------------------------------------------------
                          0.00    0.00   clock core_clock (rise edge)
                          0.00    0.00   clock source latency
     1    0.02    0.00    0.00    0.00 ^ clk (in)
                                         clk (net)
                  0.00    0.00    0.00 ^ clkbuf_0_clk/A (sky130_fd_sc_hd__clkbuf_16)
     4    0.04    0.05    0.09    0.09 ^ clkbuf_0_clk/X (sky130_fd_sc_hd__clkbuf_16)
                                         clknet_0_clk (net)
                  0.05    0.00    0.09 ^ clkbuf_2_0__f_clk/A (sky130_fd_sc_hd__clkbuf_16)
     7    0.03    0.04    0.10    0.19 ^ clkbuf_2_0__f_clk/X (sky130_fd_sc_hd__clkbuf_16)
                                         clknet_2_0__leaf_clk (net)
                  0.04    0.00    0.19 ^ _343_/CLK (sky130_fd_sc_hd__dfrtp_2)
     4    0.03    0.13    0.29    0.48 ^ _343_/Q (sky130_fd_sc_hd__dfrtp_2)
                                         counter.one_second_counter[20] (net)
                  0.13    0.00    0.48 ^ _257_/A (sky130_fd_sc_hd__or2_1)
     1    0.01    0.09    0.12    0.61 ^ _257_/X (sky130_fd_sc_hd__or2_1)
                                         _138_ (net)
                  0.09    0.00    0.61 ^ _259_/B (sky130_fd_sc_hd__and3_1)
     1    0.02    0.13    0.17    0.77 ^ _259_/X (sky130_fd_sc_hd__and3_1)
                                         _140_ (net)
                  0.13    0.00    0.77 ^ _260_/A (sky130_fd_sc_hd__clkbuf_1)
     1    0.01    0.05    0.08    0.85 ^ _260_/X (sky130_fd_sc_hd__clkbuf_1)
                                         _013_ (net)
                  0.05    0.00    0.85 ^ _343_/D (sky130_fd_sc_hd__dfrtp_2)
                                  0.85   data arrival time

                          0.00    0.00   clock core_clock (rise edge)
                          0.00    0.00   clock source latency
     1    0.02    0.00    0.00    0.00 ^ clk (in)
                                         clk (net)
                  0.00    0.00    0.00 ^ clkbuf_0_clk/A (sky130_fd_sc_hd__clkbuf_16)
     4    0.04    0.05    0.09    0.09 ^ clkbuf_0_clk/X (sky130_fd_sc_hd__clkbuf_16)
                                         clknet_0_clk (net)
                  0.05    0.00    0.09 ^ clkbuf_2_0__f_clk/A (sky130_fd_sc_hd__clkbuf_16)
     7    0.03    0.04    0.10    0.19 ^ clkbuf_2_0__f_clk/X (sky130_fd_sc_hd__clkbuf_16)
                                         clknet_2_0__leaf_clk (net)
                  0.04    0.00    0.19 ^ _343_/CLK (sky130_fd_sc_hd__dfrtp_2)
                          0.00    0.19   clock reconvergence pessimism
                         -0.02    0.17   library hold time
                                  0.17   data required time
-----------------------------------------------------------------------------
                                  0.17   data required time
                                 -0.85   data arrival time
-----------------------------------------------------------------------------
                                  0.68   slack (MET)


Startpoint: _328_ (rising edge-triggered flip-flop clocked by core_clock)
Endpoint: _328_ (rising edge-triggered flip-flop clocked by core_clock)
Path Group: core_clock
Path Type: min
Corner: Fastest

Fanout     Cap    Slew   Delay    Time   Description
-----------------------------------------------------------------------------
                          0.00    0.00   clock core_clock (rise edge)
                          0.00    0.00   clock source latency
     1    0.02    0.00    0.00    0.00 ^ clk (in)
                                         clk (net)
                  0.00    0.00    0.00 ^ clkbuf_0_clk/A (sky130_fd_sc_hd__clkbuf_16)
     4    0.04    0.05    0.09    0.09 ^ clkbuf_0_clk/X (sky130_fd_sc_hd__clkbuf_16)
                                         clknet_0_clk (net)
                  0.05    0.00    0.09 ^ clkbuf_2_2__f_clk/A (sky130_fd_sc_hd__clkbuf_16)
    10    0.04    0.05    0.10    0.20 ^ clkbuf_2_2__f_clk/X (sky130_fd_sc_hd__clkbuf_16)
                                         clknet_2_2__leaf_clk (net)
                  0.05    0.00    0.20 ^ _328_/CLK (sky130_fd_sc_hd__dfrtp_1)
     3    0.02    0.09    0.29    0.48 v _328_/Q (sky130_fd_sc_hd__dfrtp_1)
                                         counter.one_second_counter[5] (net)
                  0.09    0.00    0.48 v _200_/B1 (sky130_fd_sc_hd__a21oi_1)
     1    0.03    0.30    0.25    0.74 ^ _200_/Y (sky130_fd_sc_hd__a21oi_1)
                                         _096_ (net)
                  0.30    0.00    0.74 ^ _202_/B (sky130_fd_sc_hd__nor3_1)
     1    0.02    0.07    0.10    0.84 v _202_/Y (sky130_fd_sc_hd__nor3_1)
                                         _023_ (net)
                  0.07    0.00    0.84 v _328_/D (sky130_fd_sc_hd__dfrtp_1)
                                  0.84   data arrival time

                          0.00    0.00   clock core_clock (rise edge)
                          0.00    0.00   clock source latency
     1    0.02    0.00    0.00    0.00 ^ clk (in)
                                         clk (net)
                  0.00    0.00    0.00 ^ clkbuf_0_clk/A (sky130_fd_sc_hd__clkbuf_16)
     4    0.04    0.05    0.09    0.09 ^ clkbuf_0_clk/X (sky130_fd_sc_hd__clkbuf_16)
                                         clknet_0_clk (net)
                  0.05    0.00    0.09 ^ clkbuf_2_2__f_clk/A (sky130_fd_sc_hd__clkbuf_16)
    10    0.04    0.05    0.10    0.20 ^ clkbuf_2_2__f_clk/X (sky130_fd_sc_hd__clkbuf_16)
                                         clknet_2_2__leaf_clk (net)
                  0.05    0.00    0.20 ^ _328_/CLK (sky130_fd_sc_hd__dfrtp_1)
                          0.00    0.20   clock reconvergence pessimism
                         -0.04    0.15   library hold time
                                  0.15   data required time
-----------------------------------------------------------------------------
                                  0.15   data required time
                                 -0.84   data arrival time
-----------------------------------------------------------------------------
                                  0.68   slack (MET)


Startpoint: _334_ (rising edge-triggered flip-flop clocked by core_clock)
Endpoint: _334_ (rising edge-triggered flip-flop clocked by core_clock)
Path Group: core_clock
Path Type: min
Corner: Fastest

Fanout     Cap    Slew   Delay    Time   Description
-----------------------------------------------------------------------------
                          0.00    0.00   clock core_clock (rise edge)
                          0.00    0.00   clock source latency
     1    0.02    0.00    0.00    0.00 ^ clk (in)
                                         clk (net)
                  0.00    0.00    0.00 ^ clkbuf_0_clk/A (sky130_fd_sc_hd__clkbuf_16)
     4    0.04    0.05    0.09    0.09 ^ clkbuf_0_clk/X (sky130_fd_sc_hd__clkbuf_16)
                                         clknet_0_clk (net)
                  0.05    0.00    0.09 ^ clkbuf_2_3__f_clk/A (sky130_fd_sc_hd__clkbuf_16)
    10    0.04    0.04    0.10    0.19 ^ clkbuf_2_3__f_clk/X (sky130_fd_sc_hd__clkbuf_16)
                                         clknet_2_3__leaf_clk (net)
                  0.04    0.00    0.19 ^ _334_/CLK (sky130_fd_sc_hd__dfrtp_2)
     4    0.03    0.08    0.30    0.49 v _334_/Q (sky130_fd_sc_hd__dfrtp_2)
                                         counter.one_second_counter[11] (net)
                  0.08    0.00    0.49 v _222_/B1 (sky130_fd_sc_hd__a21o_1)
     1    0.01    0.03    0.10    0.59 v _222_/X (sky130_fd_sc_hd__a21o_1)
                                         _112_ (net)
                  0.03    0.00    0.59 v _225_/B (sky130_fd_sc_hd__and3_1)
     1    0.01    0.06    0.13    0.72 v _225_/X (sky130_fd_sc_hd__and3_1)
                                         _115_ (net)
                  0.06    0.00    0.72 v _226_/A (sky130_fd_sc_hd__buf_1)
     1    0.02    0.08    0.12    0.84 v _226_/X (sky130_fd_sc_hd__buf_1)
                                         _003_ (net)
                  0.08    0.00    0.84 v _334_/D (sky130_fd_sc_hd__dfrtp_2)
                                  0.84   data arrival time

                          0.00    0.00   clock core_clock (rise edge)
                          0.00    0.00   clock source latency
     1    0.02    0.00    0.00    0.00 ^ clk (in)
                                         clk (net)
                  0.00    0.00    0.00 ^ clkbuf_0_clk/A (sky130_fd_sc_hd__clkbuf_16)
     4    0.04    0.05    0.09    0.09 ^ clkbuf_0_clk/X (sky130_fd_sc_hd__clkbuf_16)
                                         clknet_0_clk (net)
                  0.05    0.00    0.09 ^ clkbuf_2_3__f_clk/A (sky130_fd_sc_hd__clkbuf_16)
    10    0.04    0.04    0.10    0.19 ^ clkbuf_2_3__f_clk/X (sky130_fd_sc_hd__clkbuf_16)
                                         clknet_2_3__leaf_clk (net)
                  0.04    0.00    0.19 ^ _334_/CLK (sky130_fd_sc_hd__dfrtp_2)
                          0.00    0.19   clock reconvergence pessimism
                         -0.04    0.15   library hold time
                                  0.15   data required time
-----------------------------------------------------------------------------
                                  0.15   data required time
                                 -0.84   data arrival time
-----------------------------------------------------------------------------
                                  0.69   slack (MET)


Startpoint: _349_ (rising edge-triggered flip-flop clocked by core_clock)
Endpoint: _347_ (rising edge-triggered flip-flop clocked by core_clock)
Path Group: core_clock
Path Type: min
Corner: Fastest

Fanout     Cap    Slew   Delay    Time   Description
-----------------------------------------------------------------------------
                          0.00    0.00   clock core_clock (rise edge)
                          0.00    0.00   clock source latency
     1    0.02    0.00    0.00    0.00 ^ clk (in)
                                         clk (net)
                  0.00    0.00    0.00 ^ clkbuf_0_clk/A (sky130_fd_sc_hd__clkbuf_16)
     4    0.04    0.05    0.09    0.09 ^ clkbuf_0_clk/X (sky130_fd_sc_hd__clkbuf_16)
                                         clknet_0_clk (net)
                  0.05    0.00    0.09 ^ clkbuf_2_2__f_clk/A (sky130_fd_sc_hd__clkbuf_16)
    10    0.04    0.05    0.10    0.20 ^ clkbuf_2_2__f_clk/X (sky130_fd_sc_hd__clkbuf_16)
                                         clknet_2_2__leaf_clk (net)
                  0.05    0.00    0.20 ^ _349_/CLK (sky130_fd_sc_hd__dfrtp_1)
     2    0.03    0.18    0.31    0.51 ^ _349_/Q (sky130_fd_sc_hd__dfrtp_1)
                                         counter.one_second_counter[26] (net)
                  0.18    0.00    0.51 ^ _181_/B1_N (sky130_fd_sc_hd__a21bo_4)
    10    0.06    0.07    0.17    0.68 v _181_/X (sky130_fd_sc_hd__a21bo_4)
                                         _083_ (net)
                  0.07    0.01    0.69 v _182_/A (sky130_fd_sc_hd__clkinv_4)
    10    0.08    0.11    0.11    0.80 ^ _182_/Y (sky130_fd_sc_hd__clkinv_4)
                                         _000_ (net)
                  0.11    0.00    0.80 ^ _272_/A (sky130_fd_sc_hd__nor2_1)
     1    0.01    0.06    0.07    0.87 v _272_/Y (sky130_fd_sc_hd__nor2_1)
                                         _017_ (net)
                  0.06    0.00    0.87 v _347_/D (sky130_fd_sc_hd__dfrtp_4)
                                  0.87   data arrival time

                          0.00    0.00   clock core_clock (rise edge)
                          0.00    0.00   clock source latency
     1    0.02    0.00    0.00    0.00 ^ clk (in)
                                         clk (net)
                  0.00    0.00    0.00 ^ clkbuf_0_clk/A (sky130_fd_sc_hd__clkbuf_16)
     4    0.04    0.05    0.09    0.09 ^ clkbuf_0_clk/X (sky130_fd_sc_hd__clkbuf_16)
                                         clknet_0_clk (net)
                  0.05    0.00    0.09 ^ clkbuf_2_2__f_clk/A (sky130_fd_sc_hd__clkbuf_16)
    10    0.04    0.05    0.10    0.20 ^ clkbuf_2_2__f_clk/X (sky130_fd_sc_hd__clkbuf_16)
                                         clknet_2_2__leaf_clk (net)
                  0.05    0.00    0.20 ^ _347_/CLK (sky130_fd_sc_hd__dfrtp_4)
                          0.00    0.20   clock reconvergence pessimism
                         -0.04    0.16   library hold time
                                  0.16   data required time
-----------------------------------------------------------------------------
                                  0.16   data required time
                                 -0.87   data arrival time
-----------------------------------------------------------------------------
                                  0.71   slack (MET)


Startpoint: _333_ (rising edge-triggered flip-flop clocked by core_clock)
Endpoint: _333_ (rising edge-triggered flip-flop clocked by core_clock)
Path Group: core_clock
Path Type: min
Corner: Fastest

Fanout     Cap    Slew   Delay    Time   Description
-----------------------------------------------------------------------------
                          0.00    0.00   clock core_clock (rise edge)
                          0.00    0.00   clock source latency
     1    0.02    0.00    0.00    0.00 ^ clk (in)
                                         clk (net)
                  0.00    0.00    0.00 ^ clkbuf_0_clk/A (sky130_fd_sc_hd__clkbuf_16)
     4    0.04    0.05    0.09    0.09 ^ clkbuf_0_clk/X (sky130_fd_sc_hd__clkbuf_16)
                                         clknet_0_clk (net)
                  0.05    0.00    0.09 ^ clkbuf_2_1__f_clk/A (sky130_fd_sc_hd__clkbuf_16)
     8    0.03    0.04    0.10    0.19 ^ clkbuf_2_1__f_clk/X (sky130_fd_sc_hd__clkbuf_16)
                                         clknet_2_1__leaf_clk (net)
                  0.04    0.00    0.19 ^ _333_/CLK (sky130_fd_sc_hd__dfrtp_4)
     6    0.04    0.10    0.31    0.50 ^ _333_/Q (sky130_fd_sc_hd__dfrtp_4)
                                         counter.one_second_counter[10] (net)
                  0.10    0.00    0.50 ^ _219_/A (sky130_fd_sc_hd__nand2_1)
     1    0.02    0.08    0.09    0.59 v _219_/Y (sky130_fd_sc_hd__nand2_1)
                                         _110_ (net)
                  0.08    0.00    0.59 v _220_/C (sky130_fd_sc_hd__and3_1)
     1    0.02    0.07    0.18    0.76 v _220_/X (sky130_fd_sc_hd__and3_1)
                                         _111_ (net)
                  0.07    0.00    0.76 v _221_/A (sky130_fd_sc_hd__buf_1)
     1    0.01    0.06    0.10    0.86 v _221_/X (sky130_fd_sc_hd__buf_1)
                                         _002_ (net)
                  0.06    0.00    0.87 v _333_/D (sky130_fd_sc_hd__dfrtp_4)
                                  0.87   data arrival time

                          0.00    0.00   clock core_clock (rise edge)
                          0.00    0.00   clock source latency
     1    0.02    0.00    0.00    0.00 ^ clk (in)
                                         clk (net)
                  0.00    0.00    0.00 ^ clkbuf_0_clk/A (sky130_fd_sc_hd__clkbuf_16)
     4    0.04    0.05    0.09    0.09 ^ clkbuf_0_clk/X (sky130_fd_sc_hd__clkbuf_16)
                                         clknet_0_clk (net)
                  0.05    0.00    0.09 ^ clkbuf_2_1__f_clk/A (sky130_fd_sc_hd__clkbuf_16)
     8    0.03    0.04    0.10    0.19 ^ clkbuf_2_1__f_clk/X (sky130_fd_sc_hd__clkbuf_16)
                                         clknet_2_1__leaf_clk (net)
                  0.04    0.00    0.19 ^ _333_/CLK (sky130_fd_sc_hd__dfrtp_4)
                          0.00    0.19   clock reconvergence pessimism
                         -0.04    0.15   library hold time
                                  0.15   data required time
-----------------------------------------------------------------------------
                                  0.15   data required time
                                 -0.87   data arrival time
-----------------------------------------------------------------------------
                                  0.71   slack (MET)


Startpoint: _348_ (rising edge-triggered flip-flop clocked by core_clock)
Endpoint: _348_ (rising edge-triggered flip-flop clocked by core_clock)
Path Group: core_clock
Path Type: min
Corner: Fastest

Fanout     Cap    Slew   Delay    Time   Description
-----------------------------------------------------------------------------
                          0.00    0.00   clock core_clock (rise edge)
                          0.00    0.00   clock source latency
     1    0.02    0.00    0.00    0.00 ^ clk (in)
                                         clk (net)
                  0.00    0.00    0.00 ^ clkbuf_0_clk/A (sky130_fd_sc_hd__clkbuf_16)
     4    0.04    0.05    0.09    0.09 ^ clkbuf_0_clk/X (sky130_fd_sc_hd__clkbuf_16)
                                         clknet_0_clk (net)
                  0.05    0.00    0.09 ^ clkbuf_2_0__f_clk/A (sky130_fd_sc_hd__clkbuf_16)
     7    0.03    0.04    0.10    0.19 ^ clkbuf_2_0__f_clk/X (sky130_fd_sc_hd__clkbuf_16)
                                         clknet_2_0__leaf_clk (net)
                  0.04    0.00    0.19 ^ _348_/CLK (sky130_fd_sc_hd__dfrtp_2)
     3    0.03    0.08    0.30    0.48 v _348_/Q (sky130_fd_sc_hd__dfrtp_2)
                                         counter.one_second_counter[25] (net)
                  0.08    0.00    0.49 v _273_/B1 (sky130_fd_sc_hd__a31o_1)
     1    0.01    0.05    0.12    0.60 v _273_/X (sky130_fd_sc_hd__a31o_1)
                                         _149_ (net)
                  0.05    0.00    0.61 v _275_/B (sky130_fd_sc_hd__and3_1)
     1    0.02    0.07    0.16    0.76 v _275_/X (sky130_fd_sc_hd__and3_1)
                                         _151_ (net)
                  0.07    0.00    0.76 v _276_/A (sky130_fd_sc_hd__buf_1)
     1    0.02    0.06    0.11    0.87 v _276_/X (sky130_fd_sc_hd__buf_1)
                                         _018_ (net)
                  0.06    0.00    0.87 v _348_/D (sky130_fd_sc_hd__dfrtp_2)
                                  0.87   data arrival time

                          0.00    0.00   clock core_clock (rise edge)
                          0.00    0.00   clock source latency
     1    0.02    0.00    0.00    0.00 ^ clk (in)
                                         clk (net)
                  0.00    0.00    0.00 ^ clkbuf_0_clk/A (sky130_fd_sc_hd__clkbuf_16)
     4    0.04    0.05    0.09    0.09 ^ clkbuf_0_clk/X (sky130_fd_sc_hd__clkbuf_16)
                                         clknet_0_clk (net)
                  0.05    0.00    0.09 ^ clkbuf_2_0__f_clk/A (sky130_fd_sc_hd__clkbuf_16)
     7    0.03    0.04    0.10    0.19 ^ clkbuf_2_0__f_clk/X (sky130_fd_sc_hd__clkbuf_16)
                                         clknet_2_0__leaf_clk (net)
                  0.04    0.00    0.19 ^ _348_/CLK (sky130_fd_sc_hd__dfrtp_2)
                          0.00    0.19   clock reconvergence pessimism
                         -0.04    0.15   library hold time
                                  0.15   data required time
-----------------------------------------------------------------------------
                                  0.15   data required time
                                 -0.87   data arrival time
-----------------------------------------------------------------------------
                                  0.73   slack (MET)


Startpoint: _337_ (rising edge-triggered flip-flop clocked by core_clock)
Endpoint: _337_ (rising edge-triggered flip-flop clocked by core_clock)
Path Group: core_clock
Path Type: min
Corner: Fastest

Fanout     Cap    Slew   Delay    Time   Description
-----------------------------------------------------------------------------
                          0.00    0.00   clock core_clock (rise edge)
                          0.00    0.00   clock source latency
     1    0.02    0.00    0.00    0.00 ^ clk (in)
                                         clk (net)
                  0.00    0.00    0.00 ^ clkbuf_0_clk/A (sky130_fd_sc_hd__clkbuf_16)
     4    0.04    0.05    0.09    0.09 ^ clkbuf_0_clk/X (sky130_fd_sc_hd__clkbuf_16)
                                         clknet_0_clk (net)
                  0.05    0.00    0.09 ^ clkbuf_2_2__f_clk/A (sky130_fd_sc_hd__clkbuf_16)
    10    0.04    0.05    0.10    0.20 ^ clkbuf_2_2__f_clk/X (sky130_fd_sc_hd__clkbuf_16)
                                         clknet_2_2__leaf_clk (net)
                  0.05    0.00    0.20 ^ _337_/CLK (sky130_fd_sc_hd__dfrtp_2)
     4    0.04    0.09    0.31    0.51 v _337_/Q (sky130_fd_sc_hd__dfrtp_2)
                                         counter.one_second_counter[14] (net)
                  0.09    0.00    0.51 v _234_/B1 (sky130_fd_sc_hd__a31o_1)
     1    0.01    0.04    0.11    0.62 v _234_/X (sky130_fd_sc_hd__a31o_1)
                                         _121_ (net)
                  0.04    0.00    0.62 v _236_/B (sky130_fd_sc_hd__and3_1)
     1    0.01    0.05    0.13    0.75 v _236_/X (sky130_fd_sc_hd__and3_1)
                                         _123_ (net)
                  0.05    0.00    0.76 v _237_/A (sky130_fd_sc_hd__buf_1)
     1    0.02    0.09    0.12    0.88 v _237_/X (sky130_fd_sc_hd__buf_1)
                                         _006_ (net)
                  0.09    0.00    0.88 v _337_/D (sky130_fd_sc_hd__dfrtp_2)
                                  0.88   data arrival time

                          0.00    0.00   clock core_clock (rise edge)
                          0.00    0.00   clock source latency
     1    0.02    0.00    0.00    0.00 ^ clk (in)
                                         clk (net)
                  0.00    0.00    0.00 ^ clkbuf_0_clk/A (sky130_fd_sc_hd__clkbuf_16)
     4    0.04    0.05    0.09    0.09 ^ clkbuf_0_clk/X (sky130_fd_sc_hd__clkbuf_16)
                                         clknet_0_clk (net)
                  0.05    0.00    0.09 ^ clkbuf_2_2__f_clk/A (sky130_fd_sc_hd__clkbuf_16)
    10    0.04    0.05    0.10    0.20 ^ clkbuf_2_2__f_clk/X (sky130_fd_sc_hd__clkbuf_16)
                                         clknet_2_2__leaf_clk (net)
                  0.05    0.00    0.20 ^ _337_/CLK (sky130_fd_sc_hd__dfrtp_2)
                          0.00    0.20   clock reconvergence pessimism
                         -0.05    0.15   library hold time
                                  0.15   data required time
-----------------------------------------------------------------------------
                                  0.15   data required time
                                 -0.88   data arrival time
-----------------------------------------------------------------------------
                                  0.73   slack (MET)



worst slack corner Fastest: 0.3844
======================= Slowest Corner ===================================

Startpoint: _322_ (rising edge-triggered flip-flop clocked by core_clock)
Endpoint: _352_ (rising edge-triggered flip-flop clocked by core_clock)
Path Group: core_clock
Path Type: min
Corner: Slowest

Fanout     Cap    Slew   Delay    Time   Description
-----------------------------------------------------------------------------
                          0.00    0.00   clock core_clock (rise edge)
                          0.00    0.00   clock source latency
     1    0.02    0.00    0.00    0.00 ^ clk (in)
                                         clk (net)
                  0.00    0.00    0.00 ^ clkbuf_0_clk/A (sky130_fd_sc_hd__clkbuf_16)
     4    0.04    0.10    0.22    0.22 ^ clkbuf_0_clk/X (sky130_fd_sc_hd__clkbuf_16)
                                         clknet_0_clk (net)
                  0.10    0.00    0.23 ^ clkbuf_2_0__f_clk/A (sky130_fd_sc_hd__clkbuf_16)
     7    0.03    0.08    0.25    0.47 ^ clkbuf_2_0__f_clk/X (sky130_fd_sc_hd__clkbuf_16)
                                         clknet_2_0__leaf_clk (net)
                  0.08    0.00    0.47 ^ _322_/CLK (sky130_fd_sc_hd__dfrtp_4)
     5    0.04    0.25    0.96    1.44 ^ _322_/Q (sky130_fd_sc_hd__dfrtp_4)
                                         counter.one_second_enable (net)
                  0.25    0.00    1.44 ^ _164_/A1 (sky130_fd_sc_hd__a211oi_1)
     1    0.00    0.08    0.20    1.64 v _164_/Y (sky130_fd_sc_hd__a211oi_1)
                                         _062_ (net)
                  0.08    0.00    1.64 v _352_/D (sky130_fd_sc_hd__dfrtp_4)
                                  1.64   data arrival time

                          0.00    0.00   clock core_clock (rise edge)
                          0.00    0.00   clock source latency
     1    0.02    0.00    0.00    0.00 ^ clk (in)
                                         clk (net)
                  0.00    0.00    0.00 ^ clkbuf_0_clk/A (sky130_fd_sc_hd__clkbuf_16)
     4    0.04    0.10    0.22    0.22 ^ clkbuf_0_clk/X (sky130_fd_sc_hd__clkbuf_16)
                                         clknet_0_clk (net)
                  0.10    0.00    0.23 ^ clkbuf_2_3__f_clk/A (sky130_fd_sc_hd__clkbuf_16)
    10    0.04    0.09    0.26    0.48 ^ clkbuf_2_3__f_clk/X (sky130_fd_sc_hd__clkbuf_16)
                                         clknet_2_3__leaf_clk (net)
                  0.09    0.00    0.48 ^ _352_/CLK (sky130_fd_sc_hd__dfrtp_4)
                          0.00    0.48   clock reconvergence pessimism
                         -0.09    0.39   library hold time
                                  0.39   data required time
-----------------------------------------------------------------------------
                                  0.39   data required time
                                 -1.64   data arrival time
-----------------------------------------------------------------------------
                                  1.25   slack (MET)


Startpoint: _353_ (rising edge-triggered flip-flop clocked by core_clock)
Endpoint: _353_ (rising edge-triggered flip-flop clocked by core_clock)
Path Group: core_clock
Path Type: min
Corner: Slowest

Fanout     Cap    Slew   Delay    Time   Description
-----------------------------------------------------------------------------
                          0.00    0.00   clock core_clock (rise edge)
                          0.00    0.00   clock source latency
     1    0.02    0.00    0.00    0.00 ^ clk (in)
                                         clk (net)
                  0.00    0.00    0.00 ^ clkbuf_0_clk/A (sky130_fd_sc_hd__clkbuf_16)
     4    0.04    0.10    0.22    0.22 ^ clkbuf_0_clk/X (sky130_fd_sc_hd__clkbuf_16)
                                         clknet_0_clk (net)
                  0.10    0.00    0.23 ^ clkbuf_2_3__f_clk/A (sky130_fd_sc_hd__clkbuf_16)
    10    0.04    0.09    0.26    0.48 ^ clkbuf_2_3__f_clk/X (sky130_fd_sc_hd__clkbuf_16)
                                         clknet_2_3__leaf_clk (net)
                  0.09    0.00    0.48 ^ _353_/CLK (sky130_fd_sc_hd__dfrtp_4)
     4    0.03    0.20    0.93    1.41 ^ _353_/Q (sky130_fd_sc_hd__dfrtp_4)
                                         counter.count[3] (net)
                  0.20    0.00    1.41 ^ _160_/A (sky130_fd_sc_hd__xor2_1)
     1    0.01    0.10    0.23    1.64 v _160_/X (sky130_fd_sc_hd__xor2_1)
                                         _063_ (net)
                  0.10    0.00    1.64 v _353_/D (sky130_fd_sc_hd__dfrtp_4)
                                  1.64   data arrival time

                          0.00    0.00   clock core_clock (rise edge)
                          0.00    0.00   clock source latency
     1    0.02    0.00    0.00    0.00 ^ clk (in)
                                         clk (net)
                  0.00    0.00    0.00 ^ clkbuf_0_clk/A (sky130_fd_sc_hd__clkbuf_16)
     4    0.04    0.10    0.22    0.22 ^ clkbuf_0_clk/X (sky130_fd_sc_hd__clkbuf_16)
                                         clknet_0_clk (net)
                  0.10    0.00    0.23 ^ clkbuf_2_3__f_clk/A (sky130_fd_sc_hd__clkbuf_16)
    10    0.04    0.09    0.26    0.48 ^ clkbuf_2_3__f_clk/X (sky130_fd_sc_hd__clkbuf_16)
                                         clknet_2_3__leaf_clk (net)
                  0.09    0.00    0.48 ^ _353_/CLK (sky130_fd_sc_hd__dfrtp_4)
                          0.00    0.48   clock reconvergence pessimism
                         -0.10    0.38   library hold time
                                  0.38   data required time
-----------------------------------------------------------------------------
                                  0.38   data required time
                                 -1.64   data arrival time
-----------------------------------------------------------------------------
                                  1.26   slack (MET)


Startpoint: _323_ (rising edge-triggered flip-flop clocked by core_clock)
Endpoint: _323_ (rising edge-triggered flip-flop clocked by core_clock)
Path Group: core_clock
Path Type: min
Corner: Slowest

Fanout     Cap    Slew   Delay    Time   Description
-----------------------------------------------------------------------------
                          0.00    0.00   clock core_clock (rise edge)
                          0.00    0.00   clock source latency
     1    0.02    0.00    0.00    0.00 ^ clk (in)
                                         clk (net)
                  0.00    0.00    0.00 ^ clkbuf_0_clk/A (sky130_fd_sc_hd__clkbuf_16)
     4    0.04    0.10    0.22    0.22 ^ clkbuf_0_clk/X (sky130_fd_sc_hd__clkbuf_16)
                                         clknet_0_clk (net)
                  0.10    0.00    0.23 ^ clkbuf_2_3__f_clk/A (sky130_fd_sc_hd__clkbuf_16)
    10    0.04    0.09    0.26    0.48 ^ clkbuf_2_3__f_clk/X (sky130_fd_sc_hd__clkbuf_16)
                                         clknet_2_3__leaf_clk (net)
                  0.09    0.00    0.48 ^ _323_/CLK (sky130_fd_sc_hd__dfrtp_4)
     7    0.05    0.26    0.98    1.47 ^ _323_/Q (sky130_fd_sc_hd__dfrtp_4)
                                         counter.one_second_counter[0] (net)
                  0.26    0.00    1.47 ^ _183_/A (sky130_fd_sc_hd__nor2_1)
     1    0.01    0.13    0.23    1.70 v _183_/Y (sky130_fd_sc_hd__nor2_1)
                                         _001_ (net)
                  0.13    0.00    1.70 v _323_/D (sky130_fd_sc_hd__dfrtp_4)
                                  1.70   data arrival time

                          0.00    0.00   clock core_clock (rise edge)
                          0.00    0.00   clock source latency
     1    0.02    0.00    0.00    0.00 ^ clk (in)
                                         clk (net)
                  0.00    0.00    0.00 ^ clkbuf_0_clk/A (sky130_fd_sc_hd__clkbuf_16)
     4    0.04    0.10    0.22    0.22 ^ clkbuf_0_clk/X (sky130_fd_sc_hd__clkbuf_16)
                                         clknet_0_clk (net)
                  0.10    0.00    0.23 ^ clkbuf_2_3__f_clk/A (sky130_fd_sc_hd__clkbuf_16)
    10    0.04    0.09    0.26    0.48 ^ clkbuf_2_3__f_clk/X (sky130_fd_sc_hd__clkbuf_16)
                                         clknet_2_3__leaf_clk (net)
                  0.09    0.00    0.48 ^ _323_/CLK (sky130_fd_sc_hd__dfrtp_4)
                          0.00    0.48   clock reconvergence pessimism
                         -0.11    0.38   library hold time
                                  0.38   data required time
-----------------------------------------------------------------------------
                                  0.38   data required time
                                 -1.70   data arrival time
-----------------------------------------------------------------------------
                                  1.33   slack (MET)


Startpoint: _348_ (rising edge-triggered flip-flop clocked by core_clock)
Endpoint: _349_ (rising edge-triggered flip-flop clocked by core_clock)
Path Group: core_clock
Path Type: min
Corner: Slowest

Fanout     Cap    Slew   Delay    Time   Description
-----------------------------------------------------------------------------
                          0.00    0.00   clock core_clock (rise edge)
                          0.00    0.00   clock source latency
     1    0.02    0.00    0.00    0.00 ^ clk (in)
                                         clk (net)
                  0.00    0.00    0.00 ^ clkbuf_0_clk/A (sky130_fd_sc_hd__clkbuf_16)
     4    0.04    0.10    0.22    0.22 ^ clkbuf_0_clk/X (sky130_fd_sc_hd__clkbuf_16)
                                         clknet_0_clk (net)
                  0.10    0.00    0.23 ^ clkbuf_2_0__f_clk/A (sky130_fd_sc_hd__clkbuf_16)
     7    0.03    0.08    0.25    0.47 ^ clkbuf_2_0__f_clk/X (sky130_fd_sc_hd__clkbuf_16)
                                         clknet_2_0__leaf_clk (net)
                  0.08    0.00    0.47 ^ _348_/CLK (sky130_fd_sc_hd__dfrtp_2)
     3    0.03    0.27    0.87    1.34 ^ _348_/Q (sky130_fd_sc_hd__dfrtp_2)
                                         counter.one_second_counter[25] (net)
                  0.27    0.00    1.34 ^ _278_/A2 (sky130_fd_sc_hd__o211a_1)
     1    0.01    0.16    0.42    1.76 ^ _278_/X (sky130_fd_sc_hd__o211a_1)
                                         _019_ (net)
                  0.16    0.00    1.76 ^ _349_/D (sky130_fd_sc_hd__dfrtp_1)
                                  1.76   data arrival time

                          0.00    0.00   clock core_clock (rise edge)
                          0.00    0.00   clock source latency
     1    0.02    0.00    0.00    0.00 ^ clk (in)
                                         clk (net)
                  0.00    0.00    0.00 ^ clkbuf_0_clk/A (sky130_fd_sc_hd__clkbuf_16)
     4    0.04    0.10    0.22    0.22 ^ clkbuf_0_clk/X (sky130_fd_sc_hd__clkbuf_16)
                                         clknet_0_clk (net)
                  0.10    0.00    0.23 ^ clkbuf_2_2__f_clk/A (sky130_fd_sc_hd__clkbuf_16)
    10    0.04    0.10    0.26    0.49 ^ clkbuf_2_2__f_clk/X (sky130_fd_sc_hd__clkbuf_16)
                                         clknet_2_2__leaf_clk (net)
                  0.10    0.00    0.49 ^ _349_/CLK (sky130_fd_sc_hd__dfrtp_1)
                          0.00    0.49   clock reconvergence pessimism
                         -0.09    0.40   library hold time
                                  0.40   data required time
-----------------------------------------------------------------------------
                                  0.40   data required time
                                 -1.76   data arrival time
-----------------------------------------------------------------------------
                                  1.36   slack (MET)


Startpoint: _344_ (rising edge-triggered flip-flop clocked by core_clock)
Endpoint: _344_ (rising edge-triggered flip-flop clocked by core_clock)
Path Group: core_clock
Path Type: min
Corner: Slowest

Fanout     Cap    Slew   Delay    Time   Description
-----------------------------------------------------------------------------
                          0.00    0.00   clock core_clock (rise edge)
                          0.00    0.00   clock source latency
     1    0.02    0.00    0.00    0.00 ^ clk (in)
                                         clk (net)
                  0.00    0.00    0.00 ^ clkbuf_0_clk/A (sky130_fd_sc_hd__clkbuf_16)
     4    0.04    0.10    0.22    0.22 ^ clkbuf_0_clk/X (sky130_fd_sc_hd__clkbuf_16)
                                         clknet_0_clk (net)
                  0.10    0.00    0.23 ^ clkbuf_2_1__f_clk/A (sky130_fd_sc_hd__clkbuf_16)
     8    0.03    0.08    0.25    0.47 ^ clkbuf_2_1__f_clk/X (sky130_fd_sc_hd__clkbuf_16)
                                         clknet_2_1__leaf_clk (net)
                  0.08    0.00    0.48 ^ _344_/CLK (sky130_fd_sc_hd__dfrtp_2)
     3    0.03    0.19    0.95    1.43 v _344_/Q (sky130_fd_sc_hd__dfrtp_2)
                                         counter.one_second_counter[21] (net)
                  0.19    0.00    1.43 v _261_/A (sky130_fd_sc_hd__inv_2)
     1    0.02    0.13    0.19    1.62 ^ _261_/Y (sky130_fd_sc_hd__inv_2)
                                         _141_ (net)
                  0.13    0.00    1.62 ^ _263_/A1 (sky130_fd_sc_hd__a211oi_1)
     1    0.00    0.09    0.18    1.80 v _263_/Y (sky130_fd_sc_hd__a211oi_1)
                                         _014_ (net)
                  0.09    0.00    1.80 v _344_/D (sky130_fd_sc_hd__dfrtp_2)
                                  1.80   data arrival time

                          0.00    0.00   clock core_clock (rise edge)
                          0.00    0.00   clock source latency
     1    0.02    0.00    0.00    0.00 ^ clk (in)
                                         clk (net)
                  0.00    0.00    0.00 ^ clkbuf_0_clk/A (sky130_fd_sc_hd__clkbuf_16)
     4    0.04    0.10    0.22    0.22 ^ clkbuf_0_clk/X (sky130_fd_sc_hd__clkbuf_16)
                                         clknet_0_clk (net)
                  0.10    0.00    0.23 ^ clkbuf_2_1__f_clk/A (sky130_fd_sc_hd__clkbuf_16)
     8    0.03    0.08    0.25    0.47 ^ clkbuf_2_1__f_clk/X (sky130_fd_sc_hd__clkbuf_16)
                                         clknet_2_1__leaf_clk (net)
                  0.08    0.00    0.48 ^ _344_/CLK (sky130_fd_sc_hd__dfrtp_2)
                          0.00    0.48   clock reconvergence pessimism
                         -0.09    0.38   library hold time
                                  0.38   data required time
-----------------------------------------------------------------------------
                                  0.38   data required time
                                 -1.80   data arrival time
-----------------------------------------------------------------------------
                                  1.42   slack (MET)


Startpoint: _330_ (rising edge-triggered flip-flop clocked by core_clock)
Endpoint: _330_ (rising edge-triggered flip-flop clocked by core_clock)
Path Group: core_clock
Path Type: min
Corner: Slowest

Fanout     Cap    Slew   Delay    Time   Description
-----------------------------------------------------------------------------
                          0.00    0.00   clock core_clock (rise edge)
                          0.00    0.00   clock source latency
     1    0.02    0.00    0.00    0.00 ^ clk (in)
                                         clk (net)
                  0.00    0.00    0.00 ^ clkbuf_0_clk/A (sky130_fd_sc_hd__clkbuf_16)
     4    0.04    0.10    0.22    0.22 ^ clkbuf_0_clk/X (sky130_fd_sc_hd__clkbuf_16)
                                         clknet_0_clk (net)
                  0.10    0.00    0.23 ^ clkbuf_2_1__f_clk/A (sky130_fd_sc_hd__clkbuf_16)
     8    0.03    0.08    0.25    0.47 ^ clkbuf_2_1__f_clk/X (sky130_fd_sc_hd__clkbuf_16)
                                         clknet_2_1__leaf_clk (net)
                  0.08    0.00    0.47 ^ _330_/CLK (sky130_fd_sc_hd__dfrtp_1)
     2    0.02    0.20    0.87    1.35 v _330_/Q (sky130_fd_sc_hd__dfrtp_1)
                                         counter.one_second_counter[7] (net)
                  0.20    0.00    1.35 v _207_/A (sky130_fd_sc_hd__inv_2)
     1    0.01    0.12    0.19    1.54 ^ _207_/Y (sky130_fd_sc_hd__inv_2)
                                         _101_ (net)
                  0.12    0.00    1.54 ^ _208_/A1 (sky130_fd_sc_hd__a211oi_1)
     1    0.01    0.13    0.24    1.78 v _208_/Y (sky130_fd_sc_hd__a211oi_1)
                                         _025_ (net)
                  0.13    0.00    1.78 v _330_/D (sky130_fd_sc_hd__dfrtp_1)
                                  1.78   data arrival time

                          0.00    0.00   clock core_clock (rise edge)
                          0.00    0.00   clock source latency
     1    0.02    0.00    0.00    0.00 ^ clk (in)
                                         clk (net)
                  0.00    0.00    0.00 ^ clkbuf_0_clk/A (sky130_fd_sc_hd__clkbuf_16)
     4    0.04    0.10    0.22    0.22 ^ clkbuf_0_clk/X (sky130_fd_sc_hd__clkbuf_16)
                                         clknet_0_clk (net)
                  0.10    0.00    0.23 ^ clkbuf_2_1__f_clk/A (sky130_fd_sc_hd__clkbuf_16)
     8    0.03    0.08    0.25    0.47 ^ clkbuf_2_1__f_clk/X (sky130_fd_sc_hd__clkbuf_16)
                                         clknet_2_1__leaf_clk (net)
                  0.08    0.00    0.47 ^ _330_/CLK (sky130_fd_sc_hd__dfrtp_1)
                          0.00    0.47   clock reconvergence pessimism
                         -0.12    0.36   library hold time
                                  0.36   data required time
-----------------------------------------------------------------------------
                                  0.36   data required time
                                 -1.78   data arrival time
-----------------------------------------------------------------------------
                                  1.42   slack (MET)


Startpoint: _351_ (rising edge-triggered flip-flop clocked by core_clock)
Endpoint: _351_ (rising edge-triggered flip-flop clocked by core_clock)
Path Group: core_clock
Path Type: min
Corner: Slowest

Fanout     Cap    Slew   Delay    Time   Description
-----------------------------------------------------------------------------
                          0.00    0.00   clock core_clock (rise edge)
                          0.00    0.00   clock source latency
     1    0.02    0.00    0.00    0.00 ^ clk (in)
                                         clk (net)
                  0.00    0.00    0.00 ^ clkbuf_0_clk/A (sky130_fd_sc_hd__clkbuf_16)
     4    0.04    0.10    0.22    0.22 ^ clkbuf_0_clk/X (sky130_fd_sc_hd__clkbuf_16)
                                         clknet_0_clk (net)
                  0.10    0.00    0.23 ^ clkbuf_2_0__f_clk/A (sky130_fd_sc_hd__clkbuf_16)
     7    0.03    0.08    0.25    0.47 ^ clkbuf_2_0__f_clk/X (sky130_fd_sc_hd__clkbuf_16)
                                         clknet_2_0__leaf_clk (net)
                  0.08    0.00    0.47 ^ _351_/CLK (sky130_fd_sc_hd__dfrtp_4)
     5    0.04    0.22    0.94    1.41 ^ _351_/Q (sky130_fd_sc_hd__dfrtp_4)
                                         counter.count[1] (net)
                  0.22    0.00    1.42 ^ _165_/B1 (sky130_fd_sc_hd__a21oi_1)
     1    0.01    0.11    0.18    1.60 v _165_/Y (sky130_fd_sc_hd__a21oi_1)
                                         _069_ (net)
                  0.11    0.00    1.60 v _166_/B (sky130_fd_sc_hd__nor2_1)
     1    0.01    0.26    0.26    1.86 ^ _166_/Y (sky130_fd_sc_hd__nor2_1)
                                         _061_ (net)
                  0.26    0.00    1.86 ^ _351_/D (sky130_fd_sc_hd__dfrtp_4)
                                  1.86   data arrival time

                          0.00    0.00   clock core_clock (rise edge)
                          0.00    0.00   clock source latency
     1    0.02    0.00    0.00    0.00 ^ clk (in)
                                         clk (net)
                  0.00    0.00    0.00 ^ clkbuf_0_clk/A (sky130_fd_sc_hd__clkbuf_16)
     4    0.04    0.10    0.22    0.22 ^ clkbuf_0_clk/X (sky130_fd_sc_hd__clkbuf_16)
                                         clknet_0_clk (net)
                  0.10    0.00    0.23 ^ clkbuf_2_0__f_clk/A (sky130_fd_sc_hd__clkbuf_16)
     7    0.03    0.08    0.25    0.47 ^ clkbuf_2_0__f_clk/X (sky130_fd_sc_hd__clkbuf_16)
                                         clknet_2_0__leaf_clk (net)
                  0.08    0.00    0.47 ^ _351_/CLK (sky130_fd_sc_hd__dfrtp_4)
                          0.00    0.47   clock reconvergence pessimism
                         -0.12    0.35   library hold time
                                  0.35   data required time
-----------------------------------------------------------------------------
                                  0.35   data required time
                                 -1.86   data arrival time
-----------------------------------------------------------------------------
                                  1.51   slack (MET)


Startpoint: _345_ (rising edge-triggered flip-flop clocked by core_clock)
Endpoint: _345_ (rising edge-triggered flip-flop clocked by core_clock)
Path Group: core_clock
Path Type: min
Corner: Slowest

Fanout     Cap    Slew   Delay    Time   Description
-----------------------------------------------------------------------------
                          0.00    0.00   clock core_clock (rise edge)
                          0.00    0.00   clock source latency
     1    0.02    0.00    0.00    0.00 ^ clk (in)
                                         clk (net)
                  0.00    0.00    0.00 ^ clkbuf_0_clk/A (sky130_fd_sc_hd__clkbuf_16)
     4    0.04    0.10    0.22    0.22 ^ clkbuf_0_clk/X (sky130_fd_sc_hd__clkbuf_16)
                                         clknet_0_clk (net)
                  0.10    0.00    0.23 ^ clkbuf_2_1__f_clk/A (sky130_fd_sc_hd__clkbuf_16)
     8    0.03    0.08    0.25    0.47 ^ clkbuf_2_1__f_clk/X (sky130_fd_sc_hd__clkbuf_16)
                                         clknet_2_1__leaf_clk (net)
                  0.08    0.00    0.48 ^ _345_/CLK (sky130_fd_sc_hd__dfrtp_2)
     3    0.04    0.21    0.97    1.44 v _345_/Q (sky130_fd_sc_hd__dfrtp_2)
                                         counter.one_second_counter[22] (net)
                  0.21    0.00    1.45 v _264_/A (sky130_fd_sc_hd__nor2_1)
     1    0.00    0.16    0.24    1.69 ^ _264_/Y (sky130_fd_sc_hd__nor2_1)
                                         _143_ (net)
                  0.16    0.00    1.69 ^ _266_/B (sky130_fd_sc_hd__nor3_1)
     1    0.01    0.14    0.19    1.88 v _266_/Y (sky130_fd_sc_hd__nor3_1)
                                         _015_ (net)
                  0.14    0.00    1.88 v _345_/D (sky130_fd_sc_hd__dfrtp_2)
                                  1.88   data arrival time

                          0.00    0.00   clock core_clock (rise edge)
                          0.00    0.00   clock source latency
     1    0.02    0.00    0.00    0.00 ^ clk (in)
                                         clk (net)
                  0.00    0.00    0.00 ^ clkbuf_0_clk/A (sky130_fd_sc_hd__clkbuf_16)
     4    0.04    0.10    0.22    0.22 ^ clkbuf_0_clk/X (sky130_fd_sc_hd__clkbuf_16)
                                         clknet_0_clk (net)
                  0.10    0.00    0.23 ^ clkbuf_2_1__f_clk/A (sky130_fd_sc_hd__clkbuf_16)
     8    0.03    0.08    0.25    0.47 ^ clkbuf_2_1__f_clk/X (sky130_fd_sc_hd__clkbuf_16)
                                         clknet_2_1__leaf_clk (net)
                  0.08    0.00    0.48 ^ _345_/CLK (sky130_fd_sc_hd__dfrtp_2)
                          0.00    0.48   clock reconvergence pessimism
                         -0.11    0.36   library hold time
                                  0.36   data required time
-----------------------------------------------------------------------------
                                  0.36   data required time
                                 -1.88   data arrival time
-----------------------------------------------------------------------------
                                  1.52   slack (MET)


Startpoint: _338_ (rising edge-triggered flip-flop clocked by core_clock)
Endpoint: _338_ (rising edge-triggered flip-flop clocked by core_clock)
Path Group: core_clock
Path Type: min
Corner: Slowest

Fanout     Cap    Slew   Delay    Time   Description
-----------------------------------------------------------------------------
                          0.00    0.00   clock core_clock (rise edge)
                          0.00    0.00   clock source latency
     1    0.02    0.00    0.00    0.00 ^ clk (in)
                                         clk (net)
                  0.00    0.00    0.00 ^ clkbuf_0_clk/A (sky130_fd_sc_hd__clkbuf_16)
     4    0.04    0.10    0.22    0.22 ^ clkbuf_0_clk/X (sky130_fd_sc_hd__clkbuf_16)
                                         clknet_0_clk (net)
                  0.10    0.00    0.23 ^ clkbuf_2_2__f_clk/A (sky130_fd_sc_hd__clkbuf_16)
    10    0.04    0.10    0.26    0.49 ^ clkbuf_2_2__f_clk/X (sky130_fd_sc_hd__clkbuf_16)
                                         clknet_2_2__leaf_clk (net)
                  0.10    0.00    0.49 ^ _338_/CLK (sky130_fd_sc_hd__dfrtp_1)
     3    0.02    0.24    0.91    1.41 v _338_/Q (sky130_fd_sc_hd__dfrtp_1)
                                         counter.one_second_counter[15] (net)
                  0.24    0.00    1.41 v _238_/A (sky130_fd_sc_hd__inv_2)
     1    0.01    0.11    0.18    1.58 ^ _238_/Y (sky130_fd_sc_hd__inv_2)
                                         _124_ (net)
                  0.11    0.00    1.58 ^ _241_/A1 (sky130_fd_sc_hd__a211oi_1)
     1    0.02    0.18    0.32    1.90 v _241_/Y (sky130_fd_sc_hd__a211oi_1)
                                         _007_ (net)
                  0.18    0.00    1.90 v _338_/D (sky130_fd_sc_hd__dfrtp_1)
                                  1.90   data arrival time

                          0.00    0.00   clock core_clock (rise edge)
                          0.00    0.00   clock source latency
     1    0.02    0.00    0.00    0.00 ^ clk (in)
                                         clk (net)
                  0.00    0.00    0.00 ^ clkbuf_0_clk/A (sky130_fd_sc_hd__clkbuf_16)
     4    0.04    0.10    0.22    0.22 ^ clkbuf_0_clk/X (sky130_fd_sc_hd__clkbuf_16)
                                         clknet_0_clk (net)
                  0.10    0.00    0.23 ^ clkbuf_2_2__f_clk/A (sky130_fd_sc_hd__clkbuf_16)
    10    0.04    0.10    0.26    0.49 ^ clkbuf_2_2__f_clk/X (sky130_fd_sc_hd__clkbuf_16)
                                         clknet_2_2__leaf_clk (net)
                  0.10    0.00    0.49 ^ _338_/CLK (sky130_fd_sc_hd__dfrtp_1)
                          0.00    0.49   clock reconvergence pessimism
                         -0.13    0.36   library hold time
                                  0.36   data required time
-----------------------------------------------------------------------------
                                  0.36   data required time
                                 -1.90   data arrival time
-----------------------------------------------------------------------------
                                  1.54   slack (MET)


Startpoint: _346_ (rising edge-triggered flip-flop clocked by core_clock)
Endpoint: _346_ (rising edge-triggered flip-flop clocked by core_clock)
Path Group: core_clock
Path Type: min
Corner: Slowest

Fanout     Cap    Slew   Delay    Time   Description
-----------------------------------------------------------------------------
                          0.00    0.00   clock core_clock (rise edge)
                          0.00    0.00   clock source latency
     1    0.02    0.00    0.00    0.00 ^ clk (in)
                                         clk (net)
                  0.00    0.00    0.00 ^ clkbuf_0_clk/A (sky130_fd_sc_hd__clkbuf_16)
     4    0.04    0.10    0.22    0.22 ^ clkbuf_0_clk/X (sky130_fd_sc_hd__clkbuf_16)
                                         clknet_0_clk (net)
                  0.10    0.00    0.23 ^ clkbuf_2_1__f_clk/A (sky130_fd_sc_hd__clkbuf_16)
     8    0.03    0.08    0.25    0.47 ^ clkbuf_2_1__f_clk/X (sky130_fd_sc_hd__clkbuf_16)
                                         clknet_2_1__leaf_clk (net)
                  0.08    0.00    0.48 ^ _346_/CLK (sky130_fd_sc_hd__dfrtp_1)
     2    0.02    0.33    0.85    1.32 ^ _346_/Q (sky130_fd_sc_hd__dfrtp_1)
                                         counter.one_second_counter[23] (net)
                  0.33    0.00    1.32 ^ _269_/A1 (sky130_fd_sc_hd__o211a_1)
     1    0.02    0.28    0.58    1.90 ^ _269_/X (sky130_fd_sc_hd__o211a_1)
                                         _016_ (net)
                  0.28    0.00    1.90 ^ _346_/D (sky130_fd_sc_hd__dfrtp_1)
                                  1.90   data arrival time

                          0.00    0.00   clock core_clock (rise edge)
                          0.00    0.00   clock source latency
     1    0.02    0.00    0.00    0.00 ^ clk (in)
                                         clk (net)
                  0.00    0.00    0.00 ^ clkbuf_0_clk/A (sky130_fd_sc_hd__clkbuf_16)
     4    0.04    0.10    0.22    0.22 ^ clkbuf_0_clk/X (sky130_fd_sc_hd__clkbuf_16)
                                         clknet_0_clk (net)
                  0.10    0.00    0.23 ^ clkbuf_2_1__f_clk/A (sky130_fd_sc_hd__clkbuf_16)
     8    0.03    0.08    0.25    0.47 ^ clkbuf_2_1__f_clk/X (sky130_fd_sc_hd__clkbuf_16)
                                         clknet_2_1__leaf_clk (net)
                  0.08    0.00    0.48 ^ _346_/CLK (sky130_fd_sc_hd__dfrtp_1)
                          0.00    0.48   clock reconvergence pessimism
                         -0.12    0.35   library hold time
                                  0.35   data required time
-----------------------------------------------------------------------------
                                  0.35   data required time
                                 -1.90   data arrival time
-----------------------------------------------------------------------------
                                  1.55   slack (MET)


Startpoint: _322_ (rising edge-triggered flip-flop clocked by core_clock)
Endpoint: _350_ (rising edge-triggered flip-flop clocked by core_clock)
Path Group: core_clock
Path Type: min
Corner: Slowest

Fanout     Cap    Slew   Delay    Time   Description
-----------------------------------------------------------------------------
                          0.00    0.00   clock core_clock (rise edge)
                          0.00    0.00   clock source latency
     1    0.02    0.00    0.00    0.00 ^ clk (in)
                                         clk (net)
                  0.00    0.00    0.00 ^ clkbuf_0_clk/A (sky130_fd_sc_hd__clkbuf_16)
     4    0.04    0.10    0.22    0.22 ^ clkbuf_0_clk/X (sky130_fd_sc_hd__clkbuf_16)
                                         clknet_0_clk (net)
                  0.10    0.00    0.23 ^ clkbuf_2_0__f_clk/A (sky130_fd_sc_hd__clkbuf_16)
     7    0.03    0.08    0.25    0.47 ^ clkbuf_2_0__f_clk/X (sky130_fd_sc_hd__clkbuf_16)
                                         clknet_2_0__leaf_clk (net)
                  0.08    0.00    0.47 ^ _322_/CLK (sky130_fd_sc_hd__dfrtp_4)
     5    0.04    0.25    0.96    1.44 ^ _322_/Q (sky130_fd_sc_hd__dfrtp_4)
                                         counter.one_second_enable (net)
                  0.25    0.00    1.44 ^ _168_/A1 (sky130_fd_sc_hd__o21a_1)
     2    0.02    0.29    0.47    1.91 ^ _168_/X (sky130_fd_sc_hd__o21a_1)
                                         _060_ (net)
                  0.29    0.00    1.91 ^ _350_/D (sky130_fd_sc_hd__dfrtp_4)
                                  1.91   data arrival time

                          0.00    0.00   clock core_clock (rise edge)
                          0.00    0.00   clock source latency
     1    0.02    0.00    0.00    0.00 ^ clk (in)
                                         clk (net)
                  0.00    0.00    0.00 ^ clkbuf_0_clk/A (sky130_fd_sc_hd__clkbuf_16)
     4    0.04    0.10    0.22    0.22 ^ clkbuf_0_clk/X (sky130_fd_sc_hd__clkbuf_16)
                                         clknet_0_clk (net)
                  0.10    0.00    0.23 ^ clkbuf_2_1__f_clk/A (sky130_fd_sc_hd__clkbuf_16)
     8    0.03    0.08    0.25    0.47 ^ clkbuf_2_1__f_clk/X (sky130_fd_sc_hd__clkbuf_16)
                                         clknet_2_1__leaf_clk (net)
                  0.08    0.00    0.48 ^ _350_/CLK (sky130_fd_sc_hd__dfrtp_4)
                          0.00    0.48   clock reconvergence pessimism
                         -0.13    0.35   library hold time
                                  0.35   data required time
-----------------------------------------------------------------------------
                                  0.35   data required time
                                 -1.91   data arrival time
-----------------------------------------------------------------------------
                                  1.56   slack (MET)


Startpoint: _341_ (rising edge-triggered flip-flop clocked by core_clock)
Endpoint: _341_ (rising edge-triggered flip-flop clocked by core_clock)
Path Group: core_clock
Path Type: min
Corner: Slowest

Fanout     Cap    Slew   Delay    Time   Description
-----------------------------------------------------------------------------
                          0.00    0.00   clock core_clock (rise edge)
                          0.00    0.00   clock source latency
     1    0.02    0.00    0.00    0.00 ^ clk (in)
                                         clk (net)
                  0.00    0.00    0.00 ^ clkbuf_0_clk/A (sky130_fd_sc_hd__clkbuf_16)
     4    0.04    0.10    0.22    0.22 ^ clkbuf_0_clk/X (sky130_fd_sc_hd__clkbuf_16)
                                         clknet_0_clk (net)
                  0.10    0.00    0.23 ^ clkbuf_2_3__f_clk/A (sky130_fd_sc_hd__clkbuf_16)
    10    0.04    0.09    0.26    0.48 ^ clkbuf_2_3__f_clk/X (sky130_fd_sc_hd__clkbuf_16)
                                         clknet_2_3__leaf_clk (net)
                  0.09    0.00    0.48 ^ _341_/CLK (sky130_fd_sc_hd__dfrtp_4)
     6    0.05    0.28    1.00    1.48 ^ _341_/Q (sky130_fd_sc_hd__dfrtp_4)
                                         counter.one_second_counter[18] (net)
                  0.28    0.00    1.48 ^ _250_/B2 (sky130_fd_sc_hd__o221a_1)
     1    0.01    0.17    0.50    1.99 ^ _250_/X (sky130_fd_sc_hd__o221a_1)
                                         _010_ (net)
                  0.17    0.00    1.99 ^ _341_/D (sky130_fd_sc_hd__dfrtp_4)
                                  1.99   data arrival time

                          0.00    0.00   clock core_clock (rise edge)
                          0.00    0.00   clock source latency
     1    0.02    0.00    0.00    0.00 ^ clk (in)
                                         clk (net)
                  0.00    0.00    0.00 ^ clkbuf_0_clk/A (sky130_fd_sc_hd__clkbuf_16)
     4    0.04    0.10    0.22    0.22 ^ clkbuf_0_clk/X (sky130_fd_sc_hd__clkbuf_16)
                                         clknet_0_clk (net)
                  0.10    0.00    0.23 ^ clkbuf_2_3__f_clk/A (sky130_fd_sc_hd__clkbuf_16)
    10    0.04    0.09    0.26    0.48 ^ clkbuf_2_3__f_clk/X (sky130_fd_sc_hd__clkbuf_16)
                                         clknet_2_3__leaf_clk (net)
                  0.09    0.00    0.48 ^ _341_/CLK (sky130_fd_sc_hd__dfrtp_4)
                          0.00    0.48   clock reconvergence pessimism
                         -0.10    0.38   library hold time
                                  0.38   data required time
-----------------------------------------------------------------------------
                                  0.38   data required time
                                 -1.99   data arrival time
-----------------------------------------------------------------------------
                                  1.60   slack (MET)


Startpoint: _335_ (rising edge-triggered flip-flop clocked by core_clock)
Endpoint: _335_ (rising edge-triggered flip-flop clocked by core_clock)
Path Group: core_clock
Path Type: min
Corner: Slowest

Fanout     Cap    Slew   Delay    Time   Description
-----------------------------------------------------------------------------
                          0.00    0.00   clock core_clock (rise edge)
                          0.00    0.00   clock source latency
     1    0.02    0.00    0.00    0.00 ^ clk (in)
                                         clk (net)
                  0.00    0.00    0.00 ^ clkbuf_0_clk/A (sky130_fd_sc_hd__clkbuf_16)
     4    0.04    0.10    0.22    0.22 ^ clkbuf_0_clk/X (sky130_fd_sc_hd__clkbuf_16)
                                         clknet_0_clk (net)
                  0.10    0.00    0.23 ^ clkbuf_2_2__f_clk/A (sky130_fd_sc_hd__clkbuf_16)
    10    0.04    0.10    0.26    0.49 ^ clkbuf_2_2__f_clk/X (sky130_fd_sc_hd__clkbuf_16)
                                         clknet_2_2__leaf_clk (net)
                  0.10    0.00    0.49 ^ _335_/CLK (sky130_fd_sc_hd__dfrtp_1)
     4    0.02    0.33    0.86    1.35 ^ _335_/Q (sky130_fd_sc_hd__dfrtp_1)
                                         counter.one_second_counter[12] (net)
                  0.33    0.00    1.35 ^ _227_/A (sky130_fd_sc_hd__nor2_1)
     1    0.01    0.13    0.25    1.59 v _227_/Y (sky130_fd_sc_hd__nor2_1)
                                         _116_ (net)
                  0.13    0.00    1.59 v _229_/B (sky130_fd_sc_hd__nor3_1)
     1    0.01    0.36    0.40    1.99 ^ _229_/Y (sky130_fd_sc_hd__nor3_1)
                                         _004_ (net)
                  0.36    0.00    1.99 ^ _335_/D (sky130_fd_sc_hd__dfrtp_1)
                                  1.99   data arrival time

                          0.00    0.00   clock core_clock (rise edge)
                          0.00    0.00   clock source latency
     1    0.02    0.00    0.00    0.00 ^ clk (in)
                                         clk (net)
                  0.00    0.00    0.00 ^ clkbuf_0_clk/A (sky130_fd_sc_hd__clkbuf_16)
     4    0.04    0.10    0.22    0.22 ^ clkbuf_0_clk/X (sky130_fd_sc_hd__clkbuf_16)
                                         clknet_0_clk (net)
                  0.10    0.00    0.23 ^ clkbuf_2_2__f_clk/A (sky130_fd_sc_hd__clkbuf_16)
    10    0.04    0.10    0.26    0.49 ^ clkbuf_2_2__f_clk/X (sky130_fd_sc_hd__clkbuf_16)
                                         clknet_2_2__leaf_clk (net)
                  0.10    0.00    0.49 ^ _335_/CLK (sky130_fd_sc_hd__dfrtp_1)
                          0.00    0.49   clock reconvergence pessimism
                         -0.14    0.35   library hold time
                                  0.35   data required time
-----------------------------------------------------------------------------
                                  0.35   data required time
                                 -1.99   data arrival time
-----------------------------------------------------------------------------
                                  1.64   slack (MET)


Startpoint: _340_ (rising edge-triggered flip-flop clocked by core_clock)
Endpoint: _340_ (rising edge-triggered flip-flop clocked by core_clock)
Path Group: core_clock
Path Type: min
Corner: Slowest

Fanout     Cap    Slew   Delay    Time   Description
-----------------------------------------------------------------------------
                          0.00    0.00   clock core_clock (rise edge)
                          0.00    0.00   clock source latency
     1    0.02    0.00    0.00    0.00 ^ clk (in)
                                         clk (net)
                  0.00    0.00    0.00 ^ clkbuf_0_clk/A (sky130_fd_sc_hd__clkbuf_16)
     4    0.04    0.10    0.22    0.22 ^ clkbuf_0_clk/X (sky130_fd_sc_hd__clkbuf_16)
                                         clknet_0_clk (net)
                  0.10    0.00    0.23 ^ clkbuf_2_3__f_clk/A (sky130_fd_sc_hd__clkbuf_16)
    10    0.04    0.09    0.26    0.48 ^ clkbuf_2_3__f_clk/X (sky130_fd_sc_hd__clkbuf_16)
                                         clknet_2_3__leaf_clk (net)
                  0.09    0.00    0.48 ^ _340_/CLK (sky130_fd_sc_hd__dfrtp_4)
     7    0.06    0.32    1.03    1.51 ^ _340_/Q (sky130_fd_sc_hd__dfrtp_4)
                                         counter.one_second_counter[17] (net)
                  0.32    0.00    1.51 ^ _246_/A (sky130_fd_sc_hd__xor2_1)
     1    0.01    0.22    0.37    1.88 ^ _246_/X (sky130_fd_sc_hd__xor2_1)
                                         _130_ (net)
                  0.22    0.00    1.88 ^ _247_/B (sky130_fd_sc_hd__nor2_1)
     1    0.01    0.12    0.20    2.09 v _247_/Y (sky130_fd_sc_hd__nor2_1)
                                         _009_ (net)
                  0.12    0.00    2.09 v _340_/D (sky130_fd_sc_hd__dfrtp_4)
                                  2.09   data arrival time

                          0.00    0.00   clock core_clock (rise edge)
                          0.00    0.00   clock source latency
     1    0.02    0.00    0.00    0.00 ^ clk (in)
                                         clk (net)
                  0.00    0.00    0.00 ^ clkbuf_0_clk/A (sky130_fd_sc_hd__clkbuf_16)
     4    0.04    0.10    0.22    0.22 ^ clkbuf_0_clk/X (sky130_fd_sc_hd__clkbuf_16)
                                         clknet_0_clk (net)
                  0.10    0.00    0.23 ^ clkbuf_2_3__f_clk/A (sky130_fd_sc_hd__clkbuf_16)
    10    0.04    0.09    0.26    0.48 ^ clkbuf_2_3__f_clk/X (sky130_fd_sc_hd__clkbuf_16)
                                         clknet_2_3__leaf_clk (net)
                  0.09    0.00    0.48 ^ _340_/CLK (sky130_fd_sc_hd__dfrtp_4)
                          0.00    0.48   clock reconvergence pessimism
                         -0.11    0.38   library hold time
                                  0.38   data required time
-----------------------------------------------------------------------------
                                  0.38   data required time
                                 -2.09   data arrival time
-----------------------------------------------------------------------------
                                  1.71   slack (MET)


Startpoint: _342_ (rising edge-triggered flip-flop clocked by core_clock)
Endpoint: _342_ (rising edge-triggered flip-flop clocked by core_clock)
Path Group: core_clock
Path Type: min
Corner: Slowest

Fanout     Cap    Slew   Delay    Time   Description
-----------------------------------------------------------------------------
                          0.00    0.00   clock core_clock (rise edge)
                          0.00    0.00   clock source latency
     1    0.02    0.00    0.00    0.00 ^ clk (in)
                                         clk (net)
                  0.00    0.00    0.00 ^ clkbuf_0_clk/A (sky130_fd_sc_hd__clkbuf_16)
     4    0.04    0.10    0.22    0.22 ^ clkbuf_0_clk/X (sky130_fd_sc_hd__clkbuf_16)
                                         clknet_0_clk (net)
                  0.10    0.00    0.23 ^ clkbuf_2_0__f_clk/A (sky130_fd_sc_hd__clkbuf_16)
     7    0.03    0.08    0.25    0.47 ^ clkbuf_2_0__f_clk/X (sky130_fd_sc_hd__clkbuf_16)
                                         clknet_2_0__leaf_clk (net)
                  0.08    0.00    0.47 ^ _342_/CLK (sky130_fd_sc_hd__dfrtp_2)
     4    0.04    0.32    0.91    1.38 ^ _342_/Q (sky130_fd_sc_hd__dfrtp_2)
                                         counter.one_second_counter[19] (net)
                  0.32    0.00    1.38 ^ _251_/B1 (sky130_fd_sc_hd__a41o_1)
     1    0.01    0.12    0.28    1.66 ^ _251_/X (sky130_fd_sc_hd__a41o_1)
                                         _133_ (net)
                  0.12    0.00    1.66 ^ _255_/B (sky130_fd_sc_hd__and3_1)
     1    0.01    0.13    0.35    2.01 ^ _255_/X (sky130_fd_sc_hd__and3_1)
                                         _137_ (net)
                  0.13    0.00    2.01 ^ _256_/A (sky130_fd_sc_hd__clkbuf_1)
     1    0.01    0.11    0.21    2.21 ^ _256_/X (sky130_fd_sc_hd__clkbuf_1)
                                         _011_ (net)
                  0.11    0.00    2.21 ^ _342_/D (sky130_fd_sc_hd__dfrtp_2)
                                  2.21   data arrival time

                          0.00    0.00   clock core_clock (rise edge)
                          0.00    0.00   clock source latency
     1    0.02    0.00    0.00    0.00 ^ clk (in)
                                         clk (net)
                  0.00    0.00    0.00 ^ clkbuf_0_clk/A (sky130_fd_sc_hd__clkbuf_16)
     4    0.04    0.10    0.22    0.22 ^ clkbuf_0_clk/X (sky130_fd_sc_hd__clkbuf_16)
                                         clknet_0_clk (net)
                  0.10    0.00    0.23 ^ clkbuf_2_0__f_clk/A (sky130_fd_sc_hd__clkbuf_16)
     7    0.03    0.08    0.25    0.47 ^ clkbuf_2_0__f_clk/X (sky130_fd_sc_hd__clkbuf_16)
                                         clknet_2_0__leaf_clk (net)
                  0.08    0.00    0.47 ^ _342_/CLK (sky130_fd_sc_hd__dfrtp_2)
                          0.00    0.47   clock reconvergence pessimism
                         -0.09    0.39   library hold time
                                  0.39   data required time
-----------------------------------------------------------------------------
                                  0.39   data required time
                                 -2.21   data arrival time
-----------------------------------------------------------------------------
                                  1.83   slack (MET)


Startpoint: _325_ (rising edge-triggered flip-flop clocked by core_clock)
Endpoint: _325_ (rising edge-triggered flip-flop clocked by core_clock)
Path Group: core_clock
Path Type: min
Corner: Slowest

Fanout     Cap    Slew   Delay    Time   Description
-----------------------------------------------------------------------------
                          0.00    0.00   clock core_clock (rise edge)
                          0.00    0.00   clock source latency
     1    0.02    0.00    0.00    0.00 ^ clk (in)
                                         clk (net)
                  0.00    0.00    0.00 ^ clkbuf_0_clk/A (sky130_fd_sc_hd__clkbuf_16)
     4    0.04    0.10    0.22    0.22 ^ clkbuf_0_clk/X (sky130_fd_sc_hd__clkbuf_16)
                                         clknet_0_clk (net)
                  0.10    0.00    0.23 ^ clkbuf_2_2__f_clk/A (sky130_fd_sc_hd__clkbuf_16)
    10    0.04    0.10    0.26    0.49 ^ clkbuf_2_2__f_clk/X (sky130_fd_sc_hd__clkbuf_16)
                                         clknet_2_2__leaf_clk (net)
                  0.10    0.00    0.49 ^ _325_/CLK (sky130_fd_sc_hd__dfrtp_2)
     4    0.03    0.24    0.85    1.34 ^ _325_/Q (sky130_fd_sc_hd__dfrtp_2)
                                         counter.one_second_counter[2] (net)
                  0.24    0.00    1.35 ^ _188_/A (sky130_fd_sc_hd__nand3_1)
     1    0.00    0.16    0.23    1.57 v _188_/Y (sky130_fd_sc_hd__nand3_1)
                                         _087_ (net)
                  0.16    0.00    1.57 v _190_/A (sky130_fd_sc_hd__and3_1)
     1    0.01    0.14    0.42    1.99 v _190_/X (sky130_fd_sc_hd__and3_1)
                                         _089_ (net)
                  0.14    0.00    1.99 v _191_/A (sky130_fd_sc_hd__clkbuf_1)
     1    0.01    0.12    0.25    2.24 v _191_/X (sky130_fd_sc_hd__clkbuf_1)
                                         _020_ (net)
                  0.12    0.00    2.24 v _325_/D (sky130_fd_sc_hd__dfrtp_2)
                                  2.24   data arrival time

                          0.00    0.00   clock core_clock (rise edge)
                          0.00    0.00   clock source latency
     1    0.02    0.00    0.00    0.00 ^ clk (in)
                                         clk (net)
                  0.00    0.00    0.00 ^ clkbuf_0_clk/A (sky130_fd_sc_hd__clkbuf_16)
     4    0.04    0.10    0.22    0.22 ^ clkbuf_0_clk/X (sky130_fd_sc_hd__clkbuf_16)
                                         clknet_0_clk (net)
                  0.10    0.00    0.23 ^ clkbuf_2_2__f_clk/A (sky130_fd_sc_hd__clkbuf_16)
    10    0.04    0.10    0.26    0.49 ^ clkbuf_2_2__f_clk/X (sky130_fd_sc_hd__clkbuf_16)
                                         clknet_2_2__leaf_clk (net)
                  0.10    0.00    0.49 ^ _325_/CLK (sky130_fd_sc_hd__dfrtp_2)
                          0.00    0.49   clock reconvergence pessimism
                         -0.10    0.39   library hold time
                                  0.39   data required time
-----------------------------------------------------------------------------
                                  0.39   data required time
                                 -2.24   data arrival time
-----------------------------------------------------------------------------
                                  1.85   slack (MET)


Startpoint: _327_ (rising edge-triggered flip-flop clocked by core_clock)
Endpoint: _327_ (rising edge-triggered flip-flop clocked by core_clock)
Path Group: core_clock
Path Type: min
Corner: Slowest

Fanout     Cap    Slew   Delay    Time   Description
-----------------------------------------------------------------------------
                          0.00    0.00   clock core_clock (rise edge)
                          0.00    0.00   clock source latency
     1    0.02    0.00    0.00    0.00 ^ clk (in)
                                         clk (net)
                  0.00    0.00    0.00 ^ clkbuf_0_clk/A (sky130_fd_sc_hd__clkbuf_16)
     4    0.04    0.10    0.22    0.22 ^ clkbuf_0_clk/X (sky130_fd_sc_hd__clkbuf_16)
                                         clknet_0_clk (net)
                  0.10    0.00    0.23 ^ clkbuf_2_2__f_clk/A (sky130_fd_sc_hd__clkbuf_16)
    10    0.04    0.10    0.26    0.49 ^ clkbuf_2_2__f_clk/X (sky130_fd_sc_hd__clkbuf_16)
                                         clknet_2_2__leaf_clk (net)
                  0.10    0.00    0.49 ^ _327_/CLK (sky130_fd_sc_hd__dfrtp_2)
     5    0.04    0.31    0.91    1.40 ^ _327_/Q (sky130_fd_sc_hd__dfrtp_2)
                                         counter.one_second_counter[4] (net)
                  0.31    0.00    1.40 ^ _196_/A (sky130_fd_sc_hd__nand2_1)
     1    0.01    0.13    0.23    1.63 v _196_/Y (sky130_fd_sc_hd__nand2_1)
                                         _093_ (net)
                  0.13    0.00    1.63 v _198_/B (sky130_fd_sc_hd__and3_1)
     1    0.01    0.13    0.43    2.05 v _198_/X (sky130_fd_sc_hd__and3_1)
                                         _095_ (net)
                  0.13    0.00    2.06 v _199_/A (sky130_fd_sc_hd__clkbuf_1)
     1    0.01    0.08    0.21    2.27 v _199_/X (sky130_fd_sc_hd__clkbuf_1)
                                         _022_ (net)
                  0.08    0.00    2.27 v _327_/D (sky130_fd_sc_hd__dfrtp_2)
                                  2.27   data arrival time

                          0.00    0.00   clock core_clock (rise edge)
                          0.00    0.00   clock source latency
     1    0.02    0.00    0.00    0.00 ^ clk (in)
                                         clk (net)
                  0.00    0.00    0.00 ^ clkbuf_0_clk/A (sky130_fd_sc_hd__clkbuf_16)
     4    0.04    0.10    0.22    0.22 ^ clkbuf_0_clk/X (sky130_fd_sc_hd__clkbuf_16)
                                         clknet_0_clk (net)
                  0.10    0.00    0.23 ^ clkbuf_2_2__f_clk/A (sky130_fd_sc_hd__clkbuf_16)
    10    0.04    0.10    0.26    0.49 ^ clkbuf_2_2__f_clk/X (sky130_fd_sc_hd__clkbuf_16)
                                         clknet_2_2__leaf_clk (net)
                  0.10    0.00    0.49 ^ _327_/CLK (sky130_fd_sc_hd__dfrtp_2)
                          0.00    0.49   clock reconvergence pessimism
                         -0.09    0.40   library hold time
                                  0.40   data required time
-----------------------------------------------------------------------------
                                  0.40   data required time
                                 -2.27   data arrival time
-----------------------------------------------------------------------------
                                  1.87   slack (MET)


Startpoint: _324_ (rising edge-triggered flip-flop clocked by core_clock)
Endpoint: _324_ (rising edge-triggered flip-flop clocked by core_clock)
Path Group: core_clock
Path Type: min
Corner: Slowest

Fanout     Cap    Slew   Delay    Time   Description
-----------------------------------------------------------------------------
                          0.00    0.00   clock core_clock (rise edge)
                          0.00    0.00   clock source latency
     1    0.02    0.00    0.00    0.00 ^ clk (in)
                                         clk (net)
                  0.00    0.00    0.00 ^ clkbuf_0_clk/A (sky130_fd_sc_hd__clkbuf_16)
     4    0.04    0.10    0.22    0.22 ^ clkbuf_0_clk/X (sky130_fd_sc_hd__clkbuf_16)
                                         clknet_0_clk (net)
                  0.10    0.00    0.23 ^ clkbuf_2_1__f_clk/A (sky130_fd_sc_hd__clkbuf_16)
     8    0.03    0.08    0.25    0.47 ^ clkbuf_2_1__f_clk/X (sky130_fd_sc_hd__clkbuf_16)
                                         clknet_2_1__leaf_clk (net)
                  0.08    0.00    0.48 ^ _324_/CLK (sky130_fd_sc_hd__dfrtp_4)
     6    0.04    0.24    0.96    1.44 ^ _324_/Q (sky130_fd_sc_hd__dfrtp_4)
                                         counter.one_second_counter[1] (net)
                  0.24    0.00    1.44 ^ _184_/A (sky130_fd_sc_hd__nand2_1)
     1    0.00    0.11    0.19    1.63 v _184_/Y (sky130_fd_sc_hd__nand2_1)
                                         _084_ (net)
                  0.11    0.00    1.63 v _186_/A (sky130_fd_sc_hd__and3_1)
     1    0.01    0.14    0.39    2.02 v _186_/X (sky130_fd_sc_hd__and3_1)
                                         _086_ (net)
                  0.14    0.00    2.02 v _187_/A (sky130_fd_sc_hd__clkbuf_1)
     1    0.01    0.14    0.26    2.29 v _187_/X (sky130_fd_sc_hd__clkbuf_1)
                                         _012_ (net)
                  0.14    0.00    2.29 v _324_/D (sky130_fd_sc_hd__dfrtp_4)
                                  2.29   data arrival time

                          0.00    0.00   clock core_clock (rise edge)
                          0.00    0.00   clock source latency
     1    0.02    0.00    0.00    0.00 ^ clk (in)
                                         clk (net)
                  0.00    0.00    0.00 ^ clkbuf_0_clk/A (sky130_fd_sc_hd__clkbuf_16)
     4    0.04    0.10    0.22    0.22 ^ clkbuf_0_clk/X (sky130_fd_sc_hd__clkbuf_16)
                                         clknet_0_clk (net)
                  0.10    0.00    0.23 ^ clkbuf_2_1__f_clk/A (sky130_fd_sc_hd__clkbuf_16)
     8    0.03    0.08    0.25    0.47 ^ clkbuf_2_1__f_clk/X (sky130_fd_sc_hd__clkbuf_16)
                                         clknet_2_1__leaf_clk (net)
                  0.08    0.00    0.48 ^ _324_/CLK (sky130_fd_sc_hd__dfrtp_4)
                          0.00    0.48   clock reconvergence pessimism
                         -0.11    0.36   library hold time
                                  0.36   data required time
-----------------------------------------------------------------------------
                                  0.36   data required time
                                 -2.29   data arrival time
-----------------------------------------------------------------------------
                                  1.93   slack (MET)


Startpoint: _349_ (rising edge-triggered flip-flop clocked by core_clock)
Endpoint: _322_ (rising edge-triggered flip-flop clocked by core_clock)
Path Group: core_clock
Path Type: min
Corner: Slowest

Fanout     Cap    Slew   Delay    Time   Description
-----------------------------------------------------------------------------
                          0.00    0.00   clock core_clock (rise edge)
                          0.00    0.00   clock source latency
     1    0.02    0.00    0.00    0.00 ^ clk (in)
                                         clk (net)
                  0.00    0.00    0.00 ^ clkbuf_0_clk/A (sky130_fd_sc_hd__clkbuf_16)
     4    0.04    0.10    0.22    0.22 ^ clkbuf_0_clk/X (sky130_fd_sc_hd__clkbuf_16)
                                         clknet_0_clk (net)
                  0.10    0.00    0.23 ^ clkbuf_2_2__f_clk/A (sky130_fd_sc_hd__clkbuf_16)
    10    0.04    0.10    0.26    0.49 ^ clkbuf_2_2__f_clk/X (sky130_fd_sc_hd__clkbuf_16)
                                         clknet_2_2__leaf_clk (net)
                  0.10    0.00    0.49 ^ _349_/CLK (sky130_fd_sc_hd__dfrtp_1)
     2    0.03    0.38    0.89    1.38 ^ _349_/Q (sky130_fd_sc_hd__dfrtp_1)
                                         counter.one_second_counter[26] (net)
                  0.38    0.00    1.38 ^ _181_/B1_N (sky130_fd_sc_hd__a21bo_4)
    10    0.06    0.17    0.65    2.03 v _181_/X (sky130_fd_sc_hd__a21bo_4)
                                         _083_ (net)
                  0.17    0.01    2.04 v _182_/A (sky130_fd_sc_hd__clkinv_4)
    10    0.07    0.23    0.26    2.29 ^ _182_/Y (sky130_fd_sc_hd__clkinv_4)
                                         _000_ (net)
                  0.23    0.00    2.30 ^ _322_/D (sky130_fd_sc_hd__dfrtp_4)
                                  2.30   data arrival time

                          0.00    0.00   clock core_clock (rise edge)
                          0.00    0.00   clock source latency
     1    0.02    0.00    0.00    0.00 ^ clk (in)
                                         clk (net)
                  0.00    0.00    0.00 ^ clkbuf_0_clk/A (sky130_fd_sc_hd__clkbuf_16)
     4    0.04    0.10    0.22    0.22 ^ clkbuf_0_clk/X (sky130_fd_sc_hd__clkbuf_16)
                                         clknet_0_clk (net)
                  0.10    0.00    0.23 ^ clkbuf_2_0__f_clk/A (sky130_fd_sc_hd__clkbuf_16)
     7    0.03    0.08    0.25    0.47 ^ clkbuf_2_0__f_clk/X (sky130_fd_sc_hd__clkbuf_16)
                                         clknet_2_0__leaf_clk (net)
                  0.08    0.00    0.47 ^ _322_/CLK (sky130_fd_sc_hd__dfrtp_4)
                          0.00    0.47   clock reconvergence pessimism
                         -0.11    0.36   library hold time
                                  0.36   data required time
-----------------------------------------------------------------------------
                                  0.36   data required time
                                 -2.30   data arrival time
-----------------------------------------------------------------------------
                                  1.94   slack (MET)


Startpoint: _339_ (rising edge-triggered flip-flop clocked by core_clock)
Endpoint: _339_ (rising edge-triggered flip-flop clocked by core_clock)
Path Group: core_clock
Path Type: min
Corner: Slowest

Fanout     Cap    Slew   Delay    Time   Description
-----------------------------------------------------------------------------
                          0.00    0.00   clock core_clock (rise edge)
                          0.00    0.00   clock source latency
     1    0.02    0.00    0.00    0.00 ^ clk (in)
                                         clk (net)
                  0.00    0.00    0.00 ^ clkbuf_0_clk/A (sky130_fd_sc_hd__clkbuf_16)
     4    0.04    0.10    0.22    0.22 ^ clkbuf_0_clk/X (sky130_fd_sc_hd__clkbuf_16)
                                         clknet_0_clk (net)
                  0.10    0.00    0.23 ^ clkbuf_2_3__f_clk/A (sky130_fd_sc_hd__clkbuf_16)
    10    0.04    0.09    0.26    0.48 ^ clkbuf_2_3__f_clk/X (sky130_fd_sc_hd__clkbuf_16)
                                         clknet_2_3__leaf_clk (net)
                  0.09    0.00    0.48 ^ _339_/CLK (sky130_fd_sc_hd__dfrtp_4)
     6    0.05    0.27    0.98    1.47 ^ _339_/Q (sky130_fd_sc_hd__dfrtp_4)
                                         counter.one_second_counter[16] (net)
                  0.27    0.00    1.47 ^ _242_/A (sky130_fd_sc_hd__or2_1)
     1    0.00    0.08    0.25    1.73 ^ _242_/X (sky130_fd_sc_hd__or2_1)
                                         _127_ (net)
                  0.08    0.00    1.73 ^ _244_/B (sky130_fd_sc_hd__and3_1)
     1    0.01    0.17    0.37    2.10 ^ _244_/X (sky130_fd_sc_hd__and3_1)
                                         _129_ (net)
                  0.17    0.00    2.10 ^ _245_/A (sky130_fd_sc_hd__clkbuf_1)
     1    0.01    0.16    0.26    2.36 ^ _245_/X (sky130_fd_sc_hd__clkbuf_1)
                                         _008_ (net)
                  0.16    0.00    2.36 ^ _339_/D (sky130_fd_sc_hd__dfrtp_4)
                                  2.36   data arrival time

                          0.00    0.00   clock core_clock (rise edge)
                          0.00    0.00   clock source latency
     1    0.02    0.00    0.00    0.00 ^ clk (in)
                                         clk (net)
                  0.00    0.00    0.00 ^ clkbuf_0_clk/A (sky130_fd_sc_hd__clkbuf_16)
     4    0.04    0.10    0.22    0.22 ^ clkbuf_0_clk/X (sky130_fd_sc_hd__clkbuf_16)
                                         clknet_0_clk (net)
                  0.10    0.00    0.23 ^ clkbuf_2_3__f_clk/A (sky130_fd_sc_hd__clkbuf_16)
    10    0.04    0.09    0.26    0.48 ^ clkbuf_2_3__f_clk/X (sky130_fd_sc_hd__clkbuf_16)
                                         clknet_2_3__leaf_clk (net)
                  0.09    0.00    0.48 ^ _339_/CLK (sky130_fd_sc_hd__dfrtp_4)
                          0.00    0.48   clock reconvergence pessimism
                         -0.10    0.39   library hold time
                                  0.39   data required time
-----------------------------------------------------------------------------
                                  0.39   data required time
                                 -2.36   data arrival time
-----------------------------------------------------------------------------
                                  1.97   slack (MET)


Startpoint: _331_ (rising edge-triggered flip-flop clocked by core_clock)
Endpoint: _331_ (rising edge-triggered flip-flop clocked by core_clock)
Path Group: core_clock
Path Type: min
Corner: Slowest

Fanout     Cap    Slew   Delay    Time   Description
-----------------------------------------------------------------------------
                          0.00    0.00   clock core_clock (rise edge)
                          0.00    0.00   clock source latency
     1    0.02    0.00    0.00    0.00 ^ clk (in)
                                         clk (net)
                  0.00    0.00    0.00 ^ clkbuf_0_clk/A (sky130_fd_sc_hd__clkbuf_16)
     4    0.04    0.10    0.22    0.22 ^ clkbuf_0_clk/X (sky130_fd_sc_hd__clkbuf_16)
                                         clknet_0_clk (net)
                  0.10    0.00    0.23 ^ clkbuf_2_0__f_clk/A (sky130_fd_sc_hd__clkbuf_16)
     7    0.03    0.08    0.25    0.47 ^ clkbuf_2_0__f_clk/X (sky130_fd_sc_hd__clkbuf_16)
                                         clknet_2_0__leaf_clk (net)
                  0.08    0.00    0.47 ^ _331_/CLK (sky130_fd_sc_hd__dfrtp_2)
     5    0.03    0.28    0.87    1.35 ^ _331_/Q (sky130_fd_sc_hd__dfrtp_2)
                                         counter.one_second_counter[8] (net)
                  0.28    0.00    1.35 ^ _209_/A (sky130_fd_sc_hd__or2_1)
     1    0.01    0.15    0.32    1.67 ^ _209_/X (sky130_fd_sc_hd__or2_1)
                                         _102_ (net)
                  0.15    0.00    1.67 ^ _211_/A (sky130_fd_sc_hd__and3_1)
     1    0.01    0.16    0.37    2.04 ^ _211_/X (sky130_fd_sc_hd__and3_1)
                                         _104_ (net)
                  0.16    0.00    2.04 ^ _212_/A (sky130_fd_sc_hd__clkbuf_1)
     1    0.01    0.23    0.31    2.35 ^ _212_/X (sky130_fd_sc_hd__clkbuf_1)
                                         _026_ (net)
                  0.23    0.00    2.35 ^ _331_/D (sky130_fd_sc_hd__dfrtp_2)
                                  2.35   data arrival time

                          0.00    0.00   clock core_clock (rise edge)
                          0.00    0.00   clock source latency
     1    0.02    0.00    0.00    0.00 ^ clk (in)
                                         clk (net)
                  0.00    0.00    0.00 ^ clkbuf_0_clk/A (sky130_fd_sc_hd__clkbuf_16)
     4    0.04    0.10    0.22    0.22 ^ clkbuf_0_clk/X (sky130_fd_sc_hd__clkbuf_16)
                                         clknet_0_clk (net)
                  0.10    0.00    0.23 ^ clkbuf_2_0__f_clk/A (sky130_fd_sc_hd__clkbuf_16)
     7    0.03    0.08    0.25    0.47 ^ clkbuf_2_0__f_clk/X (sky130_fd_sc_hd__clkbuf_16)
                                         clknet_2_0__leaf_clk (net)
                  0.08    0.00    0.47 ^ _331_/CLK (sky130_fd_sc_hd__dfrtp_2)
                          0.00    0.47   clock reconvergence pessimism
                         -0.11    0.36   library hold time
                                  0.36   data required time
-----------------------------------------------------------------------------
                                  0.36   data required time
                                 -2.35   data arrival time
-----------------------------------------------------------------------------
                                  1.99   slack (MET)


Startpoint: _332_ (rising edge-triggered flip-flop clocked by core_clock)
Endpoint: _332_ (rising edge-triggered flip-flop clocked by core_clock)
Path Group: core_clock
Path Type: min
Corner: Slowest

Fanout     Cap    Slew   Delay    Time   Description
-----------------------------------------------------------------------------
                          0.00    0.00   clock core_clock (rise edge)
                          0.00    0.00   clock source latency
     1    0.02    0.00    0.00    0.00 ^ clk (in)
                                         clk (net)
                  0.00    0.00    0.00 ^ clkbuf_0_clk/A (sky130_fd_sc_hd__clkbuf_16)
     4    0.04    0.10    0.22    0.22 ^ clkbuf_0_clk/X (sky130_fd_sc_hd__clkbuf_16)
                                         clknet_0_clk (net)
                  0.10    0.00    0.23 ^ clkbuf_2_3__f_clk/A (sky130_fd_sc_hd__clkbuf_16)
    10    0.04    0.09    0.26    0.48 ^ clkbuf_2_3__f_clk/X (sky130_fd_sc_hd__clkbuf_16)
                                         clknet_2_3__leaf_clk (net)
                  0.09    0.00    0.48 ^ _332_/CLK (sky130_fd_sc_hd__dfrtp_2)
     3    0.03    0.28    0.88    1.36 ^ _332_/Q (sky130_fd_sc_hd__dfrtp_2)
                                         counter.one_second_counter[9] (net)
                  0.28    0.00    1.36 ^ _213_/B1 (sky130_fd_sc_hd__a31o_1)
     1    0.00    0.10    0.27    1.63 ^ _213_/X (sky130_fd_sc_hd__a31o_1)
                                         _105_ (net)
                  0.10    0.00    1.63 ^ _216_/B (sky130_fd_sc_hd__and3_1)
     1    0.01    0.16    0.37    2.00 ^ _216_/X (sky130_fd_sc_hd__and3_1)
                                         _108_ (net)
                  0.16    0.00    2.00 ^ _217_/A (sky130_fd_sc_hd__buf_1)
     1    0.02    0.31    0.36    2.36 ^ _217_/X (sky130_fd_sc_hd__buf_1)
                                         _027_ (net)
                  0.31    0.00    2.36 ^ _332_/D (sky130_fd_sc_hd__dfrtp_2)
                                  2.36   data arrival time

                          0.00    0.00   clock core_clock (rise edge)
                          0.00    0.00   clock source latency
     1    0.02    0.00    0.00    0.00 ^ clk (in)
                                         clk (net)
                  0.00    0.00    0.00 ^ clkbuf_0_clk/A (sky130_fd_sc_hd__clkbuf_16)
     4    0.04    0.10    0.22    0.22 ^ clkbuf_0_clk/X (sky130_fd_sc_hd__clkbuf_16)
                                         clknet_0_clk (net)
                  0.10    0.00    0.23 ^ clkbuf_2_3__f_clk/A (sky130_fd_sc_hd__clkbuf_16)
    10    0.04    0.09    0.26    0.48 ^ clkbuf_2_3__f_clk/X (sky130_fd_sc_hd__clkbuf_16)
                                         clknet_2_3__leaf_clk (net)
                  0.09    0.00    0.48 ^ _332_/CLK (sky130_fd_sc_hd__dfrtp_2)
                          0.00    0.48   clock reconvergence pessimism
                         -0.13    0.36   library hold time
                                  0.36   data required time
-----------------------------------------------------------------------------
                                  0.36   data required time
                                 -2.36   data arrival time
-----------------------------------------------------------------------------
                                  2.00   slack (MET)


Startpoint: _329_ (rising edge-triggered flip-flop clocked by core_clock)
Endpoint: _329_ (rising edge-triggered flip-flop clocked by core_clock)
Path Group: core_clock
Path Type: min
Corner: Slowest

Fanout     Cap    Slew   Delay    Time   Description
-----------------------------------------------------------------------------
                          0.00    0.00   clock core_clock (rise edge)
                          0.00    0.00   clock source latency
     1    0.02    0.00    0.00    0.00 ^ clk (in)
                                         clk (net)
                  0.00    0.00    0.00 ^ clkbuf_0_clk/A (sky130_fd_sc_hd__clkbuf_16)
     4    0.04    0.10    0.22    0.22 ^ clkbuf_0_clk/X (sky130_fd_sc_hd__clkbuf_16)
                                         clknet_0_clk (net)
                  0.10    0.00    0.23 ^ clkbuf_2_3__f_clk/A (sky130_fd_sc_hd__clkbuf_16)
    10    0.04    0.09    0.26    0.48 ^ clkbuf_2_3__f_clk/X (sky130_fd_sc_hd__clkbuf_16)
                                         clknet_2_3__leaf_clk (net)
                  0.09    0.00    0.48 ^ _329_/CLK (sky130_fd_sc_hd__dfrtp_2)
     3    0.04    0.31    0.91    1.39 ^ _329_/Q (sky130_fd_sc_hd__dfrtp_2)
                                         counter.one_second_counter[6] (net)
                  0.31    0.00    1.39 ^ _203_/A (sky130_fd_sc_hd__or2_1)
     1    0.01    0.17    0.34    1.73 ^ _203_/X (sky130_fd_sc_hd__or2_1)
                                         _098_ (net)
                  0.17    0.00    1.74 ^ _205_/B (sky130_fd_sc_hd__and3_1)
     1    0.01    0.16    0.39    2.13 ^ _205_/X (sky130_fd_sc_hd__and3_1)
                                         _100_ (net)
                  0.16    0.00    2.13 ^ _206_/A (sky130_fd_sc_hd__clkbuf_1)
     1    0.01    0.19    0.27    2.40 ^ _206_/X (sky130_fd_sc_hd__clkbuf_1)
                                         _024_ (net)
                  0.19    0.00    2.40 ^ _329_/D (sky130_fd_sc_hd__dfrtp_2)
                                  2.40   data arrival time

                          0.00    0.00   clock core_clock (rise edge)
                          0.00    0.00   clock source latency
     1    0.02    0.00    0.00    0.00 ^ clk (in)
                                         clk (net)
                  0.00    0.00    0.00 ^ clkbuf_0_clk/A (sky130_fd_sc_hd__clkbuf_16)
     4    0.04    0.10    0.22    0.22 ^ clkbuf_0_clk/X (sky130_fd_sc_hd__clkbuf_16)
                                         clknet_0_clk (net)
                  0.10    0.00    0.23 ^ clkbuf_2_3__f_clk/A (sky130_fd_sc_hd__clkbuf_16)
    10    0.04    0.09    0.26    0.48 ^ clkbuf_2_3__f_clk/X (sky130_fd_sc_hd__clkbuf_16)
                                         clknet_2_3__leaf_clk (net)
                  0.09    0.00    0.48 ^ _329_/CLK (sky130_fd_sc_hd__dfrtp_2)
                          0.00    0.48   clock reconvergence pessimism
                         -0.10    0.38   library hold time
                                  0.38   data required time
-----------------------------------------------------------------------------
                                  0.38   data required time
                                 -2.40   data arrival time
-----------------------------------------------------------------------------
                                  2.02   slack (MET)


Startpoint: _343_ (rising edge-triggered flip-flop clocked by core_clock)
Endpoint: _343_ (rising edge-triggered flip-flop clocked by core_clock)
Path Group: core_clock
Path Type: min
Corner: Slowest

Fanout     Cap    Slew   Delay    Time   Description
-----------------------------------------------------------------------------
                          0.00    0.00   clock core_clock (rise edge)
                          0.00    0.00   clock source latency
     1    0.02    0.00    0.00    0.00 ^ clk (in)
                                         clk (net)
                  0.00    0.00    0.00 ^ clkbuf_0_clk/A (sky130_fd_sc_hd__clkbuf_16)
     4    0.04    0.10    0.22    0.22 ^ clkbuf_0_clk/X (sky130_fd_sc_hd__clkbuf_16)
                                         clknet_0_clk (net)
                  0.10    0.00    0.23 ^ clkbuf_2_0__f_clk/A (sky130_fd_sc_hd__clkbuf_16)
     7    0.03    0.08    0.25    0.47 ^ clkbuf_2_0__f_clk/X (sky130_fd_sc_hd__clkbuf_16)
                                         clknet_2_0__leaf_clk (net)
                  0.08    0.00    0.47 ^ _343_/CLK (sky130_fd_sc_hd__dfrtp_2)
     4    0.03    0.28    0.88    1.35 ^ _343_/Q (sky130_fd_sc_hd__dfrtp_2)
                                         counter.one_second_counter[20] (net)
                  0.28    0.00    1.35 ^ _257_/A (sky130_fd_sc_hd__or2_1)
     1    0.01    0.19    0.35    1.70 ^ _257_/X (sky130_fd_sc_hd__or2_1)
                                         _138_ (net)
                  0.19    0.00    1.70 ^ _259_/B (sky130_fd_sc_hd__and3_1)
     1    0.02    0.26    0.49    2.19 ^ _259_/X (sky130_fd_sc_hd__and3_1)
                                         _140_ (net)
                  0.26    0.00    2.19 ^ _260_/A (sky130_fd_sc_hd__clkbuf_1)
     1    0.00    0.11    0.25    2.44 ^ _260_/X (sky130_fd_sc_hd__clkbuf_1)
                                         _013_ (net)
                  0.11    0.00    2.44 ^ _343_/D (sky130_fd_sc_hd__dfrtp_2)
                                  2.44   data arrival time

                          0.00    0.00   clock core_clock (rise edge)
                          0.00    0.00   clock source latency
     1    0.02    0.00    0.00    0.00 ^ clk (in)
                                         clk (net)
                  0.00    0.00    0.00 ^ clkbuf_0_clk/A (sky130_fd_sc_hd__clkbuf_16)
     4    0.04    0.10    0.22    0.22 ^ clkbuf_0_clk/X (sky130_fd_sc_hd__clkbuf_16)
                                         clknet_0_clk (net)
                  0.10    0.00    0.23 ^ clkbuf_2_0__f_clk/A (sky130_fd_sc_hd__clkbuf_16)
     7    0.03    0.08    0.25    0.47 ^ clkbuf_2_0__f_clk/X (sky130_fd_sc_hd__clkbuf_16)
                                         clknet_2_0__leaf_clk (net)
                  0.08    0.00    0.47 ^ _343_/CLK (sky130_fd_sc_hd__dfrtp_2)
                          0.00    0.47   clock reconvergence pessimism
                         -0.09    0.39   library hold time
                                  0.39   data required time
-----------------------------------------------------------------------------
                                  0.39   data required time
                                 -2.44   data arrival time
-----------------------------------------------------------------------------
                                  2.05   slack (MET)


Startpoint: _326_ (rising edge-triggered flip-flop clocked by core_clock)
Endpoint: _326_ (rising edge-triggered flip-flop clocked by core_clock)
Path Group: core_clock
Path Type: min
Corner: Slowest

Fanout     Cap    Slew   Delay    Time   Description
-----------------------------------------------------------------------------
                          0.00    0.00   clock core_clock (rise edge)
                          0.00    0.00   clock source latency
     1    0.02    0.00    0.00    0.00 ^ clk (in)
                                         clk (net)
                  0.00    0.00    0.00 ^ clkbuf_0_clk/A (sky130_fd_sc_hd__clkbuf_16)
     4    0.04    0.10    0.22    0.22 ^ clkbuf_0_clk/X (sky130_fd_sc_hd__clkbuf_16)
                                         clknet_0_clk (net)
                  0.10    0.00    0.23 ^ clkbuf_2_2__f_clk/A (sky130_fd_sc_hd__clkbuf_16)
    10    0.04    0.10    0.26    0.49 ^ clkbuf_2_2__f_clk/X (sky130_fd_sc_hd__clkbuf_16)
                                         clknet_2_2__leaf_clk (net)
                  0.10    0.00    0.49 ^ _326_/CLK (sky130_fd_sc_hd__dfrtp_1)
     2    0.02    0.30    0.83    1.32 ^ _326_/Q (sky130_fd_sc_hd__dfrtp_1)
                                         counter.one_second_counter[3] (net)
                  0.30    0.00    1.32 ^ _192_/B1 (sky130_fd_sc_hd__a31o_1)
     1    0.01    0.15    0.32    1.64 ^ _192_/X (sky130_fd_sc_hd__a31o_1)
                                         _090_ (net)
                  0.15    0.00    1.64 ^ _193_/C (sky130_fd_sc_hd__and3b_1)
     1    0.01    0.20    0.44    2.08 ^ _193_/X (sky130_fd_sc_hd__and3b_1)
                                         _091_ (net)
                  0.20    0.00    2.08 ^ _194_/A (sky130_fd_sc_hd__buf_1)
     1    0.01    0.28    0.35    2.43 ^ _194_/X (sky130_fd_sc_hd__buf_1)
                                         _021_ (net)
                  0.28    0.00    2.43 ^ _326_/D (sky130_fd_sc_hd__dfrtp_1)
                                  2.43   data arrival time

                          0.00    0.00   clock core_clock (rise edge)
                          0.00    0.00   clock source latency
     1    0.02    0.00    0.00    0.00 ^ clk (in)
                                         clk (net)
                  0.00    0.00    0.00 ^ clkbuf_0_clk/A (sky130_fd_sc_hd__clkbuf_16)
     4    0.04    0.10    0.22    0.22 ^ clkbuf_0_clk/X (sky130_fd_sc_hd__clkbuf_16)
                                         clknet_0_clk (net)
                  0.10    0.00    0.23 ^ clkbuf_2_2__f_clk/A (sky130_fd_sc_hd__clkbuf_16)
    10    0.04    0.10    0.26    0.49 ^ clkbuf_2_2__f_clk/X (sky130_fd_sc_hd__clkbuf_16)
                                         clknet_2_2__leaf_clk (net)
                  0.10    0.00    0.49 ^ _326_/CLK (sky130_fd_sc_hd__dfrtp_1)
                          0.00    0.49   clock reconvergence pessimism
                         -0.12    0.37   library hold time
                                  0.37   data required time
-----------------------------------------------------------------------------
                                  0.37   data required time
                                 -2.43   data arrival time
-----------------------------------------------------------------------------
                                  2.06   slack (MET)


Startpoint: _328_ (rising edge-triggered flip-flop clocked by core_clock)
Endpoint: _328_ (rising edge-triggered flip-flop clocked by core_clock)
Path Group: core_clock
Path Type: min
Corner: Slowest

Fanout     Cap    Slew   Delay    Time   Description
-----------------------------------------------------------------------------
                          0.00    0.00   clock core_clock (rise edge)
                          0.00    0.00   clock source latency
     1    0.02    0.00    0.00    0.00 ^ clk (in)
                                         clk (net)
                  0.00    0.00    0.00 ^ clkbuf_0_clk/A (sky130_fd_sc_hd__clkbuf_16)
     4    0.04    0.10    0.22    0.22 ^ clkbuf_0_clk/X (sky130_fd_sc_hd__clkbuf_16)
                                         clknet_0_clk (net)
                  0.10    0.00    0.23 ^ clkbuf_2_2__f_clk/A (sky130_fd_sc_hd__clkbuf_16)
    10    0.04    0.10    0.26    0.49 ^ clkbuf_2_2__f_clk/X (sky130_fd_sc_hd__clkbuf_16)
                                         clknet_2_2__leaf_clk (net)
                  0.10    0.00    0.49 ^ _328_/CLK (sky130_fd_sc_hd__dfrtp_1)
     3    0.02    0.32    0.85    1.34 ^ _328_/Q (sky130_fd_sc_hd__dfrtp_1)
                                         counter.one_second_counter[5] (net)
                  0.32    0.00    1.34 ^ _201_/A (sky130_fd_sc_hd__and3_1)
     3    0.04    0.56    0.74    2.08 ^ _201_/X (sky130_fd_sc_hd__and3_1)
                                         _097_ (net)
                  0.56    0.00    2.09 ^ _202_/C (sky130_fd_sc_hd__nor3_1)
     1    0.02    0.16    0.36    2.45 v _202_/Y (sky130_fd_sc_hd__nor3_1)
                                         _023_ (net)
                  0.16    0.00    2.45 v _328_/D (sky130_fd_sc_hd__dfrtp_1)
                                  2.45   data arrival time

                          0.00    0.00   clock core_clock (rise edge)
                          0.00    0.00   clock source latency
     1    0.02    0.00    0.00    0.00 ^ clk (in)
                                         clk (net)
                  0.00    0.00    0.00 ^ clkbuf_0_clk/A (sky130_fd_sc_hd__clkbuf_16)
     4    0.04    0.10    0.22    0.22 ^ clkbuf_0_clk/X (sky130_fd_sc_hd__clkbuf_16)
                                         clknet_0_clk (net)
                  0.10    0.00    0.23 ^ clkbuf_2_2__f_clk/A (sky130_fd_sc_hd__clkbuf_16)
    10    0.04    0.10    0.26    0.49 ^ clkbuf_2_2__f_clk/X (sky130_fd_sc_hd__clkbuf_16)
                                         clknet_2_2__leaf_clk (net)
                  0.10    0.00    0.49 ^ _328_/CLK (sky130_fd_sc_hd__dfrtp_1)
                          0.00    0.49   clock reconvergence pessimism
                         -0.13    0.37   library hold time
                                  0.37   data required time
-----------------------------------------------------------------------------
                                  0.37   data required time
                                 -2.45   data arrival time
-----------------------------------------------------------------------------
                                  2.09   slack (MET)


Startpoint: _336_ (rising edge-triggered flip-flop clocked by core_clock)
Endpoint: _336_ (rising edge-triggered flip-flop clocked by core_clock)
Path Group: core_clock
Path Type: min
Corner: Slowest

Fanout     Cap    Slew   Delay    Time   Description
-----------------------------------------------------------------------------
                          0.00    0.00   clock core_clock (rise edge)
                          0.00    0.00   clock source latency
     1    0.02    0.00    0.00    0.00 ^ clk (in)
                                         clk (net)
                  0.00    0.00    0.00 ^ clkbuf_0_clk/A (sky130_fd_sc_hd__clkbuf_16)
     4    0.04    0.10    0.22    0.22 ^ clkbuf_0_clk/X (sky130_fd_sc_hd__clkbuf_16)
                                         clknet_0_clk (net)
                  0.10    0.00    0.23 ^ clkbuf_2_3__f_clk/A (sky130_fd_sc_hd__clkbuf_16)
    10    0.04    0.09    0.26    0.48 ^ clkbuf_2_3__f_clk/X (sky130_fd_sc_hd__clkbuf_16)
                                         clknet_2_3__leaf_clk (net)
                  0.09    0.00    0.48 ^ _336_/CLK (sky130_fd_sc_hd__dfrtp_4)
     6    0.04    0.25    0.97    1.45 ^ _336_/Q (sky130_fd_sc_hd__dfrtp_4)
                                         counter.one_second_counter[13] (net)
                  0.25    0.00    1.45 ^ _231_/A (sky130_fd_sc_hd__nand2_1)
     1    0.01    0.14    0.22    1.67 v _231_/Y (sky130_fd_sc_hd__nand2_1)
                                         _119_ (net)
                  0.14    0.00    1.67 v _232_/C (sky130_fd_sc_hd__and3_1)
     1    0.02    0.18    0.51    2.19 v _232_/X (sky130_fd_sc_hd__and3_1)
                                         _120_ (net)
                  0.18    0.00    2.19 v _233_/A (sky130_fd_sc_hd__clkbuf_1)
     1    0.01    0.13    0.28    2.47 v _233_/X (sky130_fd_sc_hd__clkbuf_1)
                                         _005_ (net)
                  0.13    0.00    2.47 v _336_/D (sky130_fd_sc_hd__dfrtp_4)
                                  2.47   data arrival time

                          0.00    0.00   clock core_clock (rise edge)
                          0.00    0.00   clock source latency
     1    0.02    0.00    0.00    0.00 ^ clk (in)
                                         clk (net)
                  0.00    0.00    0.00 ^ clkbuf_0_clk/A (sky130_fd_sc_hd__clkbuf_16)
     4    0.04    0.10    0.22    0.22 ^ clkbuf_0_clk/X (sky130_fd_sc_hd__clkbuf_16)
                                         clknet_0_clk (net)
                  0.10    0.00    0.23 ^ clkbuf_2_3__f_clk/A (sky130_fd_sc_hd__clkbuf_16)
    10    0.04    0.09    0.26    0.48 ^ clkbuf_2_3__f_clk/X (sky130_fd_sc_hd__clkbuf_16)
                                         clknet_2_3__leaf_clk (net)
                  0.09    0.00    0.48 ^ _336_/CLK (sky130_fd_sc_hd__dfrtp_4)
                          0.00    0.48   clock reconvergence pessimism
                         -0.11    0.37   library hold time
                                  0.37   data required time
-----------------------------------------------------------------------------
                                  0.37   data required time
                                 -2.47   data arrival time
-----------------------------------------------------------------------------
                                  2.09   slack (MET)


Startpoint: _349_ (rising edge-triggered flip-flop clocked by core_clock)
Endpoint: _347_ (rising edge-triggered flip-flop clocked by core_clock)
Path Group: core_clock
Path Type: min
Corner: Slowest

Fanout     Cap    Slew   Delay    Time   Description
-----------------------------------------------------------------------------
                          0.00    0.00   clock core_clock (rise edge)
                          0.00    0.00   clock source latency
     1    0.02    0.00    0.00    0.00 ^ clk (in)
                                         clk (net)
                  0.00    0.00    0.00 ^ clkbuf_0_clk/A (sky130_fd_sc_hd__clkbuf_16)
     4    0.04    0.10    0.22    0.22 ^ clkbuf_0_clk/X (sky130_fd_sc_hd__clkbuf_16)
                                         clknet_0_clk (net)
                  0.10    0.00    0.23 ^ clkbuf_2_2__f_clk/A (sky130_fd_sc_hd__clkbuf_16)
    10    0.04    0.10    0.26    0.49 ^ clkbuf_2_2__f_clk/X (sky130_fd_sc_hd__clkbuf_16)
                                         clknet_2_2__leaf_clk (net)
                  0.10    0.00    0.49 ^ _349_/CLK (sky130_fd_sc_hd__dfrtp_1)
     2    0.03    0.38    0.89    1.38 ^ _349_/Q (sky130_fd_sc_hd__dfrtp_1)
                                         counter.one_second_counter[26] (net)
                  0.38    0.00    1.38 ^ _181_/B1_N (sky130_fd_sc_hd__a21bo_4)
    10    0.06    0.17    0.65    2.03 v _181_/X (sky130_fd_sc_hd__a21bo_4)
                                         _083_ (net)
                  0.17    0.01    2.04 v _182_/A (sky130_fd_sc_hd__clkinv_4)
    10    0.07    0.23    0.26    2.29 ^ _182_/Y (sky130_fd_sc_hd__clkinv_4)
                                         _000_ (net)
                  0.23    0.00    2.30 ^ _272_/A (sky130_fd_sc_hd__nor2_1)
     1    0.01    0.13    0.22    2.51 v _272_/Y (sky130_fd_sc_hd__nor2_1)
                                         _017_ (net)
                  0.13    0.00    2.51 v _347_/D (sky130_fd_sc_hd__dfrtp_4)
                                  2.51   data arrival time

                          0.00    0.00   clock core_clock (rise edge)
                          0.00    0.00   clock source latency
     1    0.02    0.00    0.00    0.00 ^ clk (in)
                                         clk (net)
                  0.00    0.00    0.00 ^ clkbuf_0_clk/A (sky130_fd_sc_hd__clkbuf_16)
     4    0.04    0.10    0.22    0.22 ^ clkbuf_0_clk/X (sky130_fd_sc_hd__clkbuf_16)
                                         clknet_0_clk (net)
                  0.10    0.00    0.23 ^ clkbuf_2_2__f_clk/A (sky130_fd_sc_hd__clkbuf_16)
    10    0.04    0.10    0.26    0.49 ^ clkbuf_2_2__f_clk/X (sky130_fd_sc_hd__clkbuf_16)
                                         clknet_2_2__leaf_clk (net)
                  0.10    0.00    0.49 ^ _347_/CLK (sky130_fd_sc_hd__dfrtp_4)
                          0.00    0.49   clock reconvergence pessimism
                         -0.11    0.38   library hold time
                                  0.38   data required time
-----------------------------------------------------------------------------
                                  0.38   data required time
                                 -2.51   data arrival time
-----------------------------------------------------------------------------
                                  2.13   slack (MET)


Startpoint: _334_ (rising edge-triggered flip-flop clocked by core_clock)
Endpoint: _334_ (rising edge-triggered flip-flop clocked by core_clock)
Path Group: core_clock
Path Type: min
Corner: Slowest

Fanout     Cap    Slew   Delay    Time   Description
-----------------------------------------------------------------------------
                          0.00    0.00   clock core_clock (rise edge)
                          0.00    0.00   clock source latency
     1    0.02    0.00    0.00    0.00 ^ clk (in)
                                         clk (net)
                  0.00    0.00    0.00 ^ clkbuf_0_clk/A (sky130_fd_sc_hd__clkbuf_16)
     4    0.04    0.10    0.22    0.22 ^ clkbuf_0_clk/X (sky130_fd_sc_hd__clkbuf_16)
                                         clknet_0_clk (net)
                  0.10    0.00    0.23 ^ clkbuf_2_3__f_clk/A (sky130_fd_sc_hd__clkbuf_16)
    10    0.04    0.09    0.26    0.48 ^ clkbuf_2_3__f_clk/X (sky130_fd_sc_hd__clkbuf_16)
                                         clknet_2_3__leaf_clk (net)
                  0.09    0.00    0.48 ^ _334_/CLK (sky130_fd_sc_hd__dfrtp_2)
     4    0.03    0.27    0.87    1.35 ^ _334_/Q (sky130_fd_sc_hd__dfrtp_2)
                                         counter.one_second_counter[11] (net)
                  0.27    0.00    1.35 ^ _222_/B1 (sky130_fd_sc_hd__a21o_1)
     1    0.01    0.10    0.25    1.60 ^ _222_/X (sky130_fd_sc_hd__a21o_1)
                                         _112_ (net)
                  0.10    0.00    1.60 ^ _225_/B (sky130_fd_sc_hd__and3_1)
     1    0.01    0.24    0.44    2.04 ^ _225_/X (sky130_fd_sc_hd__and3_1)
                                         _115_ (net)
                  0.24    0.00    2.04 ^ _226_/A (sky130_fd_sc_hd__buf_1)
     1    0.02    0.38    0.44    2.48 ^ _226_/X (sky130_fd_sc_hd__buf_1)
                                         _003_ (net)
                  0.38    0.00    2.48 ^ _334_/D (sky130_fd_sc_hd__dfrtp_2)
                                  2.48   data arrival time

                          0.00    0.00   clock core_clock (rise edge)
                          0.00    0.00   clock source latency
     1    0.02    0.00    0.00    0.00 ^ clk (in)
                                         clk (net)
                  0.00    0.00    0.00 ^ clkbuf_0_clk/A (sky130_fd_sc_hd__clkbuf_16)
     4    0.04    0.10    0.22    0.22 ^ clkbuf_0_clk/X (sky130_fd_sc_hd__clkbuf_16)
                                         clknet_0_clk (net)
                  0.10    0.00    0.23 ^ clkbuf_2_3__f_clk/A (sky130_fd_sc_hd__clkbuf_16)
    10    0.04    0.09    0.26    0.48 ^ clkbuf_2_3__f_clk/X (sky130_fd_sc_hd__clkbuf_16)
                                         clknet_2_3__leaf_clk (net)
                  0.09    0.00    0.48 ^ _334_/CLK (sky130_fd_sc_hd__dfrtp_2)
                          0.00    0.48   clock reconvergence pessimism
                         -0.14    0.34   library hold time
                                  0.34   data required time
-----------------------------------------------------------------------------
                                  0.34   data required time
                                 -2.48   data arrival time
-----------------------------------------------------------------------------
                                  2.14   slack (MET)


Startpoint: _333_ (rising edge-triggered flip-flop clocked by core_clock)
Endpoint: _333_ (rising edge-triggered flip-flop clocked by core_clock)
Path Group: core_clock
Path Type: min
Corner: Slowest

Fanout     Cap    Slew   Delay    Time   Description
-----------------------------------------------------------------------------
                          0.00    0.00   clock core_clock (rise edge)
                          0.00    0.00   clock source latency
     1    0.02    0.00    0.00    0.00 ^ clk (in)
                                         clk (net)
                  0.00    0.00    0.00 ^ clkbuf_0_clk/A (sky130_fd_sc_hd__clkbuf_16)
     4    0.04    0.10    0.22    0.22 ^ clkbuf_0_clk/X (sky130_fd_sc_hd__clkbuf_16)
                                         clknet_0_clk (net)
                  0.10    0.00    0.23 ^ clkbuf_2_1__f_clk/A (sky130_fd_sc_hd__clkbuf_16)
     8    0.03    0.08    0.25    0.47 ^ clkbuf_2_1__f_clk/X (sky130_fd_sc_hd__clkbuf_16)
                                         clknet_2_1__leaf_clk (net)
                  0.08    0.00    0.48 ^ _333_/CLK (sky130_fd_sc_hd__dfrtp_4)
     6    0.04    0.23    0.95    1.43 ^ _333_/Q (sky130_fd_sc_hd__dfrtp_4)
                                         counter.one_second_counter[10] (net)
                  0.23    0.00    1.43 ^ _219_/A (sky130_fd_sc_hd__nand2_1)
     1    0.02    0.28    0.33    1.76 v _219_/Y (sky130_fd_sc_hd__nand2_1)
                                         _110_ (net)
                  0.28    0.00    1.76 v _220_/C (sky130_fd_sc_hd__and3_1)
     1    0.02    0.18    0.59    2.35 v _220_/X (sky130_fd_sc_hd__and3_1)
                                         _111_ (net)
                  0.18    0.00    2.35 v _221_/A (sky130_fd_sc_hd__buf_1)
     1    0.01    0.15    0.30    2.65 v _221_/X (sky130_fd_sc_hd__buf_1)
                                         _002_ (net)
                  0.15    0.00    2.65 v _333_/D (sky130_fd_sc_hd__dfrtp_4)
                                  2.65   data arrival time

                          0.00    0.00   clock core_clock (rise edge)
                          0.00    0.00   clock source latency
     1    0.02    0.00    0.00    0.00 ^ clk (in)
                                         clk (net)
                  0.00    0.00    0.00 ^ clkbuf_0_clk/A (sky130_fd_sc_hd__clkbuf_16)
     4    0.04    0.10    0.22    0.22 ^ clkbuf_0_clk/X (sky130_fd_sc_hd__clkbuf_16)
                                         clknet_0_clk (net)
                  0.10    0.00    0.23 ^ clkbuf_2_1__f_clk/A (sky130_fd_sc_hd__clkbuf_16)
     8    0.03    0.08    0.25    0.47 ^ clkbuf_2_1__f_clk/X (sky130_fd_sc_hd__clkbuf_16)
                                         clknet_2_1__leaf_clk (net)
                  0.08    0.00    0.48 ^ _333_/CLK (sky130_fd_sc_hd__dfrtp_4)
                          0.00    0.48   clock reconvergence pessimism
                         -0.12    0.36   library hold time
                                  0.36   data required time
-----------------------------------------------------------------------------
                                  0.36   data required time
                                 -2.65   data arrival time
-----------------------------------------------------------------------------
                                  2.29   slack (MET)


Startpoint: _337_ (rising edge-triggered flip-flop clocked by core_clock)
Endpoint: _337_ (rising edge-triggered flip-flop clocked by core_clock)
Path Group: core_clock
Path Type: min
Corner: Slowest

Fanout     Cap    Slew   Delay    Time   Description
-----------------------------------------------------------------------------
                          0.00    0.00   clock core_clock (rise edge)
                          0.00    0.00   clock source latency
     1    0.02    0.00    0.00    0.00 ^ clk (in)
                                         clk (net)
                  0.00    0.00    0.00 ^ clkbuf_0_clk/A (sky130_fd_sc_hd__clkbuf_16)
     4    0.04    0.10    0.22    0.22 ^ clkbuf_0_clk/X (sky130_fd_sc_hd__clkbuf_16)
                                         clknet_0_clk (net)
                  0.10    0.00    0.23 ^ clkbuf_2_2__f_clk/A (sky130_fd_sc_hd__clkbuf_16)
    10    0.04    0.10    0.26    0.49 ^ clkbuf_2_2__f_clk/X (sky130_fd_sc_hd__clkbuf_16)
                                         clknet_2_2__leaf_clk (net)
                  0.10    0.00    0.49 ^ _337_/CLK (sky130_fd_sc_hd__dfrtp_2)
     4    0.04    0.32    0.92    1.41 ^ _337_/Q (sky130_fd_sc_hd__dfrtp_2)
                                         counter.one_second_counter[14] (net)
                  0.32    0.00    1.41 ^ _234_/B1 (sky130_fd_sc_hd__a31o_1)
     1    0.01    0.17    0.34    1.75 ^ _234_/X (sky130_fd_sc_hd__a31o_1)
                                         _121_ (net)
                  0.17    0.00    1.75 ^ _236_/B (sky130_fd_sc_hd__and3_1)
     1    0.01    0.20    0.43    2.18 ^ _236_/X (sky130_fd_sc_hd__and3_1)
                                         _123_ (net)
                  0.20    0.00    2.18 ^ _237_/A (sky130_fd_sc_hd__buf_1)
     1    0.02    0.42    0.46    2.64 ^ _237_/X (sky130_fd_sc_hd__buf_1)
                                         _006_ (net)
                  0.42    0.00    2.64 ^ _337_/D (sky130_fd_sc_hd__dfrtp_2)
                                  2.64   data arrival time

                          0.00    0.00   clock core_clock (rise edge)
                          0.00    0.00   clock source latency
     1    0.02    0.00    0.00    0.00 ^ clk (in)
                                         clk (net)
                  0.00    0.00    0.00 ^ clkbuf_0_clk/A (sky130_fd_sc_hd__clkbuf_16)
     4    0.04    0.10    0.22    0.22 ^ clkbuf_0_clk/X (sky130_fd_sc_hd__clkbuf_16)
                                         clknet_0_clk (net)
                  0.10    0.00    0.23 ^ clkbuf_2_2__f_clk/A (sky130_fd_sc_hd__clkbuf_16)
    10    0.04    0.10    0.26    0.49 ^ clkbuf_2_2__f_clk/X (sky130_fd_sc_hd__clkbuf_16)
                                         clknet_2_2__leaf_clk (net)
                  0.10    0.00    0.49 ^ _337_/CLK (sky130_fd_sc_hd__dfrtp_2)
                          0.00    0.49   clock reconvergence pessimism
                         -0.15    0.34   library hold time
                                  0.34   data required time
-----------------------------------------------------------------------------
                                  0.34   data required time
                                 -2.64   data arrival time
-----------------------------------------------------------------------------
                                  2.30   slack (MET)


Startpoint: _348_ (rising edge-triggered flip-flop clocked by core_clock)
Endpoint: _348_ (rising edge-triggered flip-flop clocked by core_clock)
Path Group: core_clock
Path Type: min
Corner: Slowest

Fanout     Cap    Slew   Delay    Time   Description
-----------------------------------------------------------------------------
                          0.00    0.00   clock core_clock (rise edge)
                          0.00    0.00   clock source latency
     1    0.02    0.00    0.00    0.00 ^ clk (in)
                                         clk (net)
                  0.00    0.00    0.00 ^ clkbuf_0_clk/A (sky130_fd_sc_hd__clkbuf_16)
     4    0.04    0.10    0.22    0.22 ^ clkbuf_0_clk/X (sky130_fd_sc_hd__clkbuf_16)
                                         clknet_0_clk (net)
                  0.10    0.00    0.23 ^ clkbuf_2_0__f_clk/A (sky130_fd_sc_hd__clkbuf_16)
     7    0.03    0.08    0.25    0.47 ^ clkbuf_2_0__f_clk/X (sky130_fd_sc_hd__clkbuf_16)
                                         clknet_2_0__leaf_clk (net)
                  0.08    0.00    0.47 ^ _348_/CLK (sky130_fd_sc_hd__dfrtp_2)
     3    0.03    0.27    0.87    1.34 ^ _348_/Q (sky130_fd_sc_hd__dfrtp_2)
                                         counter.one_second_counter[25] (net)
                  0.27    0.00    1.34 ^ _273_/B1 (sky130_fd_sc_hd__a31o_1)
     1    0.01    0.24    0.37    1.71 ^ _273_/X (sky130_fd_sc_hd__a31o_1)
                                         _149_ (net)
                  0.24    0.00    1.72 ^ _275_/B (sky130_fd_sc_hd__and3_1)
     1    0.02    0.31    0.54    2.25 ^ _275_/X (sky130_fd_sc_hd__and3_1)
                                         _151_ (net)
                  0.31    0.00    2.25 ^ _276_/A (sky130_fd_sc_hd__buf_1)
     1    0.02    0.30    0.40    2.65 ^ _276_/X (sky130_fd_sc_hd__buf_1)
                                         _018_ (net)
                  0.30    0.00    2.65 ^ _348_/D (sky130_fd_sc_hd__dfrtp_2)
                                  2.65   data arrival time

                          0.00    0.00   clock core_clock (rise edge)
                          0.00    0.00   clock source latency
     1    0.02    0.00    0.00    0.00 ^ clk (in)
                                         clk (net)
                  0.00    0.00    0.00 ^ clkbuf_0_clk/A (sky130_fd_sc_hd__clkbuf_16)
     4    0.04    0.10    0.22    0.22 ^ clkbuf_0_clk/X (sky130_fd_sc_hd__clkbuf_16)
                                         clknet_0_clk (net)
                  0.10    0.00    0.23 ^ clkbuf_2_0__f_clk/A (sky130_fd_sc_hd__clkbuf_16)
     7    0.03    0.08    0.25    0.47 ^ clkbuf_2_0__f_clk/X (sky130_fd_sc_hd__clkbuf_16)
                                         clknet_2_0__leaf_clk (net)
                  0.08    0.00    0.47 ^ _348_/CLK (sky130_fd_sc_hd__dfrtp_2)
                          0.00    0.47   clock reconvergence pessimism
                         -0.13    0.35   library hold time
                                  0.35   data required time
-----------------------------------------------------------------------------
                                  0.35   data required time
                                 -2.65   data arrival time
-----------------------------------------------------------------------------
                                  2.31   slack (MET)



worst slack corner Slowest: 1.2469
======================= Typical Corner ===================================

Startpoint: _353_ (rising edge-triggered flip-flop clocked by core_clock)
Endpoint: _353_ (rising edge-triggered flip-flop clocked by core_clock)
Path Group: core_clock
Path Type: min
Corner: Typical

Fanout     Cap    Slew   Delay    Time   Description
-----------------------------------------------------------------------------
                          0.00    0.00   clock core_clock (rise edge)
                          0.00    0.00   clock source latency
     1    0.02    0.00    0.00    0.00 ^ clk (in)
                                         clk (net)
                  0.00    0.00    0.00 ^ clkbuf_0_clk/A (sky130_fd_sc_hd__clkbuf_16)
     4    0.04    0.06    0.13    0.13 ^ clkbuf_0_clk/X (sky130_fd_sc_hd__clkbuf_16)
                                         clknet_0_clk (net)
                  0.06    0.00    0.13 ^ clkbuf_2_3__f_clk/A (sky130_fd_sc_hd__clkbuf_16)
    10    0.04    0.06    0.15    0.28 ^ clkbuf_2_3__f_clk/X (sky130_fd_sc_hd__clkbuf_16)
                                         clknet_2_3__leaf_clk (net)
                  0.06    0.00    0.28 ^ _353_/CLK (sky130_fd_sc_hd__dfrtp_4)
     4    0.03    0.12    0.46    0.74 ^ _353_/Q (sky130_fd_sc_hd__dfrtp_4)
                                         counter.count[3] (net)
                  0.12    0.00    0.74 ^ _160_/A (sky130_fd_sc_hd__xor2_1)
     1    0.01    0.06    0.11    0.85 v _160_/X (sky130_fd_sc_hd__xor2_1)
                                         _063_ (net)
                  0.06    0.00    0.85 v _353_/D (sky130_fd_sc_hd__dfrtp_4)
                                  0.85   data arrival time

                          0.00    0.00   clock core_clock (rise edge)
                          0.00    0.00   clock source latency
     1    0.02    0.00    0.00    0.00 ^ clk (in)
                                         clk (net)
                  0.00    0.00    0.00 ^ clkbuf_0_clk/A (sky130_fd_sc_hd__clkbuf_16)
     4    0.04    0.06    0.13    0.13 ^ clkbuf_0_clk/X (sky130_fd_sc_hd__clkbuf_16)
                                         clknet_0_clk (net)
                  0.06    0.00    0.13 ^ clkbuf_2_3__f_clk/A (sky130_fd_sc_hd__clkbuf_16)
    10    0.04    0.06    0.15    0.28 ^ clkbuf_2_3__f_clk/X (sky130_fd_sc_hd__clkbuf_16)
                                         clknet_2_3__leaf_clk (net)
                  0.06    0.00    0.28 ^ _353_/CLK (sky130_fd_sc_hd__dfrtp_4)
                          0.00    0.28   clock reconvergence pessimism
                         -0.04    0.23   library hold time
                                  0.23   data required time
-----------------------------------------------------------------------------
                                  0.23   data required time
                                 -0.85   data arrival time
-----------------------------------------------------------------------------
                                  0.61   slack (MET)


Startpoint: _322_ (rising edge-triggered flip-flop clocked by core_clock)
Endpoint: _352_ (rising edge-triggered flip-flop clocked by core_clock)
Path Group: core_clock
Path Type: min
Corner: Typical

Fanout     Cap    Slew   Delay    Time   Description
-----------------------------------------------------------------------------
                          0.00    0.00   clock core_clock (rise edge)
                          0.00    0.00   clock source latency
     1    0.02    0.00    0.00    0.00 ^ clk (in)
                                         clk (net)
                  0.00    0.00    0.00 ^ clkbuf_0_clk/A (sky130_fd_sc_hd__clkbuf_16)
     4    0.04    0.06    0.13    0.13 ^ clkbuf_0_clk/X (sky130_fd_sc_hd__clkbuf_16)
                                         clknet_0_clk (net)
                  0.06    0.00    0.13 ^ clkbuf_2_0__f_clk/A (sky130_fd_sc_hd__clkbuf_16)
     7    0.03    0.05    0.14    0.27 ^ clkbuf_2_0__f_clk/X (sky130_fd_sc_hd__clkbuf_16)
                                         clknet_2_0__leaf_clk (net)
                  0.05    0.00    0.27 ^ _322_/CLK (sky130_fd_sc_hd__dfrtp_4)
     5    0.04    0.15    0.49    0.76 ^ _322_/Q (sky130_fd_sc_hd__dfrtp_4)
                                         counter.one_second_enable (net)
                  0.15    0.00    0.76 ^ _164_/A1 (sky130_fd_sc_hd__a211oi_1)
     1    0.00    0.05    0.09    0.85 v _164_/Y (sky130_fd_sc_hd__a211oi_1)
                                         _062_ (net)
                  0.05    0.00    0.85 v _352_/D (sky130_fd_sc_hd__dfrtp_4)
                                  0.85   data arrival time

                          0.00    0.00   clock core_clock (rise edge)
                          0.00    0.00   clock source latency
     1    0.02    0.00    0.00    0.00 ^ clk (in)
                                         clk (net)
                  0.00    0.00    0.00 ^ clkbuf_0_clk/A (sky130_fd_sc_hd__clkbuf_16)
     4    0.04    0.06    0.13    0.13 ^ clkbuf_0_clk/X (sky130_fd_sc_hd__clkbuf_16)
                                         clknet_0_clk (net)
                  0.06    0.00    0.13 ^ clkbuf_2_3__f_clk/A (sky130_fd_sc_hd__clkbuf_16)
    10    0.04    0.06    0.15    0.28 ^ clkbuf_2_3__f_clk/X (sky130_fd_sc_hd__clkbuf_16)
                                         clknet_2_3__leaf_clk (net)
                  0.06    0.00    0.28 ^ _352_/CLK (sky130_fd_sc_hd__dfrtp_4)
                          0.00    0.28   clock reconvergence pessimism
                         -0.04    0.24   library hold time
                                  0.24   data required time
-----------------------------------------------------------------------------
                                  0.24   data required time
                                 -0.85   data arrival time
-----------------------------------------------------------------------------
                                  0.62   slack (MET)


Startpoint: _323_ (rising edge-triggered flip-flop clocked by core_clock)
Endpoint: _323_ (rising edge-triggered flip-flop clocked by core_clock)
Path Group: core_clock
Path Type: min
Corner: Typical

Fanout     Cap    Slew   Delay    Time   Description
-----------------------------------------------------------------------------
                          0.00    0.00   clock core_clock (rise edge)
                          0.00    0.00   clock source latency
     1    0.02    0.00    0.00    0.00 ^ clk (in)
                                         clk (net)
                  0.00    0.00    0.00 ^ clkbuf_0_clk/A (sky130_fd_sc_hd__clkbuf_16)
     4    0.04    0.06    0.13    0.13 ^ clkbuf_0_clk/X (sky130_fd_sc_hd__clkbuf_16)
                                         clknet_0_clk (net)
                  0.06    0.00    0.13 ^ clkbuf_2_3__f_clk/A (sky130_fd_sc_hd__clkbuf_16)
    10    0.04    0.06    0.15    0.28 ^ clkbuf_2_3__f_clk/X (sky130_fd_sc_hd__clkbuf_16)
                                         clknet_2_3__leaf_clk (net)
                  0.06    0.00    0.28 ^ _323_/CLK (sky130_fd_sc_hd__dfrtp_4)
     7    0.05    0.16    0.50    0.78 ^ _323_/Q (sky130_fd_sc_hd__dfrtp_4)
                                         counter.one_second_counter[0] (net)
                  0.16    0.00    0.78 ^ _183_/A (sky130_fd_sc_hd__nor2_1)
     1    0.01    0.08    0.11    0.89 v _183_/Y (sky130_fd_sc_hd__nor2_1)
                                         _001_ (net)
                  0.08    0.00    0.90 v _323_/D (sky130_fd_sc_hd__dfrtp_4)
                                  0.90   data arrival time

                          0.00    0.00   clock core_clock (rise edge)
                          0.00    0.00   clock source latency
     1    0.02    0.00    0.00    0.00 ^ clk (in)
                                         clk (net)
                  0.00    0.00    0.00 ^ clkbuf_0_clk/A (sky130_fd_sc_hd__clkbuf_16)
     4    0.04    0.06    0.13    0.13 ^ clkbuf_0_clk/X (sky130_fd_sc_hd__clkbuf_16)
                                         clknet_0_clk (net)
                  0.06    0.00    0.13 ^ clkbuf_2_3__f_clk/A (sky130_fd_sc_hd__clkbuf_16)
    10    0.04    0.06    0.15    0.28 ^ clkbuf_2_3__f_clk/X (sky130_fd_sc_hd__clkbuf_16)
                                         clknet_2_3__leaf_clk (net)
                  0.06    0.00    0.28 ^ _323_/CLK (sky130_fd_sc_hd__dfrtp_4)
                          0.00    0.28   clock reconvergence pessimism
                         -0.05    0.22   library hold time
                                  0.22   data required time
-----------------------------------------------------------------------------
                                  0.22   data required time
                                 -0.90   data arrival time
-----------------------------------------------------------------------------
                                  0.67   slack (MET)


Startpoint: _348_ (rising edge-triggered flip-flop clocked by core_clock)
Endpoint: _349_ (rising edge-triggered flip-flop clocked by core_clock)
Path Group: core_clock
Path Type: min
Corner: Typical

Fanout     Cap    Slew   Delay    Time   Description
-----------------------------------------------------------------------------
                          0.00    0.00   clock core_clock (rise edge)
                          0.00    0.00   clock source latency
     1    0.02    0.00    0.00    0.00 ^ clk (in)
                                         clk (net)
                  0.00    0.00    0.00 ^ clkbuf_0_clk/A (sky130_fd_sc_hd__clkbuf_16)
     4    0.04    0.06    0.13    0.13 ^ clkbuf_0_clk/X (sky130_fd_sc_hd__clkbuf_16)
                                         clknet_0_clk (net)
                  0.06    0.00    0.13 ^ clkbuf_2_0__f_clk/A (sky130_fd_sc_hd__clkbuf_16)
     7    0.03    0.05    0.14    0.27 ^ clkbuf_2_0__f_clk/X (sky130_fd_sc_hd__clkbuf_16)
                                         clknet_2_0__leaf_clk (net)
                  0.05    0.00    0.27 ^ _348_/CLK (sky130_fd_sc_hd__dfrtp_2)
     3    0.03    0.17    0.44    0.72 ^ _348_/Q (sky130_fd_sc_hd__dfrtp_2)
                                         counter.one_second_counter[25] (net)
                  0.17    0.00    0.72 ^ _278_/A2 (sky130_fd_sc_hd__o211a_1)
     1    0.01    0.09    0.20    0.92 ^ _278_/X (sky130_fd_sc_hd__o211a_1)
                                         _019_ (net)
                  0.09    0.00    0.92 ^ _349_/D (sky130_fd_sc_hd__dfrtp_1)
                                  0.92   data arrival time

                          0.00    0.00   clock core_clock (rise edge)
                          0.00    0.00   clock source latency
     1    0.02    0.00    0.00    0.00 ^ clk (in)
                                         clk (net)
                  0.00    0.00    0.00 ^ clkbuf_0_clk/A (sky130_fd_sc_hd__clkbuf_16)
     4    0.04    0.06    0.13    0.13 ^ clkbuf_0_clk/X (sky130_fd_sc_hd__clkbuf_16)
                                         clknet_0_clk (net)
                  0.06    0.00    0.13 ^ clkbuf_2_2__f_clk/A (sky130_fd_sc_hd__clkbuf_16)
    10    0.04    0.06    0.15    0.28 ^ clkbuf_2_2__f_clk/X (sky130_fd_sc_hd__clkbuf_16)
                                         clknet_2_2__leaf_clk (net)
                  0.06    0.00    0.28 ^ _349_/CLK (sky130_fd_sc_hd__dfrtp_1)
                          0.00    0.28   clock reconvergence pessimism
                         -0.04    0.24   library hold time
                                  0.24   data required time
-----------------------------------------------------------------------------
                                  0.24   data required time
                                 -0.92   data arrival time
-----------------------------------------------------------------------------
                                  0.68   slack (MET)


Startpoint: _330_ (rising edge-triggered flip-flop clocked by core_clock)
Endpoint: _330_ (rising edge-triggered flip-flop clocked by core_clock)
Path Group: core_clock
Path Type: min
Corner: Typical

Fanout     Cap    Slew   Delay    Time   Description
-----------------------------------------------------------------------------
                          0.00    0.00   clock core_clock (rise edge)
                          0.00    0.00   clock source latency
     1    0.02    0.00    0.00    0.00 ^ clk (in)
                                         clk (net)
                  0.00    0.00    0.00 ^ clkbuf_0_clk/A (sky130_fd_sc_hd__clkbuf_16)
     4    0.04    0.06    0.13    0.13 ^ clkbuf_0_clk/X (sky130_fd_sc_hd__clkbuf_16)
                                         clknet_0_clk (net)
                  0.06    0.00    0.13 ^ clkbuf_2_1__f_clk/A (sky130_fd_sc_hd__clkbuf_16)
     8    0.03    0.05    0.14    0.27 ^ clkbuf_2_1__f_clk/X (sky130_fd_sc_hd__clkbuf_16)
                                         clknet_2_1__leaf_clk (net)
                  0.05    0.00    0.27 ^ _330_/CLK (sky130_fd_sc_hd__dfrtp_1)
     2    0.02    0.11    0.43    0.70 v _330_/Q (sky130_fd_sc_hd__dfrtp_1)
                                         counter.one_second_counter[7] (net)
                  0.11    0.00    0.70 v _207_/A (sky130_fd_sc_hd__inv_2)
     1    0.01    0.07    0.10    0.81 ^ _207_/Y (sky130_fd_sc_hd__inv_2)
                                         _101_ (net)
                  0.07    0.00    0.81 ^ _208_/A1 (sky130_fd_sc_hd__a211oi_1)
     1    0.01    0.08    0.11    0.92 v _208_/Y (sky130_fd_sc_hd__a211oi_1)
                                         _025_ (net)
                  0.08    0.00    0.92 v _330_/D (sky130_fd_sc_hd__dfrtp_1)
                                  0.92   data arrival time

                          0.00    0.00   clock core_clock (rise edge)
                          0.00    0.00   clock source latency
     1    0.02    0.00    0.00    0.00 ^ clk (in)
                                         clk (net)
                  0.00    0.00    0.00 ^ clkbuf_0_clk/A (sky130_fd_sc_hd__clkbuf_16)
     4    0.04    0.06    0.13    0.13 ^ clkbuf_0_clk/X (sky130_fd_sc_hd__clkbuf_16)
                                         clknet_0_clk (net)
                  0.06    0.00    0.13 ^ clkbuf_2_1__f_clk/A (sky130_fd_sc_hd__clkbuf_16)
     8    0.03    0.05    0.14    0.27 ^ clkbuf_2_1__f_clk/X (sky130_fd_sc_hd__clkbuf_16)
                                         clknet_2_1__leaf_clk (net)
                  0.05    0.00    0.27 ^ _330_/CLK (sky130_fd_sc_hd__dfrtp_1)
                          0.00    0.27   clock reconvergence pessimism
                         -0.06    0.22   library hold time
                                  0.22   data required time
-----------------------------------------------------------------------------
                                  0.22   data required time
                                 -0.92   data arrival time
-----------------------------------------------------------------------------
                                  0.70   slack (MET)


Startpoint: _344_ (rising edge-triggered flip-flop clocked by core_clock)
Endpoint: _344_ (rising edge-triggered flip-flop clocked by core_clock)
Path Group: core_clock
Path Type: min
Corner: Typical

Fanout     Cap    Slew   Delay    Time   Description
-----------------------------------------------------------------------------
                          0.00    0.00   clock core_clock (rise edge)
                          0.00    0.00   clock source latency
     1    0.02    0.00    0.00    0.00 ^ clk (in)
                                         clk (net)
                  0.00    0.00    0.00 ^ clkbuf_0_clk/A (sky130_fd_sc_hd__clkbuf_16)
     4    0.04    0.06    0.13    0.13 ^ clkbuf_0_clk/X (sky130_fd_sc_hd__clkbuf_16)
                                         clknet_0_clk (net)
                  0.06    0.00    0.13 ^ clkbuf_2_1__f_clk/A (sky130_fd_sc_hd__clkbuf_16)
     8    0.03    0.05    0.14    0.27 ^ clkbuf_2_1__f_clk/X (sky130_fd_sc_hd__clkbuf_16)
                                         clknet_2_1__leaf_clk (net)
                  0.05    0.00    0.27 ^ _344_/CLK (sky130_fd_sc_hd__dfrtp_2)
     3    0.03    0.11    0.46    0.74 v _344_/Q (sky130_fd_sc_hd__dfrtp_2)
                                         counter.one_second_counter[21] (net)
                  0.11    0.00    0.74 v _261_/A (sky130_fd_sc_hd__inv_2)
     1    0.02    0.08    0.11    0.85 ^ _261_/Y (sky130_fd_sc_hd__inv_2)
                                         _141_ (net)
                  0.08    0.00    0.85 ^ _263_/A1 (sky130_fd_sc_hd__a211oi_1)
     1    0.00    0.06    0.08    0.93 v _263_/Y (sky130_fd_sc_hd__a211oi_1)
                                         _014_ (net)
                  0.06    0.00    0.93 v _344_/D (sky130_fd_sc_hd__dfrtp_2)
                                  0.93   data arrival time

                          0.00    0.00   clock core_clock (rise edge)
                          0.00    0.00   clock source latency
     1    0.02    0.00    0.00    0.00 ^ clk (in)
                                         clk (net)
                  0.00    0.00    0.00 ^ clkbuf_0_clk/A (sky130_fd_sc_hd__clkbuf_16)
     4    0.04    0.06    0.13    0.13 ^ clkbuf_0_clk/X (sky130_fd_sc_hd__clkbuf_16)
                                         clknet_0_clk (net)
                  0.06    0.00    0.13 ^ clkbuf_2_1__f_clk/A (sky130_fd_sc_hd__clkbuf_16)
     8    0.03    0.05    0.14    0.27 ^ clkbuf_2_1__f_clk/X (sky130_fd_sc_hd__clkbuf_16)
                                         clknet_2_1__leaf_clk (net)
                  0.05    0.00    0.27 ^ _344_/CLK (sky130_fd_sc_hd__dfrtp_2)
                          0.00    0.27   clock reconvergence pessimism
                         -0.05    0.23   library hold time
                                  0.23   data required time
-----------------------------------------------------------------------------
                                  0.23   data required time
                                 -0.93   data arrival time
-----------------------------------------------------------------------------
                                  0.70   slack (MET)


Startpoint: _338_ (rising edge-triggered flip-flop clocked by core_clock)
Endpoint: _338_ (rising edge-triggered flip-flop clocked by core_clock)
Path Group: core_clock
Path Type: min
Corner: Typical

Fanout     Cap    Slew   Delay    Time   Description
-----------------------------------------------------------------------------
                          0.00    0.00   clock core_clock (rise edge)
                          0.00    0.00   clock source latency
     1    0.02    0.00    0.00    0.00 ^ clk (in)
                                         clk (net)
                  0.00    0.00    0.00 ^ clkbuf_0_clk/A (sky130_fd_sc_hd__clkbuf_16)
     4    0.04    0.06    0.13    0.13 ^ clkbuf_0_clk/X (sky130_fd_sc_hd__clkbuf_16)
                                         clknet_0_clk (net)
                  0.06    0.00    0.13 ^ clkbuf_2_2__f_clk/A (sky130_fd_sc_hd__clkbuf_16)
    10    0.04    0.06    0.15    0.28 ^ clkbuf_2_2__f_clk/X (sky130_fd_sc_hd__clkbuf_16)
                                         clknet_2_2__leaf_clk (net)
                  0.06    0.00    0.28 ^ _338_/CLK (sky130_fd_sc_hd__dfrtp_1)
     3    0.02    0.13    0.45    0.73 v _338_/Q (sky130_fd_sc_hd__dfrtp_1)
                                         counter.one_second_counter[15] (net)
                  0.13    0.00    0.73 v _238_/A (sky130_fd_sc_hd__inv_2)
     1    0.01    0.06    0.10    0.83 ^ _238_/Y (sky130_fd_sc_hd__inv_2)
                                         _124_ (net)
                  0.06    0.00    0.83 ^ _241_/A1 (sky130_fd_sc_hd__a211oi_1)
     1    0.02    0.10    0.14    0.97 v _241_/Y (sky130_fd_sc_hd__a211oi_1)
                                         _007_ (net)
                  0.10    0.00    0.97 v _338_/D (sky130_fd_sc_hd__dfrtp_1)
                                  0.97   data arrival time

                          0.00    0.00   clock core_clock (rise edge)
                          0.00    0.00   clock source latency
     1    0.02    0.00    0.00    0.00 ^ clk (in)
                                         clk (net)
                  0.00    0.00    0.00 ^ clkbuf_0_clk/A (sky130_fd_sc_hd__clkbuf_16)
     4    0.04    0.06    0.13    0.13 ^ clkbuf_0_clk/X (sky130_fd_sc_hd__clkbuf_16)
                                         clknet_0_clk (net)
                  0.06    0.00    0.13 ^ clkbuf_2_2__f_clk/A (sky130_fd_sc_hd__clkbuf_16)
    10    0.04    0.06    0.15    0.28 ^ clkbuf_2_2__f_clk/X (sky130_fd_sc_hd__clkbuf_16)
                                         clknet_2_2__leaf_clk (net)
                  0.06    0.00    0.28 ^ _338_/CLK (sky130_fd_sc_hd__dfrtp_1)
                          0.00    0.28   clock reconvergence pessimism
                         -0.06    0.22   library hold time
                                  0.22   data required time
-----------------------------------------------------------------------------
                                  0.22   data required time
                                 -0.97   data arrival time
-----------------------------------------------------------------------------
                                  0.76   slack (MET)


Startpoint: _345_ (rising edge-triggered flip-flop clocked by core_clock)
Endpoint: _345_ (rising edge-triggered flip-flop clocked by core_clock)
Path Group: core_clock
Path Type: min
Corner: Typical

Fanout     Cap    Slew   Delay    Time   Description
-----------------------------------------------------------------------------
                          0.00    0.00   clock core_clock (rise edge)
                          0.00    0.00   clock source latency
     1    0.02    0.00    0.00    0.00 ^ clk (in)
                                         clk (net)
                  0.00    0.00    0.00 ^ clkbuf_0_clk/A (sky130_fd_sc_hd__clkbuf_16)
     4    0.04    0.06    0.13    0.13 ^ clkbuf_0_clk/X (sky130_fd_sc_hd__clkbuf_16)
                                         clknet_0_clk (net)
                  0.06    0.00    0.13 ^ clkbuf_2_1__f_clk/A (sky130_fd_sc_hd__clkbuf_16)
     8    0.03    0.05    0.14    0.27 ^ clkbuf_2_1__f_clk/X (sky130_fd_sc_hd__clkbuf_16)
                                         clknet_2_1__leaf_clk (net)
                  0.05    0.00    0.27 ^ _345_/CLK (sky130_fd_sc_hd__dfrtp_2)
     3    0.04    0.12    0.47    0.75 v _345_/Q (sky130_fd_sc_hd__dfrtp_2)
                                         counter.one_second_counter[22] (net)
                  0.12    0.00    0.75 v _264_/A (sky130_fd_sc_hd__nor2_1)
     1    0.00    0.09    0.14    0.89 ^ _264_/Y (sky130_fd_sc_hd__nor2_1)
                                         _143_ (net)
                  0.09    0.00    0.89 ^ _266_/B (sky130_fd_sc_hd__nor3_1)
     1    0.01    0.08    0.10    0.98 v _266_/Y (sky130_fd_sc_hd__nor3_1)
                                         _015_ (net)
                  0.08    0.00    0.99 v _345_/D (sky130_fd_sc_hd__dfrtp_2)
                                  0.99   data arrival time

                          0.00    0.00   clock core_clock (rise edge)
                          0.00    0.00   clock source latency
     1    0.02    0.00    0.00    0.00 ^ clk (in)
                                         clk (net)
                  0.00    0.00    0.00 ^ clkbuf_0_clk/A (sky130_fd_sc_hd__clkbuf_16)
     4    0.04    0.06    0.13    0.13 ^ clkbuf_0_clk/X (sky130_fd_sc_hd__clkbuf_16)
                                         clknet_0_clk (net)
                  0.06    0.00    0.13 ^ clkbuf_2_1__f_clk/A (sky130_fd_sc_hd__clkbuf_16)
     8    0.03    0.05    0.14    0.27 ^ clkbuf_2_1__f_clk/X (sky130_fd_sc_hd__clkbuf_16)
                                         clknet_2_1__leaf_clk (net)
                  0.05    0.00    0.27 ^ _345_/CLK (sky130_fd_sc_hd__dfrtp_2)
                          0.00    0.27   clock reconvergence pessimism
                         -0.05    0.22   library hold time
                                  0.22   data required time
-----------------------------------------------------------------------------
                                  0.22   data required time
                                 -0.99   data arrival time
-----------------------------------------------------------------------------
                                  0.77   slack (MET)


Startpoint: _351_ (rising edge-triggered flip-flop clocked by core_clock)
Endpoint: _351_ (rising edge-triggered flip-flop clocked by core_clock)
Path Group: core_clock
Path Type: min
Corner: Typical

Fanout     Cap    Slew   Delay    Time   Description
-----------------------------------------------------------------------------
                          0.00    0.00   clock core_clock (rise edge)
                          0.00    0.00   clock source latency
     1    0.02    0.00    0.00    0.00 ^ clk (in)
                                         clk (net)
                  0.00    0.00    0.00 ^ clkbuf_0_clk/A (sky130_fd_sc_hd__clkbuf_16)
     4    0.04    0.06    0.13    0.13 ^ clkbuf_0_clk/X (sky130_fd_sc_hd__clkbuf_16)
                                         clknet_0_clk (net)
                  0.06    0.00    0.13 ^ clkbuf_2_0__f_clk/A (sky130_fd_sc_hd__clkbuf_16)
     7    0.03    0.05    0.14    0.27 ^ clkbuf_2_0__f_clk/X (sky130_fd_sc_hd__clkbuf_16)
                                         clknet_2_0__leaf_clk (net)
                  0.05    0.00    0.27 ^ _351_/CLK (sky130_fd_sc_hd__dfrtp_4)
     5    0.04    0.13    0.47    0.75 ^ _351_/Q (sky130_fd_sc_hd__dfrtp_4)
                                         counter.count[1] (net)
                  0.13    0.00    0.75 ^ _165_/B1 (sky130_fd_sc_hd__a21oi_1)
     1    0.01    0.07    0.09    0.84 v _165_/Y (sky130_fd_sc_hd__a21oi_1)
                                         _069_ (net)
                  0.07    0.00    0.84 v _166_/B (sky130_fd_sc_hd__nor2_1)
     1    0.01    0.16    0.15    0.99 ^ _166_/Y (sky130_fd_sc_hd__nor2_1)
                                         _061_ (net)
                  0.16    0.00    0.99 ^ _351_/D (sky130_fd_sc_hd__dfrtp_4)
                                  0.99   data arrival time

                          0.00    0.00   clock core_clock (rise edge)
                          0.00    0.00   clock source latency
     1    0.02    0.00    0.00    0.00 ^ clk (in)
                                         clk (net)
                  0.00    0.00    0.00 ^ clkbuf_0_clk/A (sky130_fd_sc_hd__clkbuf_16)
     4    0.04    0.06    0.13    0.13 ^ clkbuf_0_clk/X (sky130_fd_sc_hd__clkbuf_16)
                                         clknet_0_clk (net)
                  0.06    0.00    0.13 ^ clkbuf_2_0__f_clk/A (sky130_fd_sc_hd__clkbuf_16)
     7    0.03    0.05    0.14    0.27 ^ clkbuf_2_0__f_clk/X (sky130_fd_sc_hd__clkbuf_16)
                                         clknet_2_0__leaf_clk (net)
                  0.05    0.00    0.27 ^ _351_/CLK (sky130_fd_sc_hd__dfrtp_4)
                          0.00    0.27   clock reconvergence pessimism
                         -0.06    0.21   library hold time
                                  0.21   data required time
-----------------------------------------------------------------------------
                                  0.21   data required time
                                 -0.99   data arrival time
-----------------------------------------------------------------------------
                                  0.78   slack (MET)


Startpoint: _346_ (rising edge-triggered flip-flop clocked by core_clock)
Endpoint: _346_ (rising edge-triggered flip-flop clocked by core_clock)
Path Group: core_clock
Path Type: min
Corner: Typical

Fanout     Cap    Slew   Delay    Time   Description
-----------------------------------------------------------------------------
                          0.00    0.00   clock core_clock (rise edge)
                          0.00    0.00   clock source latency
     1    0.02    0.00    0.00    0.00 ^ clk (in)
                                         clk (net)
                  0.00    0.00    0.00 ^ clkbuf_0_clk/A (sky130_fd_sc_hd__clkbuf_16)
     4    0.04    0.06    0.13    0.13 ^ clkbuf_0_clk/X (sky130_fd_sc_hd__clkbuf_16)
                                         clknet_0_clk (net)
                  0.06    0.00    0.13 ^ clkbuf_2_1__f_clk/A (sky130_fd_sc_hd__clkbuf_16)
     8    0.03    0.05    0.14    0.27 ^ clkbuf_2_1__f_clk/X (sky130_fd_sc_hd__clkbuf_16)
                                         clknet_2_1__leaf_clk (net)
                  0.05    0.00    0.27 ^ _346_/CLK (sky130_fd_sc_hd__dfrtp_1)
     2    0.02    0.21    0.44    0.72 ^ _346_/Q (sky130_fd_sc_hd__dfrtp_1)
                                         counter.one_second_counter[23] (net)
                  0.21    0.00    0.72 ^ _269_/A1 (sky130_fd_sc_hd__o211a_1)
     1    0.02    0.17    0.29    1.01 ^ _269_/X (sky130_fd_sc_hd__o211a_1)
                                         _016_ (net)
                  0.17    0.00    1.01 ^ _346_/D (sky130_fd_sc_hd__dfrtp_1)
                                  1.01   data arrival time

                          0.00    0.00   clock core_clock (rise edge)
                          0.00    0.00   clock source latency
     1    0.02    0.00    0.00    0.00 ^ clk (in)
                                         clk (net)
                  0.00    0.00    0.00 ^ clkbuf_0_clk/A (sky130_fd_sc_hd__clkbuf_16)
     4    0.04    0.06    0.13    0.13 ^ clkbuf_0_clk/X (sky130_fd_sc_hd__clkbuf_16)
                                         clknet_0_clk (net)
                  0.06    0.00    0.13 ^ clkbuf_2_1__f_clk/A (sky130_fd_sc_hd__clkbuf_16)
     8    0.03    0.05    0.14    0.27 ^ clkbuf_2_1__f_clk/X (sky130_fd_sc_hd__clkbuf_16)
                                         clknet_2_1__leaf_clk (net)
                  0.05    0.00    0.27 ^ _346_/CLK (sky130_fd_sc_hd__dfrtp_1)
                          0.00    0.27   clock reconvergence pessimism
                         -0.06    0.21   library hold time
                                  0.21   data required time
-----------------------------------------------------------------------------
                                  0.21   data required time
                                 -1.01   data arrival time
-----------------------------------------------------------------------------
                                  0.79   slack (MET)


Startpoint: _322_ (rising edge-triggered flip-flop clocked by core_clock)
Endpoint: _350_ (rising edge-triggered flip-flop clocked by core_clock)
Path Group: core_clock
Path Type: min
Corner: Typical

Fanout     Cap    Slew   Delay    Time   Description
-----------------------------------------------------------------------------
                          0.00    0.00   clock core_clock (rise edge)
                          0.00    0.00   clock source latency
     1    0.02    0.00    0.00    0.00 ^ clk (in)
                                         clk (net)
                  0.00    0.00    0.00 ^ clkbuf_0_clk/A (sky130_fd_sc_hd__clkbuf_16)
     4    0.04    0.06    0.13    0.13 ^ clkbuf_0_clk/X (sky130_fd_sc_hd__clkbuf_16)
                                         clknet_0_clk (net)
                  0.06    0.00    0.13 ^ clkbuf_2_0__f_clk/A (sky130_fd_sc_hd__clkbuf_16)
     7    0.03    0.05    0.14    0.27 ^ clkbuf_2_0__f_clk/X (sky130_fd_sc_hd__clkbuf_16)
                                         clknet_2_0__leaf_clk (net)
                  0.05    0.00    0.27 ^ _322_/CLK (sky130_fd_sc_hd__dfrtp_4)
     5    0.04    0.15    0.49    0.76 ^ _322_/Q (sky130_fd_sc_hd__dfrtp_4)
                                         counter.one_second_enable (net)
                  0.15    0.00    0.76 ^ _168_/A1 (sky130_fd_sc_hd__o21a_1)
     2    0.02    0.18    0.24    1.00 ^ _168_/X (sky130_fd_sc_hd__o21a_1)
                                         _060_ (net)
                  0.18    0.00    1.01 ^ _350_/D (sky130_fd_sc_hd__dfrtp_4)
                                  1.01   data arrival time

                          0.00    0.00   clock core_clock (rise edge)
                          0.00    0.00   clock source latency
     1    0.02    0.00    0.00    0.00 ^ clk (in)
                                         clk (net)
                  0.00    0.00    0.00 ^ clkbuf_0_clk/A (sky130_fd_sc_hd__clkbuf_16)
     4    0.04    0.06    0.13    0.13 ^ clkbuf_0_clk/X (sky130_fd_sc_hd__clkbuf_16)
                                         clknet_0_clk (net)
                  0.06    0.00    0.13 ^ clkbuf_2_1__f_clk/A (sky130_fd_sc_hd__clkbuf_16)
     8    0.03    0.05    0.14    0.27 ^ clkbuf_2_1__f_clk/X (sky130_fd_sc_hd__clkbuf_16)
                                         clknet_2_1__leaf_clk (net)
                  0.05    0.00    0.27 ^ _350_/CLK (sky130_fd_sc_hd__dfrtp_4)
                          0.00    0.27   clock reconvergence pessimism
                         -0.06    0.21   library hold time
                                  0.21   data required time
-----------------------------------------------------------------------------
                                  0.21   data required time
                                 -1.01   data arrival time
-----------------------------------------------------------------------------
                                  0.79   slack (MET)


Startpoint: _341_ (rising edge-triggered flip-flop clocked by core_clock)
Endpoint: _341_ (rising edge-triggered flip-flop clocked by core_clock)
Path Group: core_clock
Path Type: min
Corner: Typical

Fanout     Cap    Slew   Delay    Time   Description
-----------------------------------------------------------------------------
                          0.00    0.00   clock core_clock (rise edge)
                          0.00    0.00   clock source latency
     1    0.02    0.00    0.00    0.00 ^ clk (in)
                                         clk (net)
                  0.00    0.00    0.00 ^ clkbuf_0_clk/A (sky130_fd_sc_hd__clkbuf_16)
     4    0.04    0.06    0.13    0.13 ^ clkbuf_0_clk/X (sky130_fd_sc_hd__clkbuf_16)
                                         clknet_0_clk (net)
                  0.06    0.00    0.13 ^ clkbuf_2_3__f_clk/A (sky130_fd_sc_hd__clkbuf_16)
    10    0.04    0.06    0.15    0.28 ^ clkbuf_2_3__f_clk/X (sky130_fd_sc_hd__clkbuf_16)
                                         clknet_2_3__leaf_clk (net)
                  0.06    0.00    0.28 ^ _341_/CLK (sky130_fd_sc_hd__dfrtp_4)
     6    0.05    0.17    0.51    0.79 ^ _341_/Q (sky130_fd_sc_hd__dfrtp_4)
                                         counter.one_second_counter[18] (net)
                  0.17    0.00    0.79 ^ _250_/B2 (sky130_fd_sc_hd__o221a_1)
     1    0.01    0.10    0.24    1.03 ^ _250_/X (sky130_fd_sc_hd__o221a_1)
                                         _010_ (net)
                  0.10    0.00    1.03 ^ _341_/D (sky130_fd_sc_hd__dfrtp_4)
                                  1.03   data arrival time

                          0.00    0.00   clock core_clock (rise edge)
                          0.00    0.00   clock source latency
     1    0.02    0.00    0.00    0.00 ^ clk (in)
                                         clk (net)
                  0.00    0.00    0.00 ^ clkbuf_0_clk/A (sky130_fd_sc_hd__clkbuf_16)
     4    0.04    0.06    0.13    0.13 ^ clkbuf_0_clk/X (sky130_fd_sc_hd__clkbuf_16)
                                         clknet_0_clk (net)
                  0.06    0.00    0.13 ^ clkbuf_2_3__f_clk/A (sky130_fd_sc_hd__clkbuf_16)
    10    0.04    0.06    0.15    0.28 ^ clkbuf_2_3__f_clk/X (sky130_fd_sc_hd__clkbuf_16)
                                         clknet_2_3__leaf_clk (net)
                  0.06    0.00    0.28 ^ _341_/CLK (sky130_fd_sc_hd__dfrtp_4)
                          0.00    0.28   clock reconvergence pessimism
                         -0.05    0.23   library hold time
                                  0.23   data required time
-----------------------------------------------------------------------------
                                  0.23   data required time
                                 -1.03   data arrival time
-----------------------------------------------------------------------------
                                  0.80   slack (MET)


Startpoint: _335_ (rising edge-triggered flip-flop clocked by core_clock)
Endpoint: _335_ (rising edge-triggered flip-flop clocked by core_clock)
Path Group: core_clock
Path Type: min
Corner: Typical

Fanout     Cap    Slew   Delay    Time   Description
-----------------------------------------------------------------------------
                          0.00    0.00   clock core_clock (rise edge)
                          0.00    0.00   clock source latency
     1    0.02    0.00    0.00    0.00 ^ clk (in)
                                         clk (net)
                  0.00    0.00    0.00 ^ clkbuf_0_clk/A (sky130_fd_sc_hd__clkbuf_16)
     4    0.04    0.06    0.13    0.13 ^ clkbuf_0_clk/X (sky130_fd_sc_hd__clkbuf_16)
                                         clknet_0_clk (net)
                  0.06    0.00    0.13 ^ clkbuf_2_2__f_clk/A (sky130_fd_sc_hd__clkbuf_16)
    10    0.04    0.06    0.15    0.28 ^ clkbuf_2_2__f_clk/X (sky130_fd_sc_hd__clkbuf_16)
                                         clknet_2_2__leaf_clk (net)
                  0.06    0.00    0.28 ^ _335_/CLK (sky130_fd_sc_hd__dfrtp_1)
     4    0.02    0.13    0.45    0.73 v _335_/Q (sky130_fd_sc_hd__dfrtp_1)
                                         counter.one_second_counter[12] (net)
                  0.13    0.00    0.73 v _227_/A (sky130_fd_sc_hd__nor2_1)
     1    0.01    0.22    0.23    0.96 ^ _227_/Y (sky130_fd_sc_hd__nor2_1)
                                         _116_ (net)
                  0.22    0.00    0.96 ^ _229_/B (sky130_fd_sc_hd__nor3_1)
     1    0.01    0.06    0.10    1.06 v _229_/Y (sky130_fd_sc_hd__nor3_1)
                                         _004_ (net)
                  0.06    0.00    1.06 v _335_/D (sky130_fd_sc_hd__dfrtp_1)
                                  1.06   data arrival time

                          0.00    0.00   clock core_clock (rise edge)
                          0.00    0.00   clock source latency
     1    0.02    0.00    0.00    0.00 ^ clk (in)
                                         clk (net)
                  0.00    0.00    0.00 ^ clkbuf_0_clk/A (sky130_fd_sc_hd__clkbuf_16)
     4    0.04    0.06    0.13    0.13 ^ clkbuf_0_clk/X (sky130_fd_sc_hd__clkbuf_16)
                                         clknet_0_clk (net)
                  0.06    0.00    0.13 ^ clkbuf_2_2__f_clk/A (sky130_fd_sc_hd__clkbuf_16)
    10    0.04    0.06    0.15    0.28 ^ clkbuf_2_2__f_clk/X (sky130_fd_sc_hd__clkbuf_16)
                                         clknet_2_2__leaf_clk (net)
                  0.06    0.00    0.28 ^ _335_/CLK (sky130_fd_sc_hd__dfrtp_1)
                          0.00    0.28   clock reconvergence pessimism
                         -0.05    0.23   library hold time
                                  0.23   data required time
-----------------------------------------------------------------------------
                                  0.23   data required time
                                 -1.06   data arrival time
-----------------------------------------------------------------------------
                                  0.83   slack (MET)


Startpoint: _340_ (rising edge-triggered flip-flop clocked by core_clock)
Endpoint: _340_ (rising edge-triggered flip-flop clocked by core_clock)
Path Group: core_clock
Path Type: min
Corner: Typical

Fanout     Cap    Slew   Delay    Time   Description
-----------------------------------------------------------------------------
                          0.00    0.00   clock core_clock (rise edge)
                          0.00    0.00   clock source latency
     1    0.02    0.00    0.00    0.00 ^ clk (in)
                                         clk (net)
                  0.00    0.00    0.00 ^ clkbuf_0_clk/A (sky130_fd_sc_hd__clkbuf_16)
     4    0.04    0.06    0.13    0.13 ^ clkbuf_0_clk/X (sky130_fd_sc_hd__clkbuf_16)
                                         clknet_0_clk (net)
                  0.06    0.00    0.13 ^ clkbuf_2_3__f_clk/A (sky130_fd_sc_hd__clkbuf_16)
    10    0.04    0.06    0.15    0.28 ^ clkbuf_2_3__f_clk/X (sky130_fd_sc_hd__clkbuf_16)
                                         clknet_2_3__leaf_clk (net)
                  0.06    0.00    0.28 ^ _340_/CLK (sky130_fd_sc_hd__dfrtp_4)
     7    0.06    0.19    0.53    0.80 ^ _340_/Q (sky130_fd_sc_hd__dfrtp_4)
                                         counter.one_second_counter[17] (net)
                  0.19    0.00    0.81 ^ _246_/A (sky130_fd_sc_hd__xor2_1)
     1    0.01    0.14    0.19    1.00 ^ _246_/X (sky130_fd_sc_hd__xor2_1)
                                         _130_ (net)
                  0.14    0.00    1.00 ^ _247_/B (sky130_fd_sc_hd__nor2_1)
     1    0.01    0.07    0.10    1.10 v _247_/Y (sky130_fd_sc_hd__nor2_1)
                                         _009_ (net)
                  0.07    0.00    1.10 v _340_/D (sky130_fd_sc_hd__dfrtp_4)
                                  1.10   data arrival time

                          0.00    0.00   clock core_clock (rise edge)
                          0.00    0.00   clock source latency
     1    0.02    0.00    0.00    0.00 ^ clk (in)
                                         clk (net)
                  0.00    0.00    0.00 ^ clkbuf_0_clk/A (sky130_fd_sc_hd__clkbuf_16)
     4    0.04    0.06    0.13    0.13 ^ clkbuf_0_clk/X (sky130_fd_sc_hd__clkbuf_16)
                                         clknet_0_clk (net)
                  0.06    0.00    0.13 ^ clkbuf_2_3__f_clk/A (sky130_fd_sc_hd__clkbuf_16)
    10    0.04    0.06    0.15    0.28 ^ clkbuf_2_3__f_clk/X (sky130_fd_sc_hd__clkbuf_16)
                                         clknet_2_3__leaf_clk (net)
                  0.06    0.00    0.28 ^ _340_/CLK (sky130_fd_sc_hd__dfrtp_4)
                          0.00    0.28   clock reconvergence pessimism
                         -0.05    0.23   library hold time
                                  0.23   data required time
-----------------------------------------------------------------------------
                                  0.23   data required time
                                 -1.10   data arrival time
-----------------------------------------------------------------------------
                                  0.87   slack (MET)


Startpoint: _325_ (rising edge-triggered flip-flop clocked by core_clock)
Endpoint: _325_ (rising edge-triggered flip-flop clocked by core_clock)
Path Group: core_clock
Path Type: min
Corner: Typical

Fanout     Cap    Slew   Delay    Time   Description
-----------------------------------------------------------------------------
                          0.00    0.00   clock core_clock (rise edge)
                          0.00    0.00   clock source latency
     1    0.02    0.00    0.00    0.00 ^ clk (in)
                                         clk (net)
                  0.00    0.00    0.00 ^ clkbuf_0_clk/A (sky130_fd_sc_hd__clkbuf_16)
     4    0.04    0.06    0.13    0.13 ^ clkbuf_0_clk/X (sky130_fd_sc_hd__clkbuf_16)
                                         clknet_0_clk (net)
                  0.06    0.00    0.13 ^ clkbuf_2_2__f_clk/A (sky130_fd_sc_hd__clkbuf_16)
    10    0.04    0.06    0.15    0.28 ^ clkbuf_2_2__f_clk/X (sky130_fd_sc_hd__clkbuf_16)
                                         clknet_2_2__leaf_clk (net)
                  0.06    0.00    0.28 ^ _325_/CLK (sky130_fd_sc_hd__dfrtp_2)
     4    0.03    0.15    0.43    0.72 ^ _325_/Q (sky130_fd_sc_hd__dfrtp_2)
                                         counter.one_second_counter[2] (net)
                  0.15    0.00    0.72 ^ _188_/A (sky130_fd_sc_hd__nand3_1)
     1    0.00    0.07    0.10    0.82 v _188_/Y (sky130_fd_sc_hd__nand3_1)
                                         _087_ (net)
                  0.07    0.00    0.82 v _190_/A (sky130_fd_sc_hd__and3_1)
     1    0.01    0.08    0.19    1.01 v _190_/X (sky130_fd_sc_hd__and3_1)
                                         _089_ (net)
                  0.08    0.00    1.01 v _191_/A (sky130_fd_sc_hd__clkbuf_1)
     1    0.01    0.06    0.13    1.14 v _191_/X (sky130_fd_sc_hd__clkbuf_1)
                                         _020_ (net)
                  0.06    0.00    1.14 v _325_/D (sky130_fd_sc_hd__dfrtp_2)
                                  1.14   data arrival time

                          0.00    0.00   clock core_clock (rise edge)
                          0.00    0.00   clock source latency
     1    0.02    0.00    0.00    0.00 ^ clk (in)
                                         clk (net)
                  0.00    0.00    0.00 ^ clkbuf_0_clk/A (sky130_fd_sc_hd__clkbuf_16)
     4    0.04    0.06    0.13    0.13 ^ clkbuf_0_clk/X (sky130_fd_sc_hd__clkbuf_16)
                                         clknet_0_clk (net)
                  0.06    0.00    0.13 ^ clkbuf_2_2__f_clk/A (sky130_fd_sc_hd__clkbuf_16)
    10    0.04    0.06    0.15    0.28 ^ clkbuf_2_2__f_clk/X (sky130_fd_sc_hd__clkbuf_16)
                                         clknet_2_2__leaf_clk (net)
                  0.06    0.00    0.28 ^ _325_/CLK (sky130_fd_sc_hd__dfrtp_2)
                          0.00    0.28   clock reconvergence pessimism
                         -0.04    0.24   library hold time
                                  0.24   data required time
-----------------------------------------------------------------------------
                                  0.24   data required time
                                 -1.14   data arrival time
-----------------------------------------------------------------------------
                                  0.91   slack (MET)


Startpoint: _327_ (rising edge-triggered flip-flop clocked by core_clock)
Endpoint: _327_ (rising edge-triggered flip-flop clocked by core_clock)
Path Group: core_clock
Path Type: min
Corner: Typical

Fanout     Cap    Slew   Delay    Time   Description
-----------------------------------------------------------------------------
                          0.00    0.00   clock core_clock (rise edge)
                          0.00    0.00   clock source latency
     1    0.02    0.00    0.00    0.00 ^ clk (in)
                                         clk (net)
                  0.00    0.00    0.00 ^ clkbuf_0_clk/A (sky130_fd_sc_hd__clkbuf_16)
     4    0.04    0.06    0.13    0.13 ^ clkbuf_0_clk/X (sky130_fd_sc_hd__clkbuf_16)
                                         clknet_0_clk (net)
                  0.06    0.00    0.13 ^ clkbuf_2_2__f_clk/A (sky130_fd_sc_hd__clkbuf_16)
    10    0.04    0.06    0.15    0.28 ^ clkbuf_2_2__f_clk/X (sky130_fd_sc_hd__clkbuf_16)
                                         clknet_2_2__leaf_clk (net)
                  0.06    0.00    0.28 ^ _327_/CLK (sky130_fd_sc_hd__dfrtp_2)
     5    0.04    0.19    0.47    0.75 ^ _327_/Q (sky130_fd_sc_hd__dfrtp_2)
                                         counter.one_second_counter[4] (net)
                  0.19    0.00    0.75 ^ _196_/A (sky130_fd_sc_hd__nand2_1)
     1    0.01    0.07    0.10    0.85 v _196_/Y (sky130_fd_sc_hd__nand2_1)
                                         _093_ (net)
                  0.07    0.00    0.85 v _198_/B (sky130_fd_sc_hd__and3_1)
     1    0.01    0.07    0.20    1.05 v _198_/X (sky130_fd_sc_hd__and3_1)
                                         _095_ (net)
                  0.07    0.00    1.06 v _199_/A (sky130_fd_sc_hd__clkbuf_1)
     1    0.01    0.04    0.11    1.17 v _199_/X (sky130_fd_sc_hd__clkbuf_1)
                                         _022_ (net)
                  0.04    0.00    1.17 v _327_/D (sky130_fd_sc_hd__dfrtp_2)
                                  1.17   data arrival time

                          0.00    0.00   clock core_clock (rise edge)
                          0.00    0.00   clock source latency
     1    0.02    0.00    0.00    0.00 ^ clk (in)
                                         clk (net)
                  0.00    0.00    0.00 ^ clkbuf_0_clk/A (sky130_fd_sc_hd__clkbuf_16)
     4    0.04    0.06    0.13    0.13 ^ clkbuf_0_clk/X (sky130_fd_sc_hd__clkbuf_16)
                                         clknet_0_clk (net)
                  0.06    0.00    0.13 ^ clkbuf_2_2__f_clk/A (sky130_fd_sc_hd__clkbuf_16)
    10    0.04    0.06    0.15    0.28 ^ clkbuf_2_2__f_clk/X (sky130_fd_sc_hd__clkbuf_16)
                                         clknet_2_2__leaf_clk (net)
                  0.06    0.00    0.28 ^ _327_/CLK (sky130_fd_sc_hd__dfrtp_2)
                          0.00    0.28   clock reconvergence pessimism
                         -0.04    0.24   library hold time
                                  0.24   data required time
-----------------------------------------------------------------------------
                                  0.24   data required time
                                 -1.17   data arrival time
-----------------------------------------------------------------------------
                                  0.92   slack (MET)


Startpoint: _342_ (rising edge-triggered flip-flop clocked by core_clock)
Endpoint: _342_ (rising edge-triggered flip-flop clocked by core_clock)
Path Group: core_clock
Path Type: min
Corner: Typical

Fanout     Cap    Slew   Delay    Time   Description
-----------------------------------------------------------------------------
                          0.00    0.00   clock core_clock (rise edge)
                          0.00    0.00   clock source latency
     1    0.02    0.00    0.00    0.00 ^ clk (in)
                                         clk (net)
                  0.00    0.00    0.00 ^ clkbuf_0_clk/A (sky130_fd_sc_hd__clkbuf_16)
     4    0.04    0.06    0.13    0.13 ^ clkbuf_0_clk/X (sky130_fd_sc_hd__clkbuf_16)
                                         clknet_0_clk (net)
                  0.06    0.00    0.13 ^ clkbuf_2_0__f_clk/A (sky130_fd_sc_hd__clkbuf_16)
     7    0.03    0.05    0.14    0.27 ^ clkbuf_2_0__f_clk/X (sky130_fd_sc_hd__clkbuf_16)
                                         clknet_2_0__leaf_clk (net)
                  0.05    0.00    0.27 ^ _342_/CLK (sky130_fd_sc_hd__dfrtp_2)
     4    0.04    0.20    0.47    0.74 ^ _342_/Q (sky130_fd_sc_hd__dfrtp_2)
                                         counter.one_second_counter[19] (net)
                  0.20    0.00    0.74 ^ _251_/B1 (sky130_fd_sc_hd__a41o_1)
     1    0.01    0.07    0.14    0.89 ^ _251_/X (sky130_fd_sc_hd__a41o_1)
                                         _133_ (net)
                  0.07    0.00    0.89 ^ _255_/B (sky130_fd_sc_hd__and3_1)
     1    0.01    0.08    0.17    1.06 ^ _255_/X (sky130_fd_sc_hd__and3_1)
                                         _137_ (net)
                  0.08    0.00    1.06 ^ _256_/A (sky130_fd_sc_hd__clkbuf_1)
     1    0.01    0.07    0.11    1.17 ^ _256_/X (sky130_fd_sc_hd__clkbuf_1)
                                         _011_ (net)
                  0.07    0.00    1.17 ^ _342_/D (sky130_fd_sc_hd__dfrtp_2)
                                  1.17   data arrival time

                          0.00    0.00   clock core_clock (rise edge)
                          0.00    0.00   clock source latency
     1    0.02    0.00    0.00    0.00 ^ clk (in)
                                         clk (net)
                  0.00    0.00    0.00 ^ clkbuf_0_clk/A (sky130_fd_sc_hd__clkbuf_16)
     4    0.04    0.06    0.13    0.13 ^ clkbuf_0_clk/X (sky130_fd_sc_hd__clkbuf_16)
                                         clknet_0_clk (net)
                  0.06    0.00    0.13 ^ clkbuf_2_0__f_clk/A (sky130_fd_sc_hd__clkbuf_16)
     7    0.03    0.05    0.14    0.27 ^ clkbuf_2_0__f_clk/X (sky130_fd_sc_hd__clkbuf_16)
                                         clknet_2_0__leaf_clk (net)
                  0.05    0.00    0.27 ^ _342_/CLK (sky130_fd_sc_hd__dfrtp_2)
                          0.00    0.27   clock reconvergence pessimism
                         -0.04    0.23   library hold time
                                  0.23   data required time
-----------------------------------------------------------------------------
                                  0.23   data required time
                                 -1.17   data arrival time
-----------------------------------------------------------------------------
                                  0.94   slack (MET)


Startpoint: _324_ (rising edge-triggered flip-flop clocked by core_clock)
Endpoint: _324_ (rising edge-triggered flip-flop clocked by core_clock)
Path Group: core_clock
Path Type: min
Corner: Typical

Fanout     Cap    Slew   Delay    Time   Description
-----------------------------------------------------------------------------
                          0.00    0.00   clock core_clock (rise edge)
                          0.00    0.00   clock source latency
     1    0.02    0.00    0.00    0.00 ^ clk (in)
                                         clk (net)
                  0.00    0.00    0.00 ^ clkbuf_0_clk/A (sky130_fd_sc_hd__clkbuf_16)
     4    0.04    0.06    0.13    0.13 ^ clkbuf_0_clk/X (sky130_fd_sc_hd__clkbuf_16)
                                         clknet_0_clk (net)
                  0.06    0.00    0.13 ^ clkbuf_2_1__f_clk/A (sky130_fd_sc_hd__clkbuf_16)
     8    0.03    0.05    0.14    0.27 ^ clkbuf_2_1__f_clk/X (sky130_fd_sc_hd__clkbuf_16)
                                         clknet_2_1__leaf_clk (net)
                  0.05    0.00    0.27 ^ _324_/CLK (sky130_fd_sc_hd__dfrtp_4)
     6    0.04    0.15    0.49    0.76 ^ _324_/Q (sky130_fd_sc_hd__dfrtp_4)
                                         counter.one_second_counter[1] (net)
                  0.15    0.00    0.76 ^ _184_/A (sky130_fd_sc_hd__nand2_1)
     1    0.00    0.06    0.08    0.84 v _184_/Y (sky130_fd_sc_hd__nand2_1)
                                         _084_ (net)
                  0.06    0.00    0.84 v _186_/A (sky130_fd_sc_hd__and3_1)
     1    0.01    0.07    0.19    1.03 v _186_/X (sky130_fd_sc_hd__and3_1)
                                         _086_ (net)
                  0.07    0.00    1.03 v _187_/A (sky130_fd_sc_hd__clkbuf_1)
     1    0.01    0.07    0.14    1.17 v _187_/X (sky130_fd_sc_hd__clkbuf_1)
                                         _012_ (net)
                  0.07    0.00    1.17 v _324_/D (sky130_fd_sc_hd__dfrtp_4)
                                  1.17   data arrival time

                          0.00    0.00   clock core_clock (rise edge)
                          0.00    0.00   clock source latency
     1    0.02    0.00    0.00    0.00 ^ clk (in)
                                         clk (net)
                  0.00    0.00    0.00 ^ clkbuf_0_clk/A (sky130_fd_sc_hd__clkbuf_16)
     4    0.04    0.06    0.13    0.13 ^ clkbuf_0_clk/X (sky130_fd_sc_hd__clkbuf_16)
                                         clknet_0_clk (net)
                  0.06    0.00    0.13 ^ clkbuf_2_1__f_clk/A (sky130_fd_sc_hd__clkbuf_16)
     8    0.03    0.05    0.14    0.27 ^ clkbuf_2_1__f_clk/X (sky130_fd_sc_hd__clkbuf_16)
                                         clknet_2_1__leaf_clk (net)
                  0.05    0.00    0.27 ^ _324_/CLK (sky130_fd_sc_hd__dfrtp_4)
                          0.00    0.27   clock reconvergence pessimism
                         -0.05    0.22   library hold time
                                  0.22   data required time
-----------------------------------------------------------------------------
                                  0.22   data required time
                                 -1.17   data arrival time
-----------------------------------------------------------------------------
                                  0.95   slack (MET)


Startpoint: _339_ (rising edge-triggered flip-flop clocked by core_clock)
Endpoint: _339_ (rising edge-triggered flip-flop clocked by core_clock)
Path Group: core_clock
Path Type: min
Corner: Typical

Fanout     Cap    Slew   Delay    Time   Description
-----------------------------------------------------------------------------
                          0.00    0.00   clock core_clock (rise edge)
                          0.00    0.00   clock source latency
     1    0.02    0.00    0.00    0.00 ^ clk (in)
                                         clk (net)
                  0.00    0.00    0.00 ^ clkbuf_0_clk/A (sky130_fd_sc_hd__clkbuf_16)
     4    0.04    0.06    0.13    0.13 ^ clkbuf_0_clk/X (sky130_fd_sc_hd__clkbuf_16)
                                         clknet_0_clk (net)
                  0.06    0.00    0.13 ^ clkbuf_2_3__f_clk/A (sky130_fd_sc_hd__clkbuf_16)
    10    0.04    0.06    0.15    0.28 ^ clkbuf_2_3__f_clk/X (sky130_fd_sc_hd__clkbuf_16)
                                         clknet_2_3__leaf_clk (net)
                  0.06    0.00    0.28 ^ _339_/CLK (sky130_fd_sc_hd__dfrtp_4)
     6    0.05    0.16    0.50    0.78 ^ _339_/Q (sky130_fd_sc_hd__dfrtp_4)
                                         counter.one_second_counter[16] (net)
                  0.16    0.00    0.78 ^ _242_/A (sky130_fd_sc_hd__or2_1)
     1    0.00    0.05    0.13    0.91 ^ _242_/X (sky130_fd_sc_hd__or2_1)
                                         _127_ (net)
                  0.05    0.00    0.91 ^ _244_/B (sky130_fd_sc_hd__and3_1)
     1    0.01    0.10    0.19    1.10 ^ _244_/X (sky130_fd_sc_hd__and3_1)
                                         _129_ (net)
                  0.10    0.00    1.10 ^ _245_/A (sky130_fd_sc_hd__clkbuf_1)
     1    0.01    0.10    0.14    1.24 ^ _245_/X (sky130_fd_sc_hd__clkbuf_1)
                                         _008_ (net)
                  0.10    0.00    1.24 ^ _339_/D (sky130_fd_sc_hd__dfrtp_4)
                                  1.24   data arrival time

                          0.00    0.00   clock core_clock (rise edge)
                          0.00    0.00   clock source latency
     1    0.02    0.00    0.00    0.00 ^ clk (in)
                                         clk (net)
                  0.00    0.00    0.00 ^ clkbuf_0_clk/A (sky130_fd_sc_hd__clkbuf_16)
     4    0.04    0.06    0.13    0.13 ^ clkbuf_0_clk/X (sky130_fd_sc_hd__clkbuf_16)
                                         clknet_0_clk (net)
                  0.06    0.00    0.13 ^ clkbuf_2_3__f_clk/A (sky130_fd_sc_hd__clkbuf_16)
    10    0.04    0.06    0.15    0.28 ^ clkbuf_2_3__f_clk/X (sky130_fd_sc_hd__clkbuf_16)
                                         clknet_2_3__leaf_clk (net)
                  0.06    0.00    0.28 ^ _339_/CLK (sky130_fd_sc_hd__dfrtp_4)
                          0.00    0.28   clock reconvergence pessimism
                         -0.05    0.23   library hold time
                                  0.23   data required time
-----------------------------------------------------------------------------
                                  0.23   data required time
                                 -1.24   data arrival time
-----------------------------------------------------------------------------
                                  1.01   slack (MET)


Startpoint: _349_ (rising edge-triggered flip-flop clocked by core_clock)
Endpoint: _322_ (rising edge-triggered flip-flop clocked by core_clock)
Path Group: core_clock
Path Type: min
Corner: Typical

Fanout     Cap    Slew   Delay    Time   Description
-----------------------------------------------------------------------------
                          0.00    0.00   clock core_clock (rise edge)
                          0.00    0.00   clock source latency
     1    0.02    0.00    0.00    0.00 ^ clk (in)
                                         clk (net)
                  0.00    0.00    0.00 ^ clkbuf_0_clk/A (sky130_fd_sc_hd__clkbuf_16)
     4    0.04    0.06    0.13    0.13 ^ clkbuf_0_clk/X (sky130_fd_sc_hd__clkbuf_16)
                                         clknet_0_clk (net)
                  0.06    0.00    0.13 ^ clkbuf_2_2__f_clk/A (sky130_fd_sc_hd__clkbuf_16)
    10    0.04    0.06    0.15    0.28 ^ clkbuf_2_2__f_clk/X (sky130_fd_sc_hd__clkbuf_16)
                                         clknet_2_2__leaf_clk (net)
                  0.06    0.00    0.28 ^ _349_/CLK (sky130_fd_sc_hd__dfrtp_1)
     2    0.03    0.24    0.47    0.75 ^ _349_/Q (sky130_fd_sc_hd__dfrtp_1)
                                         counter.one_second_counter[26] (net)
                  0.24    0.00    0.75 ^ _181_/B1_N (sky130_fd_sc_hd__a21bo_4)
    10    0.06    0.10    0.33    1.08 v _181_/X (sky130_fd_sc_hd__a21bo_4)
                                         _083_ (net)
                  0.10    0.01    1.09 v _182_/A (sky130_fd_sc_hd__clkinv_4)
    10    0.07    0.15    0.15    1.24 ^ _182_/Y (sky130_fd_sc_hd__clkinv_4)
                                         _000_ (net)
                  0.15    0.00    1.25 ^ _322_/D (sky130_fd_sc_hd__dfrtp_4)
                                  1.25   data arrival time

                          0.00    0.00   clock core_clock (rise edge)
                          0.00    0.00   clock source latency
     1    0.02    0.00    0.00    0.00 ^ clk (in)
                                         clk (net)
                  0.00    0.00    0.00 ^ clkbuf_0_clk/A (sky130_fd_sc_hd__clkbuf_16)
     4    0.04    0.06    0.13    0.13 ^ clkbuf_0_clk/X (sky130_fd_sc_hd__clkbuf_16)
                                         clknet_0_clk (net)
                  0.06    0.00    0.13 ^ clkbuf_2_0__f_clk/A (sky130_fd_sc_hd__clkbuf_16)
     7    0.03    0.05    0.14    0.27 ^ clkbuf_2_0__f_clk/X (sky130_fd_sc_hd__clkbuf_16)
                                         clknet_2_0__leaf_clk (net)
                  0.05    0.00    0.27 ^ _322_/CLK (sky130_fd_sc_hd__dfrtp_4)
                          0.00    0.27   clock reconvergence pessimism
                         -0.06    0.22   library hold time
                                  0.22   data required time
-----------------------------------------------------------------------------
                                  0.22   data required time
                                 -1.25   data arrival time
-----------------------------------------------------------------------------
                                  1.03   slack (MET)


Startpoint: _336_ (rising edge-triggered flip-flop clocked by core_clock)
Endpoint: _336_ (rising edge-triggered flip-flop clocked by core_clock)
Path Group: core_clock
Path Type: min
Corner: Typical

Fanout     Cap    Slew   Delay    Time   Description
-----------------------------------------------------------------------------
                          0.00    0.00   clock core_clock (rise edge)
                          0.00    0.00   clock source latency
     1    0.02    0.00    0.00    0.00 ^ clk (in)
                                         clk (net)
                  0.00    0.00    0.00 ^ clkbuf_0_clk/A (sky130_fd_sc_hd__clkbuf_16)
     4    0.04    0.06    0.13    0.13 ^ clkbuf_0_clk/X (sky130_fd_sc_hd__clkbuf_16)
                                         clknet_0_clk (net)
                  0.06    0.00    0.13 ^ clkbuf_2_3__f_clk/A (sky130_fd_sc_hd__clkbuf_16)
    10    0.04    0.06    0.15    0.28 ^ clkbuf_2_3__f_clk/X (sky130_fd_sc_hd__clkbuf_16)
                                         clknet_2_3__leaf_clk (net)
                  0.06    0.00    0.28 ^ _336_/CLK (sky130_fd_sc_hd__dfrtp_4)
     6    0.04    0.15    0.49    0.77 ^ _336_/Q (sky130_fd_sc_hd__dfrtp_4)
                                         counter.one_second_counter[13] (net)
                  0.15    0.00    0.77 ^ _231_/A (sky130_fd_sc_hd__nand2_1)
     1    0.01    0.07    0.10    0.87 v _231_/Y (sky130_fd_sc_hd__nand2_1)
                                         _119_ (net)
                  0.07    0.00    0.87 v _232_/C (sky130_fd_sc_hd__and3_1)
     1    0.02    0.09    0.25    1.12 v _232_/X (sky130_fd_sc_hd__and3_1)
                                         _120_ (net)
                  0.09    0.00    1.12 v _233_/A (sky130_fd_sc_hd__clkbuf_1)
     1    0.01    0.07    0.14    1.26 v _233_/X (sky130_fd_sc_hd__clkbuf_1)
                                         _005_ (net)
                  0.07    0.00    1.26 v _336_/D (sky130_fd_sc_hd__dfrtp_4)
                                  1.26   data arrival time

                          0.00    0.00   clock core_clock (rise edge)
                          0.00    0.00   clock source latency
     1    0.02    0.00    0.00    0.00 ^ clk (in)
                                         clk (net)
                  0.00    0.00    0.00 ^ clkbuf_0_clk/A (sky130_fd_sc_hd__clkbuf_16)
     4    0.04    0.06    0.13    0.13 ^ clkbuf_0_clk/X (sky130_fd_sc_hd__clkbuf_16)
                                         clknet_0_clk (net)
                  0.06    0.00    0.13 ^ clkbuf_2_3__f_clk/A (sky130_fd_sc_hd__clkbuf_16)
    10    0.04    0.06    0.15    0.28 ^ clkbuf_2_3__f_clk/X (sky130_fd_sc_hd__clkbuf_16)
                                         clknet_2_3__leaf_clk (net)
                  0.06    0.00    0.28 ^ _336_/CLK (sky130_fd_sc_hd__dfrtp_4)
                          0.00    0.28   clock reconvergence pessimism
                         -0.05    0.23   library hold time
                                  0.23   data required time
-----------------------------------------------------------------------------
                                  0.23   data required time
                                 -1.26   data arrival time
-----------------------------------------------------------------------------
                                  1.03   slack (MET)


Startpoint: _331_ (rising edge-triggered flip-flop clocked by core_clock)
Endpoint: _331_ (rising edge-triggered flip-flop clocked by core_clock)
Path Group: core_clock
Path Type: min
Corner: Typical

Fanout     Cap    Slew   Delay    Time   Description
-----------------------------------------------------------------------------
                          0.00    0.00   clock core_clock (rise edge)
                          0.00    0.00   clock source latency
     1    0.02    0.00    0.00    0.00 ^ clk (in)
                                         clk (net)
                  0.00    0.00    0.00 ^ clkbuf_0_clk/A (sky130_fd_sc_hd__clkbuf_16)
     4    0.04    0.06    0.13    0.13 ^ clkbuf_0_clk/X (sky130_fd_sc_hd__clkbuf_16)
                                         clknet_0_clk (net)
                  0.06    0.00    0.13 ^ clkbuf_2_0__f_clk/A (sky130_fd_sc_hd__clkbuf_16)
     7    0.03    0.05    0.14    0.27 ^ clkbuf_2_0__f_clk/X (sky130_fd_sc_hd__clkbuf_16)
                                         clknet_2_0__leaf_clk (net)
                  0.05    0.00    0.27 ^ _331_/CLK (sky130_fd_sc_hd__dfrtp_2)
     5    0.03    0.17    0.45    0.72 ^ _331_/Q (sky130_fd_sc_hd__dfrtp_2)
                                         counter.one_second_counter[8] (net)
                  0.17    0.00    0.72 ^ _210_/A (sky130_fd_sc_hd__nand2_1)
     1    0.02    0.13    0.16    0.88 v _210_/Y (sky130_fd_sc_hd__nand2_1)
                                         _103_ (net)
                  0.13    0.00    0.88 v _211_/C (sky130_fd_sc_hd__and3_1)
     1    0.01    0.06    0.24    1.12 v _211_/X (sky130_fd_sc_hd__and3_1)
                                         _104_ (net)
                  0.06    0.00    1.12 v _212_/A (sky130_fd_sc_hd__clkbuf_1)
     1    0.01    0.08    0.13    1.25 v _212_/X (sky130_fd_sc_hd__clkbuf_1)
                                         _026_ (net)
                  0.08    0.00    1.25 v _331_/D (sky130_fd_sc_hd__dfrtp_2)
                                  1.25   data arrival time

                          0.00    0.00   clock core_clock (rise edge)
                          0.00    0.00   clock source latency
     1    0.02    0.00    0.00    0.00 ^ clk (in)
                                         clk (net)
                  0.00    0.00    0.00 ^ clkbuf_0_clk/A (sky130_fd_sc_hd__clkbuf_16)
     4    0.04    0.06    0.13    0.13 ^ clkbuf_0_clk/X (sky130_fd_sc_hd__clkbuf_16)
                                         clknet_0_clk (net)
                  0.06    0.00    0.13 ^ clkbuf_2_0__f_clk/A (sky130_fd_sc_hd__clkbuf_16)
     7    0.03    0.05    0.14    0.27 ^ clkbuf_2_0__f_clk/X (sky130_fd_sc_hd__clkbuf_16)
                                         clknet_2_0__leaf_clk (net)
                  0.05    0.00    0.27 ^ _331_/CLK (sky130_fd_sc_hd__dfrtp_2)
                          0.00    0.27   clock reconvergence pessimism
                         -0.05    0.22   library hold time
                                  0.22   data required time
-----------------------------------------------------------------------------
                                  0.22   data required time
                                 -1.25   data arrival time
-----------------------------------------------------------------------------
                                  1.04   slack (MET)


Startpoint: _332_ (rising edge-triggered flip-flop clocked by core_clock)
Endpoint: _332_ (rising edge-triggered flip-flop clocked by core_clock)
Path Group: core_clock
Path Type: min
Corner: Typical

Fanout     Cap    Slew   Delay    Time   Description
-----------------------------------------------------------------------------
                          0.00    0.00   clock core_clock (rise edge)
                          0.00    0.00   clock source latency
     1    0.02    0.00    0.00    0.00 ^ clk (in)
                                         clk (net)
                  0.00    0.00    0.00 ^ clkbuf_0_clk/A (sky130_fd_sc_hd__clkbuf_16)
     4    0.04    0.06    0.13    0.13 ^ clkbuf_0_clk/X (sky130_fd_sc_hd__clkbuf_16)
                                         clknet_0_clk (net)
                  0.06    0.00    0.13 ^ clkbuf_2_3__f_clk/A (sky130_fd_sc_hd__clkbuf_16)
    10    0.04    0.06    0.15    0.28 ^ clkbuf_2_3__f_clk/X (sky130_fd_sc_hd__clkbuf_16)
                                         clknet_2_3__leaf_clk (net)
                  0.06    0.00    0.28 ^ _332_/CLK (sky130_fd_sc_hd__dfrtp_2)
     3    0.03    0.17    0.45    0.73 ^ _332_/Q (sky130_fd_sc_hd__dfrtp_2)
                                         counter.one_second_counter[9] (net)
                  0.17    0.00    0.73 ^ _213_/B1 (sky130_fd_sc_hd__a31o_1)
     1    0.00    0.06    0.13    0.86 ^ _213_/X (sky130_fd_sc_hd__a31o_1)
                                         _105_ (net)
                  0.06    0.00    0.86 ^ _216_/B (sky130_fd_sc_hd__and3_1)
     1    0.01    0.10    0.19    1.05 ^ _216_/X (sky130_fd_sc_hd__and3_1)
                                         _108_ (net)
                  0.10    0.00    1.05 ^ _217_/A (sky130_fd_sc_hd__buf_1)
     1    0.02    0.19    0.20    1.25 ^ _217_/X (sky130_fd_sc_hd__buf_1)
                                         _027_ (net)
                  0.19    0.00    1.25 ^ _332_/D (sky130_fd_sc_hd__dfrtp_2)
                                  1.25   data arrival time

                          0.00    0.00   clock core_clock (rise edge)
                          0.00    0.00   clock source latency
     1    0.02    0.00    0.00    0.00 ^ clk (in)
                                         clk (net)
                  0.00    0.00    0.00 ^ clkbuf_0_clk/A (sky130_fd_sc_hd__clkbuf_16)
     4    0.04    0.06    0.13    0.13 ^ clkbuf_0_clk/X (sky130_fd_sc_hd__clkbuf_16)
                                         clknet_0_clk (net)
                  0.06    0.00    0.13 ^ clkbuf_2_3__f_clk/A (sky130_fd_sc_hd__clkbuf_16)
    10    0.04    0.06    0.15    0.28 ^ clkbuf_2_3__f_clk/X (sky130_fd_sc_hd__clkbuf_16)
                                         clknet_2_3__leaf_clk (net)
                  0.06    0.00    0.28 ^ _332_/CLK (sky130_fd_sc_hd__dfrtp_2)
                          0.00    0.28   clock reconvergence pessimism
                         -0.06    0.21   library hold time
                                  0.21   data required time
-----------------------------------------------------------------------------
                                  0.21   data required time
                                 -1.25   data arrival time
-----------------------------------------------------------------------------
                                  1.04   slack (MET)


Startpoint: _329_ (rising edge-triggered flip-flop clocked by core_clock)
Endpoint: _329_ (rising edge-triggered flip-flop clocked by core_clock)
Path Group: core_clock
Path Type: min
Corner: Typical

Fanout     Cap    Slew   Delay    Time   Description
-----------------------------------------------------------------------------
                          0.00    0.00   clock core_clock (rise edge)
                          0.00    0.00   clock source latency
     1    0.02    0.00    0.00    0.00 ^ clk (in)
                                         clk (net)
                  0.00    0.00    0.00 ^ clkbuf_0_clk/A (sky130_fd_sc_hd__clkbuf_16)
     4    0.04    0.06    0.13    0.13 ^ clkbuf_0_clk/X (sky130_fd_sc_hd__clkbuf_16)
                                         clknet_0_clk (net)
                  0.06    0.00    0.13 ^ clkbuf_2_3__f_clk/A (sky130_fd_sc_hd__clkbuf_16)
    10    0.04    0.06    0.15    0.28 ^ clkbuf_2_3__f_clk/X (sky130_fd_sc_hd__clkbuf_16)
                                         clknet_2_3__leaf_clk (net)
                  0.06    0.00    0.28 ^ _329_/CLK (sky130_fd_sc_hd__dfrtp_2)
     3    0.04    0.19    0.47    0.75 ^ _329_/Q (sky130_fd_sc_hd__dfrtp_2)
                                         counter.one_second_counter[6] (net)
                  0.19    0.00    0.75 ^ _203_/A (sky130_fd_sc_hd__or2_1)
     1    0.01    0.11    0.18    0.93 ^ _203_/X (sky130_fd_sc_hd__or2_1)
                                         _098_ (net)
                  0.11    0.00    0.93 ^ _205_/B (sky130_fd_sc_hd__and3_1)
     1    0.01    0.10    0.20    1.13 ^ _205_/X (sky130_fd_sc_hd__and3_1)
                                         _100_ (net)
                  0.10    0.00    1.13 ^ _206_/A (sky130_fd_sc_hd__clkbuf_1)
     1    0.01    0.12    0.15    1.28 ^ _206_/X (sky130_fd_sc_hd__clkbuf_1)
                                         _024_ (net)
                  0.12    0.00    1.28 ^ _329_/D (sky130_fd_sc_hd__dfrtp_2)
                                  1.28   data arrival time

                          0.00    0.00   clock core_clock (rise edge)
                          0.00    0.00   clock source latency
     1    0.02    0.00    0.00    0.00 ^ clk (in)
                                         clk (net)
                  0.00    0.00    0.00 ^ clkbuf_0_clk/A (sky130_fd_sc_hd__clkbuf_16)
     4    0.04    0.06    0.13    0.13 ^ clkbuf_0_clk/X (sky130_fd_sc_hd__clkbuf_16)
                                         clknet_0_clk (net)
                  0.06    0.00    0.13 ^ clkbuf_2_3__f_clk/A (sky130_fd_sc_hd__clkbuf_16)
    10    0.04    0.06    0.15    0.28 ^ clkbuf_2_3__f_clk/X (sky130_fd_sc_hd__clkbuf_16)
                                         clknet_2_3__leaf_clk (net)
                  0.06    0.00    0.28 ^ _329_/CLK (sky130_fd_sc_hd__dfrtp_2)
                          0.00    0.28   clock reconvergence pessimism
                         -0.05    0.23   library hold time
                                  0.23   data required time
-----------------------------------------------------------------------------
                                  0.23   data required time
                                 -1.28   data arrival time
-----------------------------------------------------------------------------
                                  1.05   slack (MET)


Startpoint: _343_ (rising edge-triggered flip-flop clocked by core_clock)
Endpoint: _343_ (rising edge-triggered flip-flop clocked by core_clock)
Path Group: core_clock
Path Type: min
Corner: Typical

Fanout     Cap    Slew   Delay    Time   Description
-----------------------------------------------------------------------------
                          0.00    0.00   clock core_clock (rise edge)
                          0.00    0.00   clock source latency
     1    0.02    0.00    0.00    0.00 ^ clk (in)
                                         clk (net)
                  0.00    0.00    0.00 ^ clkbuf_0_clk/A (sky130_fd_sc_hd__clkbuf_16)
     4    0.04    0.06    0.13    0.13 ^ clkbuf_0_clk/X (sky130_fd_sc_hd__clkbuf_16)
                                         clknet_0_clk (net)
                  0.06    0.00    0.13 ^ clkbuf_2_0__f_clk/A (sky130_fd_sc_hd__clkbuf_16)
     7    0.03    0.05    0.14    0.27 ^ clkbuf_2_0__f_clk/X (sky130_fd_sc_hd__clkbuf_16)
                                         clknet_2_0__leaf_clk (net)
                  0.05    0.00    0.27 ^ _343_/CLK (sky130_fd_sc_hd__dfrtp_2)
     4    0.03    0.17    0.45    0.72 ^ _343_/Q (sky130_fd_sc_hd__dfrtp_2)
                                         counter.one_second_counter[20] (net)
                  0.17    0.00    0.72 ^ _257_/A (sky130_fd_sc_hd__or2_1)
     1    0.01    0.12    0.19    0.91 ^ _257_/X (sky130_fd_sc_hd__or2_1)
                                         _138_ (net)
                  0.12    0.00    0.91 ^ _259_/B (sky130_fd_sc_hd__and3_1)
     1    0.02    0.17    0.26    1.17 ^ _259_/X (sky130_fd_sc_hd__and3_1)
                                         _140_ (net)
                  0.17    0.00    1.17 ^ _260_/A (sky130_fd_sc_hd__clkbuf_1)
     1    0.01    0.07    0.13    1.30 ^ _260_/X (sky130_fd_sc_hd__clkbuf_1)
                                         _013_ (net)
                  0.07    0.00    1.30 ^ _343_/D (sky130_fd_sc_hd__dfrtp_2)
                                  1.30   data arrival time

                          0.00    0.00   clock core_clock (rise edge)
                          0.00    0.00   clock source latency
     1    0.02    0.00    0.00    0.00 ^ clk (in)
                                         clk (net)
                  0.00    0.00    0.00 ^ clkbuf_0_clk/A (sky130_fd_sc_hd__clkbuf_16)
     4    0.04    0.06    0.13    0.13 ^ clkbuf_0_clk/X (sky130_fd_sc_hd__clkbuf_16)
                                         clknet_0_clk (net)
                  0.06    0.00    0.13 ^ clkbuf_2_0__f_clk/A (sky130_fd_sc_hd__clkbuf_16)
     7    0.03    0.05    0.14    0.27 ^ clkbuf_2_0__f_clk/X (sky130_fd_sc_hd__clkbuf_16)
                                         clknet_2_0__leaf_clk (net)
                  0.05    0.00    0.27 ^ _343_/CLK (sky130_fd_sc_hd__dfrtp_2)
                          0.00    0.27   clock reconvergence pessimism
                         -0.04    0.23   library hold time
                                  0.23   data required time
-----------------------------------------------------------------------------
                                  0.23   data required time
                                 -1.30   data arrival time
-----------------------------------------------------------------------------
                                  1.06   slack (MET)


Startpoint: _326_ (rising edge-triggered flip-flop clocked by core_clock)
Endpoint: _326_ (rising edge-triggered flip-flop clocked by core_clock)
Path Group: core_clock
Path Type: min
Corner: Typical

Fanout     Cap    Slew   Delay    Time   Description
-----------------------------------------------------------------------------
                          0.00    0.00   clock core_clock (rise edge)
                          0.00    0.00   clock source latency
     1    0.02    0.00    0.00    0.00 ^ clk (in)
                                         clk (net)
                  0.00    0.00    0.00 ^ clkbuf_0_clk/A (sky130_fd_sc_hd__clkbuf_16)
     4    0.04    0.06    0.13    0.13 ^ clkbuf_0_clk/X (sky130_fd_sc_hd__clkbuf_16)
                                         clknet_0_clk (net)
                  0.06    0.00    0.13 ^ clkbuf_2_2__f_clk/A (sky130_fd_sc_hd__clkbuf_16)
    10    0.04    0.06    0.15    0.28 ^ clkbuf_2_2__f_clk/X (sky130_fd_sc_hd__clkbuf_16)
                                         clknet_2_2__leaf_clk (net)
                  0.06    0.00    0.28 ^ _326_/CLK (sky130_fd_sc_hd__dfrtp_1)
     2    0.02    0.19    0.43    0.71 ^ _326_/Q (sky130_fd_sc_hd__dfrtp_1)
                                         counter.one_second_counter[3] (net)
                  0.19    0.00    0.71 ^ _192_/B1 (sky130_fd_sc_hd__a31o_1)
     1    0.01    0.09    0.16    0.88 ^ _192_/X (sky130_fd_sc_hd__a31o_1)
                                         _090_ (net)
                  0.09    0.00    0.88 ^ _193_/C (sky130_fd_sc_hd__and3b_1)
     1    0.01    0.12    0.22    1.10 ^ _193_/X (sky130_fd_sc_hd__and3b_1)
                                         _091_ (net)
                  0.12    0.00    1.10 ^ _194_/A (sky130_fd_sc_hd__buf_1)
     1    0.01    0.18    0.19    1.29 ^ _194_/X (sky130_fd_sc_hd__buf_1)
                                         _021_ (net)
                  0.18    0.00    1.29 ^ _326_/D (sky130_fd_sc_hd__dfrtp_1)
                                  1.29   data arrival time

                          0.00    0.00   clock core_clock (rise edge)
                          0.00    0.00   clock source latency
     1    0.02    0.00    0.00    0.00 ^ clk (in)
                                         clk (net)
                  0.00    0.00    0.00 ^ clkbuf_0_clk/A (sky130_fd_sc_hd__clkbuf_16)
     4    0.04    0.06    0.13    0.13 ^ clkbuf_0_clk/X (sky130_fd_sc_hd__clkbuf_16)
                                         clknet_0_clk (net)
                  0.06    0.00    0.13 ^ clkbuf_2_2__f_clk/A (sky130_fd_sc_hd__clkbuf_16)
    10    0.04    0.06    0.15    0.28 ^ clkbuf_2_2__f_clk/X (sky130_fd_sc_hd__clkbuf_16)
                                         clknet_2_2__leaf_clk (net)
                  0.06    0.00    0.28 ^ _326_/CLK (sky130_fd_sc_hd__dfrtp_1)
                          0.00    0.28   clock reconvergence pessimism
                         -0.06    0.22   library hold time
                                  0.22   data required time
-----------------------------------------------------------------------------
                                  0.22   data required time
                                 -1.29   data arrival time
-----------------------------------------------------------------------------
                                  1.07   slack (MET)


Startpoint: _328_ (rising edge-triggered flip-flop clocked by core_clock)
Endpoint: _328_ (rising edge-triggered flip-flop clocked by core_clock)
Path Group: core_clock
Path Type: min
Corner: Typical

Fanout     Cap    Slew   Delay    Time   Description
-----------------------------------------------------------------------------
                          0.00    0.00   clock core_clock (rise edge)
                          0.00    0.00   clock source latency
     1    0.02    0.00    0.00    0.00 ^ clk (in)
                                         clk (net)
                  0.00    0.00    0.00 ^ clkbuf_0_clk/A (sky130_fd_sc_hd__clkbuf_16)
     4    0.04    0.06    0.13    0.13 ^ clkbuf_0_clk/X (sky130_fd_sc_hd__clkbuf_16)
                                         clknet_0_clk (net)
                  0.06    0.00    0.13 ^ clkbuf_2_2__f_clk/A (sky130_fd_sc_hd__clkbuf_16)
    10    0.04    0.06    0.15    0.28 ^ clkbuf_2_2__f_clk/X (sky130_fd_sc_hd__clkbuf_16)
                                         clknet_2_2__leaf_clk (net)
                  0.06    0.00    0.28 ^ _328_/CLK (sky130_fd_sc_hd__dfrtp_1)
     3    0.02    0.20    0.45    0.73 ^ _328_/Q (sky130_fd_sc_hd__dfrtp_1)
                                         counter.one_second_counter[5] (net)
                  0.20    0.00    0.73 ^ _201_/A (sky130_fd_sc_hd__and3_1)
     3    0.04    0.36    0.41    1.14 ^ _201_/X (sky130_fd_sc_hd__and3_1)
                                         _097_ (net)
                  0.36    0.00    1.14 ^ _202_/C (sky130_fd_sc_hd__nor3_1)
     1    0.02    0.09    0.17    1.31 v _202_/Y (sky130_fd_sc_hd__nor3_1)
                                         _023_ (net)
                  0.09    0.00    1.31 v _328_/D (sky130_fd_sc_hd__dfrtp_1)
                                  1.31   data arrival time

                          0.00    0.00   clock core_clock (rise edge)
                          0.00    0.00   clock source latency
     1    0.02    0.00    0.00    0.00 ^ clk (in)
                                         clk (net)
                  0.00    0.00    0.00 ^ clkbuf_0_clk/A (sky130_fd_sc_hd__clkbuf_16)
     4    0.04    0.06    0.13    0.13 ^ clkbuf_0_clk/X (sky130_fd_sc_hd__clkbuf_16)
                                         clknet_0_clk (net)
                  0.06    0.00    0.13 ^ clkbuf_2_2__f_clk/A (sky130_fd_sc_hd__clkbuf_16)
    10    0.04    0.06    0.15    0.28 ^ clkbuf_2_2__f_clk/X (sky130_fd_sc_hd__clkbuf_16)
                                         clknet_2_2__leaf_clk (net)
                  0.06    0.00    0.28 ^ _328_/CLK (sky130_fd_sc_hd__dfrtp_1)
                          0.00    0.28   clock reconvergence pessimism
                         -0.06    0.22   library hold time
                                  0.22   data required time
-----------------------------------------------------------------------------
                                  0.22   data required time
                                 -1.31   data arrival time
-----------------------------------------------------------------------------
                                  1.09   slack (MET)


Startpoint: _334_ (rising edge-triggered flip-flop clocked by core_clock)
Endpoint: _334_ (rising edge-triggered flip-flop clocked by core_clock)
Path Group: core_clock
Path Type: min
Corner: Typical

Fanout     Cap    Slew   Delay    Time   Description
-----------------------------------------------------------------------------
                          0.00    0.00   clock core_clock (rise edge)
                          0.00    0.00   clock source latency
     1    0.02    0.00    0.00    0.00 ^ clk (in)
                                         clk (net)
                  0.00    0.00    0.00 ^ clkbuf_0_clk/A (sky130_fd_sc_hd__clkbuf_16)
     4    0.04    0.06    0.13    0.13 ^ clkbuf_0_clk/X (sky130_fd_sc_hd__clkbuf_16)
                                         clknet_0_clk (net)
                  0.06    0.00    0.13 ^ clkbuf_2_3__f_clk/A (sky130_fd_sc_hd__clkbuf_16)
    10    0.04    0.06    0.15    0.28 ^ clkbuf_2_3__f_clk/X (sky130_fd_sc_hd__clkbuf_16)
                                         clknet_2_3__leaf_clk (net)
                  0.06    0.00    0.28 ^ _334_/CLK (sky130_fd_sc_hd__dfrtp_2)
     4    0.03    0.11    0.47    0.74 v _334_/Q (sky130_fd_sc_hd__dfrtp_2)
                                         counter.one_second_counter[11] (net)
                  0.11    0.00    0.74 v _222_/B1 (sky130_fd_sc_hd__a21o_1)
     1    0.01    0.05    0.19    0.93 v _222_/X (sky130_fd_sc_hd__a21o_1)
                                         _112_ (net)
                  0.05    0.00    0.93 v _225_/B (sky130_fd_sc_hd__and3_1)
     1    0.01    0.08    0.21    1.14 v _225_/X (sky130_fd_sc_hd__and3_1)
                                         _115_ (net)
                  0.08    0.00    1.14 v _226_/A (sky130_fd_sc_hd__buf_1)
     1    0.02    0.12    0.18    1.32 v _226_/X (sky130_fd_sc_hd__buf_1)
                                         _003_ (net)
                  0.12    0.00    1.32 v _334_/D (sky130_fd_sc_hd__dfrtp_2)
                                  1.32   data arrival time

                          0.00    0.00   clock core_clock (rise edge)
                          0.00    0.00   clock source latency
     1    0.02    0.00    0.00    0.00 ^ clk (in)
                                         clk (net)
                  0.00    0.00    0.00 ^ clkbuf_0_clk/A (sky130_fd_sc_hd__clkbuf_16)
     4    0.04    0.06    0.13    0.13 ^ clkbuf_0_clk/X (sky130_fd_sc_hd__clkbuf_16)
                                         clknet_0_clk (net)
                  0.06    0.00    0.13 ^ clkbuf_2_3__f_clk/A (sky130_fd_sc_hd__clkbuf_16)
    10    0.04    0.06    0.15    0.28 ^ clkbuf_2_3__f_clk/X (sky130_fd_sc_hd__clkbuf_16)
                                         clknet_2_3__leaf_clk (net)
                  0.06    0.00    0.28 ^ _334_/CLK (sky130_fd_sc_hd__dfrtp_2)
                          0.00    0.28   clock reconvergence pessimism
                         -0.07    0.21   library hold time
                                  0.21   data required time
-----------------------------------------------------------------------------
                                  0.21   data required time
                                 -1.32   data arrival time
-----------------------------------------------------------------------------
                                  1.11   slack (MET)


Startpoint: _333_ (rising edge-triggered flip-flop clocked by core_clock)
Endpoint: _333_ (rising edge-triggered flip-flop clocked by core_clock)
Path Group: core_clock
Path Type: min
Corner: Typical

Fanout     Cap    Slew   Delay    Time   Description
-----------------------------------------------------------------------------
                          0.00    0.00   clock core_clock (rise edge)
                          0.00    0.00   clock source latency
     1    0.02    0.00    0.00    0.00 ^ clk (in)
                                         clk (net)
                  0.00    0.00    0.00 ^ clkbuf_0_clk/A (sky130_fd_sc_hd__clkbuf_16)
     4    0.04    0.06    0.13    0.13 ^ clkbuf_0_clk/X (sky130_fd_sc_hd__clkbuf_16)
                                         clknet_0_clk (net)
                  0.06    0.00    0.13 ^ clkbuf_2_1__f_clk/A (sky130_fd_sc_hd__clkbuf_16)
     8    0.03    0.05    0.14    0.27 ^ clkbuf_2_1__f_clk/X (sky130_fd_sc_hd__clkbuf_16)
                                         clknet_2_1__leaf_clk (net)
                  0.05    0.00    0.27 ^ _333_/CLK (sky130_fd_sc_hd__dfrtp_4)
     6    0.04    0.14    0.48    0.75 ^ _333_/Q (sky130_fd_sc_hd__dfrtp_4)
                                         counter.one_second_counter[10] (net)
                  0.14    0.00    0.76 ^ _219_/A (sky130_fd_sc_hd__nand2_1)
     1    0.02    0.13    0.15    0.91 v _219_/Y (sky130_fd_sc_hd__nand2_1)
                                         _110_ (net)
                  0.13    0.00    0.91 v _220_/C (sky130_fd_sc_hd__and3_1)
     1    0.02    0.10    0.28    1.18 v _220_/X (sky130_fd_sc_hd__and3_1)
                                         _111_ (net)
                  0.10    0.00    1.18 v _221_/A (sky130_fd_sc_hd__buf_1)
     1    0.01    0.08    0.15    1.34 v _221_/X (sky130_fd_sc_hd__buf_1)
                                         _002_ (net)
                  0.08    0.00    1.34 v _333_/D (sky130_fd_sc_hd__dfrtp_4)
                                  1.34   data arrival time

                          0.00    0.00   clock core_clock (rise edge)
                          0.00    0.00   clock source latency
     1    0.02    0.00    0.00    0.00 ^ clk (in)
                                         clk (net)
                  0.00    0.00    0.00 ^ clkbuf_0_clk/A (sky130_fd_sc_hd__clkbuf_16)
     4    0.04    0.06    0.13    0.13 ^ clkbuf_0_clk/X (sky130_fd_sc_hd__clkbuf_16)
                                         clknet_0_clk (net)
                  0.06    0.00    0.13 ^ clkbuf_2_1__f_clk/A (sky130_fd_sc_hd__clkbuf_16)
     8    0.03    0.05    0.14    0.27 ^ clkbuf_2_1__f_clk/X (sky130_fd_sc_hd__clkbuf_16)
                                         clknet_2_1__leaf_clk (net)
                  0.05    0.00    0.27 ^ _333_/CLK (sky130_fd_sc_hd__dfrtp_4)
                          0.00    0.27   clock reconvergence pessimism
                         -0.05    0.22   library hold time
                                  0.22   data required time
-----------------------------------------------------------------------------
                                  0.22   data required time
                                 -1.34   data arrival time
-----------------------------------------------------------------------------
                                  1.12   slack (MET)


Startpoint: _349_ (rising edge-triggered flip-flop clocked by core_clock)
Endpoint: _347_ (rising edge-triggered flip-flop clocked by core_clock)
Path Group: core_clock
Path Type: min
Corner: Typical

Fanout     Cap    Slew   Delay    Time   Description
-----------------------------------------------------------------------------
                          0.00    0.00   clock core_clock (rise edge)
                          0.00    0.00   clock source latency
     1    0.02    0.00    0.00    0.00 ^ clk (in)
                                         clk (net)
                  0.00    0.00    0.00 ^ clkbuf_0_clk/A (sky130_fd_sc_hd__clkbuf_16)
     4    0.04    0.06    0.13    0.13 ^ clkbuf_0_clk/X (sky130_fd_sc_hd__clkbuf_16)
                                         clknet_0_clk (net)
                  0.06    0.00    0.13 ^ clkbuf_2_2__f_clk/A (sky130_fd_sc_hd__clkbuf_16)
    10    0.04    0.06    0.15    0.28 ^ clkbuf_2_2__f_clk/X (sky130_fd_sc_hd__clkbuf_16)
                                         clknet_2_2__leaf_clk (net)
                  0.06    0.00    0.28 ^ _349_/CLK (sky130_fd_sc_hd__dfrtp_1)
     2    0.03    0.24    0.47    0.75 ^ _349_/Q (sky130_fd_sc_hd__dfrtp_1)
                                         counter.one_second_counter[26] (net)
                  0.24    0.00    0.75 ^ _181_/B1_N (sky130_fd_sc_hd__a21bo_4)
    10    0.06    0.10    0.33    1.08 v _181_/X (sky130_fd_sc_hd__a21bo_4)
                                         _083_ (net)
                  0.10    0.01    1.09 v _182_/A (sky130_fd_sc_hd__clkinv_4)
    10    0.07    0.15    0.15    1.24 ^ _182_/Y (sky130_fd_sc_hd__clkinv_4)
                                         _000_ (net)
                  0.15    0.00    1.25 ^ _272_/A (sky130_fd_sc_hd__nor2_1)
     1    0.01    0.08    0.11    1.36 v _272_/Y (sky130_fd_sc_hd__nor2_1)
                                         _017_ (net)
                  0.08    0.00    1.36 v _347_/D (sky130_fd_sc_hd__dfrtp_4)
                                  1.36   data arrival time

                          0.00    0.00   clock core_clock (rise edge)
                          0.00    0.00   clock source latency
     1    0.02    0.00    0.00    0.00 ^ clk (in)
                                         clk (net)
                  0.00    0.00    0.00 ^ clkbuf_0_clk/A (sky130_fd_sc_hd__clkbuf_16)
     4    0.04    0.06    0.13    0.13 ^ clkbuf_0_clk/X (sky130_fd_sc_hd__clkbuf_16)
                                         clknet_0_clk (net)
                  0.06    0.00    0.13 ^ clkbuf_2_2__f_clk/A (sky130_fd_sc_hd__clkbuf_16)
    10    0.04    0.06    0.15    0.28 ^ clkbuf_2_2__f_clk/X (sky130_fd_sc_hd__clkbuf_16)
                                         clknet_2_2__leaf_clk (net)
                  0.06    0.00    0.28 ^ _347_/CLK (sky130_fd_sc_hd__dfrtp_4)
                          0.00    0.28   clock reconvergence pessimism
                         -0.05    0.23   library hold time
                                  0.23   data required time
-----------------------------------------------------------------------------
                                  0.23   data required time
                                 -1.36   data arrival time
-----------------------------------------------------------------------------
                                  1.13   slack (MET)


Startpoint: _335_ (rising edge-triggered flip-flop clocked by core_clock)
Endpoint: _337_ (rising edge-triggered flip-flop clocked by core_clock)
Path Group: core_clock
Path Type: min
Corner: Typical

Fanout     Cap    Slew   Delay    Time   Description
-----------------------------------------------------------------------------
                          0.00    0.00   clock core_clock (rise edge)
                          0.00    0.00   clock source latency
     1    0.02    0.00    0.00    0.00 ^ clk (in)
                                         clk (net)
                  0.00    0.00    0.00 ^ clkbuf_0_clk/A (sky130_fd_sc_hd__clkbuf_16)
     4    0.04    0.06    0.13    0.13 ^ clkbuf_0_clk/X (sky130_fd_sc_hd__clkbuf_16)
                                         clknet_0_clk (net)
                  0.06    0.00    0.13 ^ clkbuf_2_2__f_clk/A (sky130_fd_sc_hd__clkbuf_16)
    10    0.04    0.06    0.15    0.28 ^ clkbuf_2_2__f_clk/X (sky130_fd_sc_hd__clkbuf_16)
                                         clknet_2_2__leaf_clk (net)
                  0.06    0.00    0.28 ^ _335_/CLK (sky130_fd_sc_hd__dfrtp_1)
     4    0.02    0.13    0.45    0.73 v _335_/Q (sky130_fd_sc_hd__dfrtp_1)
                                         counter.one_second_counter[12] (net)
                  0.13    0.00    0.73 v _234_/A1 (sky130_fd_sc_hd__a31o_1)
     1    0.01    0.06    0.24    0.97 v _234_/X (sky130_fd_sc_hd__a31o_1)
                                         _121_ (net)
                  0.06    0.00    0.97 v _236_/B (sky130_fd_sc_hd__and3_1)
     1    0.01    0.07    0.21    1.18 v _236_/X (sky130_fd_sc_hd__and3_1)
                                         _123_ (net)
                  0.07    0.00    1.18 v _237_/A (sky130_fd_sc_hd__buf_1)
     1    0.02    0.13    0.18    1.36 v _237_/X (sky130_fd_sc_hd__buf_1)
                                         _006_ (net)
                  0.13    0.00    1.36 v _337_/D (sky130_fd_sc_hd__dfrtp_2)
                                  1.36   data arrival time

                          0.00    0.00   clock core_clock (rise edge)
                          0.00    0.00   clock source latency
     1    0.02    0.00    0.00    0.00 ^ clk (in)
                                         clk (net)
                  0.00    0.00    0.00 ^ clkbuf_0_clk/A (sky130_fd_sc_hd__clkbuf_16)
     4    0.04    0.06    0.13    0.13 ^ clkbuf_0_clk/X (sky130_fd_sc_hd__clkbuf_16)
                                         clknet_0_clk (net)
                  0.06    0.00    0.13 ^ clkbuf_2_2__f_clk/A (sky130_fd_sc_hd__clkbuf_16)
    10    0.04    0.06    0.15    0.28 ^ clkbuf_2_2__f_clk/X (sky130_fd_sc_hd__clkbuf_16)
                                         clknet_2_2__leaf_clk (net)
                  0.06    0.00    0.28 ^ _337_/CLK (sky130_fd_sc_hd__dfrtp_2)
                          0.00    0.28   clock reconvergence pessimism
                         -0.07    0.21   library hold time
                                  0.21   data required time
-----------------------------------------------------------------------------
                                  0.21   data required time
                                 -1.36   data arrival time
-----------------------------------------------------------------------------
                                  1.15   slack (MET)


Startpoint: _348_ (rising edge-triggered flip-flop clocked by core_clock)
Endpoint: _348_ (rising edge-triggered flip-flop clocked by core_clock)
Path Group: core_clock
Path Type: min
Corner: Typical

Fanout     Cap    Slew   Delay    Time   Description
-----------------------------------------------------------------------------
                          0.00    0.00   clock core_clock (rise edge)
                          0.00    0.00   clock source latency
     1    0.02    0.00    0.00    0.00 ^ clk (in)
                                         clk (net)
                  0.00    0.00    0.00 ^ clkbuf_0_clk/A (sky130_fd_sc_hd__clkbuf_16)
     4    0.04    0.06    0.13    0.13 ^ clkbuf_0_clk/X (sky130_fd_sc_hd__clkbuf_16)
                                         clknet_0_clk (net)
                  0.06    0.00    0.13 ^ clkbuf_2_0__f_clk/A (sky130_fd_sc_hd__clkbuf_16)
     7    0.03    0.05    0.14    0.27 ^ clkbuf_2_0__f_clk/X (sky130_fd_sc_hd__clkbuf_16)
                                         clknet_2_0__leaf_clk (net)
                  0.05    0.00    0.27 ^ _348_/CLK (sky130_fd_sc_hd__dfrtp_2)
     3    0.03    0.11    0.46    0.74 v _348_/Q (sky130_fd_sc_hd__dfrtp_2)
                                         counter.one_second_counter[25] (net)
                  0.11    0.00    0.74 v _273_/B1 (sky130_fd_sc_hd__a31o_1)
     1    0.01    0.09    0.26    0.99 v _273_/X (sky130_fd_sc_hd__a31o_1)
                                         _149_ (net)
                  0.09    0.00    0.99 v _275_/B (sky130_fd_sc_hd__and3_1)
     1    0.02    0.10    0.25    1.24 v _275_/X (sky130_fd_sc_hd__and3_1)
                                         _151_ (net)
                  0.10    0.00    1.24 v _276_/A (sky130_fd_sc_hd__buf_1)
     1    0.02    0.09    0.17    1.41 v _276_/X (sky130_fd_sc_hd__buf_1)
                                         _018_ (net)
                  0.09    0.00    1.41 v _348_/D (sky130_fd_sc_hd__dfrtp_2)
                                  1.41   data arrival time

                          0.00    0.00   clock core_clock (rise edge)
                          0.00    0.00   clock source latency
     1    0.02    0.00    0.00    0.00 ^ clk (in)
                                         clk (net)
                  0.00    0.00    0.00 ^ clkbuf_0_clk/A (sky130_fd_sc_hd__clkbuf_16)
     4    0.04    0.06    0.13    0.13 ^ clkbuf_0_clk/X (sky130_fd_sc_hd__clkbuf_16)
                                         clknet_0_clk (net)
                  0.06    0.00    0.13 ^ clkbuf_2_0__f_clk/A (sky130_fd_sc_hd__clkbuf_16)
     7    0.03    0.05    0.14    0.27 ^ clkbuf_2_0__f_clk/X (sky130_fd_sc_hd__clkbuf_16)
                                         clknet_2_0__leaf_clk (net)
                  0.05    0.00    0.27 ^ _348_/CLK (sky130_fd_sc_hd__dfrtp_2)
                          0.00    0.27   clock reconvergence pessimism
                         -0.06    0.21   library hold time
                                  0.21   data required time
-----------------------------------------------------------------------------
                                  0.21   data required time
                                 -1.41   data arrival time
-----------------------------------------------------------------------------
                                  1.20   slack (MET)



worst slack corner Typical: 0.6141
