
===========================================================================
report_checks -path_delay max (Setup)
============================================================================
======================= Fastest Corner ===================================

Startpoint: _336_ (rising edge-triggered flip-flop clocked by core_clock)
Endpoint: _334_ (rising edge-triggered flip-flop clocked by core_clock)
Path Group: core_clock
Path Type: max
Corner: Fastest

Fanout     Cap    Slew   Delay    Time   Description
-----------------------------------------------------------------------------
                          0.00    0.00   clock core_clock (rise edge)
                          0.00    0.00   clock source latency
     1    0.02    0.00    0.00    0.00 ^ clk (in)
                                         clk (net)
                  0.00    0.00    0.00 ^ clkbuf_0_clk/A (sky130_fd_sc_hd__clkbuf_16)
     4    0.04    0.05    0.09    0.09 ^ clkbuf_0_clk/X (sky130_fd_sc_hd__clkbuf_16)
                                         clknet_0_clk (net)
                  0.05    0.00    0.09 ^ clkbuf_2_3__f_clk/A (sky130_fd_sc_hd__clkbuf_16)
    10    0.04    0.04    0.10    0.19 ^ clkbuf_2_3__f_clk/X (sky130_fd_sc_hd__clkbuf_16)
                                         clknet_2_3__leaf_clk (net)
                  0.04    0.00    0.19 ^ _336_/CLK (sky130_fd_sc_hd__dfrtp_4)
     6    0.04    0.08    0.34    0.53 v _336_/Q (sky130_fd_sc_hd__dfrtp_4)
                                         counter.one_second_counter[13] (net)
                  0.08    0.00    0.54 v _174_/D (sky130_fd_sc_hd__and4_1)
     2    0.01    0.06    0.18    0.72 v _174_/X (sky130_fd_sc_hd__and4_1)
                                         _076_ (net)
                  0.06    0.00    0.72 v _175_/D (sky130_fd_sc_hd__or4_1)
     1    0.01    0.09    0.27    0.99 v _175_/X (sky130_fd_sc_hd__or4_1)
                                         _077_ (net)
                  0.09    0.00    0.99 v _178_/A3 (sky130_fd_sc_hd__o31a_1)
     1    0.01    0.07    0.20    1.19 v _178_/X (sky130_fd_sc_hd__o31a_1)
                                         _080_ (net)
                  0.07    0.00    1.19 v _180_/A2 (sky130_fd_sc_hd__o211ai_4)
     3    0.03    0.22    0.21    1.40 ^ _180_/Y (sky130_fd_sc_hd__o211ai_4)
                                         _082_ (net)
                  0.22    0.00    1.40 ^ _181_/A2 (sky130_fd_sc_hd__a21bo_4)
    10    0.06    0.16    0.19    1.59 ^ _181_/X (sky130_fd_sc_hd__a21bo_4)
                                         _083_ (net)
                  0.16    0.01    1.59 ^ _195_/A (sky130_fd_sc_hd__buf_2)
    10    0.06    0.21    0.22    1.81 ^ _195_/X (sky130_fd_sc_hd__buf_2)
                                         _092_ (net)
                  0.21    0.00    1.81 ^ _225_/A (sky130_fd_sc_hd__and3_1)
     1    0.01    0.11    0.17    1.98 ^ _225_/X (sky130_fd_sc_hd__and3_1)
                                         _115_ (net)
                  0.11    0.00    1.98 ^ _226_/A (sky130_fd_sc_hd__buf_1)
     1    0.02    0.18    0.16    2.14 ^ _226_/X (sky130_fd_sc_hd__buf_1)
                                         _003_ (net)
                  0.18    0.00    2.15 ^ _334_/D (sky130_fd_sc_hd__dfrtp_2)
                                  2.15   data arrival time

                         10.00   10.00   clock core_clock (rise edge)
                          0.00   10.00   clock source latency
     1    0.02    0.00    0.00   10.00 ^ clk (in)
                                         clk (net)
                  0.00    0.00   10.00 ^ clkbuf_0_clk/A (sky130_fd_sc_hd__clkbuf_16)
     4    0.04    0.05    0.09   10.09 ^ clkbuf_0_clk/X (sky130_fd_sc_hd__clkbuf_16)
                                         clknet_0_clk (net)
                  0.05    0.00   10.09 ^ clkbuf_2_3__f_clk/A (sky130_fd_sc_hd__clkbuf_16)
    10    0.04    0.04    0.10   10.19 ^ clkbuf_2_3__f_clk/X (sky130_fd_sc_hd__clkbuf_16)
                                         clknet_2_3__leaf_clk (net)
                  0.04    0.00   10.19 ^ _334_/CLK (sky130_fd_sc_hd__dfrtp_2)
                          0.00   10.19   clock reconvergence pessimism
                         -0.05   10.14   library setup time
                                 10.14   data required time
-----------------------------------------------------------------------------
                                 10.14   data required time
                                 -2.15   data arrival time
-----------------------------------------------------------------------------
                                  8.00   slack (MET)


Startpoint: _336_ (rising edge-triggered flip-flop clocked by core_clock)
Endpoint: _337_ (rising edge-triggered flip-flop clocked by core_clock)
Path Group: core_clock
Path Type: max
Corner: Fastest

Fanout     Cap    Slew   Delay    Time   Description
-----------------------------------------------------------------------------
                          0.00    0.00   clock core_clock (rise edge)
                          0.00    0.00   clock source latency
     1    0.02    0.00    0.00    0.00 ^ clk (in)
                                         clk (net)
                  0.00    0.00    0.00 ^ clkbuf_0_clk/A (sky130_fd_sc_hd__clkbuf_16)
     4    0.04    0.05    0.09    0.09 ^ clkbuf_0_clk/X (sky130_fd_sc_hd__clkbuf_16)
                                         clknet_0_clk (net)
                  0.05    0.00    0.09 ^ clkbuf_2_3__f_clk/A (sky130_fd_sc_hd__clkbuf_16)
    10    0.04    0.04    0.10    0.19 ^ clkbuf_2_3__f_clk/X (sky130_fd_sc_hd__clkbuf_16)
                                         clknet_2_3__leaf_clk (net)
                  0.04    0.00    0.19 ^ _336_/CLK (sky130_fd_sc_hd__dfrtp_4)
     6    0.04    0.08    0.34    0.53 v _336_/Q (sky130_fd_sc_hd__dfrtp_4)
                                         counter.one_second_counter[13] (net)
                  0.08    0.00    0.54 v _174_/D (sky130_fd_sc_hd__and4_1)
     2    0.01    0.06    0.18    0.72 v _174_/X (sky130_fd_sc_hd__and4_1)
                                         _076_ (net)
                  0.06    0.00    0.72 v _175_/D (sky130_fd_sc_hd__or4_1)
     1    0.01    0.09    0.27    0.99 v _175_/X (sky130_fd_sc_hd__or4_1)
                                         _077_ (net)
                  0.09    0.00    0.99 v _178_/A3 (sky130_fd_sc_hd__o31a_1)
     1    0.01    0.07    0.20    1.19 v _178_/X (sky130_fd_sc_hd__o31a_1)
                                         _080_ (net)
                  0.07    0.00    1.19 v _180_/A2 (sky130_fd_sc_hd__o211ai_4)
     3    0.03    0.22    0.21    1.40 ^ _180_/Y (sky130_fd_sc_hd__o211ai_4)
                                         _082_ (net)
                  0.22    0.00    1.40 ^ _181_/A2 (sky130_fd_sc_hd__a21bo_4)
    10    0.06    0.16    0.19    1.59 ^ _181_/X (sky130_fd_sc_hd__a21bo_4)
                                         _083_ (net)
                  0.16    0.01    1.59 ^ _195_/A (sky130_fd_sc_hd__buf_2)
    10    0.06    0.21    0.22    1.81 ^ _195_/X (sky130_fd_sc_hd__buf_2)
                                         _092_ (net)
                  0.21    0.00    1.81 ^ _236_/A (sky130_fd_sc_hd__and3_1)
     1    0.01    0.10    0.16    1.97 ^ _236_/X (sky130_fd_sc_hd__and3_1)
                                         _123_ (net)
                  0.10    0.00    1.97 ^ _237_/A (sky130_fd_sc_hd__buf_1)
     1    0.02    0.20    0.17    2.14 ^ _237_/X (sky130_fd_sc_hd__buf_1)
                                         _006_ (net)
                  0.20    0.00    2.15 ^ _337_/D (sky130_fd_sc_hd__dfrtp_2)
                                  2.15   data arrival time

                         10.00   10.00   clock core_clock (rise edge)
                          0.00   10.00   clock source latency
     1    0.02    0.00    0.00   10.00 ^ clk (in)
                                         clk (net)
                  0.00    0.00   10.00 ^ clkbuf_0_clk/A (sky130_fd_sc_hd__clkbuf_16)
     4    0.04    0.05    0.09   10.09 ^ clkbuf_0_clk/X (sky130_fd_sc_hd__clkbuf_16)
                                         clknet_0_clk (net)
                  0.05    0.00   10.09 ^ clkbuf_2_2__f_clk/A (sky130_fd_sc_hd__clkbuf_16)
    10    0.04    0.05    0.10   10.20 ^ clkbuf_2_2__f_clk/X (sky130_fd_sc_hd__clkbuf_16)
                                         clknet_2_2__leaf_clk (net)
                  0.05    0.00   10.20 ^ _337_/CLK (sky130_fd_sc_hd__dfrtp_2)
                          0.00   10.20   clock reconvergence pessimism
                         -0.05   10.14   library setup time
                                 10.14   data required time
-----------------------------------------------------------------------------
                                 10.14   data required time
                                 -2.15   data arrival time
-----------------------------------------------------------------------------
                                  8.00   slack (MET)


Startpoint: _336_ (rising edge-triggered flip-flop clocked by core_clock)
Endpoint: _333_ (rising edge-triggered flip-flop clocked by core_clock)
Path Group: core_clock
Path Type: max
Corner: Fastest

Fanout     Cap    Slew   Delay    Time   Description
-----------------------------------------------------------------------------
                          0.00    0.00   clock core_clock (rise edge)
                          0.00    0.00   clock source latency
     1    0.02    0.00    0.00    0.00 ^ clk (in)
                                         clk (net)
                  0.00    0.00    0.00 ^ clkbuf_0_clk/A (sky130_fd_sc_hd__clkbuf_16)
     4    0.04    0.05    0.09    0.09 ^ clkbuf_0_clk/X (sky130_fd_sc_hd__clkbuf_16)
                                         clknet_0_clk (net)
                  0.05    0.00    0.09 ^ clkbuf_2_3__f_clk/A (sky130_fd_sc_hd__clkbuf_16)
    10    0.04    0.04    0.10    0.19 ^ clkbuf_2_3__f_clk/X (sky130_fd_sc_hd__clkbuf_16)
                                         clknet_2_3__leaf_clk (net)
                  0.04    0.00    0.19 ^ _336_/CLK (sky130_fd_sc_hd__dfrtp_4)
     6    0.04    0.08    0.34    0.53 v _336_/Q (sky130_fd_sc_hd__dfrtp_4)
                                         counter.one_second_counter[13] (net)
                  0.08    0.00    0.54 v _174_/D (sky130_fd_sc_hd__and4_1)
     2    0.01    0.06    0.18    0.72 v _174_/X (sky130_fd_sc_hd__and4_1)
                                         _076_ (net)
                  0.06    0.00    0.72 v _175_/D (sky130_fd_sc_hd__or4_1)
     1    0.01    0.09    0.27    0.99 v _175_/X (sky130_fd_sc_hd__or4_1)
                                         _077_ (net)
                  0.09    0.00    0.99 v _178_/A3 (sky130_fd_sc_hd__o31a_1)
     1    0.01    0.07    0.20    1.19 v _178_/X (sky130_fd_sc_hd__o31a_1)
                                         _080_ (net)
                  0.07    0.00    1.19 v _180_/A2 (sky130_fd_sc_hd__o211ai_4)
     3    0.03    0.22    0.21    1.40 ^ _180_/Y (sky130_fd_sc_hd__o211ai_4)
                                         _082_ (net)
                  0.22    0.00    1.40 ^ _181_/A2 (sky130_fd_sc_hd__a21bo_4)
    10    0.06    0.16    0.19    1.59 ^ _181_/X (sky130_fd_sc_hd__a21bo_4)
                                         _083_ (net)
                  0.16    0.01    1.59 ^ _195_/A (sky130_fd_sc_hd__buf_2)
    10    0.06    0.21    0.22    1.81 ^ _195_/X (sky130_fd_sc_hd__buf_2)
                                         _092_ (net)
                  0.21    0.00    1.81 ^ _220_/A (sky130_fd_sc_hd__and3_1)
     1    0.02    0.14    0.19    2.00 ^ _220_/X (sky130_fd_sc_hd__and3_1)
                                         _111_ (net)
                  0.14    0.00    2.00 ^ _221_/A (sky130_fd_sc_hd__buf_1)
     1    0.01    0.12    0.12    2.12 ^ _221_/X (sky130_fd_sc_hd__buf_1)
                                         _002_ (net)
                  0.12    0.00    2.12 ^ _333_/D (sky130_fd_sc_hd__dfrtp_4)
                                  2.12   data arrival time

                         10.00   10.00   clock core_clock (rise edge)
                          0.00   10.00   clock source latency
     1    0.02    0.00    0.00   10.00 ^ clk (in)
                                         clk (net)
                  0.00    0.00   10.00 ^ clkbuf_0_clk/A (sky130_fd_sc_hd__clkbuf_16)
     4    0.04    0.05    0.09   10.09 ^ clkbuf_0_clk/X (sky130_fd_sc_hd__clkbuf_16)
                                         clknet_0_clk (net)
                  0.05    0.00   10.09 ^ clkbuf_2_1__f_clk/A (sky130_fd_sc_hd__clkbuf_16)
     8    0.03    0.04    0.10   10.19 ^ clkbuf_2_1__f_clk/X (sky130_fd_sc_hd__clkbuf_16)
                                         clknet_2_1__leaf_clk (net)
                  0.04    0.00   10.19 ^ _333_/CLK (sky130_fd_sc_hd__dfrtp_4)
                          0.00   10.19   clock reconvergence pessimism
                         -0.05   10.14   library setup time
                                 10.14   data required time
-----------------------------------------------------------------------------
                                 10.14   data required time
                                 -2.12   data arrival time
-----------------------------------------------------------------------------
                                  8.02   slack (MET)


Startpoint: _336_ (rising edge-triggered flip-flop clocked by core_clock)
Endpoint: _336_ (rising edge-triggered flip-flop clocked by core_clock)
Path Group: core_clock
Path Type: max
Corner: Fastest

Fanout     Cap    Slew   Delay    Time   Description
-----------------------------------------------------------------------------
                          0.00    0.00   clock core_clock (rise edge)
                          0.00    0.00   clock source latency
     1    0.02    0.00    0.00    0.00 ^ clk (in)
                                         clk (net)
                  0.00    0.00    0.00 ^ clkbuf_0_clk/A (sky130_fd_sc_hd__clkbuf_16)
     4    0.04    0.05    0.09    0.09 ^ clkbuf_0_clk/X (sky130_fd_sc_hd__clkbuf_16)
                                         clknet_0_clk (net)
                  0.05    0.00    0.09 ^ clkbuf_2_3__f_clk/A (sky130_fd_sc_hd__clkbuf_16)
    10    0.04    0.04    0.10    0.19 ^ clkbuf_2_3__f_clk/X (sky130_fd_sc_hd__clkbuf_16)
                                         clknet_2_3__leaf_clk (net)
                  0.04    0.00    0.19 ^ _336_/CLK (sky130_fd_sc_hd__dfrtp_4)
     6    0.04    0.08    0.34    0.53 v _336_/Q (sky130_fd_sc_hd__dfrtp_4)
                                         counter.one_second_counter[13] (net)
                  0.08    0.00    0.54 v _174_/D (sky130_fd_sc_hd__and4_1)
     2    0.01    0.06    0.18    0.72 v _174_/X (sky130_fd_sc_hd__and4_1)
                                         _076_ (net)
                  0.06    0.00    0.72 v _175_/D (sky130_fd_sc_hd__or4_1)
     1    0.01    0.09    0.27    0.99 v _175_/X (sky130_fd_sc_hd__or4_1)
                                         _077_ (net)
                  0.09    0.00    0.99 v _178_/A3 (sky130_fd_sc_hd__o31a_1)
     1    0.01    0.07    0.20    1.19 v _178_/X (sky130_fd_sc_hd__o31a_1)
                                         _080_ (net)
                  0.07    0.00    1.19 v _180_/A2 (sky130_fd_sc_hd__o211ai_4)
     3    0.03    0.22    0.21    1.40 ^ _180_/Y (sky130_fd_sc_hd__o211ai_4)
                                         _082_ (net)
                  0.22    0.00    1.40 ^ _181_/A2 (sky130_fd_sc_hd__a21bo_4)
    10    0.06    0.16    0.19    1.59 ^ _181_/X (sky130_fd_sc_hd__a21bo_4)
                                         _083_ (net)
                  0.16    0.01    1.59 ^ _195_/A (sky130_fd_sc_hd__buf_2)
    10    0.06    0.21    0.22    1.81 ^ _195_/X (sky130_fd_sc_hd__buf_2)
                                         _092_ (net)
                  0.21    0.00    1.81 ^ _232_/A (sky130_fd_sc_hd__and3_1)
     1    0.02    0.14    0.19    2.00 ^ _232_/X (sky130_fd_sc_hd__and3_1)
                                         _120_ (net)
                  0.14    0.00    2.00 ^ _233_/A (sky130_fd_sc_hd__clkbuf_1)
     1    0.01    0.10    0.11    2.11 ^ _233_/X (sky130_fd_sc_hd__clkbuf_1)
                                         _005_ (net)
                  0.10    0.00    2.11 ^ _336_/D (sky130_fd_sc_hd__dfrtp_4)
                                  2.11   data arrival time

                         10.00   10.00   clock core_clock (rise edge)
                          0.00   10.00   clock source latency
     1    0.02    0.00    0.00   10.00 ^ clk (in)
                                         clk (net)
                  0.00    0.00   10.00 ^ clkbuf_0_clk/A (sky130_fd_sc_hd__clkbuf_16)
     4    0.04    0.05    0.09   10.09 ^ clkbuf_0_clk/X (sky130_fd_sc_hd__clkbuf_16)
                                         clknet_0_clk (net)
                  0.05    0.00   10.09 ^ clkbuf_2_3__f_clk/A (sky130_fd_sc_hd__clkbuf_16)
    10    0.04    0.04    0.10   10.19 ^ clkbuf_2_3__f_clk/X (sky130_fd_sc_hd__clkbuf_16)
                                         clknet_2_3__leaf_clk (net)
                  0.04    0.00   10.19 ^ _336_/CLK (sky130_fd_sc_hd__dfrtp_4)
                          0.00   10.19   clock reconvergence pessimism
                         -0.04   10.15   library setup time
                                 10.15   data required time
-----------------------------------------------------------------------------
                                 10.15   data required time
                                 -2.11   data arrival time
-----------------------------------------------------------------------------
                                  8.04   slack (MET)


Startpoint: _336_ (rising edge-triggered flip-flop clocked by core_clock)
Endpoint: _332_ (rising edge-triggered flip-flop clocked by core_clock)
Path Group: core_clock
Path Type: max
Corner: Fastest

Fanout     Cap    Slew   Delay    Time   Description
-----------------------------------------------------------------------------
                          0.00    0.00   clock core_clock (rise edge)
                          0.00    0.00   clock source latency
     1    0.02    0.00    0.00    0.00 ^ clk (in)
                                         clk (net)
                  0.00    0.00    0.00 ^ clkbuf_0_clk/A (sky130_fd_sc_hd__clkbuf_16)
     4    0.04    0.05    0.09    0.09 ^ clkbuf_0_clk/X (sky130_fd_sc_hd__clkbuf_16)
                                         clknet_0_clk (net)
                  0.05    0.00    0.09 ^ clkbuf_2_3__f_clk/A (sky130_fd_sc_hd__clkbuf_16)
    10    0.04    0.04    0.10    0.19 ^ clkbuf_2_3__f_clk/X (sky130_fd_sc_hd__clkbuf_16)
                                         clknet_2_3__leaf_clk (net)
                  0.04    0.00    0.19 ^ _336_/CLK (sky130_fd_sc_hd__dfrtp_4)
     6    0.04    0.08    0.34    0.53 v _336_/Q (sky130_fd_sc_hd__dfrtp_4)
                                         counter.one_second_counter[13] (net)
                  0.08    0.00    0.54 v _174_/D (sky130_fd_sc_hd__and4_1)
     2    0.01    0.06    0.18    0.72 v _174_/X (sky130_fd_sc_hd__and4_1)
                                         _076_ (net)
                  0.06    0.00    0.72 v _175_/D (sky130_fd_sc_hd__or4_1)
     1    0.01    0.09    0.27    0.99 v _175_/X (sky130_fd_sc_hd__or4_1)
                                         _077_ (net)
                  0.09    0.00    0.99 v _178_/A3 (sky130_fd_sc_hd__o31a_1)
     1    0.01    0.07    0.20    1.19 v _178_/X (sky130_fd_sc_hd__o31a_1)
                                         _080_ (net)
                  0.07    0.00    1.19 v _180_/A2 (sky130_fd_sc_hd__o211ai_4)
     3    0.03    0.22    0.21    1.40 ^ _180_/Y (sky130_fd_sc_hd__o211ai_4)
                                         _082_ (net)
                  0.22    0.00    1.40 ^ _181_/A2 (sky130_fd_sc_hd__a21bo_4)
    10    0.06    0.16    0.19    1.59 ^ _181_/X (sky130_fd_sc_hd__a21bo_4)
                                         _083_ (net)
                  0.16    0.01    1.59 ^ _195_/A (sky130_fd_sc_hd__buf_2)
    10    0.06    0.21    0.22    1.81 ^ _195_/X (sky130_fd_sc_hd__buf_2)
                                         _092_ (net)
                  0.21    0.00    1.81 ^ _216_/A (sky130_fd_sc_hd__and3_1)
     1    0.01    0.07    0.14    1.95 ^ _216_/X (sky130_fd_sc_hd__and3_1)
                                         _108_ (net)
                  0.07    0.00    1.95 ^ _217_/A (sky130_fd_sc_hd__buf_1)
     1    0.02    0.14    0.14    2.09 ^ _217_/X (sky130_fd_sc_hd__buf_1)
                                         _027_ (net)
                  0.14    0.00    2.09 ^ _332_/D (sky130_fd_sc_hd__dfrtp_2)
                                  2.09   data arrival time

                         10.00   10.00   clock core_clock (rise edge)
                          0.00   10.00   clock source latency
     1    0.02    0.00    0.00   10.00 ^ clk (in)
                                         clk (net)
                  0.00    0.00   10.00 ^ clkbuf_0_clk/A (sky130_fd_sc_hd__clkbuf_16)
     4    0.04    0.05    0.09   10.09 ^ clkbuf_0_clk/X (sky130_fd_sc_hd__clkbuf_16)
                                         clknet_0_clk (net)
                  0.05    0.00   10.09 ^ clkbuf_2_3__f_clk/A (sky130_fd_sc_hd__clkbuf_16)
    10    0.04    0.04    0.10   10.19 ^ clkbuf_2_3__f_clk/X (sky130_fd_sc_hd__clkbuf_16)
                                         clknet_2_3__leaf_clk (net)
                  0.04    0.00   10.19 ^ _332_/CLK (sky130_fd_sc_hd__dfrtp_2)
                          0.00   10.19   clock reconvergence pessimism
                         -0.05   10.15   library setup time
                                 10.15   data required time
-----------------------------------------------------------------------------
                                 10.15   data required time
                                 -2.09   data arrival time
-----------------------------------------------------------------------------
                                  8.06   slack (MET)


Startpoint: _336_ (rising edge-triggered flip-flop clocked by core_clock)
Endpoint: _328_ (rising edge-triggered flip-flop clocked by core_clock)
Path Group: core_clock
Path Type: max
Corner: Fastest

Fanout     Cap    Slew   Delay    Time   Description
-----------------------------------------------------------------------------
                          0.00    0.00   clock core_clock (rise edge)
                          0.00    0.00   clock source latency
     1    0.02    0.00    0.00    0.00 ^ clk (in)
                                         clk (net)
                  0.00    0.00    0.00 ^ clkbuf_0_clk/A (sky130_fd_sc_hd__clkbuf_16)
     4    0.04    0.05    0.09    0.09 ^ clkbuf_0_clk/X (sky130_fd_sc_hd__clkbuf_16)
                                         clknet_0_clk (net)
                  0.05    0.00    0.09 ^ clkbuf_2_3__f_clk/A (sky130_fd_sc_hd__clkbuf_16)
    10    0.04    0.04    0.10    0.19 ^ clkbuf_2_3__f_clk/X (sky130_fd_sc_hd__clkbuf_16)
                                         clknet_2_3__leaf_clk (net)
                  0.04    0.00    0.19 ^ _336_/CLK (sky130_fd_sc_hd__dfrtp_4)
     6    0.04    0.08    0.34    0.53 v _336_/Q (sky130_fd_sc_hd__dfrtp_4)
                                         counter.one_second_counter[13] (net)
                  0.08    0.00    0.54 v _174_/D (sky130_fd_sc_hd__and4_1)
     2    0.01    0.06    0.18    0.72 v _174_/X (sky130_fd_sc_hd__and4_1)
                                         _076_ (net)
                  0.06    0.00    0.72 v _175_/D (sky130_fd_sc_hd__or4_1)
     1    0.01    0.09    0.27    0.99 v _175_/X (sky130_fd_sc_hd__or4_1)
                                         _077_ (net)
                  0.09    0.00    0.99 v _178_/A3 (sky130_fd_sc_hd__o31a_1)
     1    0.01    0.07    0.20    1.19 v _178_/X (sky130_fd_sc_hd__o31a_1)
                                         _080_ (net)
                  0.07    0.00    1.19 v _180_/A2 (sky130_fd_sc_hd__o211ai_4)
     3    0.03    0.22    0.21    1.40 ^ _180_/Y (sky130_fd_sc_hd__o211ai_4)
                                         _082_ (net)
                  0.22    0.00    1.40 ^ _181_/A2 (sky130_fd_sc_hd__a21bo_4)
    10    0.06    0.16    0.19    1.59 ^ _181_/X (sky130_fd_sc_hd__a21bo_4)
                                         _083_ (net)
                  0.16    0.01    1.59 ^ _182_/A (sky130_fd_sc_hd__clkinv_4)
    10    0.07    0.12    0.12    1.71 v _182_/Y (sky130_fd_sc_hd__clkinv_4)
                                         _000_ (net)
                  0.12    0.00    1.72 v _202_/A (sky130_fd_sc_hd__nor3_1)
     1    0.02    0.33    0.32    2.04 ^ _202_/Y (sky130_fd_sc_hd__nor3_1)
                                         _023_ (net)
                  0.33    0.00    2.04 ^ _328_/D (sky130_fd_sc_hd__dfrtp_1)
                                  2.04   data arrival time

                         10.00   10.00   clock core_clock (rise edge)
                          0.00   10.00   clock source latency
     1    0.02    0.00    0.00   10.00 ^ clk (in)
                                         clk (net)
                  0.00    0.00   10.00 ^ clkbuf_0_clk/A (sky130_fd_sc_hd__clkbuf_16)
     4    0.04    0.05    0.09   10.09 ^ clkbuf_0_clk/X (sky130_fd_sc_hd__clkbuf_16)
                                         clknet_0_clk (net)
                  0.05    0.00   10.09 ^ clkbuf_2_2__f_clk/A (sky130_fd_sc_hd__clkbuf_16)
    10    0.04    0.05    0.10   10.20 ^ clkbuf_2_2__f_clk/X (sky130_fd_sc_hd__clkbuf_16)
                                         clknet_2_2__leaf_clk (net)
                  0.05    0.00   10.20 ^ _328_/CLK (sky130_fd_sc_hd__dfrtp_1)
                          0.00   10.20   clock reconvergence pessimism
                         -0.06   10.13   library setup time
                                 10.13   data required time
-----------------------------------------------------------------------------
                                 10.13   data required time
                                 -2.04   data arrival time
-----------------------------------------------------------------------------
                                  8.10   slack (MET)


Startpoint: _336_ (rising edge-triggered flip-flop clocked by core_clock)
Endpoint: _329_ (rising edge-triggered flip-flop clocked by core_clock)
Path Group: core_clock
Path Type: max
Corner: Fastest

Fanout     Cap    Slew   Delay    Time   Description
-----------------------------------------------------------------------------
                          0.00    0.00   clock core_clock (rise edge)
                          0.00    0.00   clock source latency
     1    0.02    0.00    0.00    0.00 ^ clk (in)
                                         clk (net)
                  0.00    0.00    0.00 ^ clkbuf_0_clk/A (sky130_fd_sc_hd__clkbuf_16)
     4    0.04    0.05    0.09    0.09 ^ clkbuf_0_clk/X (sky130_fd_sc_hd__clkbuf_16)
                                         clknet_0_clk (net)
                  0.05    0.00    0.09 ^ clkbuf_2_3__f_clk/A (sky130_fd_sc_hd__clkbuf_16)
    10    0.04    0.04    0.10    0.19 ^ clkbuf_2_3__f_clk/X (sky130_fd_sc_hd__clkbuf_16)
                                         clknet_2_3__leaf_clk (net)
                  0.04    0.00    0.19 ^ _336_/CLK (sky130_fd_sc_hd__dfrtp_4)
     6    0.04    0.08    0.34    0.53 v _336_/Q (sky130_fd_sc_hd__dfrtp_4)
                                         counter.one_second_counter[13] (net)
                  0.08    0.00    0.54 v _174_/D (sky130_fd_sc_hd__and4_1)
     2    0.01    0.06    0.18    0.72 v _174_/X (sky130_fd_sc_hd__and4_1)
                                         _076_ (net)
                  0.06    0.00    0.72 v _175_/D (sky130_fd_sc_hd__or4_1)
     1    0.01    0.09    0.27    0.99 v _175_/X (sky130_fd_sc_hd__or4_1)
                                         _077_ (net)
                  0.09    0.00    0.99 v _178_/A3 (sky130_fd_sc_hd__o31a_1)
     1    0.01    0.07    0.20    1.19 v _178_/X (sky130_fd_sc_hd__o31a_1)
                                         _080_ (net)
                  0.07    0.00    1.19 v _180_/A2 (sky130_fd_sc_hd__o211ai_4)
     3    0.03    0.22    0.21    1.40 ^ _180_/Y (sky130_fd_sc_hd__o211ai_4)
                                         _082_ (net)
                  0.22    0.00    1.40 ^ _181_/A2 (sky130_fd_sc_hd__a21bo_4)
    10    0.06    0.16    0.19    1.59 ^ _181_/X (sky130_fd_sc_hd__a21bo_4)
                                         _083_ (net)
                  0.16    0.01    1.59 ^ _195_/A (sky130_fd_sc_hd__buf_2)
    10    0.06    0.21    0.22    1.81 ^ _195_/X (sky130_fd_sc_hd__buf_2)
                                         _092_ (net)
                  0.21    0.00    1.81 ^ _205_/A (sky130_fd_sc_hd__and3_1)
     1    0.01    0.07    0.14    1.95 ^ _205_/X (sky130_fd_sc_hd__and3_1)
                                         _100_ (net)
                  0.07    0.00    1.95 ^ _206_/A (sky130_fd_sc_hd__clkbuf_1)
     1    0.01    0.09    0.10    2.05 ^ _206_/X (sky130_fd_sc_hd__clkbuf_1)
                                         _024_ (net)
                  0.09    0.00    2.05 ^ _329_/D (sky130_fd_sc_hd__dfrtp_2)
                                  2.05   data arrival time

                         10.00   10.00   clock core_clock (rise edge)
                          0.00   10.00   clock source latency
     1    0.02    0.00    0.00   10.00 ^ clk (in)
                                         clk (net)
                  0.00    0.00   10.00 ^ clkbuf_0_clk/A (sky130_fd_sc_hd__clkbuf_16)
     4    0.04    0.05    0.09   10.09 ^ clkbuf_0_clk/X (sky130_fd_sc_hd__clkbuf_16)
                                         clknet_0_clk (net)
                  0.05    0.00   10.09 ^ clkbuf_2_3__f_clk/A (sky130_fd_sc_hd__clkbuf_16)
    10    0.04    0.04    0.10   10.19 ^ clkbuf_2_3__f_clk/X (sky130_fd_sc_hd__clkbuf_16)
                                         clknet_2_3__leaf_clk (net)
                  0.04    0.00   10.19 ^ _329_/CLK (sky130_fd_sc_hd__dfrtp_2)
                          0.00   10.19   clock reconvergence pessimism
                         -0.04   10.15   library setup time
                                 10.15   data required time
-----------------------------------------------------------------------------
                                 10.15   data required time
                                 -2.05   data arrival time
-----------------------------------------------------------------------------
                                  8.10   slack (MET)


Startpoint: _336_ (rising edge-triggered flip-flop clocked by core_clock)
Endpoint: _345_ (rising edge-triggered flip-flop clocked by core_clock)
Path Group: core_clock
Path Type: max
Corner: Fastest

Fanout     Cap    Slew   Delay    Time   Description
-----------------------------------------------------------------------------
                          0.00    0.00   clock core_clock (rise edge)
                          0.00    0.00   clock source latency
     1    0.02    0.00    0.00    0.00 ^ clk (in)
                                         clk (net)
                  0.00    0.00    0.00 ^ clkbuf_0_clk/A (sky130_fd_sc_hd__clkbuf_16)
     4    0.04    0.05    0.09    0.09 ^ clkbuf_0_clk/X (sky130_fd_sc_hd__clkbuf_16)
                                         clknet_0_clk (net)
                  0.05    0.00    0.09 ^ clkbuf_2_3__f_clk/A (sky130_fd_sc_hd__clkbuf_16)
    10    0.04    0.04    0.10    0.19 ^ clkbuf_2_3__f_clk/X (sky130_fd_sc_hd__clkbuf_16)
                                         clknet_2_3__leaf_clk (net)
                  0.04    0.00    0.19 ^ _336_/CLK (sky130_fd_sc_hd__dfrtp_4)
     6    0.04    0.08    0.34    0.53 v _336_/Q (sky130_fd_sc_hd__dfrtp_4)
                                         counter.one_second_counter[13] (net)
                  0.08    0.00    0.54 v _174_/D (sky130_fd_sc_hd__and4_1)
     2    0.01    0.06    0.18    0.72 v _174_/X (sky130_fd_sc_hd__and4_1)
                                         _076_ (net)
                  0.06    0.00    0.72 v _175_/D (sky130_fd_sc_hd__or4_1)
     1    0.01    0.09    0.27    0.99 v _175_/X (sky130_fd_sc_hd__or4_1)
                                         _077_ (net)
                  0.09    0.00    0.99 v _178_/A3 (sky130_fd_sc_hd__o31a_1)
     1    0.01    0.07    0.20    1.19 v _178_/X (sky130_fd_sc_hd__o31a_1)
                                         _080_ (net)
                  0.07    0.00    1.19 v _180_/A2 (sky130_fd_sc_hd__o211ai_4)
     3    0.03    0.22    0.21    1.40 ^ _180_/Y (sky130_fd_sc_hd__o211ai_4)
                                         _082_ (net)
                  0.22    0.00    1.40 ^ _181_/A2 (sky130_fd_sc_hd__a21bo_4)
    10    0.06    0.16    0.19    1.59 ^ _181_/X (sky130_fd_sc_hd__a21bo_4)
                                         _083_ (net)
                  0.16    0.01    1.59 ^ _182_/A (sky130_fd_sc_hd__clkinv_4)
    10    0.07    0.12    0.12    1.71 v _182_/Y (sky130_fd_sc_hd__clkinv_4)
                                         _000_ (net)
                  0.12    0.00    1.72 v _266_/A (sky130_fd_sc_hd__nor3_1)
     1    0.01    0.31    0.30    2.02 ^ _266_/Y (sky130_fd_sc_hd__nor3_1)
                                         _015_ (net)
                  0.31    0.00    2.02 ^ _345_/D (sky130_fd_sc_hd__dfrtp_2)
                                  2.02   data arrival time

                         10.00   10.00   clock core_clock (rise edge)
                          0.00   10.00   clock source latency
     1    0.02    0.00    0.00   10.00 ^ clk (in)
                                         clk (net)
                  0.00    0.00   10.00 ^ clkbuf_0_clk/A (sky130_fd_sc_hd__clkbuf_16)
     4    0.04    0.05    0.09   10.09 ^ clkbuf_0_clk/X (sky130_fd_sc_hd__clkbuf_16)
                                         clknet_0_clk (net)
                  0.05    0.00   10.09 ^ clkbuf_2_1__f_clk/A (sky130_fd_sc_hd__clkbuf_16)
     8    0.03    0.04    0.10   10.19 ^ clkbuf_2_1__f_clk/X (sky130_fd_sc_hd__clkbuf_16)
                                         clknet_2_1__leaf_clk (net)
                  0.04    0.00   10.19 ^ _345_/CLK (sky130_fd_sc_hd__dfrtp_2)
                          0.00   10.19   clock reconvergence pessimism
                         -0.06   10.13   library setup time
                                 10.13   data required time
-----------------------------------------------------------------------------
                                 10.13   data required time
                                 -2.02   data arrival time
-----------------------------------------------------------------------------
                                  8.11   slack (MET)


Startpoint: _327_ (rising edge-triggered flip-flop clocked by core_clock)
Endpoint: _348_ (rising edge-triggered flip-flop clocked by core_clock)
Path Group: core_clock
Path Type: max
Corner: Fastest

Fanout     Cap    Slew   Delay    Time   Description
-----------------------------------------------------------------------------
                          0.00    0.00   clock core_clock (rise edge)
                          0.00    0.00   clock source latency
     1    0.02    0.00    0.00    0.00 ^ clk (in)
                                         clk (net)
                  0.00    0.00    0.00 ^ clkbuf_0_clk/A (sky130_fd_sc_hd__clkbuf_16)
     4    0.04    0.05    0.09    0.09 ^ clkbuf_0_clk/X (sky130_fd_sc_hd__clkbuf_16)
                                         clknet_0_clk (net)
                  0.05    0.00    0.09 ^ clkbuf_2_2__f_clk/A (sky130_fd_sc_hd__clkbuf_16)
    10    0.04    0.05    0.10    0.20 ^ clkbuf_2_2__f_clk/X (sky130_fd_sc_hd__clkbuf_16)
                                         clknet_2_2__leaf_clk (net)
                  0.05    0.00    0.20 ^ _327_/CLK (sky130_fd_sc_hd__dfrtp_2)
     5    0.04    0.14    0.31    0.50 ^ _327_/Q (sky130_fd_sc_hd__dfrtp_2)
                                         counter.one_second_counter[4] (net)
                  0.14    0.00    0.50 ^ _172_/D (sky130_fd_sc_hd__and4_1)
     3    0.02    0.18    0.23    0.73 ^ _172_/X (sky130_fd_sc_hd__and4_1)
                                         _074_ (net)
                  0.18    0.00    0.73 ^ _214_/D (sky130_fd_sc_hd__and4_2)
     6    0.05    0.21    0.28    1.01 ^ _214_/X (sky130_fd_sc_hd__and4_2)
                                         _106_ (net)
                  0.21    0.01    1.02 ^ _239_/D (sky130_fd_sc_hd__and4_1)
     1    0.01    0.08    0.17    1.19 ^ _239_/X (sky130_fd_sc_hd__and4_1)
                                         _125_ (net)
                  0.08    0.00    1.19 ^ _240_/A (sky130_fd_sc_hd__clkbuf_4)
     9    0.06    0.14    0.18    1.36 ^ _240_/X (sky130_fd_sc_hd__clkbuf_4)
                                         _126_ (net)
                  0.14    0.00    1.36 ^ _268_/A (sky130_fd_sc_hd__nand2_2)
     5    0.03    0.10    0.10    1.46 v _268_/Y (sky130_fd_sc_hd__nand2_2)
                                         _146_ (net)
                  0.10    0.00    1.47 v _274_/C (sky130_fd_sc_hd__or3_1)
     1    0.01    0.08    0.24    1.70 v _274_/X (sky130_fd_sc_hd__or3_1)
                                         _150_ (net)
                  0.08    0.00    1.70 v _275_/C (sky130_fd_sc_hd__and3_1)
     1    0.02    0.07    0.18    1.88 v _275_/X (sky130_fd_sc_hd__and3_1)
                                         _151_ (net)
                  0.07    0.00    1.88 v _276_/A (sky130_fd_sc_hd__buf_1)
     1    0.02    0.06    0.11    1.99 v _276_/X (sky130_fd_sc_hd__buf_1)
                                         _018_ (net)
                  0.06    0.00    1.99 v _348_/D (sky130_fd_sc_hd__dfrtp_2)
                                  1.99   data arrival time

                         10.00   10.00   clock core_clock (rise edge)
                          0.00   10.00   clock source latency
     1    0.02    0.00    0.00   10.00 ^ clk (in)
                                         clk (net)
                  0.00    0.00   10.00 ^ clkbuf_0_clk/A (sky130_fd_sc_hd__clkbuf_16)
     4    0.04    0.05    0.09   10.09 ^ clkbuf_0_clk/X (sky130_fd_sc_hd__clkbuf_16)
                                         clknet_0_clk (net)
                  0.05    0.00   10.09 ^ clkbuf_2_0__f_clk/A (sky130_fd_sc_hd__clkbuf_16)
     7    0.03    0.04    0.10   10.19 ^ clkbuf_2_0__f_clk/X (sky130_fd_sc_hd__clkbuf_16)
                                         clknet_2_0__leaf_clk (net)
                  0.04    0.00   10.19 ^ _348_/CLK (sky130_fd_sc_hd__dfrtp_2)
                          0.00   10.19   clock reconvergence pessimism
                         -0.08   10.10   library setup time
                                 10.10   data required time
-----------------------------------------------------------------------------
                                 10.10   data required time
                                 -1.99   data arrival time
-----------------------------------------------------------------------------
                                  8.11   slack (MET)


Startpoint: _336_ (rising edge-triggered flip-flop clocked by core_clock)
Endpoint: _327_ (rising edge-triggered flip-flop clocked by core_clock)
Path Group: core_clock
Path Type: max
Corner: Fastest

Fanout     Cap    Slew   Delay    Time   Description
-----------------------------------------------------------------------------
                          0.00    0.00   clock core_clock (rise edge)
                          0.00    0.00   clock source latency
     1    0.02    0.00    0.00    0.00 ^ clk (in)
                                         clk (net)
                  0.00    0.00    0.00 ^ clkbuf_0_clk/A (sky130_fd_sc_hd__clkbuf_16)
     4    0.04    0.05    0.09    0.09 ^ clkbuf_0_clk/X (sky130_fd_sc_hd__clkbuf_16)
                                         clknet_0_clk (net)
                  0.05    0.00    0.09 ^ clkbuf_2_3__f_clk/A (sky130_fd_sc_hd__clkbuf_16)
    10    0.04    0.04    0.10    0.19 ^ clkbuf_2_3__f_clk/X (sky130_fd_sc_hd__clkbuf_16)
                                         clknet_2_3__leaf_clk (net)
                  0.04    0.00    0.19 ^ _336_/CLK (sky130_fd_sc_hd__dfrtp_4)
     6    0.04    0.08    0.34    0.53 v _336_/Q (sky130_fd_sc_hd__dfrtp_4)
                                         counter.one_second_counter[13] (net)
                  0.08    0.00    0.54 v _174_/D (sky130_fd_sc_hd__and4_1)
     2    0.01    0.06    0.18    0.72 v _174_/X (sky130_fd_sc_hd__and4_1)
                                         _076_ (net)
                  0.06    0.00    0.72 v _175_/D (sky130_fd_sc_hd__or4_1)
     1    0.01    0.09    0.27    0.99 v _175_/X (sky130_fd_sc_hd__or4_1)
                                         _077_ (net)
                  0.09    0.00    0.99 v _178_/A3 (sky130_fd_sc_hd__o31a_1)
     1    0.01    0.07    0.20    1.19 v _178_/X (sky130_fd_sc_hd__o31a_1)
                                         _080_ (net)
                  0.07    0.00    1.19 v _180_/A2 (sky130_fd_sc_hd__o211ai_4)
     3    0.03    0.22    0.21    1.40 ^ _180_/Y (sky130_fd_sc_hd__o211ai_4)
                                         _082_ (net)
                  0.22    0.00    1.40 ^ _181_/A2 (sky130_fd_sc_hd__a21bo_4)
    10    0.06    0.16    0.19    1.59 ^ _181_/X (sky130_fd_sc_hd__a21bo_4)
                                         _083_ (net)
                  0.16    0.01    1.59 ^ _195_/A (sky130_fd_sc_hd__buf_2)
    10    0.06    0.21    0.22    1.81 ^ _195_/X (sky130_fd_sc_hd__buf_2)
                                         _092_ (net)
                  0.21    0.00    1.81 ^ _198_/A (sky130_fd_sc_hd__and3_1)
     1    0.01    0.09    0.15    1.97 ^ _198_/X (sky130_fd_sc_hd__and3_1)
                                         _095_ (net)
                  0.09    0.00    1.97 ^ _199_/A (sky130_fd_sc_hd__clkbuf_1)
     1    0.01    0.06    0.08    2.04 ^ _199_/X (sky130_fd_sc_hd__clkbuf_1)
                                         _022_ (net)
                  0.06    0.00    2.04 ^ _327_/D (sky130_fd_sc_hd__dfrtp_2)
                                  2.04   data arrival time

                         10.00   10.00   clock core_clock (rise edge)
                          0.00   10.00   clock source latency
     1    0.02    0.00    0.00   10.00 ^ clk (in)
                                         clk (net)
                  0.00    0.00   10.00 ^ clkbuf_0_clk/A (sky130_fd_sc_hd__clkbuf_16)
     4    0.04    0.05    0.09   10.09 ^ clkbuf_0_clk/X (sky130_fd_sc_hd__clkbuf_16)
                                         clknet_0_clk (net)
                  0.05    0.00   10.09 ^ clkbuf_2_2__f_clk/A (sky130_fd_sc_hd__clkbuf_16)
    10    0.04    0.05    0.10   10.20 ^ clkbuf_2_2__f_clk/X (sky130_fd_sc_hd__clkbuf_16)
                                         clknet_2_2__leaf_clk (net)
                  0.05    0.00   10.20 ^ _327_/CLK (sky130_fd_sc_hd__dfrtp_2)
                          0.00   10.20   clock reconvergence pessimism
                         -0.04   10.16   library setup time
                                 10.16   data required time
-----------------------------------------------------------------------------
                                 10.16   data required time
                                 -2.04   data arrival time
-----------------------------------------------------------------------------
                                  8.11   slack (MET)


Startpoint: _336_ (rising edge-triggered flip-flop clocked by core_clock)
Endpoint: _338_ (rising edge-triggered flip-flop clocked by core_clock)
Path Group: core_clock
Path Type: max
Corner: Fastest

Fanout     Cap    Slew   Delay    Time   Description
-----------------------------------------------------------------------------
                          0.00    0.00   clock core_clock (rise edge)
                          0.00    0.00   clock source latency
     1    0.02    0.00    0.00    0.00 ^ clk (in)
                                         clk (net)
                  0.00    0.00    0.00 ^ clkbuf_0_clk/A (sky130_fd_sc_hd__clkbuf_16)
     4    0.04    0.05    0.09    0.09 ^ clkbuf_0_clk/X (sky130_fd_sc_hd__clkbuf_16)
                                         clknet_0_clk (net)
                  0.05    0.00    0.09 ^ clkbuf_2_3__f_clk/A (sky130_fd_sc_hd__clkbuf_16)
    10    0.04    0.04    0.10    0.19 ^ clkbuf_2_3__f_clk/X (sky130_fd_sc_hd__clkbuf_16)
                                         clknet_2_3__leaf_clk (net)
                  0.04    0.00    0.19 ^ _336_/CLK (sky130_fd_sc_hd__dfrtp_4)
     6    0.04    0.08    0.34    0.53 v _336_/Q (sky130_fd_sc_hd__dfrtp_4)
                                         counter.one_second_counter[13] (net)
                  0.08    0.00    0.54 v _174_/D (sky130_fd_sc_hd__and4_1)
     2    0.01    0.06    0.18    0.72 v _174_/X (sky130_fd_sc_hd__and4_1)
                                         _076_ (net)
                  0.06    0.00    0.72 v _175_/D (sky130_fd_sc_hd__or4_1)
     1    0.01    0.09    0.27    0.99 v _175_/X (sky130_fd_sc_hd__or4_1)
                                         _077_ (net)
                  0.09    0.00    0.99 v _178_/A3 (sky130_fd_sc_hd__o31a_1)
     1    0.01    0.07    0.20    1.19 v _178_/X (sky130_fd_sc_hd__o31a_1)
                                         _080_ (net)
                  0.07    0.00    1.19 v _180_/A2 (sky130_fd_sc_hd__o211ai_4)
     3    0.03    0.22    0.21    1.40 ^ _180_/Y (sky130_fd_sc_hd__o211ai_4)
                                         _082_ (net)
                  0.22    0.00    1.40 ^ _181_/A2 (sky130_fd_sc_hd__a21bo_4)
    10    0.06    0.16    0.19    1.59 ^ _181_/X (sky130_fd_sc_hd__a21bo_4)
                                         _083_ (net)
                  0.16    0.01    1.59 ^ _182_/A (sky130_fd_sc_hd__clkinv_4)
    10    0.07    0.12    0.12    1.71 v _182_/Y (sky130_fd_sc_hd__clkinv_4)
                                         _000_ (net)
                  0.12    0.00    1.72 v _241_/C1 (sky130_fd_sc_hd__a211oi_1)
     1    0.02    0.43    0.29    2.01 ^ _241_/Y (sky130_fd_sc_hd__a211oi_1)
                                         _007_ (net)
                  0.43    0.00    2.01 ^ _338_/D (sky130_fd_sc_hd__dfrtp_1)
                                  2.01   data arrival time

                         10.00   10.00   clock core_clock (rise edge)
                          0.00   10.00   clock source latency
     1    0.02    0.00    0.00   10.00 ^ clk (in)
                                         clk (net)
                  0.00    0.00   10.00 ^ clkbuf_0_clk/A (sky130_fd_sc_hd__clkbuf_16)
     4    0.04    0.05    0.09   10.09 ^ clkbuf_0_clk/X (sky130_fd_sc_hd__clkbuf_16)
                                         clknet_0_clk (net)
                  0.05    0.00   10.09 ^ clkbuf_2_2__f_clk/A (sky130_fd_sc_hd__clkbuf_16)
    10    0.04    0.05    0.10   10.20 ^ clkbuf_2_2__f_clk/X (sky130_fd_sc_hd__clkbuf_16)
                                         clknet_2_2__leaf_clk (net)
                  0.05    0.00   10.20 ^ _338_/CLK (sky130_fd_sc_hd__dfrtp_1)
                          0.00   10.20   clock reconvergence pessimism
                         -0.07   10.13   library setup time
                                 10.13   data required time
-----------------------------------------------------------------------------
                                 10.13   data required time
                                 -2.01   data arrival time
-----------------------------------------------------------------------------
                                  8.11   slack (MET)


Startpoint: _336_ (rising edge-triggered flip-flop clocked by core_clock)
Endpoint: _346_ (rising edge-triggered flip-flop clocked by core_clock)
Path Group: core_clock
Path Type: max
Corner: Fastest

Fanout     Cap    Slew   Delay    Time   Description
-----------------------------------------------------------------------------
                          0.00    0.00   clock core_clock (rise edge)
                          0.00    0.00   clock source latency
     1    0.02    0.00    0.00    0.00 ^ clk (in)
                                         clk (net)
                  0.00    0.00    0.00 ^ clkbuf_0_clk/A (sky130_fd_sc_hd__clkbuf_16)
     4    0.04    0.05    0.09    0.09 ^ clkbuf_0_clk/X (sky130_fd_sc_hd__clkbuf_16)
                                         clknet_0_clk (net)
                  0.05    0.00    0.09 ^ clkbuf_2_3__f_clk/A (sky130_fd_sc_hd__clkbuf_16)
    10    0.04    0.04    0.10    0.19 ^ clkbuf_2_3__f_clk/X (sky130_fd_sc_hd__clkbuf_16)
                                         clknet_2_3__leaf_clk (net)
                  0.04    0.00    0.19 ^ _336_/CLK (sky130_fd_sc_hd__dfrtp_4)
     6    0.04    0.08    0.34    0.53 v _336_/Q (sky130_fd_sc_hd__dfrtp_4)
                                         counter.one_second_counter[13] (net)
                  0.08    0.00    0.54 v _174_/D (sky130_fd_sc_hd__and4_1)
     2    0.01    0.06    0.18    0.72 v _174_/X (sky130_fd_sc_hd__and4_1)
                                         _076_ (net)
                  0.06    0.00    0.72 v _175_/D (sky130_fd_sc_hd__or4_1)
     1    0.01    0.09    0.27    0.99 v _175_/X (sky130_fd_sc_hd__or4_1)
                                         _077_ (net)
                  0.09    0.00    0.99 v _178_/A3 (sky130_fd_sc_hd__o31a_1)
     1    0.01    0.07    0.20    1.19 v _178_/X (sky130_fd_sc_hd__o31a_1)
                                         _080_ (net)
                  0.07    0.00    1.19 v _180_/A2 (sky130_fd_sc_hd__o211ai_4)
     3    0.03    0.22    0.21    1.40 ^ _180_/Y (sky130_fd_sc_hd__o211ai_4)
                                         _082_ (net)
                  0.22    0.00    1.40 ^ _181_/A2 (sky130_fd_sc_hd__a21bo_4)
    10    0.06    0.16    0.19    1.59 ^ _181_/X (sky130_fd_sc_hd__a21bo_4)
                                         _083_ (net)
                  0.16    0.01    1.59 ^ _195_/A (sky130_fd_sc_hd__buf_2)
    10    0.06    0.21    0.22    1.81 ^ _195_/X (sky130_fd_sc_hd__buf_2)
                                         _092_ (net)
                  0.21    0.00    1.81 ^ _269_/C1 (sky130_fd_sc_hd__o211a_1)
     1    0.02    0.13    0.16    1.97 ^ _269_/X (sky130_fd_sc_hd__o211a_1)
                                         _016_ (net)
                  0.13    0.00    1.97 ^ _346_/D (sky130_fd_sc_hd__dfrtp_1)
                                  1.97   data arrival time

                         10.00   10.00   clock core_clock (rise edge)
                          0.00   10.00   clock source latency
     1    0.02    0.00    0.00   10.00 ^ clk (in)
                                         clk (net)
                  0.00    0.00   10.00 ^ clkbuf_0_clk/A (sky130_fd_sc_hd__clkbuf_16)
     4    0.04    0.05    0.09   10.09 ^ clkbuf_0_clk/X (sky130_fd_sc_hd__clkbuf_16)
                                         clknet_0_clk (net)
                  0.05    0.00   10.09 ^ clkbuf_2_1__f_clk/A (sky130_fd_sc_hd__clkbuf_16)
     8    0.03    0.04    0.10   10.19 ^ clkbuf_2_1__f_clk/X (sky130_fd_sc_hd__clkbuf_16)
                                         clknet_2_1__leaf_clk (net)
                  0.04    0.00   10.19 ^ _346_/CLK (sky130_fd_sc_hd__dfrtp_1)
                          0.00   10.19   clock reconvergence pessimism
                         -0.04   10.15   library setup time
                                 10.15   data required time
-----------------------------------------------------------------------------
                                 10.15   data required time
                                 -1.97   data arrival time
-----------------------------------------------------------------------------
                                  8.18   slack (MET)


Startpoint: _336_ (rising edge-triggered flip-flop clocked by core_clock)
Endpoint: _330_ (rising edge-triggered flip-flop clocked by core_clock)
Path Group: core_clock
Path Type: max
Corner: Fastest

Fanout     Cap    Slew   Delay    Time   Description
-----------------------------------------------------------------------------
                          0.00    0.00   clock core_clock (rise edge)
                          0.00    0.00   clock source latency
     1    0.02    0.00    0.00    0.00 ^ clk (in)
                                         clk (net)
                  0.00    0.00    0.00 ^ clkbuf_0_clk/A (sky130_fd_sc_hd__clkbuf_16)
     4    0.04    0.05    0.09    0.09 ^ clkbuf_0_clk/X (sky130_fd_sc_hd__clkbuf_16)
                                         clknet_0_clk (net)
                  0.05    0.00    0.09 ^ clkbuf_2_3__f_clk/A (sky130_fd_sc_hd__clkbuf_16)
    10    0.04    0.04    0.10    0.19 ^ clkbuf_2_3__f_clk/X (sky130_fd_sc_hd__clkbuf_16)
                                         clknet_2_3__leaf_clk (net)
                  0.04    0.00    0.19 ^ _336_/CLK (sky130_fd_sc_hd__dfrtp_4)
     6    0.04    0.08    0.34    0.53 v _336_/Q (sky130_fd_sc_hd__dfrtp_4)
                                         counter.one_second_counter[13] (net)
                  0.08    0.00    0.54 v _174_/D (sky130_fd_sc_hd__and4_1)
     2    0.01    0.06    0.18    0.72 v _174_/X (sky130_fd_sc_hd__and4_1)
                                         _076_ (net)
                  0.06    0.00    0.72 v _175_/D (sky130_fd_sc_hd__or4_1)
     1    0.01    0.09    0.27    0.99 v _175_/X (sky130_fd_sc_hd__or4_1)
                                         _077_ (net)
                  0.09    0.00    0.99 v _178_/A3 (sky130_fd_sc_hd__o31a_1)
     1    0.01    0.07    0.20    1.19 v _178_/X (sky130_fd_sc_hd__o31a_1)
                                         _080_ (net)
                  0.07    0.00    1.19 v _180_/A2 (sky130_fd_sc_hd__o211ai_4)
     3    0.03    0.22    0.21    1.40 ^ _180_/Y (sky130_fd_sc_hd__o211ai_4)
                                         _082_ (net)
                  0.22    0.00    1.40 ^ _181_/A2 (sky130_fd_sc_hd__a21bo_4)
    10    0.06    0.16    0.19    1.59 ^ _181_/X (sky130_fd_sc_hd__a21bo_4)
                                         _083_ (net)
                  0.16    0.01    1.59 ^ _182_/A (sky130_fd_sc_hd__clkinv_4)
    10    0.07    0.12    0.12    1.71 v _182_/Y (sky130_fd_sc_hd__clkinv_4)
                                         _000_ (net)
                  0.12    0.00    1.72 v _208_/B1 (sky130_fd_sc_hd__a211oi_1)
     1    0.01    0.28    0.22    1.94 ^ _208_/Y (sky130_fd_sc_hd__a211oi_1)
                                         _025_ (net)
                  0.28    0.00    1.94 ^ _330_/D (sky130_fd_sc_hd__dfrtp_1)
                                  1.94   data arrival time

                         10.00   10.00   clock core_clock (rise edge)
                          0.00   10.00   clock source latency
     1    0.02    0.00    0.00   10.00 ^ clk (in)
                                         clk (net)
                  0.00    0.00   10.00 ^ clkbuf_0_clk/A (sky130_fd_sc_hd__clkbuf_16)
     4    0.04    0.05    0.09   10.09 ^ clkbuf_0_clk/X (sky130_fd_sc_hd__clkbuf_16)
                                         clknet_0_clk (net)
                  0.05    0.00   10.09 ^ clkbuf_2_1__f_clk/A (sky130_fd_sc_hd__clkbuf_16)
     8    0.03    0.04    0.10   10.19 ^ clkbuf_2_1__f_clk/X (sky130_fd_sc_hd__clkbuf_16)
                                         clknet_2_1__leaf_clk (net)
                  0.04    0.00   10.19 ^ _330_/CLK (sky130_fd_sc_hd__dfrtp_1)
                          0.00   10.19   clock reconvergence pessimism
                         -0.06   10.13   library setup time
                                 10.13   data required time
-----------------------------------------------------------------------------
                                 10.13   data required time
                                 -1.94   data arrival time
-----------------------------------------------------------------------------
                                  8.19   slack (MET)


Startpoint: _327_ (rising edge-triggered flip-flop clocked by core_clock)
Endpoint: _343_ (rising edge-triggered flip-flop clocked by core_clock)
Path Group: core_clock
Path Type: max
Corner: Fastest

Fanout     Cap    Slew   Delay    Time   Description
-----------------------------------------------------------------------------
                          0.00    0.00   clock core_clock (rise edge)
                          0.00    0.00   clock source latency
     1    0.02    0.00    0.00    0.00 ^ clk (in)
                                         clk (net)
                  0.00    0.00    0.00 ^ clkbuf_0_clk/A (sky130_fd_sc_hd__clkbuf_16)
     4    0.04    0.05    0.09    0.09 ^ clkbuf_0_clk/X (sky130_fd_sc_hd__clkbuf_16)
                                         clknet_0_clk (net)
                  0.05    0.00    0.09 ^ clkbuf_2_2__f_clk/A (sky130_fd_sc_hd__clkbuf_16)
    10    0.04    0.05    0.10    0.20 ^ clkbuf_2_2__f_clk/X (sky130_fd_sc_hd__clkbuf_16)
                                         clknet_2_2__leaf_clk (net)
                  0.05    0.00    0.20 ^ _327_/CLK (sky130_fd_sc_hd__dfrtp_2)
     5    0.04    0.14    0.31    0.50 ^ _327_/Q (sky130_fd_sc_hd__dfrtp_2)
                                         counter.one_second_counter[4] (net)
                  0.14    0.00    0.50 ^ _172_/D (sky130_fd_sc_hd__and4_1)
     3    0.02    0.18    0.23    0.73 ^ _172_/X (sky130_fd_sc_hd__and4_1)
                                         _074_ (net)
                  0.18    0.00    0.73 ^ _214_/D (sky130_fd_sc_hd__and4_2)
     6    0.05    0.21    0.28    1.01 ^ _214_/X (sky130_fd_sc_hd__and4_2)
                                         _106_ (net)
                  0.21    0.01    1.02 ^ _239_/D (sky130_fd_sc_hd__and4_1)
     1    0.01    0.08    0.17    1.19 ^ _239_/X (sky130_fd_sc_hd__and4_1)
                                         _125_ (net)
                  0.08    0.00    1.19 ^ _240_/A (sky130_fd_sc_hd__clkbuf_4)
     9    0.06    0.14    0.18    1.36 ^ _240_/X (sky130_fd_sc_hd__clkbuf_4)
                                         _126_ (net)
                  0.14    0.00    1.37 ^ _253_/A (sky130_fd_sc_hd__and2_2)
     3    0.03    0.13    0.18    1.55 ^ _253_/X (sky130_fd_sc_hd__and2_2)
                                         _135_ (net)
                  0.13    0.00    1.55 ^ _258_/B (sky130_fd_sc_hd__nand2_1)
     2    0.02    0.10    0.11    1.66 v _258_/Y (sky130_fd_sc_hd__nand2_1)
                                         _139_ (net)
                  0.10    0.00    1.66 v _259_/C (sky130_fd_sc_hd__and3_1)
     1    0.02    0.06    0.18    1.84 v _259_/X (sky130_fd_sc_hd__and3_1)
                                         _140_ (net)
                  0.06    0.00    1.84 v _260_/A (sky130_fd_sc_hd__clkbuf_1)
     1    0.01    0.03    0.08    1.92 v _260_/X (sky130_fd_sc_hd__clkbuf_1)
                                         _013_ (net)
                  0.03    0.00    1.92 v _343_/D (sky130_fd_sc_hd__dfrtp_2)
                                  1.92   data arrival time

                         10.00   10.00   clock core_clock (rise edge)
                          0.00   10.00   clock source latency
     1    0.02    0.00    0.00   10.00 ^ clk (in)
                                         clk (net)
                  0.00    0.00   10.00 ^ clkbuf_0_clk/A (sky130_fd_sc_hd__clkbuf_16)
     4    0.04    0.05    0.09   10.09 ^ clkbuf_0_clk/X (sky130_fd_sc_hd__clkbuf_16)
                                         clknet_0_clk (net)
                  0.05    0.00   10.09 ^ clkbuf_2_0__f_clk/A (sky130_fd_sc_hd__clkbuf_16)
     7    0.03    0.04    0.10   10.19 ^ clkbuf_2_0__f_clk/X (sky130_fd_sc_hd__clkbuf_16)
                                         clknet_2_0__leaf_clk (net)
                  0.04    0.00   10.19 ^ _343_/CLK (sky130_fd_sc_hd__dfrtp_2)
                          0.00   10.19   clock reconvergence pessimism
                         -0.07   10.12   library setup time
                                 10.12   data required time
-----------------------------------------------------------------------------
                                 10.12   data required time
                                 -1.92   data arrival time
-----------------------------------------------------------------------------
                                  8.20   slack (MET)


Startpoint: _336_ (rising edge-triggered flip-flop clocked by core_clock)
Endpoint: _341_ (rising edge-triggered flip-flop clocked by core_clock)
Path Group: core_clock
Path Type: max
Corner: Fastest

Fanout     Cap    Slew   Delay    Time   Description
-----------------------------------------------------------------------------
                          0.00    0.00   clock core_clock (rise edge)
                          0.00    0.00   clock source latency
     1    0.02    0.00    0.00    0.00 ^ clk (in)
                                         clk (net)
                  0.00    0.00    0.00 ^ clkbuf_0_clk/A (sky130_fd_sc_hd__clkbuf_16)
     4    0.04    0.05    0.09    0.09 ^ clkbuf_0_clk/X (sky130_fd_sc_hd__clkbuf_16)
                                         clknet_0_clk (net)
                  0.05    0.00    0.09 ^ clkbuf_2_3__f_clk/A (sky130_fd_sc_hd__clkbuf_16)
    10    0.04    0.04    0.10    0.19 ^ clkbuf_2_3__f_clk/X (sky130_fd_sc_hd__clkbuf_16)
                                         clknet_2_3__leaf_clk (net)
                  0.04    0.00    0.19 ^ _336_/CLK (sky130_fd_sc_hd__dfrtp_4)
     6    0.04    0.08    0.34    0.53 v _336_/Q (sky130_fd_sc_hd__dfrtp_4)
                                         counter.one_second_counter[13] (net)
                  0.08    0.00    0.54 v _174_/D (sky130_fd_sc_hd__and4_1)
     2    0.01    0.06    0.18    0.72 v _174_/X (sky130_fd_sc_hd__and4_1)
                                         _076_ (net)
                  0.06    0.00    0.72 v _175_/D (sky130_fd_sc_hd__or4_1)
     1    0.01    0.09    0.27    0.99 v _175_/X (sky130_fd_sc_hd__or4_1)
                                         _077_ (net)
                  0.09    0.00    0.99 v _178_/A3 (sky130_fd_sc_hd__o31a_1)
     1    0.01    0.07    0.20    1.19 v _178_/X (sky130_fd_sc_hd__o31a_1)
                                         _080_ (net)
                  0.07    0.00    1.19 v _180_/A2 (sky130_fd_sc_hd__o211ai_4)
     3    0.03    0.22    0.21    1.40 ^ _180_/Y (sky130_fd_sc_hd__o211ai_4)
                                         _082_ (net)
                  0.22    0.00    1.40 ^ _181_/A2 (sky130_fd_sc_hd__a21bo_4)
    10    0.06    0.16    0.19    1.59 ^ _181_/X (sky130_fd_sc_hd__a21bo_4)
                                         _083_ (net)
                  0.16    0.01    1.59 ^ _195_/A (sky130_fd_sc_hd__buf_2)
    10    0.06    0.21    0.22    1.81 ^ _195_/X (sky130_fd_sc_hd__buf_2)
                                         _092_ (net)
                  0.21    0.00    1.81 ^ _250_/C1 (sky130_fd_sc_hd__o221a_1)
     1    0.01    0.07    0.12    1.93 ^ _250_/X (sky130_fd_sc_hd__o221a_1)
                                         _010_ (net)
                  0.07    0.00    1.93 ^ _341_/D (sky130_fd_sc_hd__dfrtp_4)
                                  1.93   data arrival time

                         10.00   10.00   clock core_clock (rise edge)
                          0.00   10.00   clock source latency
     1    0.02    0.00    0.00   10.00 ^ clk (in)
                                         clk (net)
                  0.00    0.00   10.00 ^ clkbuf_0_clk/A (sky130_fd_sc_hd__clkbuf_16)
     4    0.04    0.05    0.09   10.09 ^ clkbuf_0_clk/X (sky130_fd_sc_hd__clkbuf_16)
                                         clknet_0_clk (net)
                  0.05    0.00   10.09 ^ clkbuf_2_3__f_clk/A (sky130_fd_sc_hd__clkbuf_16)
    10    0.04    0.04    0.10   10.19 ^ clkbuf_2_3__f_clk/X (sky130_fd_sc_hd__clkbuf_16)
                                         clknet_2_3__leaf_clk (net)
                  0.04    0.00   10.19 ^ _341_/CLK (sky130_fd_sc_hd__dfrtp_4)
                          0.00   10.19   clock reconvergence pessimism
                         -0.04   10.15   library setup time
                                 10.15   data required time
-----------------------------------------------------------------------------
                                 10.15   data required time
                                 -1.93   data arrival time
-----------------------------------------------------------------------------
                                  8.22   slack (MET)


Startpoint: _336_ (rising edge-triggered flip-flop clocked by core_clock)
Endpoint: _349_ (rising edge-triggered flip-flop clocked by core_clock)
Path Group: core_clock
Path Type: max
Corner: Fastest

Fanout     Cap    Slew   Delay    Time   Description
-----------------------------------------------------------------------------
                          0.00    0.00   clock core_clock (rise edge)
                          0.00    0.00   clock source latency
     1    0.02    0.00    0.00    0.00 ^ clk (in)
                                         clk (net)
                  0.00    0.00    0.00 ^ clkbuf_0_clk/A (sky130_fd_sc_hd__clkbuf_16)
     4    0.04    0.05    0.09    0.09 ^ clkbuf_0_clk/X (sky130_fd_sc_hd__clkbuf_16)
                                         clknet_0_clk (net)
                  0.05    0.00    0.09 ^ clkbuf_2_3__f_clk/A (sky130_fd_sc_hd__clkbuf_16)
    10    0.04    0.04    0.10    0.19 ^ clkbuf_2_3__f_clk/X (sky130_fd_sc_hd__clkbuf_16)
                                         clknet_2_3__leaf_clk (net)
                  0.04    0.00    0.19 ^ _336_/CLK (sky130_fd_sc_hd__dfrtp_4)
     6    0.04    0.08    0.34    0.53 v _336_/Q (sky130_fd_sc_hd__dfrtp_4)
                                         counter.one_second_counter[13] (net)
                  0.08    0.00    0.54 v _174_/D (sky130_fd_sc_hd__and4_1)
     2    0.01    0.06    0.18    0.72 v _174_/X (sky130_fd_sc_hd__and4_1)
                                         _076_ (net)
                  0.06    0.00    0.72 v _175_/D (sky130_fd_sc_hd__or4_1)
     1    0.01    0.09    0.27    0.99 v _175_/X (sky130_fd_sc_hd__or4_1)
                                         _077_ (net)
                  0.09    0.00    0.99 v _178_/A3 (sky130_fd_sc_hd__o31a_1)
     1    0.01    0.07    0.20    1.19 v _178_/X (sky130_fd_sc_hd__o31a_1)
                                         _080_ (net)
                  0.07    0.00    1.19 v _180_/A2 (sky130_fd_sc_hd__o211ai_4)
     3    0.03    0.22    0.21    1.40 ^ _180_/Y (sky130_fd_sc_hd__o211ai_4)
                                         _082_ (net)
                  0.22    0.00    1.40 ^ _181_/A2 (sky130_fd_sc_hd__a21bo_4)
    10    0.06    0.16    0.19    1.59 ^ _181_/X (sky130_fd_sc_hd__a21bo_4)
                                         _083_ (net)
                  0.16    0.01    1.59 ^ _195_/A (sky130_fd_sc_hd__buf_2)
    10    0.06    0.21    0.22    1.81 ^ _195_/X (sky130_fd_sc_hd__buf_2)
                                         _092_ (net)
                  0.21    0.00    1.81 ^ _278_/B1 (sky130_fd_sc_hd__o211a_1)
     1    0.01    0.07    0.12    1.93 ^ _278_/X (sky130_fd_sc_hd__o211a_1)
                                         _019_ (net)
                  0.07    0.00    1.93 ^ _349_/D (sky130_fd_sc_hd__dfrtp_1)
                                  1.93   data arrival time

                         10.00   10.00   clock core_clock (rise edge)
                          0.00   10.00   clock source latency
     1    0.02    0.00    0.00   10.00 ^ clk (in)
                                         clk (net)
                  0.00    0.00   10.00 ^ clkbuf_0_clk/A (sky130_fd_sc_hd__clkbuf_16)
     4    0.04    0.05    0.09   10.09 ^ clkbuf_0_clk/X (sky130_fd_sc_hd__clkbuf_16)
                                         clknet_0_clk (net)
                  0.05    0.00   10.09 ^ clkbuf_2_2__f_clk/A (sky130_fd_sc_hd__clkbuf_16)
    10    0.04    0.05    0.10   10.20 ^ clkbuf_2_2__f_clk/X (sky130_fd_sc_hd__clkbuf_16)
                                         clknet_2_2__leaf_clk (net)
                  0.05    0.00   10.20 ^ _349_/CLK (sky130_fd_sc_hd__dfrtp_1)
                          0.00   10.20   clock reconvergence pessimism
                         -0.04   10.16   library setup time
                                 10.16   data required time
-----------------------------------------------------------------------------
                                 10.16   data required time
                                 -1.93   data arrival time
-----------------------------------------------------------------------------
                                  8.23   slack (MET)


Startpoint: _336_ (rising edge-triggered flip-flop clocked by core_clock)
Endpoint: _340_ (rising edge-triggered flip-flop clocked by core_clock)
Path Group: core_clock
Path Type: max
Corner: Fastest

Fanout     Cap    Slew   Delay    Time   Description
-----------------------------------------------------------------------------
                          0.00    0.00   clock core_clock (rise edge)
                          0.00    0.00   clock source latency
     1    0.02    0.00    0.00    0.00 ^ clk (in)
                                         clk (net)
                  0.00    0.00    0.00 ^ clkbuf_0_clk/A (sky130_fd_sc_hd__clkbuf_16)
     4    0.04    0.05    0.09    0.09 ^ clkbuf_0_clk/X (sky130_fd_sc_hd__clkbuf_16)
                                         clknet_0_clk (net)
                  0.05    0.00    0.09 ^ clkbuf_2_3__f_clk/A (sky130_fd_sc_hd__clkbuf_16)
    10    0.04    0.04    0.10    0.19 ^ clkbuf_2_3__f_clk/X (sky130_fd_sc_hd__clkbuf_16)
                                         clknet_2_3__leaf_clk (net)
                  0.04    0.00    0.19 ^ _336_/CLK (sky130_fd_sc_hd__dfrtp_4)
     6    0.04    0.08    0.34    0.53 v _336_/Q (sky130_fd_sc_hd__dfrtp_4)
                                         counter.one_second_counter[13] (net)
                  0.08    0.00    0.54 v _174_/D (sky130_fd_sc_hd__and4_1)
     2    0.01    0.06    0.18    0.72 v _174_/X (sky130_fd_sc_hd__and4_1)
                                         _076_ (net)
                  0.06    0.00    0.72 v _175_/D (sky130_fd_sc_hd__or4_1)
     1    0.01    0.09    0.27    0.99 v _175_/X (sky130_fd_sc_hd__or4_1)
                                         _077_ (net)
                  0.09    0.00    0.99 v _178_/A3 (sky130_fd_sc_hd__o31a_1)
     1    0.01    0.07    0.20    1.19 v _178_/X (sky130_fd_sc_hd__o31a_1)
                                         _080_ (net)
                  0.07    0.00    1.19 v _180_/A2 (sky130_fd_sc_hd__o211ai_4)
     3    0.03    0.22    0.21    1.40 ^ _180_/Y (sky130_fd_sc_hd__o211ai_4)
                                         _082_ (net)
                  0.22    0.00    1.40 ^ _181_/A2 (sky130_fd_sc_hd__a21bo_4)
    10    0.06    0.16    0.19    1.59 ^ _181_/X (sky130_fd_sc_hd__a21bo_4)
                                         _083_ (net)
                  0.16    0.01    1.59 ^ _182_/A (sky130_fd_sc_hd__clkinv_4)
    10    0.07    0.12    0.12    1.71 v _182_/Y (sky130_fd_sc_hd__clkinv_4)
                                         _000_ (net)
                  0.12    0.00    1.72 v _247_/A (sky130_fd_sc_hd__nor2_1)
     1    0.01    0.17    0.18    1.90 ^ _247_/Y (sky130_fd_sc_hd__nor2_1)
                                         _009_ (net)
                  0.17    0.00    1.90 ^ _340_/D (sky130_fd_sc_hd__dfrtp_4)
                                  1.90   data arrival time

                         10.00   10.00   clock core_clock (rise edge)
                          0.00   10.00   clock source latency
     1    0.02    0.00    0.00   10.00 ^ clk (in)
                                         clk (net)
                  0.00    0.00   10.00 ^ clkbuf_0_clk/A (sky130_fd_sc_hd__clkbuf_16)
     4    0.04    0.05    0.09   10.09 ^ clkbuf_0_clk/X (sky130_fd_sc_hd__clkbuf_16)
                                         clknet_0_clk (net)
                  0.05    0.00   10.09 ^ clkbuf_2_3__f_clk/A (sky130_fd_sc_hd__clkbuf_16)
    10    0.04    0.04    0.10   10.19 ^ clkbuf_2_3__f_clk/X (sky130_fd_sc_hd__clkbuf_16)
                                         clknet_2_3__leaf_clk (net)
                  0.04    0.00   10.19 ^ _340_/CLK (sky130_fd_sc_hd__dfrtp_4)
                          0.00   10.19   clock reconvergence pessimism
                         -0.05   10.14   library setup time
                                 10.14   data required time
-----------------------------------------------------------------------------
                                 10.14   data required time
                                 -1.90   data arrival time
-----------------------------------------------------------------------------
                                  8.24   slack (MET)


Startpoint: _327_ (rising edge-triggered flip-flop clocked by core_clock)
Endpoint: _347_ (rising edge-triggered flip-flop clocked by core_clock)
Path Group: core_clock
Path Type: max
Corner: Fastest

Fanout     Cap    Slew   Delay    Time   Description
-----------------------------------------------------------------------------
                          0.00    0.00   clock core_clock (rise edge)
                          0.00    0.00   clock source latency
     1    0.02    0.00    0.00    0.00 ^ clk (in)
                                         clk (net)
                  0.00    0.00    0.00 ^ clkbuf_0_clk/A (sky130_fd_sc_hd__clkbuf_16)
     4    0.04    0.05    0.09    0.09 ^ clkbuf_0_clk/X (sky130_fd_sc_hd__clkbuf_16)
                                         clknet_0_clk (net)
                  0.05    0.00    0.09 ^ clkbuf_2_2__f_clk/A (sky130_fd_sc_hd__clkbuf_16)
    10    0.04    0.05    0.10    0.20 ^ clkbuf_2_2__f_clk/X (sky130_fd_sc_hd__clkbuf_16)
                                         clknet_2_2__leaf_clk (net)
                  0.05    0.00    0.20 ^ _327_/CLK (sky130_fd_sc_hd__dfrtp_2)
     5    0.04    0.14    0.31    0.50 ^ _327_/Q (sky130_fd_sc_hd__dfrtp_2)
                                         counter.one_second_counter[4] (net)
                  0.14    0.00    0.50 ^ _172_/D (sky130_fd_sc_hd__and4_1)
     3    0.02    0.18    0.23    0.73 ^ _172_/X (sky130_fd_sc_hd__and4_1)
                                         _074_ (net)
                  0.18    0.00    0.73 ^ _214_/D (sky130_fd_sc_hd__and4_2)
     6    0.05    0.21    0.28    1.01 ^ _214_/X (sky130_fd_sc_hd__and4_2)
                                         _106_ (net)
                  0.21    0.01    1.02 ^ _239_/D (sky130_fd_sc_hd__and4_1)
     1    0.01    0.08    0.17    1.19 ^ _239_/X (sky130_fd_sc_hd__and4_1)
                                         _125_ (net)
                  0.08    0.00    1.19 ^ _240_/A (sky130_fd_sc_hd__clkbuf_4)
     9    0.06    0.14    0.18    1.36 ^ _240_/X (sky130_fd_sc_hd__clkbuf_4)
                                         _126_ (net)
                  0.14    0.00    1.36 ^ _268_/A (sky130_fd_sc_hd__nand2_2)
     5    0.03    0.10    0.10    1.46 v _268_/Y (sky130_fd_sc_hd__nand2_2)
                                         _146_ (net)
                  0.10    0.00    1.47 v _271_/B (sky130_fd_sc_hd__xnor2_1)
     1    0.02    0.36    0.31    1.78 ^ _271_/Y (sky130_fd_sc_hd__xnor2_1)
                                         _148_ (net)
                  0.36    0.00    1.78 ^ _272_/B (sky130_fd_sc_hd__nor2_1)
     1    0.01    0.10    0.07    1.86 v _272_/Y (sky130_fd_sc_hd__nor2_1)
                                         _017_ (net)
                  0.10    0.00    1.86 v _347_/D (sky130_fd_sc_hd__dfrtp_4)
                                  1.86   data arrival time

                         10.00   10.00   clock core_clock (rise edge)
                          0.00   10.00   clock source latency
     1    0.02    0.00    0.00   10.00 ^ clk (in)
                                         clk (net)
                  0.00    0.00   10.00 ^ clkbuf_0_clk/A (sky130_fd_sc_hd__clkbuf_16)
     4    0.04    0.05    0.09   10.09 ^ clkbuf_0_clk/X (sky130_fd_sc_hd__clkbuf_16)
                                         clknet_0_clk (net)
                  0.05    0.00   10.09 ^ clkbuf_2_2__f_clk/A (sky130_fd_sc_hd__clkbuf_16)
    10    0.04    0.05    0.10   10.20 ^ clkbuf_2_2__f_clk/X (sky130_fd_sc_hd__clkbuf_16)
                                         clknet_2_2__leaf_clk (net)
                  0.05    0.00   10.20 ^ _347_/CLK (sky130_fd_sc_hd__dfrtp_4)
                          0.00   10.20   clock reconvergence pessimism
                         -0.10   10.10   library setup time
                                 10.10   data required time
-----------------------------------------------------------------------------
                                 10.10   data required time
                                 -1.86   data arrival time
-----------------------------------------------------------------------------
                                  8.24   slack (MET)


Startpoint: _336_ (rising edge-triggered flip-flop clocked by core_clock)
Endpoint: _323_ (rising edge-triggered flip-flop clocked by core_clock)
Path Group: core_clock
Path Type: max
Corner: Fastest

Fanout     Cap    Slew   Delay    Time   Description
-----------------------------------------------------------------------------
                          0.00    0.00   clock core_clock (rise edge)
                          0.00    0.00   clock source latency
     1    0.02    0.00    0.00    0.00 ^ clk (in)
                                         clk (net)
                  0.00    0.00    0.00 ^ clkbuf_0_clk/A (sky130_fd_sc_hd__clkbuf_16)
     4    0.04    0.05    0.09    0.09 ^ clkbuf_0_clk/X (sky130_fd_sc_hd__clkbuf_16)
                                         clknet_0_clk (net)
                  0.05    0.00    0.09 ^ clkbuf_2_3__f_clk/A (sky130_fd_sc_hd__clkbuf_16)
    10    0.04    0.04    0.10    0.19 ^ clkbuf_2_3__f_clk/X (sky130_fd_sc_hd__clkbuf_16)
                                         clknet_2_3__leaf_clk (net)
                  0.04    0.00    0.19 ^ _336_/CLK (sky130_fd_sc_hd__dfrtp_4)
     6    0.04    0.08    0.34    0.53 v _336_/Q (sky130_fd_sc_hd__dfrtp_4)
                                         counter.one_second_counter[13] (net)
                  0.08    0.00    0.54 v _174_/D (sky130_fd_sc_hd__and4_1)
     2    0.01    0.06    0.18    0.72 v _174_/X (sky130_fd_sc_hd__and4_1)
                                         _076_ (net)
                  0.06    0.00    0.72 v _175_/D (sky130_fd_sc_hd__or4_1)
     1    0.01    0.09    0.27    0.99 v _175_/X (sky130_fd_sc_hd__or4_1)
                                         _077_ (net)
                  0.09    0.00    0.99 v _178_/A3 (sky130_fd_sc_hd__o31a_1)
     1    0.01    0.07    0.20    1.19 v _178_/X (sky130_fd_sc_hd__o31a_1)
                                         _080_ (net)
                  0.07    0.00    1.19 v _180_/A2 (sky130_fd_sc_hd__o211ai_4)
     3    0.03    0.22    0.21    1.40 ^ _180_/Y (sky130_fd_sc_hd__o211ai_4)
                                         _082_ (net)
                  0.22    0.00    1.40 ^ _181_/A2 (sky130_fd_sc_hd__a21bo_4)
    10    0.06    0.16    0.19    1.59 ^ _181_/X (sky130_fd_sc_hd__a21bo_4)
                                         _083_ (net)
                  0.16    0.01    1.59 ^ _182_/A (sky130_fd_sc_hd__clkinv_4)
    10    0.07    0.12    0.12    1.71 v _182_/Y (sky130_fd_sc_hd__clkinv_4)
                                         _000_ (net)
                  0.12    0.00    1.72 v _183_/B (sky130_fd_sc_hd__nor2_1)
     1    0.01    0.18    0.18    1.89 ^ _183_/Y (sky130_fd_sc_hd__nor2_1)
                                         _001_ (net)
                  0.18    0.00    1.89 ^ _323_/D (sky130_fd_sc_hd__dfrtp_4)
                                  1.89   data arrival time

                         10.00   10.00   clock core_clock (rise edge)
                          0.00   10.00   clock source latency
     1    0.02    0.00    0.00   10.00 ^ clk (in)
                                         clk (net)
                  0.00    0.00   10.00 ^ clkbuf_0_clk/A (sky130_fd_sc_hd__clkbuf_16)
     4    0.04    0.05    0.09   10.09 ^ clkbuf_0_clk/X (sky130_fd_sc_hd__clkbuf_16)
                                         clknet_0_clk (net)
                  0.05    0.00   10.09 ^ clkbuf_2_3__f_clk/A (sky130_fd_sc_hd__clkbuf_16)
    10    0.04    0.04    0.10   10.19 ^ clkbuf_2_3__f_clk/X (sky130_fd_sc_hd__clkbuf_16)
                                         clknet_2_3__leaf_clk (net)
                  0.04    0.00   10.19 ^ _323_/CLK (sky130_fd_sc_hd__dfrtp_4)
                          0.00   10.19   clock reconvergence pessimism
                         -0.05   10.14   library setup time
                                 10.14   data required time
-----------------------------------------------------------------------------
                                 10.14   data required time
                                 -1.89   data arrival time
-----------------------------------------------------------------------------
                                  8.25   slack (MET)


Startpoint: _336_ (rising edge-triggered flip-flop clocked by core_clock)
Endpoint: _335_ (rising edge-triggered flip-flop clocked by core_clock)
Path Group: core_clock
Path Type: max
Corner: Fastest

Fanout     Cap    Slew   Delay    Time   Description
-----------------------------------------------------------------------------
                          0.00    0.00   clock core_clock (rise edge)
                          0.00    0.00   clock source latency
     1    0.02    0.00    0.00    0.00 ^ clk (in)
                                         clk (net)
                  0.00    0.00    0.00 ^ clkbuf_0_clk/A (sky130_fd_sc_hd__clkbuf_16)
     4    0.04    0.05    0.09    0.09 ^ clkbuf_0_clk/X (sky130_fd_sc_hd__clkbuf_16)
                                         clknet_0_clk (net)
                  0.05    0.00    0.09 ^ clkbuf_2_3__f_clk/A (sky130_fd_sc_hd__clkbuf_16)
    10    0.04    0.04    0.10    0.19 ^ clkbuf_2_3__f_clk/X (sky130_fd_sc_hd__clkbuf_16)
                                         clknet_2_3__leaf_clk (net)
                  0.04    0.00    0.19 ^ _336_/CLK (sky130_fd_sc_hd__dfrtp_4)
     6    0.04    0.08    0.34    0.53 v _336_/Q (sky130_fd_sc_hd__dfrtp_4)
                                         counter.one_second_counter[13] (net)
                  0.08    0.00    0.54 v _174_/D (sky130_fd_sc_hd__and4_1)
     2    0.01    0.06    0.18    0.72 v _174_/X (sky130_fd_sc_hd__and4_1)
                                         _076_ (net)
                  0.06    0.00    0.72 v _175_/D (sky130_fd_sc_hd__or4_1)
     1    0.01    0.09    0.27    0.99 v _175_/X (sky130_fd_sc_hd__or4_1)
                                         _077_ (net)
                  0.09    0.00    0.99 v _178_/A3 (sky130_fd_sc_hd__o31a_1)
     1    0.01    0.07    0.20    1.19 v _178_/X (sky130_fd_sc_hd__o31a_1)
                                         _080_ (net)
                  0.07    0.00    1.19 v _180_/A2 (sky130_fd_sc_hd__o211ai_4)
     3    0.03    0.22    0.21    1.40 ^ _180_/Y (sky130_fd_sc_hd__o211ai_4)
                                         _082_ (net)
                  0.22    0.00    1.40 ^ _181_/A2 (sky130_fd_sc_hd__a21bo_4)
    10    0.06    0.16    0.19    1.59 ^ _181_/X (sky130_fd_sc_hd__a21bo_4)
                                         _083_ (net)
                  0.16    0.01    1.59 ^ _182_/A (sky130_fd_sc_hd__clkinv_4)
    10    0.07    0.12    0.12    1.71 v _182_/Y (sky130_fd_sc_hd__clkinv_4)
                                         _000_ (net)
                  0.12    0.00    1.72 v _229_/A (sky130_fd_sc_hd__nor3_1)
     1    0.01    0.15    0.18    1.90 ^ _229_/Y (sky130_fd_sc_hd__nor3_1)
                                         _004_ (net)
                  0.15    0.00    1.90 ^ _335_/D (sky130_fd_sc_hd__dfrtp_1)
                                  1.90   data arrival time

                         10.00   10.00   clock core_clock (rise edge)
                          0.00   10.00   clock source latency
     1    0.02    0.00    0.00   10.00 ^ clk (in)
                                         clk (net)
                  0.00    0.00   10.00 ^ clkbuf_0_clk/A (sky130_fd_sc_hd__clkbuf_16)
     4    0.04    0.05    0.09   10.09 ^ clkbuf_0_clk/X (sky130_fd_sc_hd__clkbuf_16)
                                         clknet_0_clk (net)
                  0.05    0.00   10.09 ^ clkbuf_2_2__f_clk/A (sky130_fd_sc_hd__clkbuf_16)
    10    0.04    0.05    0.10   10.20 ^ clkbuf_2_2__f_clk/X (sky130_fd_sc_hd__clkbuf_16)
                                         clknet_2_2__leaf_clk (net)
                  0.05    0.00   10.20 ^ _335_/CLK (sky130_fd_sc_hd__dfrtp_1)
                          0.00   10.20   clock reconvergence pessimism
                         -0.04   10.15   library setup time
                                 10.15   data required time
-----------------------------------------------------------------------------
                                 10.15   data required time
                                 -1.90   data arrival time
-----------------------------------------------------------------------------
                                  8.25   slack (MET)


Startpoint: _327_ (rising edge-triggered flip-flop clocked by core_clock)
Endpoint: _344_ (rising edge-triggered flip-flop clocked by core_clock)
Path Group: core_clock
Path Type: max
Corner: Fastest

Fanout     Cap    Slew   Delay    Time   Description
-----------------------------------------------------------------------------
                          0.00    0.00   clock core_clock (rise edge)
                          0.00    0.00   clock source latency
     1    0.02    0.00    0.00    0.00 ^ clk (in)
                                         clk (net)
                  0.00    0.00    0.00 ^ clkbuf_0_clk/A (sky130_fd_sc_hd__clkbuf_16)
     4    0.04    0.05    0.09    0.09 ^ clkbuf_0_clk/X (sky130_fd_sc_hd__clkbuf_16)
                                         clknet_0_clk (net)
                  0.05    0.00    0.09 ^ clkbuf_2_2__f_clk/A (sky130_fd_sc_hd__clkbuf_16)
    10    0.04    0.05    0.10    0.20 ^ clkbuf_2_2__f_clk/X (sky130_fd_sc_hd__clkbuf_16)
                                         clknet_2_2__leaf_clk (net)
                  0.05    0.00    0.20 ^ _327_/CLK (sky130_fd_sc_hd__dfrtp_2)
     5    0.04    0.14    0.31    0.50 ^ _327_/Q (sky130_fd_sc_hd__dfrtp_2)
                                         counter.one_second_counter[4] (net)
                  0.14    0.00    0.50 ^ _172_/D (sky130_fd_sc_hd__and4_1)
     3    0.02    0.18    0.23    0.73 ^ _172_/X (sky130_fd_sc_hd__and4_1)
                                         _074_ (net)
                  0.18    0.00    0.73 ^ _214_/D (sky130_fd_sc_hd__and4_2)
     6    0.05    0.21    0.28    1.01 ^ _214_/X (sky130_fd_sc_hd__and4_2)
                                         _106_ (net)
                  0.21    0.01    1.02 ^ _239_/D (sky130_fd_sc_hd__and4_1)
     1    0.01    0.08    0.17    1.19 ^ _239_/X (sky130_fd_sc_hd__and4_1)
                                         _125_ (net)
                  0.08    0.00    1.19 ^ _240_/A (sky130_fd_sc_hd__clkbuf_4)
     9    0.06    0.14    0.18    1.36 ^ _240_/X (sky130_fd_sc_hd__clkbuf_4)
                                         _126_ (net)
                  0.14    0.00    1.37 ^ _253_/A (sky130_fd_sc_hd__and2_2)
     3    0.03    0.13    0.18    1.55 ^ _253_/X (sky130_fd_sc_hd__and2_2)
                                         _135_ (net)
                  0.13    0.00    1.55 ^ _258_/B (sky130_fd_sc_hd__nand2_1)
     2    0.02    0.10    0.11    1.66 v _258_/Y (sky130_fd_sc_hd__nand2_1)
                                         _139_ (net)
                  0.10    0.00    1.66 v _263_/A2 (sky130_fd_sc_hd__a211oi_1)
     1    0.01    0.17    0.21    1.87 ^ _263_/Y (sky130_fd_sc_hd__a211oi_1)
                                         _014_ (net)
                  0.17    0.00    1.87 ^ _344_/D (sky130_fd_sc_hd__dfrtp_2)
                                  1.87   data arrival time

                         10.00   10.00   clock core_clock (rise edge)
                          0.00   10.00   clock source latency
     1    0.02    0.00    0.00   10.00 ^ clk (in)
                                         clk (net)
                  0.00    0.00   10.00 ^ clkbuf_0_clk/A (sky130_fd_sc_hd__clkbuf_16)
     4    0.04    0.05    0.09   10.09 ^ clkbuf_0_clk/X (sky130_fd_sc_hd__clkbuf_16)
                                         clknet_0_clk (net)
                  0.05    0.00   10.09 ^ clkbuf_2_1__f_clk/A (sky130_fd_sc_hd__clkbuf_16)
     8    0.03    0.04    0.10   10.19 ^ clkbuf_2_1__f_clk/X (sky130_fd_sc_hd__clkbuf_16)
                                         clknet_2_1__leaf_clk (net)
                  0.04    0.00   10.19 ^ _344_/CLK (sky130_fd_sc_hd__dfrtp_2)
                          0.00   10.19   clock reconvergence pessimism
                         -0.05   10.14   library setup time
                                 10.14   data required time
-----------------------------------------------------------------------------
                                 10.14   data required time
                                 -1.87   data arrival time
-----------------------------------------------------------------------------
                                  8.27   slack (MET)


Startpoint: _336_ (rising edge-triggered flip-flop clocked by core_clock)
Endpoint: _324_ (rising edge-triggered flip-flop clocked by core_clock)
Path Group: core_clock
Path Type: max
Corner: Fastest

Fanout     Cap    Slew   Delay    Time   Description
-----------------------------------------------------------------------------
                          0.00    0.00   clock core_clock (rise edge)
                          0.00    0.00   clock source latency
     1    0.02    0.00    0.00    0.00 ^ clk (in)
                                         clk (net)
                  0.00    0.00    0.00 ^ clkbuf_0_clk/A (sky130_fd_sc_hd__clkbuf_16)
     4    0.04    0.05    0.09    0.09 ^ clkbuf_0_clk/X (sky130_fd_sc_hd__clkbuf_16)
                                         clknet_0_clk (net)
                  0.05    0.00    0.09 ^ clkbuf_2_3__f_clk/A (sky130_fd_sc_hd__clkbuf_16)
    10    0.04    0.04    0.10    0.19 ^ clkbuf_2_3__f_clk/X (sky130_fd_sc_hd__clkbuf_16)
                                         clknet_2_3__leaf_clk (net)
                  0.04    0.00    0.19 ^ _336_/CLK (sky130_fd_sc_hd__dfrtp_4)
     6    0.04    0.08    0.34    0.53 v _336_/Q (sky130_fd_sc_hd__dfrtp_4)
                                         counter.one_second_counter[13] (net)
                  0.08    0.00    0.54 v _174_/D (sky130_fd_sc_hd__and4_1)
     2    0.01    0.06    0.18    0.72 v _174_/X (sky130_fd_sc_hd__and4_1)
                                         _076_ (net)
                  0.06    0.00    0.72 v _175_/D (sky130_fd_sc_hd__or4_1)
     1    0.01    0.09    0.27    0.99 v _175_/X (sky130_fd_sc_hd__or4_1)
                                         _077_ (net)
                  0.09    0.00    0.99 v _178_/A3 (sky130_fd_sc_hd__o31a_1)
     1    0.01    0.07    0.20    1.19 v _178_/X (sky130_fd_sc_hd__o31a_1)
                                         _080_ (net)
                  0.07    0.00    1.19 v _180_/A2 (sky130_fd_sc_hd__o211ai_4)
     3    0.03    0.22    0.21    1.40 ^ _180_/Y (sky130_fd_sc_hd__o211ai_4)
                                         _082_ (net)
                  0.22    0.00    1.40 ^ _181_/A2 (sky130_fd_sc_hd__a21bo_4)
    10    0.06    0.16    0.19    1.59 ^ _181_/X (sky130_fd_sc_hd__a21bo_4)
                                         _083_ (net)
                  0.16    0.01    1.59 ^ _186_/B (sky130_fd_sc_hd__and3_1)
     1    0.01    0.10    0.16    1.75 ^ _186_/X (sky130_fd_sc_hd__and3_1)
                                         _086_ (net)
                  0.10    0.00    1.75 ^ _187_/A (sky130_fd_sc_hd__clkbuf_1)
     1    0.01    0.10    0.11    1.86 ^ _187_/X (sky130_fd_sc_hd__clkbuf_1)
                                         _012_ (net)
                  0.10    0.00    1.86 ^ _324_/D (sky130_fd_sc_hd__dfrtp_4)
                                  1.86   data arrival time

                         10.00   10.00   clock core_clock (rise edge)
                          0.00   10.00   clock source latency
     1    0.02    0.00    0.00   10.00 ^ clk (in)
                                         clk (net)
                  0.00    0.00   10.00 ^ clkbuf_0_clk/A (sky130_fd_sc_hd__clkbuf_16)
     4    0.04    0.05    0.09   10.09 ^ clkbuf_0_clk/X (sky130_fd_sc_hd__clkbuf_16)
                                         clknet_0_clk (net)
                  0.05    0.00   10.09 ^ clkbuf_2_1__f_clk/A (sky130_fd_sc_hd__clkbuf_16)
     8    0.03    0.04    0.10   10.19 ^ clkbuf_2_1__f_clk/X (sky130_fd_sc_hd__clkbuf_16)
                                         clknet_2_1__leaf_clk (net)
                  0.04    0.00   10.19 ^ _324_/CLK (sky130_fd_sc_hd__dfrtp_4)
                          0.00   10.19   clock reconvergence pessimism
                         -0.04   10.15   library setup time
                                 10.15   data required time
-----------------------------------------------------------------------------
                                 10.15   data required time
                                 -1.86   data arrival time
-----------------------------------------------------------------------------
                                  8.28   slack (MET)


Startpoint: _336_ (rising edge-triggered flip-flop clocked by core_clock)
Endpoint: _326_ (rising edge-triggered flip-flop clocked by core_clock)
Path Group: core_clock
Path Type: max
Corner: Fastest

Fanout     Cap    Slew   Delay    Time   Description
-----------------------------------------------------------------------------
                          0.00    0.00   clock core_clock (rise edge)
                          0.00    0.00   clock source latency
     1    0.02    0.00    0.00    0.00 ^ clk (in)
                                         clk (net)
                  0.00    0.00    0.00 ^ clkbuf_0_clk/A (sky130_fd_sc_hd__clkbuf_16)
     4    0.04    0.05    0.09    0.09 ^ clkbuf_0_clk/X (sky130_fd_sc_hd__clkbuf_16)
                                         clknet_0_clk (net)
                  0.05    0.00    0.09 ^ clkbuf_2_3__f_clk/A (sky130_fd_sc_hd__clkbuf_16)
    10    0.04    0.04    0.10    0.19 ^ clkbuf_2_3__f_clk/X (sky130_fd_sc_hd__clkbuf_16)
                                         clknet_2_3__leaf_clk (net)
                  0.04    0.00    0.19 ^ _336_/CLK (sky130_fd_sc_hd__dfrtp_4)
     6    0.04    0.08    0.34    0.53 v _336_/Q (sky130_fd_sc_hd__dfrtp_4)
                                         counter.one_second_counter[13] (net)
                  0.08    0.00    0.54 v _174_/D (sky130_fd_sc_hd__and4_1)
     2    0.01    0.06    0.18    0.72 v _174_/X (sky130_fd_sc_hd__and4_1)
                                         _076_ (net)
                  0.06    0.00    0.72 v _175_/D (sky130_fd_sc_hd__or4_1)
     1    0.01    0.09    0.27    0.99 v _175_/X (sky130_fd_sc_hd__or4_1)
                                         _077_ (net)
                  0.09    0.00    0.99 v _178_/A3 (sky130_fd_sc_hd__o31a_1)
     1    0.01    0.07    0.20    1.19 v _178_/X (sky130_fd_sc_hd__o31a_1)
                                         _080_ (net)
                  0.07    0.00    1.19 v _180_/A2 (sky130_fd_sc_hd__o211ai_4)
     3    0.03    0.22    0.21    1.40 ^ _180_/Y (sky130_fd_sc_hd__o211ai_4)
                                         _082_ (net)
                  0.22    0.00    1.40 ^ _181_/A2 (sky130_fd_sc_hd__a21bo_4)
    10    0.06    0.16    0.19    1.59 ^ _181_/X (sky130_fd_sc_hd__a21bo_4)
                                         _083_ (net)
                  0.16    0.00    1.59 ^ _193_/B (sky130_fd_sc_hd__and3b_1)
     1    0.01    0.09    0.15    1.74 ^ _193_/X (sky130_fd_sc_hd__and3b_1)
                                         _091_ (net)
                  0.09    0.00    1.74 ^ _194_/A (sky130_fd_sc_hd__buf_1)
     1    0.01    0.13    0.13    1.87 ^ _194_/X (sky130_fd_sc_hd__buf_1)
                                         _021_ (net)
                  0.13    0.00    1.87 ^ _326_/D (sky130_fd_sc_hd__dfrtp_1)
                                  1.87   data arrival time

                         10.00   10.00   clock core_clock (rise edge)
                          0.00   10.00   clock source latency
     1    0.02    0.00    0.00   10.00 ^ clk (in)
                                         clk (net)
                  0.00    0.00   10.00 ^ clkbuf_0_clk/A (sky130_fd_sc_hd__clkbuf_16)
     4    0.04    0.05    0.09   10.09 ^ clkbuf_0_clk/X (sky130_fd_sc_hd__clkbuf_16)
                                         clknet_0_clk (net)
                  0.05    0.00   10.09 ^ clkbuf_2_2__f_clk/A (sky130_fd_sc_hd__clkbuf_16)
    10    0.04    0.05    0.10   10.20 ^ clkbuf_2_2__f_clk/X (sky130_fd_sc_hd__clkbuf_16)
                                         clknet_2_2__leaf_clk (net)
                  0.05    0.00   10.20 ^ _326_/CLK (sky130_fd_sc_hd__dfrtp_1)
                          0.00   10.20   clock reconvergence pessimism
                         -0.04   10.15   library setup time
                                 10.15   data required time
-----------------------------------------------------------------------------
                                 10.15   data required time
                                 -1.87   data arrival time
-----------------------------------------------------------------------------
                                  8.28   slack (MET)


Startpoint: _336_ (rising edge-triggered flip-flop clocked by core_clock)
Endpoint: _325_ (rising edge-triggered flip-flop clocked by core_clock)
Path Group: core_clock
Path Type: max
Corner: Fastest

Fanout     Cap    Slew   Delay    Time   Description
-----------------------------------------------------------------------------
                          0.00    0.00   clock core_clock (rise edge)
                          0.00    0.00   clock source latency
     1    0.02    0.00    0.00    0.00 ^ clk (in)
                                         clk (net)
                  0.00    0.00    0.00 ^ clkbuf_0_clk/A (sky130_fd_sc_hd__clkbuf_16)
     4    0.04    0.05    0.09    0.09 ^ clkbuf_0_clk/X (sky130_fd_sc_hd__clkbuf_16)
                                         clknet_0_clk (net)
                  0.05    0.00    0.09 ^ clkbuf_2_3__f_clk/A (sky130_fd_sc_hd__clkbuf_16)
    10    0.04    0.04    0.10    0.19 ^ clkbuf_2_3__f_clk/X (sky130_fd_sc_hd__clkbuf_16)
                                         clknet_2_3__leaf_clk (net)
                  0.04    0.00    0.19 ^ _336_/CLK (sky130_fd_sc_hd__dfrtp_4)
     6    0.04    0.08    0.34    0.53 v _336_/Q (sky130_fd_sc_hd__dfrtp_4)
                                         counter.one_second_counter[13] (net)
                  0.08    0.00    0.54 v _174_/D (sky130_fd_sc_hd__and4_1)
     2    0.01    0.06    0.18    0.72 v _174_/X (sky130_fd_sc_hd__and4_1)
                                         _076_ (net)
                  0.06    0.00    0.72 v _175_/D (sky130_fd_sc_hd__or4_1)
     1    0.01    0.09    0.27    0.99 v _175_/X (sky130_fd_sc_hd__or4_1)
                                         _077_ (net)
                  0.09    0.00    0.99 v _178_/A3 (sky130_fd_sc_hd__o31a_1)
     1    0.01    0.07    0.20    1.19 v _178_/X (sky130_fd_sc_hd__o31a_1)
                                         _080_ (net)
                  0.07    0.00    1.19 v _180_/A2 (sky130_fd_sc_hd__o211ai_4)
     3    0.03    0.22    0.21    1.40 ^ _180_/Y (sky130_fd_sc_hd__o211ai_4)
                                         _082_ (net)
                  0.22    0.00    1.40 ^ _181_/A2 (sky130_fd_sc_hd__a21bo_4)
    10    0.06    0.16    0.19    1.59 ^ _181_/X (sky130_fd_sc_hd__a21bo_4)
                                         _083_ (net)
                  0.16    0.01    1.59 ^ _190_/B (sky130_fd_sc_hd__and3_1)
     1    0.01    0.10    0.16    1.75 ^ _190_/X (sky130_fd_sc_hd__and3_1)
                                         _089_ (net)
                  0.10    0.00    1.75 ^ _191_/A (sky130_fd_sc_hd__clkbuf_1)
     1    0.01    0.09    0.10    1.85 ^ _191_/X (sky130_fd_sc_hd__clkbuf_1)
                                         _020_ (net)
                  0.09    0.00    1.85 ^ _325_/D (sky130_fd_sc_hd__dfrtp_2)
                                  1.85   data arrival time

                         10.00   10.00   clock core_clock (rise edge)
                          0.00   10.00   clock source latency
     1    0.02    0.00    0.00   10.00 ^ clk (in)
                                         clk (net)
                  0.00    0.00   10.00 ^ clkbuf_0_clk/A (sky130_fd_sc_hd__clkbuf_16)
     4    0.04    0.05    0.09   10.09 ^ clkbuf_0_clk/X (sky130_fd_sc_hd__clkbuf_16)
                                         clknet_0_clk (net)
                  0.05    0.00   10.09 ^ clkbuf_2_2__f_clk/A (sky130_fd_sc_hd__clkbuf_16)
    10    0.04    0.05    0.10   10.20 ^ clkbuf_2_2__f_clk/X (sky130_fd_sc_hd__clkbuf_16)
                                         clknet_2_2__leaf_clk (net)
                  0.05    0.00   10.20 ^ _325_/CLK (sky130_fd_sc_hd__dfrtp_2)
                          0.00   10.20   clock reconvergence pessimism
                         -0.04   10.15   library setup time
                                 10.15   data required time
-----------------------------------------------------------------------------
                                 10.15   data required time
                                 -1.85   data arrival time
-----------------------------------------------------------------------------
                                  8.30   slack (MET)


Startpoint: _336_ (rising edge-triggered flip-flop clocked by core_clock)
Endpoint: _331_ (rising edge-triggered flip-flop clocked by core_clock)
Path Group: core_clock
Path Type: max
Corner: Fastest

Fanout     Cap    Slew   Delay    Time   Description
-----------------------------------------------------------------------------
                          0.00    0.00   clock core_clock (rise edge)
                          0.00    0.00   clock source latency
     1    0.02    0.00    0.00    0.00 ^ clk (in)
                                         clk (net)
                  0.00    0.00    0.00 ^ clkbuf_0_clk/A (sky130_fd_sc_hd__clkbuf_16)
     4    0.04    0.05    0.09    0.09 ^ clkbuf_0_clk/X (sky130_fd_sc_hd__clkbuf_16)
                                         clknet_0_clk (net)
                  0.05    0.00    0.09 ^ clkbuf_2_3__f_clk/A (sky130_fd_sc_hd__clkbuf_16)
    10    0.04    0.04    0.10    0.19 ^ clkbuf_2_3__f_clk/X (sky130_fd_sc_hd__clkbuf_16)
                                         clknet_2_3__leaf_clk (net)
                  0.04    0.00    0.19 ^ _336_/CLK (sky130_fd_sc_hd__dfrtp_4)
     6    0.04    0.08    0.34    0.53 v _336_/Q (sky130_fd_sc_hd__dfrtp_4)
                                         counter.one_second_counter[13] (net)
                  0.08    0.00    0.54 v _174_/D (sky130_fd_sc_hd__and4_1)
     2    0.01    0.06    0.18    0.72 v _174_/X (sky130_fd_sc_hd__and4_1)
                                         _076_ (net)
                  0.06    0.00    0.72 v _175_/D (sky130_fd_sc_hd__or4_1)
     1    0.01    0.09    0.27    0.99 v _175_/X (sky130_fd_sc_hd__or4_1)
                                         _077_ (net)
                  0.09    0.00    0.99 v _178_/A3 (sky130_fd_sc_hd__o31a_1)
     1    0.01    0.07    0.20    1.19 v _178_/X (sky130_fd_sc_hd__o31a_1)
                                         _080_ (net)
                  0.07    0.00    1.19 v _180_/A2 (sky130_fd_sc_hd__o211ai_4)
     3    0.03    0.22    0.21    1.40 ^ _180_/Y (sky130_fd_sc_hd__o211ai_4)
                                         _082_ (net)
                  0.22    0.00    1.40 ^ _181_/A2 (sky130_fd_sc_hd__a21bo_4)
    10    0.06    0.16    0.19    1.59 ^ _181_/X (sky130_fd_sc_hd__a21bo_4)
                                         _083_ (net)
                  0.16    0.00    1.59 ^ _211_/B (sky130_fd_sc_hd__and3_1)
     1    0.01    0.07    0.14    1.72 ^ _211_/X (sky130_fd_sc_hd__and3_1)
                                         _104_ (net)
                  0.07    0.00    1.72 ^ _212_/A (sky130_fd_sc_hd__clkbuf_1)
     1    0.01    0.11    0.11    1.84 ^ _212_/X (sky130_fd_sc_hd__clkbuf_1)
                                         _026_ (net)
                  0.11    0.00    1.84 ^ _331_/D (sky130_fd_sc_hd__dfrtp_2)
                                  1.84   data arrival time

                         10.00   10.00   clock core_clock (rise edge)
                          0.00   10.00   clock source latency
     1    0.02    0.00    0.00   10.00 ^ clk (in)
                                         clk (net)
                  0.00    0.00   10.00 ^ clkbuf_0_clk/A (sky130_fd_sc_hd__clkbuf_16)
     4    0.04    0.05    0.09   10.09 ^ clkbuf_0_clk/X (sky130_fd_sc_hd__clkbuf_16)
                                         clknet_0_clk (net)
                  0.05    0.00   10.09 ^ clkbuf_2_0__f_clk/A (sky130_fd_sc_hd__clkbuf_16)
     7    0.03    0.04    0.10   10.19 ^ clkbuf_2_0__f_clk/X (sky130_fd_sc_hd__clkbuf_16)
                                         clknet_2_0__leaf_clk (net)
                  0.04    0.00   10.19 ^ _331_/CLK (sky130_fd_sc_hd__dfrtp_2)
                          0.00   10.19   clock reconvergence pessimism
                         -0.04   10.14   library setup time
                                 10.14   data required time
-----------------------------------------------------------------------------
                                 10.14   data required time
                                 -1.84   data arrival time
-----------------------------------------------------------------------------
                                  8.31   slack (MET)


Startpoint: _336_ (rising edge-triggered flip-flop clocked by core_clock)
Endpoint: _339_ (rising edge-triggered flip-flop clocked by core_clock)
Path Group: core_clock
Path Type: max
Corner: Fastest

Fanout     Cap    Slew   Delay    Time   Description
-----------------------------------------------------------------------------
                          0.00    0.00   clock core_clock (rise edge)
                          0.00    0.00   clock source latency
     1    0.02    0.00    0.00    0.00 ^ clk (in)
                                         clk (net)
                  0.00    0.00    0.00 ^ clkbuf_0_clk/A (sky130_fd_sc_hd__clkbuf_16)
     4    0.04    0.05    0.09    0.09 ^ clkbuf_0_clk/X (sky130_fd_sc_hd__clkbuf_16)
                                         clknet_0_clk (net)
                  0.05    0.00    0.09 ^ clkbuf_2_3__f_clk/A (sky130_fd_sc_hd__clkbuf_16)
    10    0.04    0.04    0.10    0.19 ^ clkbuf_2_3__f_clk/X (sky130_fd_sc_hd__clkbuf_16)
                                         clknet_2_3__leaf_clk (net)
                  0.04    0.00    0.19 ^ _336_/CLK (sky130_fd_sc_hd__dfrtp_4)
     6    0.04    0.08    0.34    0.53 v _336_/Q (sky130_fd_sc_hd__dfrtp_4)
                                         counter.one_second_counter[13] (net)
                  0.08    0.00    0.54 v _174_/D (sky130_fd_sc_hd__and4_1)
     2    0.01    0.06    0.18    0.72 v _174_/X (sky130_fd_sc_hd__and4_1)
                                         _076_ (net)
                  0.06    0.00    0.72 v _175_/D (sky130_fd_sc_hd__or4_1)
     1    0.01    0.09    0.27    0.99 v _175_/X (sky130_fd_sc_hd__or4_1)
                                         _077_ (net)
                  0.09    0.00    0.99 v _178_/A3 (sky130_fd_sc_hd__o31a_1)
     1    0.01    0.07    0.20    1.19 v _178_/X (sky130_fd_sc_hd__o31a_1)
                                         _080_ (net)
                  0.07    0.00    1.19 v _180_/A2 (sky130_fd_sc_hd__o211ai_4)
     3    0.03    0.22    0.21    1.40 ^ _180_/Y (sky130_fd_sc_hd__o211ai_4)
                                         _082_ (net)
                  0.22    0.00    1.40 ^ _181_/A2 (sky130_fd_sc_hd__a21bo_4)
    10    0.06    0.16    0.19    1.59 ^ _181_/X (sky130_fd_sc_hd__a21bo_4)
                                         _083_ (net)
                  0.16    0.01    1.59 ^ _244_/A (sky130_fd_sc_hd__and3_1)
     1    0.01    0.08    0.14    1.73 ^ _244_/X (sky130_fd_sc_hd__and3_1)
                                         _129_ (net)
                  0.08    0.00    1.73 ^ _245_/A (sky130_fd_sc_hd__clkbuf_1)
     1    0.01    0.08    0.09    1.82 ^ _245_/X (sky130_fd_sc_hd__clkbuf_1)
                                         _008_ (net)
                  0.08    0.00    1.82 ^ _339_/D (sky130_fd_sc_hd__dfrtp_4)
                                  1.82   data arrival time

                         10.00   10.00   clock core_clock (rise edge)
                          0.00   10.00   clock source latency
     1    0.02    0.00    0.00   10.00 ^ clk (in)
                                         clk (net)
                  0.00    0.00   10.00 ^ clkbuf_0_clk/A (sky130_fd_sc_hd__clkbuf_16)
     4    0.04    0.05    0.09   10.09 ^ clkbuf_0_clk/X (sky130_fd_sc_hd__clkbuf_16)
                                         clknet_0_clk (net)
                  0.05    0.00   10.09 ^ clkbuf_2_3__f_clk/A (sky130_fd_sc_hd__clkbuf_16)
    10    0.04    0.04    0.10   10.19 ^ clkbuf_2_3__f_clk/X (sky130_fd_sc_hd__clkbuf_16)
                                         clknet_2_3__leaf_clk (net)
                  0.04    0.00   10.19 ^ _339_/CLK (sky130_fd_sc_hd__dfrtp_4)
                          0.00   10.19   clock reconvergence pessimism
                         -0.04   10.15   library setup time
                                 10.15   data required time
-----------------------------------------------------------------------------
                                 10.15   data required time
                                 -1.82   data arrival time
-----------------------------------------------------------------------------
                                  8.33   slack (MET)


Startpoint: _327_ (rising edge-triggered flip-flop clocked by core_clock)
Endpoint: _342_ (rising edge-triggered flip-flop clocked by core_clock)
Path Group: core_clock
Path Type: max
Corner: Fastest

Fanout     Cap    Slew   Delay    Time   Description
-----------------------------------------------------------------------------
                          0.00    0.00   clock core_clock (rise edge)
                          0.00    0.00   clock source latency
     1    0.02    0.00    0.00    0.00 ^ clk (in)
                                         clk (net)
                  0.00    0.00    0.00 ^ clkbuf_0_clk/A (sky130_fd_sc_hd__clkbuf_16)
     4    0.04    0.05    0.09    0.09 ^ clkbuf_0_clk/X (sky130_fd_sc_hd__clkbuf_16)
                                         clknet_0_clk (net)
                  0.05    0.00    0.09 ^ clkbuf_2_2__f_clk/A (sky130_fd_sc_hd__clkbuf_16)
    10    0.04    0.05    0.10    0.20 ^ clkbuf_2_2__f_clk/X (sky130_fd_sc_hd__clkbuf_16)
                                         clknet_2_2__leaf_clk (net)
                  0.05    0.00    0.20 ^ _327_/CLK (sky130_fd_sc_hd__dfrtp_2)
     5    0.04    0.14    0.31    0.50 ^ _327_/Q (sky130_fd_sc_hd__dfrtp_2)
                                         counter.one_second_counter[4] (net)
                  0.14    0.00    0.50 ^ _172_/D (sky130_fd_sc_hd__and4_1)
     3    0.02    0.18    0.23    0.73 ^ _172_/X (sky130_fd_sc_hd__and4_1)
                                         _074_ (net)
                  0.18    0.00    0.73 ^ _214_/D (sky130_fd_sc_hd__and4_2)
     6    0.05    0.21    0.28    1.01 ^ _214_/X (sky130_fd_sc_hd__and4_2)
                                         _106_ (net)
                  0.21    0.01    1.02 ^ _239_/D (sky130_fd_sc_hd__and4_1)
     1    0.01    0.08    0.17    1.19 ^ _239_/X (sky130_fd_sc_hd__and4_1)
                                         _125_ (net)
                  0.08    0.00    1.19 ^ _240_/A (sky130_fd_sc_hd__clkbuf_4)
     9    0.06    0.14    0.18    1.36 ^ _240_/X (sky130_fd_sc_hd__clkbuf_4)
                                         _126_ (net)
                  0.14    0.00    1.37 ^ _253_/A (sky130_fd_sc_hd__and2_2)
     3    0.03    0.13    0.18    1.55 ^ _253_/X (sky130_fd_sc_hd__and2_2)
                                         _135_ (net)
                  0.13    0.00    1.55 ^ _254_/A (sky130_fd_sc_hd__inv_2)
     1    0.01    0.03    0.03    1.58 v _254_/Y (sky130_fd_sc_hd__inv_2)
                                         _136_ (net)
                  0.03    0.00    1.58 v _255_/C (sky130_fd_sc_hd__and3_1)
     1    0.01    0.04    0.12    1.70 v _255_/X (sky130_fd_sc_hd__and3_1)
                                         _137_ (net)
                  0.04    0.00    1.70 v _256_/A (sky130_fd_sc_hd__clkbuf_1)
     1    0.01    0.03    0.07    1.77 v _256_/X (sky130_fd_sc_hd__clkbuf_1)
                                         _011_ (net)
                  0.03    0.00    1.77 v _342_/D (sky130_fd_sc_hd__dfrtp_2)
                                  1.77   data arrival time

                         10.00   10.00   clock core_clock (rise edge)
                          0.00   10.00   clock source latency
     1    0.02    0.00    0.00   10.00 ^ clk (in)
                                         clk (net)
                  0.00    0.00   10.00 ^ clkbuf_0_clk/A (sky130_fd_sc_hd__clkbuf_16)
     4    0.04    0.05    0.09   10.09 ^ clkbuf_0_clk/X (sky130_fd_sc_hd__clkbuf_16)
                                         clknet_0_clk (net)
                  0.05    0.00   10.09 ^ clkbuf_2_0__f_clk/A (sky130_fd_sc_hd__clkbuf_16)
     7    0.03    0.04    0.10   10.19 ^ clkbuf_2_0__f_clk/X (sky130_fd_sc_hd__clkbuf_16)
                                         clknet_2_0__leaf_clk (net)
                  0.04    0.00   10.19 ^ _342_/CLK (sky130_fd_sc_hd__dfrtp_2)
                          0.00   10.19   clock reconvergence pessimism
                         -0.07   10.12   library setup time
                                 10.12   data required time
-----------------------------------------------------------------------------
                                 10.12   data required time
                                 -1.77   data arrival time
-----------------------------------------------------------------------------
                                  8.35   slack (MET)


Startpoint: _336_ (rising edge-triggered flip-flop clocked by core_clock)
Endpoint: _322_ (rising edge-triggered flip-flop clocked by core_clock)
Path Group: core_clock
Path Type: max
Corner: Fastest

Fanout     Cap    Slew   Delay    Time   Description
-----------------------------------------------------------------------------
                          0.00    0.00   clock core_clock (rise edge)
                          0.00    0.00   clock source latency
     1    0.02    0.00    0.00    0.00 ^ clk (in)
                                         clk (net)
                  0.00    0.00    0.00 ^ clkbuf_0_clk/A (sky130_fd_sc_hd__clkbuf_16)
     4    0.04    0.05    0.09    0.09 ^ clkbuf_0_clk/X (sky130_fd_sc_hd__clkbuf_16)
                                         clknet_0_clk (net)
                  0.05    0.00    0.09 ^ clkbuf_2_3__f_clk/A (sky130_fd_sc_hd__clkbuf_16)
    10    0.04    0.04    0.10    0.19 ^ clkbuf_2_3__f_clk/X (sky130_fd_sc_hd__clkbuf_16)
                                         clknet_2_3__leaf_clk (net)
                  0.04    0.00    0.19 ^ _336_/CLK (sky130_fd_sc_hd__dfrtp_4)
     6    0.04    0.08    0.34    0.53 v _336_/Q (sky130_fd_sc_hd__dfrtp_4)
                                         counter.one_second_counter[13] (net)
                  0.08    0.00    0.54 v _174_/D (sky130_fd_sc_hd__and4_1)
     2    0.01    0.06    0.18    0.72 v _174_/X (sky130_fd_sc_hd__and4_1)
                                         _076_ (net)
                  0.06    0.00    0.72 v _175_/D (sky130_fd_sc_hd__or4_1)
     1    0.01    0.09    0.27    0.99 v _175_/X (sky130_fd_sc_hd__or4_1)
                                         _077_ (net)
                  0.09    0.00    0.99 v _178_/A3 (sky130_fd_sc_hd__o31a_1)
     1    0.01    0.07    0.20    1.19 v _178_/X (sky130_fd_sc_hd__o31a_1)
                                         _080_ (net)
                  0.07    0.00    1.19 v _180_/A2 (sky130_fd_sc_hd__o211ai_4)
     3    0.03    0.22    0.21    1.40 ^ _180_/Y (sky130_fd_sc_hd__o211ai_4)
                                         _082_ (net)
                  0.22    0.00    1.40 ^ _181_/A2 (sky130_fd_sc_hd__a21bo_4)
    10    0.06    0.16    0.19    1.59 ^ _181_/X (sky130_fd_sc_hd__a21bo_4)
                                         _083_ (net)
                  0.16    0.01    1.59 ^ _182_/A (sky130_fd_sc_hd__clkinv_4)
    10    0.07    0.12    0.12    1.71 v _182_/Y (sky130_fd_sc_hd__clkinv_4)
                                         _000_ (net)
                  0.12    0.00    1.72 v _322_/D (sky130_fd_sc_hd__dfrtp_4)
                                  1.72   data arrival time

                         10.00   10.00   clock core_clock (rise edge)
                          0.00   10.00   clock source latency
     1    0.02    0.00    0.00   10.00 ^ clk (in)
                                         clk (net)
                  0.00    0.00   10.00 ^ clkbuf_0_clk/A (sky130_fd_sc_hd__clkbuf_16)
     4    0.04    0.05    0.09   10.09 ^ clkbuf_0_clk/X (sky130_fd_sc_hd__clkbuf_16)
                                         clknet_0_clk (net)
                  0.05    0.00   10.09 ^ clkbuf_2_0__f_clk/A (sky130_fd_sc_hd__clkbuf_16)
     7    0.03    0.04    0.10   10.19 ^ clkbuf_2_0__f_clk/X (sky130_fd_sc_hd__clkbuf_16)
                                         clknet_2_0__leaf_clk (net)
                  0.04    0.00   10.19 ^ _322_/CLK (sky130_fd_sc_hd__dfrtp_4)
                          0.00   10.19   clock reconvergence pessimism
                         -0.10   10.09   library setup time
                                 10.09   data required time
-----------------------------------------------------------------------------
                                 10.09   data required time
                                 -1.72   data arrival time
-----------------------------------------------------------------------------
                                  8.37   slack (MET)


Startpoint: _353_ (rising edge-triggered flip-flop clocked by core_clock)
Endpoint: _350_ (rising edge-triggered flip-flop clocked by core_clock)
Path Group: core_clock
Path Type: max
Corner: Fastest

Fanout     Cap    Slew   Delay    Time   Description
-----------------------------------------------------------------------------
                          0.00    0.00   clock core_clock (rise edge)
                          0.00    0.00   clock source latency
     1    0.02    0.00    0.00    0.00 ^ clk (in)
                                         clk (net)
                  0.00    0.00    0.00 ^ clkbuf_0_clk/A (sky130_fd_sc_hd__clkbuf_16)
     4    0.04    0.05    0.09    0.09 ^ clkbuf_0_clk/X (sky130_fd_sc_hd__clkbuf_16)
                                         clknet_0_clk (net)
                  0.05    0.00    0.09 ^ clkbuf_2_3__f_clk/A (sky130_fd_sc_hd__clkbuf_16)
    10    0.04    0.04    0.10    0.19 ^ clkbuf_2_3__f_clk/X (sky130_fd_sc_hd__clkbuf_16)
                                         clknet_2_3__leaf_clk (net)
                  0.04    0.00    0.19 ^ _353_/CLK (sky130_fd_sc_hd__dfrtp_4)
     4    0.03    0.07    0.33    0.52 v _353_/Q (sky130_fd_sc_hd__dfrtp_4)
                                         counter.count[3] (net)
                  0.07    0.00    0.52 v _161_/A (sky130_fd_sc_hd__nor3_2)
     4    0.05    0.57    0.47    0.99 ^ _161_/Y (sky130_fd_sc_hd__nor3_2)
                                         _066_ (net)
                  0.57    0.00    0.99 ^ _162_/B (sky130_fd_sc_hd__and2_1)
     3    0.03    0.21    0.22    1.22 ^ _162_/X (sky130_fd_sc_hd__and2_1)
                                         _067_ (net)
                  0.21    0.00    1.22 ^ _167_/B1 (sky130_fd_sc_hd__a21oi_1)
     1    0.01    0.08    0.07    1.29 v _167_/Y (sky130_fd_sc_hd__a21oi_1)
                                         _070_ (net)
                  0.08    0.00    1.29 v _168_/B1 (sky130_fd_sc_hd__o21a_1)
     2    0.02    0.07    0.12    1.41 v _168_/X (sky130_fd_sc_hd__o21a_1)
                                         _060_ (net)
                  0.07    0.00    1.41 v _350_/D (sky130_fd_sc_hd__dfrtp_4)
                                  1.41   data arrival time

                         10.00   10.00   clock core_clock (rise edge)
                          0.00   10.00   clock source latency
     1    0.02    0.00    0.00   10.00 ^ clk (in)
                                         clk (net)
                  0.00    0.00   10.00 ^ clkbuf_0_clk/A (sky130_fd_sc_hd__clkbuf_16)
     4    0.04    0.05    0.09   10.09 ^ clkbuf_0_clk/X (sky130_fd_sc_hd__clkbuf_16)
                                         clknet_0_clk (net)
                  0.05    0.00   10.09 ^ clkbuf_2_1__f_clk/A (sky130_fd_sc_hd__clkbuf_16)
     8    0.03    0.04    0.10   10.19 ^ clkbuf_2_1__f_clk/X (sky130_fd_sc_hd__clkbuf_16)
                                         clknet_2_1__leaf_clk (net)
                  0.04    0.00   10.19 ^ _350_/CLK (sky130_fd_sc_hd__dfrtp_4)
                          0.00   10.19   clock reconvergence pessimism
                         -0.09   10.10   library setup time
                                 10.10   data required time
-----------------------------------------------------------------------------
                                 10.10   data required time
                                 -1.41   data arrival time
-----------------------------------------------------------------------------
                                  8.70   slack (MET)


Startpoint: _353_ (rising edge-triggered flip-flop clocked by core_clock)
Endpoint: _352_ (rising edge-triggered flip-flop clocked by core_clock)
Path Group: core_clock
Path Type: max
Corner: Fastest

Fanout     Cap    Slew   Delay    Time   Description
-----------------------------------------------------------------------------
                          0.00    0.00   clock core_clock (rise edge)
                          0.00    0.00   clock source latency
     1    0.02    0.00    0.00    0.00 ^ clk (in)
                                         clk (net)
                  0.00    0.00    0.00 ^ clkbuf_0_clk/A (sky130_fd_sc_hd__clkbuf_16)
     4    0.04    0.05    0.09    0.09 ^ clkbuf_0_clk/X (sky130_fd_sc_hd__clkbuf_16)
                                         clknet_0_clk (net)
                  0.05    0.00    0.09 ^ clkbuf_2_3__f_clk/A (sky130_fd_sc_hd__clkbuf_16)
    10    0.04    0.04    0.10    0.19 ^ clkbuf_2_3__f_clk/X (sky130_fd_sc_hd__clkbuf_16)
                                         clknet_2_3__leaf_clk (net)
                  0.04    0.00    0.19 ^ _353_/CLK (sky130_fd_sc_hd__dfrtp_4)
     4    0.03    0.07    0.33    0.52 v _353_/Q (sky130_fd_sc_hd__dfrtp_4)
                                         counter.count[3] (net)
                  0.07    0.00    0.52 v _161_/A (sky130_fd_sc_hd__nor3_2)
     4    0.05    0.57    0.47    0.99 ^ _161_/Y (sky130_fd_sc_hd__nor3_2)
                                         _066_ (net)
                  0.57    0.00    0.99 ^ _162_/B (sky130_fd_sc_hd__and2_1)
     3    0.03    0.21    0.22    1.22 ^ _162_/X (sky130_fd_sc_hd__and2_1)
                                         _067_ (net)
                  0.21    0.00    1.22 ^ _164_/A2 (sky130_fd_sc_hd__a211oi_1)
     1    0.00    0.06    0.06    1.28 v _164_/Y (sky130_fd_sc_hd__a211oi_1)
                                         _062_ (net)
                  0.06    0.00    1.28 v _352_/D (sky130_fd_sc_hd__dfrtp_4)
                                  1.28   data arrival time

                         10.00   10.00   clock core_clock (rise edge)
                          0.00   10.00   clock source latency
     1    0.02    0.00    0.00   10.00 ^ clk (in)
                                         clk (net)
                  0.00    0.00   10.00 ^ clkbuf_0_clk/A (sky130_fd_sc_hd__clkbuf_16)
     4    0.04    0.05    0.09   10.09 ^ clkbuf_0_clk/X (sky130_fd_sc_hd__clkbuf_16)
                                         clknet_0_clk (net)
                  0.05    0.00   10.09 ^ clkbuf_2_3__f_clk/A (sky130_fd_sc_hd__clkbuf_16)
    10    0.04    0.04    0.10   10.19 ^ clkbuf_2_3__f_clk/X (sky130_fd_sc_hd__clkbuf_16)
                                         clknet_2_3__leaf_clk (net)
                  0.04    0.00   10.19 ^ _352_/CLK (sky130_fd_sc_hd__dfrtp_4)
                          0.00   10.19   clock reconvergence pessimism
                         -0.08   10.11   library setup time
                                 10.11   data required time
-----------------------------------------------------------------------------
                                 10.11   data required time
                                 -1.28   data arrival time
-----------------------------------------------------------------------------
                                  8.84   slack (MET)


Startpoint: _350_ (rising edge-triggered flip-flop clocked by core_clock)
Endpoint: _353_ (rising edge-triggered flip-flop clocked by core_clock)
Path Group: core_clock
Path Type: max
Corner: Fastest

Fanout     Cap    Slew   Delay    Time   Description
-----------------------------------------------------------------------------
                          0.00    0.00   clock core_clock (rise edge)
                          0.00    0.00   clock source latency
     1    0.02    0.00    0.00    0.00 ^ clk (in)
                                         clk (net)
                  0.00    0.00    0.00 ^ clkbuf_0_clk/A (sky130_fd_sc_hd__clkbuf_16)
     4    0.04    0.05    0.09    0.09 ^ clkbuf_0_clk/X (sky130_fd_sc_hd__clkbuf_16)
                                         clknet_0_clk (net)
                  0.05    0.00    0.09 ^ clkbuf_2_1__f_clk/A (sky130_fd_sc_hd__clkbuf_16)
     8    0.03    0.04    0.10    0.19 ^ clkbuf_2_1__f_clk/X (sky130_fd_sc_hd__clkbuf_16)
                                         clknet_2_1__leaf_clk (net)
                  0.04    0.00    0.19 ^ _350_/CLK (sky130_fd_sc_hd__dfrtp_4)
     7    0.06    0.13    0.33    0.52 ^ _350_/Q (sky130_fd_sc_hd__dfrtp_4)
                                         counter.count[0] (net)
                  0.13    0.01    0.52 ^ _158_/C (sky130_fd_sc_hd__and3_1)
     3    0.03    0.23    0.25    0.77 ^ _158_/X (sky130_fd_sc_hd__and3_1)
                                         _064_ (net)
                  0.23    0.00    0.77 ^ _159_/B (sky130_fd_sc_hd__and2_1)
     2    0.02    0.15    0.18    0.95 ^ _159_/X (sky130_fd_sc_hd__and2_1)
                                         _065_ (net)
                  0.15    0.00    0.95 ^ _160_/B (sky130_fd_sc_hd__xor2_1)
     1    0.01    0.15    0.14    1.10 ^ _160_/X (sky130_fd_sc_hd__xor2_1)
                                         _063_ (net)
                  0.15    0.00    1.10 ^ _353_/D (sky130_fd_sc_hd__dfrtp_4)
                                  1.10   data arrival time

                         10.00   10.00   clock core_clock (rise edge)
                          0.00   10.00   clock source latency
     1    0.02    0.00    0.00   10.00 ^ clk (in)
                                         clk (net)
                  0.00    0.00   10.00 ^ clkbuf_0_clk/A (sky130_fd_sc_hd__clkbuf_16)
     4    0.04    0.05    0.09   10.09 ^ clkbuf_0_clk/X (sky130_fd_sc_hd__clkbuf_16)
                                         clknet_0_clk (net)
                  0.05    0.00   10.09 ^ clkbuf_2_3__f_clk/A (sky130_fd_sc_hd__clkbuf_16)
    10    0.04    0.04    0.10   10.19 ^ clkbuf_2_3__f_clk/X (sky130_fd_sc_hd__clkbuf_16)
                                         clknet_2_3__leaf_clk (net)
                  0.04    0.00   10.19 ^ _353_/CLK (sky130_fd_sc_hd__dfrtp_4)
                          0.00   10.19   clock reconvergence pessimism
                         -0.05   10.14   library setup time
                                 10.14   data required time
-----------------------------------------------------------------------------
                                 10.14   data required time
                                 -1.10   data arrival time
-----------------------------------------------------------------------------
                                  9.05   slack (MET)


Startpoint: _350_ (rising edge-triggered flip-flop clocked by core_clock)
Endpoint: _351_ (rising edge-triggered flip-flop clocked by core_clock)
Path Group: core_clock
Path Type: max
Corner: Fastest

Fanout     Cap    Slew   Delay    Time   Description
-----------------------------------------------------------------------------
                          0.00    0.00   clock core_clock (rise edge)
                          0.00    0.00   clock source latency
     1    0.02    0.00    0.00    0.00 ^ clk (in)
                                         clk (net)
                  0.00    0.00    0.00 ^ clkbuf_0_clk/A (sky130_fd_sc_hd__clkbuf_16)
     4    0.04    0.05    0.09    0.09 ^ clkbuf_0_clk/X (sky130_fd_sc_hd__clkbuf_16)
                                         clknet_0_clk (net)
                  0.05    0.00    0.09 ^ clkbuf_2_1__f_clk/A (sky130_fd_sc_hd__clkbuf_16)
     8    0.03    0.04    0.10    0.19 ^ clkbuf_2_1__f_clk/X (sky130_fd_sc_hd__clkbuf_16)
                                         clknet_2_1__leaf_clk (net)
                  0.04    0.00    0.19 ^ _350_/CLK (sky130_fd_sc_hd__dfrtp_4)
     7    0.05    0.09    0.35    0.54 v _350_/Q (sky130_fd_sc_hd__dfrtp_4)
                                         counter.count[0] (net)
                  0.09    0.01    0.55 v _158_/C (sky130_fd_sc_hd__and3_1)
     3    0.03    0.11    0.21    0.76 v _158_/X (sky130_fd_sc_hd__and3_1)
                                         _064_ (net)
                  0.11    0.00    0.76 v _166_/A (sky130_fd_sc_hd__nor2_1)
     1    0.01    0.11    0.14    0.90 ^ _166_/Y (sky130_fd_sc_hd__nor2_1)
                                         _061_ (net)
                  0.11    0.00    0.90 ^ _351_/D (sky130_fd_sc_hd__dfrtp_4)
                                  0.90   data arrival time

                         10.00   10.00   clock core_clock (rise edge)
                          0.00   10.00   clock source latency
     1    0.02    0.00    0.00   10.00 ^ clk (in)
                                         clk (net)
                  0.00    0.00   10.00 ^ clkbuf_0_clk/A (sky130_fd_sc_hd__clkbuf_16)
     4    0.04    0.05    0.09   10.09 ^ clkbuf_0_clk/X (sky130_fd_sc_hd__clkbuf_16)
                                         clknet_0_clk (net)
                  0.05    0.00   10.09 ^ clkbuf_2_0__f_clk/A (sky130_fd_sc_hd__clkbuf_16)
     7    0.03    0.04    0.10   10.19 ^ clkbuf_2_0__f_clk/X (sky130_fd_sc_hd__clkbuf_16)
                                         clknet_2_0__leaf_clk (net)
                  0.04    0.00   10.19 ^ _351_/CLK (sky130_fd_sc_hd__dfrtp_4)
                          0.00   10.19   clock reconvergence pessimism
                         -0.05   10.14   library setup time
                                 10.14   data required time
-----------------------------------------------------------------------------
                                 10.14   data required time
                                 -0.90   data arrival time
-----------------------------------------------------------------------------
                                  9.25   slack (MET)



worst slack corner Fastest: 7.9972
======================= Slowest Corner ===================================

Startpoint: _336_ (rising edge-triggered flip-flop clocked by core_clock)
Endpoint: _334_ (rising edge-triggered flip-flop clocked by core_clock)
Path Group: core_clock
Path Type: max
Corner: Slowest

Fanout     Cap    Slew   Delay    Time   Description
-----------------------------------------------------------------------------
                          0.00    0.00   clock core_clock (rise edge)
                          0.00    0.00   clock source latency
     1    0.02    0.00    0.00    0.00 ^ clk (in)
                                         clk (net)
                  0.00    0.00    0.00 ^ clkbuf_0_clk/A (sky130_fd_sc_hd__clkbuf_16)
     4    0.04    0.10    0.22    0.22 ^ clkbuf_0_clk/X (sky130_fd_sc_hd__clkbuf_16)
                                         clknet_0_clk (net)
                  0.10    0.00    0.23 ^ clkbuf_2_3__f_clk/A (sky130_fd_sc_hd__clkbuf_16)
    10    0.04    0.09    0.26    0.48 ^ clkbuf_2_3__f_clk/X (sky130_fd_sc_hd__clkbuf_16)
                                         clknet_2_3__leaf_clk (net)
                  0.09    0.00    0.48 ^ _336_/CLK (sky130_fd_sc_hd__dfrtp_4)
     6    0.04    0.20    1.12    1.61 v _336_/Q (sky130_fd_sc_hd__dfrtp_4)
                                         counter.one_second_counter[13] (net)
                  0.20    0.00    1.61 v _174_/D (sky130_fd_sc_hd__and4_1)
     2    0.01    0.16    0.56    2.17 v _174_/X (sky130_fd_sc_hd__and4_1)
                                         _076_ (net)
                  0.16    0.00    2.17 v _175_/D (sky130_fd_sc_hd__or4_1)
     1    0.01    0.29    1.15    3.31 v _175_/X (sky130_fd_sc_hd__or4_1)
                                         _077_ (net)
                  0.29    0.00    3.32 v _178_/A3 (sky130_fd_sc_hd__o31a_1)
     1    0.01    0.18    0.65    3.97 v _178_/X (sky130_fd_sc_hd__o31a_1)
                                         _080_ (net)
                  0.18    0.00    3.97 v _180_/A2 (sky130_fd_sc_hd__o211ai_4)
     3    0.03    0.47    0.50    4.46 ^ _180_/Y (sky130_fd_sc_hd__o211ai_4)
                                         _082_ (net)
                  0.47    0.00    4.46 ^ _181_/A2 (sky130_fd_sc_hd__a21bo_4)
    10    0.06    0.31    0.56    5.03 ^ _181_/X (sky130_fd_sc_hd__a21bo_4)
                                         _083_ (net)
                  0.31    0.01    5.03 ^ _195_/A (sky130_fd_sc_hd__buf_2)
    10    0.06    0.43    0.56    5.59 ^ _195_/X (sky130_fd_sc_hd__buf_2)
                                         _092_ (net)
                  0.43    0.00    5.60 ^ _225_/A (sky130_fd_sc_hd__and3_1)
     1    0.01    0.24    0.55    6.14 ^ _225_/X (sky130_fd_sc_hd__and3_1)
                                         _115_ (net)
                  0.24    0.00    6.14 ^ _226_/A (sky130_fd_sc_hd__buf_1)
     1    0.02    0.38    0.44    6.58 ^ _226_/X (sky130_fd_sc_hd__buf_1)
                                         _003_ (net)
                  0.38    0.00    6.58 ^ _334_/D (sky130_fd_sc_hd__dfrtp_2)
                                  6.58   data arrival time

                         10.00   10.00   clock core_clock (rise edge)
                          0.00   10.00   clock source latency
     1    0.02    0.00    0.00   10.00 ^ clk (in)
                                         clk (net)
                  0.00    0.00   10.00 ^ clkbuf_0_clk/A (sky130_fd_sc_hd__clkbuf_16)
     4    0.04    0.10    0.22   10.22 ^ clkbuf_0_clk/X (sky130_fd_sc_hd__clkbuf_16)
                                         clknet_0_clk (net)
                  0.10    0.00   10.23 ^ clkbuf_2_3__f_clk/A (sky130_fd_sc_hd__clkbuf_16)
    10    0.04    0.09    0.26   10.48 ^ clkbuf_2_3__f_clk/X (sky130_fd_sc_hd__clkbuf_16)
                                         clknet_2_3__leaf_clk (net)
                  0.09    0.00   10.48 ^ _334_/CLK (sky130_fd_sc_hd__dfrtp_2)
                          0.00   10.48   clock reconvergence pessimism
                         -0.21   10.27   library setup time
                                 10.27   data required time
-----------------------------------------------------------------------------
                                 10.27   data required time
                                 -6.58   data arrival time
-----------------------------------------------------------------------------
                                  3.69   slack (MET)


Startpoint: _336_ (rising edge-triggered flip-flop clocked by core_clock)
Endpoint: _337_ (rising edge-triggered flip-flop clocked by core_clock)
Path Group: core_clock
Path Type: max
Corner: Slowest

Fanout     Cap    Slew   Delay    Time   Description
-----------------------------------------------------------------------------
                          0.00    0.00   clock core_clock (rise edge)
                          0.00    0.00   clock source latency
     1    0.02    0.00    0.00    0.00 ^ clk (in)
                                         clk (net)
                  0.00    0.00    0.00 ^ clkbuf_0_clk/A (sky130_fd_sc_hd__clkbuf_16)
     4    0.04    0.10    0.22    0.22 ^ clkbuf_0_clk/X (sky130_fd_sc_hd__clkbuf_16)
                                         clknet_0_clk (net)
                  0.10    0.00    0.23 ^ clkbuf_2_3__f_clk/A (sky130_fd_sc_hd__clkbuf_16)
    10    0.04    0.09    0.26    0.48 ^ clkbuf_2_3__f_clk/X (sky130_fd_sc_hd__clkbuf_16)
                                         clknet_2_3__leaf_clk (net)
                  0.09    0.00    0.48 ^ _336_/CLK (sky130_fd_sc_hd__dfrtp_4)
     6    0.04    0.20    1.12    1.61 v _336_/Q (sky130_fd_sc_hd__dfrtp_4)
                                         counter.one_second_counter[13] (net)
                  0.20    0.00    1.61 v _174_/D (sky130_fd_sc_hd__and4_1)
     2    0.01    0.16    0.56    2.17 v _174_/X (sky130_fd_sc_hd__and4_1)
                                         _076_ (net)
                  0.16    0.00    2.17 v _175_/D (sky130_fd_sc_hd__or4_1)
     1    0.01    0.29    1.15    3.31 v _175_/X (sky130_fd_sc_hd__or4_1)
                                         _077_ (net)
                  0.29    0.00    3.32 v _178_/A3 (sky130_fd_sc_hd__o31a_1)
     1    0.01    0.18    0.65    3.97 v _178_/X (sky130_fd_sc_hd__o31a_1)
                                         _080_ (net)
                  0.18    0.00    3.97 v _180_/A2 (sky130_fd_sc_hd__o211ai_4)
     3    0.03    0.47    0.50    4.46 ^ _180_/Y (sky130_fd_sc_hd__o211ai_4)
                                         _082_ (net)
                  0.47    0.00    4.46 ^ _181_/A2 (sky130_fd_sc_hd__a21bo_4)
    10    0.06    0.31    0.56    5.03 ^ _181_/X (sky130_fd_sc_hd__a21bo_4)
                                         _083_ (net)
                  0.31    0.01    5.03 ^ _195_/A (sky130_fd_sc_hd__buf_2)
    10    0.06    0.43    0.56    5.59 ^ _195_/X (sky130_fd_sc_hd__buf_2)
                                         _092_ (net)
                  0.43    0.00    5.60 ^ _236_/A (sky130_fd_sc_hd__and3_1)
     1    0.01    0.21    0.52    6.11 ^ _236_/X (sky130_fd_sc_hd__and3_1)
                                         _123_ (net)
                  0.21    0.00    6.12 ^ _237_/A (sky130_fd_sc_hd__buf_1)
     1    0.02    0.42    0.46    6.57 ^ _237_/X (sky130_fd_sc_hd__buf_1)
                                         _006_ (net)
                  0.42    0.00    6.57 ^ _337_/D (sky130_fd_sc_hd__dfrtp_2)
                                  6.57   data arrival time

                         10.00   10.00   clock core_clock (rise edge)
                          0.00   10.00   clock source latency
     1    0.02    0.00    0.00   10.00 ^ clk (in)
                                         clk (net)
                  0.00    0.00   10.00 ^ clkbuf_0_clk/A (sky130_fd_sc_hd__clkbuf_16)
     4    0.04    0.10    0.22   10.22 ^ clkbuf_0_clk/X (sky130_fd_sc_hd__clkbuf_16)
                                         clknet_0_clk (net)
                  0.10    0.00   10.23 ^ clkbuf_2_2__f_clk/A (sky130_fd_sc_hd__clkbuf_16)
    10    0.04    0.10    0.26   10.49 ^ clkbuf_2_2__f_clk/X (sky130_fd_sc_hd__clkbuf_16)
                                         clknet_2_2__leaf_clk (net)
                  0.10    0.00   10.49 ^ _337_/CLK (sky130_fd_sc_hd__dfrtp_2)
                          0.00   10.49   clock reconvergence pessimism
                         -0.22   10.27   library setup time
                                 10.27   data required time
-----------------------------------------------------------------------------
                                 10.27   data required time
                                 -6.57   data arrival time
-----------------------------------------------------------------------------
                                  3.70   slack (MET)


Startpoint: _323_ (rising edge-triggered flip-flop clocked by core_clock)
Endpoint: _348_ (rising edge-triggered flip-flop clocked by core_clock)
Path Group: core_clock
Path Type: max
Corner: Slowest

Fanout     Cap    Slew   Delay    Time   Description
-----------------------------------------------------------------------------
                          0.00    0.00   clock core_clock (rise edge)
                          0.00    0.00   clock source latency
     1    0.02    0.00    0.00    0.00 ^ clk (in)
                                         clk (net)
                  0.00    0.00    0.00 ^ clkbuf_0_clk/A (sky130_fd_sc_hd__clkbuf_16)
     4    0.04    0.10    0.22    0.22 ^ clkbuf_0_clk/X (sky130_fd_sc_hd__clkbuf_16)
                                         clknet_0_clk (net)
                  0.10    0.00    0.23 ^ clkbuf_2_3__f_clk/A (sky130_fd_sc_hd__clkbuf_16)
    10    0.04    0.09    0.26    0.48 ^ clkbuf_2_3__f_clk/X (sky130_fd_sc_hd__clkbuf_16)
                                         clknet_2_3__leaf_clk (net)
                  0.09    0.00    0.48 ^ _323_/CLK (sky130_fd_sc_hd__dfrtp_4)
     7    0.05    0.26    0.98    1.47 ^ _323_/Q (sky130_fd_sc_hd__dfrtp_4)
                                         counter.one_second_counter[0] (net)
                  0.26    0.00    1.47 ^ _171_/D (sky130_fd_sc_hd__and4_4)
     8    0.05    0.32    0.79    2.26 ^ _171_/X (sky130_fd_sc_hd__and4_4)
                                         _073_ (net)
                  0.32    0.00    2.27 ^ _214_/C (sky130_fd_sc_hd__and4_2)
     6    0.05    0.47    0.89    3.15 ^ _214_/X (sky130_fd_sc_hd__and4_2)
                                         _106_ (net)
                  0.47    0.01    3.16 ^ _239_/D (sky130_fd_sc_hd__and4_1)
     1    0.01    0.20    0.61    3.77 ^ _239_/X (sky130_fd_sc_hd__and4_1)
                                         _125_ (net)
                  0.20    0.00    3.77 ^ _240_/A (sky130_fd_sc_hd__clkbuf_4)
     9    0.06    0.28    0.47    4.24 ^ _240_/X (sky130_fd_sc_hd__clkbuf_4)
                                         _126_ (net)
                  0.28    0.00    4.24 ^ _268_/A (sky130_fd_sc_hd__nand2_2)
     5    0.03    0.30    0.35    4.59 v _268_/Y (sky130_fd_sc_hd__nand2_2)
                                         _146_ (net)
                  0.30    0.00    4.59 v _274_/C (sky130_fd_sc_hd__or3_1)
     1    0.01    0.24    0.93    5.52 v _274_/X (sky130_fd_sc_hd__or3_1)
                                         _150_ (net)
                  0.24    0.00    5.52 v _275_/C (sky130_fd_sc_hd__and3_1)
     1    0.02    0.20    0.57    6.09 v _275_/X (sky130_fd_sc_hd__and3_1)
                                         _151_ (net)
                  0.20    0.00    6.09 v _276_/A (sky130_fd_sc_hd__buf_1)
     1    0.02    0.18    0.33    6.42 v _276_/X (sky130_fd_sc_hd__buf_1)
                                         _018_ (net)
                  0.18    0.00    6.42 v _348_/D (sky130_fd_sc_hd__dfrtp_2)
                                  6.42   data arrival time

                         10.00   10.00   clock core_clock (rise edge)
                          0.00   10.00   clock source latency
     1    0.02    0.00    0.00   10.00 ^ clk (in)
                                         clk (net)
                  0.00    0.00   10.00 ^ clkbuf_0_clk/A (sky130_fd_sc_hd__clkbuf_16)
     4    0.04    0.10    0.22   10.22 ^ clkbuf_0_clk/X (sky130_fd_sc_hd__clkbuf_16)
                                         clknet_0_clk (net)
                  0.10    0.00   10.23 ^ clkbuf_2_0__f_clk/A (sky130_fd_sc_hd__clkbuf_16)
     7    0.03    0.08    0.25   10.47 ^ clkbuf_2_0__f_clk/X (sky130_fd_sc_hd__clkbuf_16)
                                         clknet_2_0__leaf_clk (net)
                  0.08    0.00   10.47 ^ _348_/CLK (sky130_fd_sc_hd__dfrtp_2)
                          0.00   10.47   clock reconvergence pessimism
                         -0.32   10.15   library setup time
                                 10.15   data required time
-----------------------------------------------------------------------------
                                 10.15   data required time
                                 -6.42   data arrival time
-----------------------------------------------------------------------------
                                  3.73   slack (MET)


Startpoint: _336_ (rising edge-triggered flip-flop clocked by core_clock)
Endpoint: _333_ (rising edge-triggered flip-flop clocked by core_clock)
Path Group: core_clock
Path Type: max
Corner: Slowest

Fanout     Cap    Slew   Delay    Time   Description
-----------------------------------------------------------------------------
                          0.00    0.00   clock core_clock (rise edge)
                          0.00    0.00   clock source latency
     1    0.02    0.00    0.00    0.00 ^ clk (in)
                                         clk (net)
                  0.00    0.00    0.00 ^ clkbuf_0_clk/A (sky130_fd_sc_hd__clkbuf_16)
     4    0.04    0.10    0.22    0.22 ^ clkbuf_0_clk/X (sky130_fd_sc_hd__clkbuf_16)
                                         clknet_0_clk (net)
                  0.10    0.00    0.23 ^ clkbuf_2_3__f_clk/A (sky130_fd_sc_hd__clkbuf_16)
    10    0.04    0.09    0.26    0.48 ^ clkbuf_2_3__f_clk/X (sky130_fd_sc_hd__clkbuf_16)
                                         clknet_2_3__leaf_clk (net)
                  0.09    0.00    0.48 ^ _336_/CLK (sky130_fd_sc_hd__dfrtp_4)
     6    0.04    0.20    1.12    1.61 v _336_/Q (sky130_fd_sc_hd__dfrtp_4)
                                         counter.one_second_counter[13] (net)
                  0.20    0.00    1.61 v _174_/D (sky130_fd_sc_hd__and4_1)
     2    0.01    0.16    0.56    2.17 v _174_/X (sky130_fd_sc_hd__and4_1)
                                         _076_ (net)
                  0.16    0.00    2.17 v _175_/D (sky130_fd_sc_hd__or4_1)
     1    0.01    0.29    1.15    3.31 v _175_/X (sky130_fd_sc_hd__or4_1)
                                         _077_ (net)
                  0.29    0.00    3.32 v _178_/A3 (sky130_fd_sc_hd__o31a_1)
     1    0.01    0.18    0.65    3.97 v _178_/X (sky130_fd_sc_hd__o31a_1)
                                         _080_ (net)
                  0.18    0.00    3.97 v _180_/A2 (sky130_fd_sc_hd__o211ai_4)
     3    0.03    0.47    0.50    4.46 ^ _180_/Y (sky130_fd_sc_hd__o211ai_4)
                                         _082_ (net)
                  0.47    0.00    4.46 ^ _181_/A2 (sky130_fd_sc_hd__a21bo_4)
    10    0.06    0.31    0.56    5.03 ^ _181_/X (sky130_fd_sc_hd__a21bo_4)
                                         _083_ (net)
                  0.31    0.01    5.03 ^ _195_/A (sky130_fd_sc_hd__buf_2)
    10    0.06    0.43    0.56    5.59 ^ _195_/X (sky130_fd_sc_hd__buf_2)
                                         _092_ (net)
                  0.43    0.00    5.60 ^ _220_/A (sky130_fd_sc_hd__and3_1)
     1    0.02    0.29    0.58    6.18 ^ _220_/X (sky130_fd_sc_hd__and3_1)
                                         _111_ (net)
                  0.29    0.00    6.18 ^ _221_/A (sky130_fd_sc_hd__buf_1)
     1    0.01    0.25    0.36    6.54 ^ _221_/X (sky130_fd_sc_hd__buf_1)
                                         _002_ (net)
                  0.25    0.00    6.54 ^ _333_/D (sky130_fd_sc_hd__dfrtp_4)
                                  6.54   data arrival time

                         10.00   10.00   clock core_clock (rise edge)
                          0.00   10.00   clock source latency
     1    0.02    0.00    0.00   10.00 ^ clk (in)
                                         clk (net)
                  0.00    0.00   10.00 ^ clkbuf_0_clk/A (sky130_fd_sc_hd__clkbuf_16)
     4    0.04    0.10    0.22   10.22 ^ clkbuf_0_clk/X (sky130_fd_sc_hd__clkbuf_16)
                                         clknet_0_clk (net)
                  0.10    0.00   10.23 ^ clkbuf_2_1__f_clk/A (sky130_fd_sc_hd__clkbuf_16)
     8    0.03    0.08    0.25   10.47 ^ clkbuf_2_1__f_clk/X (sky130_fd_sc_hd__clkbuf_16)
                                         clknet_2_1__leaf_clk (net)
                  0.08    0.00   10.48 ^ _333_/CLK (sky130_fd_sc_hd__dfrtp_4)
                          0.00   10.48   clock reconvergence pessimism
                         -0.18   10.29   library setup time
                                 10.29   data required time
-----------------------------------------------------------------------------
                                 10.29   data required time
                                 -6.54   data arrival time
-----------------------------------------------------------------------------
                                  3.75   slack (MET)


Startpoint: _336_ (rising edge-triggered flip-flop clocked by core_clock)
Endpoint: _336_ (rising edge-triggered flip-flop clocked by core_clock)
Path Group: core_clock
Path Type: max
Corner: Slowest

Fanout     Cap    Slew   Delay    Time   Description
-----------------------------------------------------------------------------
                          0.00    0.00   clock core_clock (rise edge)
                          0.00    0.00   clock source latency
     1    0.02    0.00    0.00    0.00 ^ clk (in)
                                         clk (net)
                  0.00    0.00    0.00 ^ clkbuf_0_clk/A (sky130_fd_sc_hd__clkbuf_16)
     4    0.04    0.10    0.22    0.22 ^ clkbuf_0_clk/X (sky130_fd_sc_hd__clkbuf_16)
                                         clknet_0_clk (net)
                  0.10    0.00    0.23 ^ clkbuf_2_3__f_clk/A (sky130_fd_sc_hd__clkbuf_16)
    10    0.04    0.09    0.26    0.48 ^ clkbuf_2_3__f_clk/X (sky130_fd_sc_hd__clkbuf_16)
                                         clknet_2_3__leaf_clk (net)
                  0.09    0.00    0.48 ^ _336_/CLK (sky130_fd_sc_hd__dfrtp_4)
     6    0.04    0.20    1.12    1.61 v _336_/Q (sky130_fd_sc_hd__dfrtp_4)
                                         counter.one_second_counter[13] (net)
                  0.20    0.00    1.61 v _174_/D (sky130_fd_sc_hd__and4_1)
     2    0.01    0.16    0.56    2.17 v _174_/X (sky130_fd_sc_hd__and4_1)
                                         _076_ (net)
                  0.16    0.00    2.17 v _175_/D (sky130_fd_sc_hd__or4_1)
     1    0.01    0.29    1.15    3.31 v _175_/X (sky130_fd_sc_hd__or4_1)
                                         _077_ (net)
                  0.29    0.00    3.32 v _178_/A3 (sky130_fd_sc_hd__o31a_1)
     1    0.01    0.18    0.65    3.97 v _178_/X (sky130_fd_sc_hd__o31a_1)
                                         _080_ (net)
                  0.18    0.00    3.97 v _180_/A2 (sky130_fd_sc_hd__o211ai_4)
     3    0.03    0.47    0.50    4.46 ^ _180_/Y (sky130_fd_sc_hd__o211ai_4)
                                         _082_ (net)
                  0.47    0.00    4.46 ^ _181_/A2 (sky130_fd_sc_hd__a21bo_4)
    10    0.06    0.31    0.56    5.03 ^ _181_/X (sky130_fd_sc_hd__a21bo_4)
                                         _083_ (net)
                  0.31    0.01    5.03 ^ _195_/A (sky130_fd_sc_hd__buf_2)
    10    0.06    0.43    0.56    5.59 ^ _195_/X (sky130_fd_sc_hd__buf_2)
                                         _092_ (net)
                  0.43    0.00    5.59 ^ _232_/A (sky130_fd_sc_hd__and3_1)
     1    0.02    0.29    0.58    6.18 ^ _232_/X (sky130_fd_sc_hd__and3_1)
                                         _120_ (net)
                  0.29    0.00    6.18 ^ _233_/A (sky130_fd_sc_hd__clkbuf_1)
     1    0.01    0.21    0.33    6.51 ^ _233_/X (sky130_fd_sc_hd__clkbuf_1)
                                         _005_ (net)
                  0.21    0.00    6.51 ^ _336_/D (sky130_fd_sc_hd__dfrtp_4)
                                  6.51   data arrival time

                         10.00   10.00   clock core_clock (rise edge)
                          0.00   10.00   clock source latency
     1    0.02    0.00    0.00   10.00 ^ clk (in)
                                         clk (net)
                  0.00    0.00   10.00 ^ clkbuf_0_clk/A (sky130_fd_sc_hd__clkbuf_16)
     4    0.04    0.10    0.22   10.22 ^ clkbuf_0_clk/X (sky130_fd_sc_hd__clkbuf_16)
                                         clknet_0_clk (net)
                  0.10    0.00   10.23 ^ clkbuf_2_3__f_clk/A (sky130_fd_sc_hd__clkbuf_16)
    10    0.04    0.09    0.26   10.48 ^ clkbuf_2_3__f_clk/X (sky130_fd_sc_hd__clkbuf_16)
                                         clknet_2_3__leaf_clk (net)
                  0.09    0.00   10.48 ^ _336_/CLK (sky130_fd_sc_hd__dfrtp_4)
                          0.00   10.48   clock reconvergence pessimism
                         -0.17   10.31   library setup time
                                 10.31   data required time
-----------------------------------------------------------------------------
                                 10.31   data required time
                                 -6.51   data arrival time
-----------------------------------------------------------------------------
                                  3.80   slack (MET)


Startpoint: _336_ (rising edge-triggered flip-flop clocked by core_clock)
Endpoint: _338_ (rising edge-triggered flip-flop clocked by core_clock)
Path Group: core_clock
Path Type: max
Corner: Slowest

Fanout     Cap    Slew   Delay    Time   Description
-----------------------------------------------------------------------------
                          0.00    0.00   clock core_clock (rise edge)
                          0.00    0.00   clock source latency
     1    0.02    0.00    0.00    0.00 ^ clk (in)
                                         clk (net)
                  0.00    0.00    0.00 ^ clkbuf_0_clk/A (sky130_fd_sc_hd__clkbuf_16)
     4    0.04    0.10    0.22    0.22 ^ clkbuf_0_clk/X (sky130_fd_sc_hd__clkbuf_16)
                                         clknet_0_clk (net)
                  0.10    0.00    0.23 ^ clkbuf_2_3__f_clk/A (sky130_fd_sc_hd__clkbuf_16)
    10    0.04    0.09    0.26    0.48 ^ clkbuf_2_3__f_clk/X (sky130_fd_sc_hd__clkbuf_16)
                                         clknet_2_3__leaf_clk (net)
                  0.09    0.00    0.48 ^ _336_/CLK (sky130_fd_sc_hd__dfrtp_4)
     6    0.04    0.20    1.12    1.61 v _336_/Q (sky130_fd_sc_hd__dfrtp_4)
                                         counter.one_second_counter[13] (net)
                  0.20    0.00    1.61 v _174_/D (sky130_fd_sc_hd__and4_1)
     2    0.01    0.16    0.56    2.17 v _174_/X (sky130_fd_sc_hd__and4_1)
                                         _076_ (net)
                  0.16    0.00    2.17 v _175_/D (sky130_fd_sc_hd__or4_1)
     1    0.01    0.29    1.15    3.31 v _175_/X (sky130_fd_sc_hd__or4_1)
                                         _077_ (net)
                  0.29    0.00    3.32 v _178_/A3 (sky130_fd_sc_hd__o31a_1)
     1    0.01    0.18    0.65    3.97 v _178_/X (sky130_fd_sc_hd__o31a_1)
                                         _080_ (net)
                  0.18    0.00    3.97 v _180_/A2 (sky130_fd_sc_hd__o211ai_4)
     3    0.03    0.47    0.50    4.46 ^ _180_/Y (sky130_fd_sc_hd__o211ai_4)
                                         _082_ (net)
                  0.47    0.00    4.46 ^ _181_/A2 (sky130_fd_sc_hd__a21bo_4)
    10    0.06    0.31    0.56    5.03 ^ _181_/X (sky130_fd_sc_hd__a21bo_4)
                                         _083_ (net)
                  0.31    0.01    5.03 ^ _182_/A (sky130_fd_sc_hd__clkinv_4)
    10    0.07    0.27    0.34    5.37 v _182_/Y (sky130_fd_sc_hd__clkinv_4)
                                         _000_ (net)
                  0.27    0.00    5.38 v _241_/C1 (sky130_fd_sc_hd__a211oi_1)
     1    0.02    1.01    0.91    6.29 ^ _241_/Y (sky130_fd_sc_hd__a211oi_1)
                                         _007_ (net)
                  1.01    0.00    6.29 ^ _338_/D (sky130_fd_sc_hd__dfrtp_1)
                                  6.29   data arrival time

                         10.00   10.00   clock core_clock (rise edge)
                          0.00   10.00   clock source latency
     1    0.02    0.00    0.00   10.00 ^ clk (in)
                                         clk (net)
                  0.00    0.00   10.00 ^ clkbuf_0_clk/A (sky130_fd_sc_hd__clkbuf_16)
     4    0.04    0.10    0.22   10.22 ^ clkbuf_0_clk/X (sky130_fd_sc_hd__clkbuf_16)
                                         clknet_0_clk (net)
                  0.10    0.00   10.23 ^ clkbuf_2_2__f_clk/A (sky130_fd_sc_hd__clkbuf_16)
    10    0.04    0.10    0.26   10.49 ^ clkbuf_2_2__f_clk/X (sky130_fd_sc_hd__clkbuf_16)
                                         clknet_2_2__leaf_clk (net)
                  0.10    0.00   10.49 ^ _338_/CLK (sky130_fd_sc_hd__dfrtp_1)
                          0.00   10.49   clock reconvergence pessimism
                         -0.37   10.13   library setup time
                                 10.13   data required time
-----------------------------------------------------------------------------
                                 10.13   data required time
                                 -6.29   data arrival time
-----------------------------------------------------------------------------
                                  3.84   slack (MET)


Startpoint: _336_ (rising edge-triggered flip-flop clocked by core_clock)
Endpoint: _332_ (rising edge-triggered flip-flop clocked by core_clock)
Path Group: core_clock
Path Type: max
Corner: Slowest

Fanout     Cap    Slew   Delay    Time   Description
-----------------------------------------------------------------------------
                          0.00    0.00   clock core_clock (rise edge)
                          0.00    0.00   clock source latency
     1    0.02    0.00    0.00    0.00 ^ clk (in)
                                         clk (net)
                  0.00    0.00    0.00 ^ clkbuf_0_clk/A (sky130_fd_sc_hd__clkbuf_16)
     4    0.04    0.10    0.22    0.22 ^ clkbuf_0_clk/X (sky130_fd_sc_hd__clkbuf_16)
                                         clknet_0_clk (net)
                  0.10    0.00    0.23 ^ clkbuf_2_3__f_clk/A (sky130_fd_sc_hd__clkbuf_16)
    10    0.04    0.09    0.26    0.48 ^ clkbuf_2_3__f_clk/X (sky130_fd_sc_hd__clkbuf_16)
                                         clknet_2_3__leaf_clk (net)
                  0.09    0.00    0.48 ^ _336_/CLK (sky130_fd_sc_hd__dfrtp_4)
     6    0.04    0.20    1.12    1.61 v _336_/Q (sky130_fd_sc_hd__dfrtp_4)
                                         counter.one_second_counter[13] (net)
                  0.20    0.00    1.61 v _174_/D (sky130_fd_sc_hd__and4_1)
     2    0.01    0.16    0.56    2.17 v _174_/X (sky130_fd_sc_hd__and4_1)
                                         _076_ (net)
                  0.16    0.00    2.17 v _175_/D (sky130_fd_sc_hd__or4_1)
     1    0.01    0.29    1.15    3.31 v _175_/X (sky130_fd_sc_hd__or4_1)
                                         _077_ (net)
                  0.29    0.00    3.32 v _178_/A3 (sky130_fd_sc_hd__o31a_1)
     1    0.01    0.18    0.65    3.97 v _178_/X (sky130_fd_sc_hd__o31a_1)
                                         _080_ (net)
                  0.18    0.00    3.97 v _180_/A2 (sky130_fd_sc_hd__o211ai_4)
     3    0.03    0.47    0.50    4.46 ^ _180_/Y (sky130_fd_sc_hd__o211ai_4)
                                         _082_ (net)
                  0.47    0.00    4.46 ^ _181_/A2 (sky130_fd_sc_hd__a21bo_4)
    10    0.06    0.31    0.56    5.03 ^ _181_/X (sky130_fd_sc_hd__a21bo_4)
                                         _083_ (net)
                  0.31    0.01    5.03 ^ _195_/A (sky130_fd_sc_hd__buf_2)
    10    0.06    0.43    0.56    5.59 ^ _195_/X (sky130_fd_sc_hd__buf_2)
                                         _092_ (net)
                  0.43    0.00    5.60 ^ _216_/A (sky130_fd_sc_hd__and3_1)
     1    0.01    0.16    0.48    6.08 ^ _216_/X (sky130_fd_sc_hd__and3_1)
                                         _108_ (net)
                  0.16    0.00    6.08 ^ _217_/A (sky130_fd_sc_hd__buf_1)
     1    0.02    0.31    0.36    6.44 ^ _217_/X (sky130_fd_sc_hd__buf_1)
                                         _027_ (net)
                  0.31    0.00    6.44 ^ _332_/D (sky130_fd_sc_hd__dfrtp_2)
                                  6.44   data arrival time

                         10.00   10.00   clock core_clock (rise edge)
                          0.00   10.00   clock source latency
     1    0.02    0.00    0.00   10.00 ^ clk (in)
                                         clk (net)
                  0.00    0.00   10.00 ^ clkbuf_0_clk/A (sky130_fd_sc_hd__clkbuf_16)
     4    0.04    0.10    0.22   10.22 ^ clkbuf_0_clk/X (sky130_fd_sc_hd__clkbuf_16)
                                         clknet_0_clk (net)
                  0.10    0.00   10.23 ^ clkbuf_2_3__f_clk/A (sky130_fd_sc_hd__clkbuf_16)
    10    0.04    0.09    0.26   10.48 ^ clkbuf_2_3__f_clk/X (sky130_fd_sc_hd__clkbuf_16)
                                         clknet_2_3__leaf_clk (net)
                  0.09    0.00   10.48 ^ _332_/CLK (sky130_fd_sc_hd__dfrtp_2)
                          0.00   10.48   clock reconvergence pessimism
                         -0.19   10.29   library setup time
                                 10.29   data required time
-----------------------------------------------------------------------------
                                 10.29   data required time
                                 -6.44   data arrival time
-----------------------------------------------------------------------------
                                  3.85   slack (MET)


Startpoint: _336_ (rising edge-triggered flip-flop clocked by core_clock)
Endpoint: _329_ (rising edge-triggered flip-flop clocked by core_clock)
Path Group: core_clock
Path Type: max
Corner: Slowest

Fanout     Cap    Slew   Delay    Time   Description
-----------------------------------------------------------------------------
                          0.00    0.00   clock core_clock (rise edge)
                          0.00    0.00   clock source latency
     1    0.02    0.00    0.00    0.00 ^ clk (in)
                                         clk (net)
                  0.00    0.00    0.00 ^ clkbuf_0_clk/A (sky130_fd_sc_hd__clkbuf_16)
     4    0.04    0.10    0.22    0.22 ^ clkbuf_0_clk/X (sky130_fd_sc_hd__clkbuf_16)
                                         clknet_0_clk (net)
                  0.10    0.00    0.23 ^ clkbuf_2_3__f_clk/A (sky130_fd_sc_hd__clkbuf_16)
    10    0.04    0.09    0.26    0.48 ^ clkbuf_2_3__f_clk/X (sky130_fd_sc_hd__clkbuf_16)
                                         clknet_2_3__leaf_clk (net)
                  0.09    0.00    0.48 ^ _336_/CLK (sky130_fd_sc_hd__dfrtp_4)
     6    0.04    0.20    1.12    1.61 v _336_/Q (sky130_fd_sc_hd__dfrtp_4)
                                         counter.one_second_counter[13] (net)
                  0.20    0.00    1.61 v _174_/D (sky130_fd_sc_hd__and4_1)
     2    0.01    0.16    0.56    2.17 v _174_/X (sky130_fd_sc_hd__and4_1)
                                         _076_ (net)
                  0.16    0.00    2.17 v _175_/D (sky130_fd_sc_hd__or4_1)
     1    0.01    0.29    1.15    3.31 v _175_/X (sky130_fd_sc_hd__or4_1)
                                         _077_ (net)
                  0.29    0.00    3.32 v _178_/A3 (sky130_fd_sc_hd__o31a_1)
     1    0.01    0.18    0.65    3.97 v _178_/X (sky130_fd_sc_hd__o31a_1)
                                         _080_ (net)
                  0.18    0.00    3.97 v _180_/A2 (sky130_fd_sc_hd__o211ai_4)
     3    0.03    0.47    0.50    4.46 ^ _180_/Y (sky130_fd_sc_hd__o211ai_4)
                                         _082_ (net)
                  0.47    0.00    4.46 ^ _181_/A2 (sky130_fd_sc_hd__a21bo_4)
    10    0.06    0.31    0.56    5.03 ^ _181_/X (sky130_fd_sc_hd__a21bo_4)
                                         _083_ (net)
                  0.31    0.01    5.03 ^ _195_/A (sky130_fd_sc_hd__buf_2)
    10    0.06    0.43    0.56    5.59 ^ _195_/X (sky130_fd_sc_hd__buf_2)
                                         _092_ (net)
                  0.43    0.00    5.60 ^ _205_/A (sky130_fd_sc_hd__and3_1)
     1    0.01    0.16    0.48    6.08 ^ _205_/X (sky130_fd_sc_hd__and3_1)
                                         _100_ (net)
                  0.16    0.00    6.08 ^ _206_/A (sky130_fd_sc_hd__clkbuf_1)
     1    0.01    0.19    0.27    6.35 ^ _206_/X (sky130_fd_sc_hd__clkbuf_1)
                                         _024_ (net)
                  0.19    0.00    6.35 ^ _329_/D (sky130_fd_sc_hd__dfrtp_2)
                                  6.35   data arrival time

                         10.00   10.00   clock core_clock (rise edge)
                          0.00   10.00   clock source latency
     1    0.02    0.00    0.00   10.00 ^ clk (in)
                                         clk (net)
                  0.00    0.00   10.00 ^ clkbuf_0_clk/A (sky130_fd_sc_hd__clkbuf_16)
     4    0.04    0.10    0.22   10.22 ^ clkbuf_0_clk/X (sky130_fd_sc_hd__clkbuf_16)
                                         clknet_0_clk (net)
                  0.10    0.00   10.23 ^ clkbuf_2_3__f_clk/A (sky130_fd_sc_hd__clkbuf_16)
    10    0.04    0.09    0.26   10.48 ^ clkbuf_2_3__f_clk/X (sky130_fd_sc_hd__clkbuf_16)
                                         clknet_2_3__leaf_clk (net)
                  0.09    0.00   10.48 ^ _329_/CLK (sky130_fd_sc_hd__dfrtp_2)
                          0.00   10.48   clock reconvergence pessimism
                         -0.16   10.32   library setup time
                                 10.32   data required time
-----------------------------------------------------------------------------
                                 10.32   data required time
                                 -6.35   data arrival time
-----------------------------------------------------------------------------
                                  3.97   slack (MET)


Startpoint: _336_ (rising edge-triggered flip-flop clocked by core_clock)
Endpoint: _328_ (rising edge-triggered flip-flop clocked by core_clock)
Path Group: core_clock
Path Type: max
Corner: Slowest

Fanout     Cap    Slew   Delay    Time   Description
-----------------------------------------------------------------------------
                          0.00    0.00   clock core_clock (rise edge)
                          0.00    0.00   clock source latency
     1    0.02    0.00    0.00    0.00 ^ clk (in)
                                         clk (net)
                  0.00    0.00    0.00 ^ clkbuf_0_clk/A (sky130_fd_sc_hd__clkbuf_16)
     4    0.04    0.10    0.22    0.22 ^ clkbuf_0_clk/X (sky130_fd_sc_hd__clkbuf_16)
                                         clknet_0_clk (net)
                  0.10    0.00    0.23 ^ clkbuf_2_3__f_clk/A (sky130_fd_sc_hd__clkbuf_16)
    10    0.04    0.09    0.26    0.48 ^ clkbuf_2_3__f_clk/X (sky130_fd_sc_hd__clkbuf_16)
                                         clknet_2_3__leaf_clk (net)
                  0.09    0.00    0.48 ^ _336_/CLK (sky130_fd_sc_hd__dfrtp_4)
     6    0.04    0.20    1.12    1.61 v _336_/Q (sky130_fd_sc_hd__dfrtp_4)
                                         counter.one_second_counter[13] (net)
                  0.20    0.00    1.61 v _174_/D (sky130_fd_sc_hd__and4_1)
     2    0.01    0.16    0.56    2.17 v _174_/X (sky130_fd_sc_hd__and4_1)
                                         _076_ (net)
                  0.16    0.00    2.17 v _175_/D (sky130_fd_sc_hd__or4_1)
     1    0.01    0.29    1.15    3.31 v _175_/X (sky130_fd_sc_hd__or4_1)
                                         _077_ (net)
                  0.29    0.00    3.32 v _178_/A3 (sky130_fd_sc_hd__o31a_1)
     1    0.01    0.18    0.65    3.97 v _178_/X (sky130_fd_sc_hd__o31a_1)
                                         _080_ (net)
                  0.18    0.00    3.97 v _180_/A2 (sky130_fd_sc_hd__o211ai_4)
     3    0.03    0.47    0.50    4.46 ^ _180_/Y (sky130_fd_sc_hd__o211ai_4)
                                         _082_ (net)
                  0.47    0.00    4.46 ^ _181_/A2 (sky130_fd_sc_hd__a21bo_4)
    10    0.06    0.31    0.56    5.03 ^ _181_/X (sky130_fd_sc_hd__a21bo_4)
                                         _083_ (net)
                  0.31    0.01    5.03 ^ _182_/A (sky130_fd_sc_hd__clkinv_4)
    10    0.07    0.27    0.34    5.37 v _182_/Y (sky130_fd_sc_hd__clkinv_4)
                                         _000_ (net)
                  0.27    0.00    5.38 v _202_/A (sky130_fd_sc_hd__nor3_1)
     1    0.02    0.80    0.81    6.19 ^ _202_/Y (sky130_fd_sc_hd__nor3_1)
                                         _023_ (net)
                  0.80    0.00    6.19 ^ _328_/D (sky130_fd_sc_hd__dfrtp_1)
                                  6.19   data arrival time

                         10.00   10.00   clock core_clock (rise edge)
                          0.00   10.00   clock source latency
     1    0.02    0.00    0.00   10.00 ^ clk (in)
                                         clk (net)
                  0.00    0.00   10.00 ^ clkbuf_0_clk/A (sky130_fd_sc_hd__clkbuf_16)
     4    0.04    0.10    0.22   10.22 ^ clkbuf_0_clk/X (sky130_fd_sc_hd__clkbuf_16)
                                         clknet_0_clk (net)
                  0.10    0.00   10.23 ^ clkbuf_2_2__f_clk/A (sky130_fd_sc_hd__clkbuf_16)
    10    0.04    0.10    0.26   10.49 ^ clkbuf_2_2__f_clk/X (sky130_fd_sc_hd__clkbuf_16)
                                         clknet_2_2__leaf_clk (net)
                  0.10    0.00   10.49 ^ _328_/CLK (sky130_fd_sc_hd__dfrtp_1)
                          0.00   10.49   clock reconvergence pessimism
                         -0.31   10.18   library setup time
                                 10.18   data required time
-----------------------------------------------------------------------------
                                 10.18   data required time
                                 -6.19   data arrival time
-----------------------------------------------------------------------------
                                  3.99   slack (MET)


Startpoint: _336_ (rising edge-triggered flip-flop clocked by core_clock)
Endpoint: _327_ (rising edge-triggered flip-flop clocked by core_clock)
Path Group: core_clock
Path Type: max
Corner: Slowest

Fanout     Cap    Slew   Delay    Time   Description
-----------------------------------------------------------------------------
                          0.00    0.00   clock core_clock (rise edge)
                          0.00    0.00   clock source latency
     1    0.02    0.00    0.00    0.00 ^ clk (in)
                                         clk (net)
                  0.00    0.00    0.00 ^ clkbuf_0_clk/A (sky130_fd_sc_hd__clkbuf_16)
     4    0.04    0.10    0.22    0.22 ^ clkbuf_0_clk/X (sky130_fd_sc_hd__clkbuf_16)
                                         clknet_0_clk (net)
                  0.10    0.00    0.23 ^ clkbuf_2_3__f_clk/A (sky130_fd_sc_hd__clkbuf_16)
    10    0.04    0.09    0.26    0.48 ^ clkbuf_2_3__f_clk/X (sky130_fd_sc_hd__clkbuf_16)
                                         clknet_2_3__leaf_clk (net)
                  0.09    0.00    0.48 ^ _336_/CLK (sky130_fd_sc_hd__dfrtp_4)
     6    0.04    0.20    1.12    1.61 v _336_/Q (sky130_fd_sc_hd__dfrtp_4)
                                         counter.one_second_counter[13] (net)
                  0.20    0.00    1.61 v _174_/D (sky130_fd_sc_hd__and4_1)
     2    0.01    0.16    0.56    2.17 v _174_/X (sky130_fd_sc_hd__and4_1)
                                         _076_ (net)
                  0.16    0.00    2.17 v _175_/D (sky130_fd_sc_hd__or4_1)
     1    0.01    0.29    1.15    3.31 v _175_/X (sky130_fd_sc_hd__or4_1)
                                         _077_ (net)
                  0.29    0.00    3.32 v _178_/A3 (sky130_fd_sc_hd__o31a_1)
     1    0.01    0.18    0.65    3.97 v _178_/X (sky130_fd_sc_hd__o31a_1)
                                         _080_ (net)
                  0.18    0.00    3.97 v _180_/A2 (sky130_fd_sc_hd__o211ai_4)
     3    0.03    0.47    0.50    4.46 ^ _180_/Y (sky130_fd_sc_hd__o211ai_4)
                                         _082_ (net)
                  0.47    0.00    4.46 ^ _181_/A2 (sky130_fd_sc_hd__a21bo_4)
    10    0.06    0.31    0.56    5.03 ^ _181_/X (sky130_fd_sc_hd__a21bo_4)
                                         _083_ (net)
                  0.31    0.01    5.03 ^ _195_/A (sky130_fd_sc_hd__buf_2)
    10    0.06    0.43    0.56    5.59 ^ _195_/X (sky130_fd_sc_hd__buf_2)
                                         _092_ (net)
                  0.43    0.00    5.60 ^ _198_/A (sky130_fd_sc_hd__and3_1)
     1    0.01    0.19    0.51    6.10 ^ _198_/X (sky130_fd_sc_hd__and3_1)
                                         _095_ (net)
                  0.19    0.00    6.10 ^ _199_/A (sky130_fd_sc_hd__clkbuf_1)
     1    0.01    0.13    0.24    6.35 ^ _199_/X (sky130_fd_sc_hd__clkbuf_1)
                                         _022_ (net)
                  0.13    0.00    6.35 ^ _327_/D (sky130_fd_sc_hd__dfrtp_2)
                                  6.35   data arrival time

                         10.00   10.00   clock core_clock (rise edge)
                          0.00   10.00   clock source latency
     1    0.02    0.00    0.00   10.00 ^ clk (in)
                                         clk (net)
                  0.00    0.00   10.00 ^ clkbuf_0_clk/A (sky130_fd_sc_hd__clkbuf_16)
     4    0.04    0.10    0.22   10.22 ^ clkbuf_0_clk/X (sky130_fd_sc_hd__clkbuf_16)
                                         clknet_0_clk (net)
                  0.10    0.00   10.23 ^ clkbuf_2_2__f_clk/A (sky130_fd_sc_hd__clkbuf_16)
    10    0.04    0.10    0.26   10.49 ^ clkbuf_2_2__f_clk/X (sky130_fd_sc_hd__clkbuf_16)
                                         clknet_2_2__leaf_clk (net)
                  0.10    0.00   10.49 ^ _327_/CLK (sky130_fd_sc_hd__dfrtp_2)
                          0.00   10.49   clock reconvergence pessimism
                         -0.15   10.34   library setup time
                                 10.34   data required time
-----------------------------------------------------------------------------
                                 10.34   data required time
                                 -6.35   data arrival time
-----------------------------------------------------------------------------
                                  4.00   slack (MET)


Startpoint: _336_ (rising edge-triggered flip-flop clocked by core_clock)
Endpoint: _345_ (rising edge-triggered flip-flop clocked by core_clock)
Path Group: core_clock
Path Type: max
Corner: Slowest

Fanout     Cap    Slew   Delay    Time   Description
-----------------------------------------------------------------------------
                          0.00    0.00   clock core_clock (rise edge)
                          0.00    0.00   clock source latency
     1    0.02    0.00    0.00    0.00 ^ clk (in)
                                         clk (net)
                  0.00    0.00    0.00 ^ clkbuf_0_clk/A (sky130_fd_sc_hd__clkbuf_16)
     4    0.04    0.10    0.22    0.22 ^ clkbuf_0_clk/X (sky130_fd_sc_hd__clkbuf_16)
                                         clknet_0_clk (net)
                  0.10    0.00    0.23 ^ clkbuf_2_3__f_clk/A (sky130_fd_sc_hd__clkbuf_16)
    10    0.04    0.09    0.26    0.48 ^ clkbuf_2_3__f_clk/X (sky130_fd_sc_hd__clkbuf_16)
                                         clknet_2_3__leaf_clk (net)
                  0.09    0.00    0.48 ^ _336_/CLK (sky130_fd_sc_hd__dfrtp_4)
     6    0.04    0.20    1.12    1.61 v _336_/Q (sky130_fd_sc_hd__dfrtp_4)
                                         counter.one_second_counter[13] (net)
                  0.20    0.00    1.61 v _174_/D (sky130_fd_sc_hd__and4_1)
     2    0.01    0.16    0.56    2.17 v _174_/X (sky130_fd_sc_hd__and4_1)
                                         _076_ (net)
                  0.16    0.00    2.17 v _175_/D (sky130_fd_sc_hd__or4_1)
     1    0.01    0.29    1.15    3.31 v _175_/X (sky130_fd_sc_hd__or4_1)
                                         _077_ (net)
                  0.29    0.00    3.32 v _178_/A3 (sky130_fd_sc_hd__o31a_1)
     1    0.01    0.18    0.65    3.97 v _178_/X (sky130_fd_sc_hd__o31a_1)
                                         _080_ (net)
                  0.18    0.00    3.97 v _180_/A2 (sky130_fd_sc_hd__o211ai_4)
     3    0.03    0.47    0.50    4.46 ^ _180_/Y (sky130_fd_sc_hd__o211ai_4)
                                         _082_ (net)
                  0.47    0.00    4.46 ^ _181_/A2 (sky130_fd_sc_hd__a21bo_4)
    10    0.06    0.31    0.56    5.03 ^ _181_/X (sky130_fd_sc_hd__a21bo_4)
                                         _083_ (net)
                  0.31    0.01    5.03 ^ _182_/A (sky130_fd_sc_hd__clkinv_4)
    10    0.07    0.27    0.34    5.37 v _182_/Y (sky130_fd_sc_hd__clkinv_4)
                                         _000_ (net)
                  0.27    0.00    5.38 v _266_/A (sky130_fd_sc_hd__nor3_1)
     1    0.01    0.76    0.77    6.15 ^ _266_/Y (sky130_fd_sc_hd__nor3_1)
                                         _015_ (net)
                  0.76    0.00    6.15 ^ _345_/D (sky130_fd_sc_hd__dfrtp_2)
                                  6.15   data arrival time

                         10.00   10.00   clock core_clock (rise edge)
                          0.00   10.00   clock source latency
     1    0.02    0.00    0.00   10.00 ^ clk (in)
                                         clk (net)
                  0.00    0.00   10.00 ^ clkbuf_0_clk/A (sky130_fd_sc_hd__clkbuf_16)
     4    0.04    0.10    0.22   10.22 ^ clkbuf_0_clk/X (sky130_fd_sc_hd__clkbuf_16)
                                         clknet_0_clk (net)
                  0.10    0.00   10.23 ^ clkbuf_2_1__f_clk/A (sky130_fd_sc_hd__clkbuf_16)
     8    0.03    0.08    0.25   10.47 ^ clkbuf_2_1__f_clk/X (sky130_fd_sc_hd__clkbuf_16)
                                         clknet_2_1__leaf_clk (net)
                  0.08    0.00   10.48 ^ _345_/CLK (sky130_fd_sc_hd__dfrtp_2)
                          0.00   10.48   clock reconvergence pessimism
                         -0.31   10.16   library setup time
                                 10.16   data required time
-----------------------------------------------------------------------------
                                 10.16   data required time
                                 -6.15   data arrival time
-----------------------------------------------------------------------------
                                  4.01   slack (MET)


Startpoint: _336_ (rising edge-triggered flip-flop clocked by core_clock)
Endpoint: _330_ (rising edge-triggered flip-flop clocked by core_clock)
Path Group: core_clock
Path Type: max
Corner: Slowest

Fanout     Cap    Slew   Delay    Time   Description
-----------------------------------------------------------------------------
                          0.00    0.00   clock core_clock (rise edge)
                          0.00    0.00   clock source latency
     1    0.02    0.00    0.00    0.00 ^ clk (in)
                                         clk (net)
                  0.00    0.00    0.00 ^ clkbuf_0_clk/A (sky130_fd_sc_hd__clkbuf_16)
     4    0.04    0.10    0.22    0.22 ^ clkbuf_0_clk/X (sky130_fd_sc_hd__clkbuf_16)
                                         clknet_0_clk (net)
                  0.10    0.00    0.23 ^ clkbuf_2_3__f_clk/A (sky130_fd_sc_hd__clkbuf_16)
    10    0.04    0.09    0.26    0.48 ^ clkbuf_2_3__f_clk/X (sky130_fd_sc_hd__clkbuf_16)
                                         clknet_2_3__leaf_clk (net)
                  0.09    0.00    0.48 ^ _336_/CLK (sky130_fd_sc_hd__dfrtp_4)
     6    0.04    0.20    1.12    1.61 v _336_/Q (sky130_fd_sc_hd__dfrtp_4)
                                         counter.one_second_counter[13] (net)
                  0.20    0.00    1.61 v _174_/D (sky130_fd_sc_hd__and4_1)
     2    0.01    0.16    0.56    2.17 v _174_/X (sky130_fd_sc_hd__and4_1)
                                         _076_ (net)
                  0.16    0.00    2.17 v _175_/D (sky130_fd_sc_hd__or4_1)
     1    0.01    0.29    1.15    3.31 v _175_/X (sky130_fd_sc_hd__or4_1)
                                         _077_ (net)
                  0.29    0.00    3.32 v _178_/A3 (sky130_fd_sc_hd__o31a_1)
     1    0.01    0.18    0.65    3.97 v _178_/X (sky130_fd_sc_hd__o31a_1)
                                         _080_ (net)
                  0.18    0.00    3.97 v _180_/A2 (sky130_fd_sc_hd__o211ai_4)
     3    0.03    0.47    0.50    4.46 ^ _180_/Y (sky130_fd_sc_hd__o211ai_4)
                                         _082_ (net)
                  0.47    0.00    4.46 ^ _181_/A2 (sky130_fd_sc_hd__a21bo_4)
    10    0.06    0.31    0.56    5.03 ^ _181_/X (sky130_fd_sc_hd__a21bo_4)
                                         _083_ (net)
                  0.31    0.01    5.03 ^ _182_/A (sky130_fd_sc_hd__clkinv_4)
    10    0.07    0.27    0.34    5.37 v _182_/Y (sky130_fd_sc_hd__clkinv_4)
                                         _000_ (net)
                  0.27    0.00    5.38 v _208_/B1 (sky130_fd_sc_hd__a211oi_1)
     1    0.01    0.66    0.71    6.09 ^ _208_/Y (sky130_fd_sc_hd__a211oi_1)
                                         _025_ (net)
                  0.66    0.00    6.09 ^ _330_/D (sky130_fd_sc_hd__dfrtp_1)
                                  6.09   data arrival time

                         10.00   10.00   clock core_clock (rise edge)
                          0.00   10.00   clock source latency
     1    0.02    0.00    0.00   10.00 ^ clk (in)
                                         clk (net)
                  0.00    0.00   10.00 ^ clkbuf_0_clk/A (sky130_fd_sc_hd__clkbuf_16)
     4    0.04    0.10    0.22   10.22 ^ clkbuf_0_clk/X (sky130_fd_sc_hd__clkbuf_16)
                                         clknet_0_clk (net)
                  0.10    0.00   10.23 ^ clkbuf_2_1__f_clk/A (sky130_fd_sc_hd__clkbuf_16)
     8    0.03    0.08    0.25   10.47 ^ clkbuf_2_1__f_clk/X (sky130_fd_sc_hd__clkbuf_16)
                                         clknet_2_1__leaf_clk (net)
                  0.08    0.00   10.47 ^ _330_/CLK (sky130_fd_sc_hd__dfrtp_1)
                          0.00   10.47   clock reconvergence pessimism
                         -0.28   10.19   library setup time
                                 10.19   data required time
-----------------------------------------------------------------------------
                                 10.19   data required time
                                 -6.09   data arrival time
-----------------------------------------------------------------------------
                                  4.10   slack (MET)


Startpoint: _336_ (rising edge-triggered flip-flop clocked by core_clock)
Endpoint: _346_ (rising edge-triggered flip-flop clocked by core_clock)
Path Group: core_clock
Path Type: max
Corner: Slowest

Fanout     Cap    Slew   Delay    Time   Description
-----------------------------------------------------------------------------
                          0.00    0.00   clock core_clock (rise edge)
                          0.00    0.00   clock source latency
     1    0.02    0.00    0.00    0.00 ^ clk (in)
                                         clk (net)
                  0.00    0.00    0.00 ^ clkbuf_0_clk/A (sky130_fd_sc_hd__clkbuf_16)
     4    0.04    0.10    0.22    0.22 ^ clkbuf_0_clk/X (sky130_fd_sc_hd__clkbuf_16)
                                         clknet_0_clk (net)
                  0.10    0.00    0.23 ^ clkbuf_2_3__f_clk/A (sky130_fd_sc_hd__clkbuf_16)
    10    0.04    0.09    0.26    0.48 ^ clkbuf_2_3__f_clk/X (sky130_fd_sc_hd__clkbuf_16)
                                         clknet_2_3__leaf_clk (net)
                  0.09    0.00    0.48 ^ _336_/CLK (sky130_fd_sc_hd__dfrtp_4)
     6    0.04    0.20    1.12    1.61 v _336_/Q (sky130_fd_sc_hd__dfrtp_4)
                                         counter.one_second_counter[13] (net)
                  0.20    0.00    1.61 v _174_/D (sky130_fd_sc_hd__and4_1)
     2    0.01    0.16    0.56    2.17 v _174_/X (sky130_fd_sc_hd__and4_1)
                                         _076_ (net)
                  0.16    0.00    2.17 v _175_/D (sky130_fd_sc_hd__or4_1)
     1    0.01    0.29    1.15    3.31 v _175_/X (sky130_fd_sc_hd__or4_1)
                                         _077_ (net)
                  0.29    0.00    3.32 v _178_/A3 (sky130_fd_sc_hd__o31a_1)
     1    0.01    0.18    0.65    3.97 v _178_/X (sky130_fd_sc_hd__o31a_1)
                                         _080_ (net)
                  0.18    0.00    3.97 v _180_/A2 (sky130_fd_sc_hd__o211ai_4)
     3    0.03    0.47    0.50    4.46 ^ _180_/Y (sky130_fd_sc_hd__o211ai_4)
                                         _082_ (net)
                  0.47    0.00    4.46 ^ _181_/A2 (sky130_fd_sc_hd__a21bo_4)
    10    0.06    0.31    0.56    5.03 ^ _181_/X (sky130_fd_sc_hd__a21bo_4)
                                         _083_ (net)
                  0.31    0.01    5.03 ^ _195_/A (sky130_fd_sc_hd__buf_2)
    10    0.06    0.43    0.56    5.59 ^ _195_/X (sky130_fd_sc_hd__buf_2)
                                         _092_ (net)
                  0.43    0.00    5.59 ^ _269_/C1 (sky130_fd_sc_hd__o211a_1)
     1    0.02    0.28    0.59    6.18 ^ _269_/X (sky130_fd_sc_hd__o211a_1)
                                         _016_ (net)
                  0.28    0.00    6.18 ^ _346_/D (sky130_fd_sc_hd__dfrtp_1)
                                  6.18   data arrival time

                         10.00   10.00   clock core_clock (rise edge)
                          0.00   10.00   clock source latency
     1    0.02    0.00    0.00   10.00 ^ clk (in)
                                         clk (net)
                  0.00    0.00   10.00 ^ clkbuf_0_clk/A (sky130_fd_sc_hd__clkbuf_16)
     4    0.04    0.10    0.22   10.22 ^ clkbuf_0_clk/X (sky130_fd_sc_hd__clkbuf_16)
                                         clknet_0_clk (net)
                  0.10    0.00   10.23 ^ clkbuf_2_1__f_clk/A (sky130_fd_sc_hd__clkbuf_16)
     8    0.03    0.08    0.25   10.47 ^ clkbuf_2_1__f_clk/X (sky130_fd_sc_hd__clkbuf_16)
                                         clknet_2_1__leaf_clk (net)
                  0.08    0.00   10.48 ^ _346_/CLK (sky130_fd_sc_hd__dfrtp_1)
                          0.00   10.48   clock reconvergence pessimism
                         -0.18   10.29   library setup time
                                 10.29   data required time
-----------------------------------------------------------------------------
                                 10.29   data required time
                                 -6.18   data arrival time
-----------------------------------------------------------------------------
                                  4.11   slack (MET)


Startpoint: _336_ (rising edge-triggered flip-flop clocked by core_clock)
Endpoint: _341_ (rising edge-triggered flip-flop clocked by core_clock)
Path Group: core_clock
Path Type: max
Corner: Slowest

Fanout     Cap    Slew   Delay    Time   Description
-----------------------------------------------------------------------------
                          0.00    0.00   clock core_clock (rise edge)
                          0.00    0.00   clock source latency
     1    0.02    0.00    0.00    0.00 ^ clk (in)
                                         clk (net)
                  0.00    0.00    0.00 ^ clkbuf_0_clk/A (sky130_fd_sc_hd__clkbuf_16)
     4    0.04    0.10    0.22    0.22 ^ clkbuf_0_clk/X (sky130_fd_sc_hd__clkbuf_16)
                                         clknet_0_clk (net)
                  0.10    0.00    0.23 ^ clkbuf_2_3__f_clk/A (sky130_fd_sc_hd__clkbuf_16)
    10    0.04    0.09    0.26    0.48 ^ clkbuf_2_3__f_clk/X (sky130_fd_sc_hd__clkbuf_16)
                                         clknet_2_3__leaf_clk (net)
                  0.09    0.00    0.48 ^ _336_/CLK (sky130_fd_sc_hd__dfrtp_4)
     6    0.04    0.20    1.12    1.61 v _336_/Q (sky130_fd_sc_hd__dfrtp_4)
                                         counter.one_second_counter[13] (net)
                  0.20    0.00    1.61 v _174_/D (sky130_fd_sc_hd__and4_1)
     2    0.01    0.16    0.56    2.17 v _174_/X (sky130_fd_sc_hd__and4_1)
                                         _076_ (net)
                  0.16    0.00    2.17 v _175_/D (sky130_fd_sc_hd__or4_1)
     1    0.01    0.29    1.15    3.31 v _175_/X (sky130_fd_sc_hd__or4_1)
                                         _077_ (net)
                  0.29    0.00    3.32 v _178_/A3 (sky130_fd_sc_hd__o31a_1)
     1    0.01    0.18    0.65    3.97 v _178_/X (sky130_fd_sc_hd__o31a_1)
                                         _080_ (net)
                  0.18    0.00    3.97 v _180_/A2 (sky130_fd_sc_hd__o211ai_4)
     3    0.03    0.47    0.50    4.46 ^ _180_/Y (sky130_fd_sc_hd__o211ai_4)
                                         _082_ (net)
                  0.47    0.00    4.46 ^ _181_/A2 (sky130_fd_sc_hd__a21bo_4)
    10    0.06    0.31    0.56    5.03 ^ _181_/X (sky130_fd_sc_hd__a21bo_4)
                                         _083_ (net)
                  0.31    0.01    5.03 ^ _195_/A (sky130_fd_sc_hd__buf_2)
    10    0.06    0.43    0.56    5.59 ^ _195_/X (sky130_fd_sc_hd__buf_2)
                                         _092_ (net)
                  0.43    0.00    5.60 ^ _250_/C1 (sky130_fd_sc_hd__o221a_1)
     1    0.01    0.17    0.56    6.15 ^ _250_/X (sky130_fd_sc_hd__o221a_1)
                                         _010_ (net)
                  0.17    0.00    6.15 ^ _341_/D (sky130_fd_sc_hd__dfrtp_4)
                                  6.15   data arrival time

                         10.00   10.00   clock core_clock (rise edge)
                          0.00   10.00   clock source latency
     1    0.02    0.00    0.00   10.00 ^ clk (in)
                                         clk (net)
                  0.00    0.00   10.00 ^ clkbuf_0_clk/A (sky130_fd_sc_hd__clkbuf_16)
     4    0.04    0.10    0.22   10.22 ^ clkbuf_0_clk/X (sky130_fd_sc_hd__clkbuf_16)
                                         clknet_0_clk (net)
                  0.10    0.00   10.23 ^ clkbuf_2_3__f_clk/A (sky130_fd_sc_hd__clkbuf_16)
    10    0.04    0.09    0.26   10.48 ^ clkbuf_2_3__f_clk/X (sky130_fd_sc_hd__clkbuf_16)
                                         clknet_2_3__leaf_clk (net)
                  0.09    0.00   10.48 ^ _341_/CLK (sky130_fd_sc_hd__dfrtp_4)
                          0.00   10.48   clock reconvergence pessimism
                         -0.16   10.32   library setup time
                                 10.32   data required time
-----------------------------------------------------------------------------
                                 10.32   data required time
                                 -6.15   data arrival time
-----------------------------------------------------------------------------
                                  4.17   slack (MET)


Startpoint: _323_ (rising edge-triggered flip-flop clocked by core_clock)
Endpoint: _343_ (rising edge-triggered flip-flop clocked by core_clock)
Path Group: core_clock
Path Type: max
Corner: Slowest

Fanout     Cap    Slew   Delay    Time   Description
-----------------------------------------------------------------------------
                          0.00    0.00   clock core_clock (rise edge)
                          0.00    0.00   clock source latency
     1    0.02    0.00    0.00    0.00 ^ clk (in)
                                         clk (net)
                  0.00    0.00    0.00 ^ clkbuf_0_clk/A (sky130_fd_sc_hd__clkbuf_16)
     4    0.04    0.10    0.22    0.22 ^ clkbuf_0_clk/X (sky130_fd_sc_hd__clkbuf_16)
                                         clknet_0_clk (net)
                  0.10    0.00    0.23 ^ clkbuf_2_3__f_clk/A (sky130_fd_sc_hd__clkbuf_16)
    10    0.04    0.09    0.26    0.48 ^ clkbuf_2_3__f_clk/X (sky130_fd_sc_hd__clkbuf_16)
                                         clknet_2_3__leaf_clk (net)
                  0.09    0.00    0.48 ^ _323_/CLK (sky130_fd_sc_hd__dfrtp_4)
     7    0.05    0.26    0.98    1.47 ^ _323_/Q (sky130_fd_sc_hd__dfrtp_4)
                                         counter.one_second_counter[0] (net)
                  0.26    0.00    1.47 ^ _171_/D (sky130_fd_sc_hd__and4_4)
     8    0.05    0.32    0.79    2.26 ^ _171_/X (sky130_fd_sc_hd__and4_4)
                                         _073_ (net)
                  0.32    0.00    2.27 ^ _214_/C (sky130_fd_sc_hd__and4_2)
     6    0.05    0.47    0.89    3.15 ^ _214_/X (sky130_fd_sc_hd__and4_2)
                                         _106_ (net)
                  0.47    0.01    3.16 ^ _239_/D (sky130_fd_sc_hd__and4_1)
     1    0.01    0.20    0.61    3.77 ^ _239_/X (sky130_fd_sc_hd__and4_1)
                                         _125_ (net)
                  0.20    0.00    3.77 ^ _240_/A (sky130_fd_sc_hd__clkbuf_4)
     9    0.06    0.28    0.47    4.24 ^ _240_/X (sky130_fd_sc_hd__clkbuf_4)
                                         _126_ (net)
                  0.28    0.00    4.24 ^ _253_/A (sky130_fd_sc_hd__and2_2)
     3    0.03    0.29    0.53    4.77 ^ _253_/X (sky130_fd_sc_hd__and2_2)
                                         _135_ (net)
                  0.29    0.00    4.78 ^ _258_/B (sky130_fd_sc_hd__nand2_1)
     2    0.02    0.35    0.40    5.17 v _258_/Y (sky130_fd_sc_hd__nand2_1)
                                         _139_ (net)
                  0.35    0.00    5.17 v _259_/C (sky130_fd_sc_hd__and3_1)
     1    0.02    0.17    0.61    5.78 v _259_/X (sky130_fd_sc_hd__and3_1)
                                         _140_ (net)
                  0.17    0.00    5.78 v _260_/A (sky130_fd_sc_hd__clkbuf_1)
     1    0.00    0.07    0.23    6.01 v _260_/X (sky130_fd_sc_hd__clkbuf_1)
                                         _013_ (net)
                  0.07    0.00    6.01 v _343_/D (sky130_fd_sc_hd__dfrtp_2)
                                  6.01   data arrival time

                         10.00   10.00   clock core_clock (rise edge)
                          0.00   10.00   clock source latency
     1    0.02    0.00    0.00   10.00 ^ clk (in)
                                         clk (net)
                  0.00    0.00   10.00 ^ clkbuf_0_clk/A (sky130_fd_sc_hd__clkbuf_16)
     4    0.04    0.10    0.22   10.22 ^ clkbuf_0_clk/X (sky130_fd_sc_hd__clkbuf_16)
                                         clknet_0_clk (net)
                  0.10    0.00   10.23 ^ clkbuf_2_0__f_clk/A (sky130_fd_sc_hd__clkbuf_16)
     7    0.03    0.08    0.25   10.47 ^ clkbuf_2_0__f_clk/X (sky130_fd_sc_hd__clkbuf_16)
                                         clknet_2_0__leaf_clk (net)
                  0.08    0.00   10.47 ^ _343_/CLK (sky130_fd_sc_hd__dfrtp_2)
                          0.00   10.47   clock reconvergence pessimism
                         -0.28   10.20   library setup time
                                 10.20   data required time
-----------------------------------------------------------------------------
                                 10.20   data required time
                                 -6.01   data arrival time
-----------------------------------------------------------------------------
                                  4.19   slack (MET)


Startpoint: _336_ (rising edge-triggered flip-flop clocked by core_clock)
Endpoint: _349_ (rising edge-triggered flip-flop clocked by core_clock)
Path Group: core_clock
Path Type: max
Corner: Slowest

Fanout     Cap    Slew   Delay    Time   Description
-----------------------------------------------------------------------------
                          0.00    0.00   clock core_clock (rise edge)
                          0.00    0.00   clock source latency
     1    0.02    0.00    0.00    0.00 ^ clk (in)
                                         clk (net)
                  0.00    0.00    0.00 ^ clkbuf_0_clk/A (sky130_fd_sc_hd__clkbuf_16)
     4    0.04    0.10    0.22    0.22 ^ clkbuf_0_clk/X (sky130_fd_sc_hd__clkbuf_16)
                                         clknet_0_clk (net)
                  0.10    0.00    0.23 ^ clkbuf_2_3__f_clk/A (sky130_fd_sc_hd__clkbuf_16)
    10    0.04    0.09    0.26    0.48 ^ clkbuf_2_3__f_clk/X (sky130_fd_sc_hd__clkbuf_16)
                                         clknet_2_3__leaf_clk (net)
                  0.09    0.00    0.48 ^ _336_/CLK (sky130_fd_sc_hd__dfrtp_4)
     6    0.04    0.20    1.12    1.61 v _336_/Q (sky130_fd_sc_hd__dfrtp_4)
                                         counter.one_second_counter[13] (net)
                  0.20    0.00    1.61 v _174_/D (sky130_fd_sc_hd__and4_1)
     2    0.01    0.16    0.56    2.17 v _174_/X (sky130_fd_sc_hd__and4_1)
                                         _076_ (net)
                  0.16    0.00    2.17 v _175_/D (sky130_fd_sc_hd__or4_1)
     1    0.01    0.29    1.15    3.31 v _175_/X (sky130_fd_sc_hd__or4_1)
                                         _077_ (net)
                  0.29    0.00    3.32 v _178_/A3 (sky130_fd_sc_hd__o31a_1)
     1    0.01    0.18    0.65    3.97 v _178_/X (sky130_fd_sc_hd__o31a_1)
                                         _080_ (net)
                  0.18    0.00    3.97 v _180_/A2 (sky130_fd_sc_hd__o211ai_4)
     3    0.03    0.47    0.50    4.46 ^ _180_/Y (sky130_fd_sc_hd__o211ai_4)
                                         _082_ (net)
                  0.47    0.00    4.46 ^ _181_/A2 (sky130_fd_sc_hd__a21bo_4)
    10    0.06    0.31    0.56    5.03 ^ _181_/X (sky130_fd_sc_hd__a21bo_4)
                                         _083_ (net)
                  0.31    0.01    5.03 ^ _195_/A (sky130_fd_sc_hd__buf_2)
    10    0.06    0.43    0.56    5.59 ^ _195_/X (sky130_fd_sc_hd__buf_2)
                                         _092_ (net)
                  0.43    0.00    5.59 ^ _278_/B1 (sky130_fd_sc_hd__o211a_1)
     1    0.01    0.16    0.50    6.09 ^ _278_/X (sky130_fd_sc_hd__o211a_1)
                                         _019_ (net)
                  0.16    0.00    6.09 ^ _349_/D (sky130_fd_sc_hd__dfrtp_1)
                                  6.09   data arrival time

                         10.00   10.00   clock core_clock (rise edge)
                          0.00   10.00   clock source latency
     1    0.02    0.00    0.00   10.00 ^ clk (in)
                                         clk (net)
                  0.00    0.00   10.00 ^ clkbuf_0_clk/A (sky130_fd_sc_hd__clkbuf_16)
     4    0.04    0.10    0.22   10.22 ^ clkbuf_0_clk/X (sky130_fd_sc_hd__clkbuf_16)
                                         clknet_0_clk (net)
                  0.10    0.00   10.23 ^ clkbuf_2_2__f_clk/A (sky130_fd_sc_hd__clkbuf_16)
    10    0.04    0.10    0.26   10.49 ^ clkbuf_2_2__f_clk/X (sky130_fd_sc_hd__clkbuf_16)
                                         clknet_2_2__leaf_clk (net)
                  0.10    0.00   10.49 ^ _349_/CLK (sky130_fd_sc_hd__dfrtp_1)
                          0.00   10.49   clock reconvergence pessimism
                         -0.15   10.34   library setup time
                                 10.34   data required time
-----------------------------------------------------------------------------
                                 10.34   data required time
                                 -6.09   data arrival time
-----------------------------------------------------------------------------
                                  4.25   slack (MET)


Startpoint: _323_ (rising edge-triggered flip-flop clocked by core_clock)
Endpoint: _347_ (rising edge-triggered flip-flop clocked by core_clock)
Path Group: core_clock
Path Type: max
Corner: Slowest

Fanout     Cap    Slew   Delay    Time   Description
-----------------------------------------------------------------------------
                          0.00    0.00   clock core_clock (rise edge)
                          0.00    0.00   clock source latency
     1    0.02    0.00    0.00    0.00 ^ clk (in)
                                         clk (net)
                  0.00    0.00    0.00 ^ clkbuf_0_clk/A (sky130_fd_sc_hd__clkbuf_16)
     4    0.04    0.10    0.22    0.22 ^ clkbuf_0_clk/X (sky130_fd_sc_hd__clkbuf_16)
                                         clknet_0_clk (net)
                  0.10    0.00    0.23 ^ clkbuf_2_3__f_clk/A (sky130_fd_sc_hd__clkbuf_16)
    10    0.04    0.09    0.26    0.48 ^ clkbuf_2_3__f_clk/X (sky130_fd_sc_hd__clkbuf_16)
                                         clknet_2_3__leaf_clk (net)
                  0.09    0.00    0.48 ^ _323_/CLK (sky130_fd_sc_hd__dfrtp_4)
     7    0.05    0.26    0.98    1.47 ^ _323_/Q (sky130_fd_sc_hd__dfrtp_4)
                                         counter.one_second_counter[0] (net)
                  0.26    0.00    1.47 ^ _171_/D (sky130_fd_sc_hd__and4_4)
     8    0.05    0.32    0.79    2.26 ^ _171_/X (sky130_fd_sc_hd__and4_4)
                                         _073_ (net)
                  0.32    0.00    2.27 ^ _214_/C (sky130_fd_sc_hd__and4_2)
     6    0.05    0.47    0.89    3.15 ^ _214_/X (sky130_fd_sc_hd__and4_2)
                                         _106_ (net)
                  0.47    0.01    3.16 ^ _239_/D (sky130_fd_sc_hd__and4_1)
     1    0.01    0.20    0.61    3.77 ^ _239_/X (sky130_fd_sc_hd__and4_1)
                                         _125_ (net)
                  0.20    0.00    3.77 ^ _240_/A (sky130_fd_sc_hd__clkbuf_4)
     9    0.06    0.28    0.47    4.24 ^ _240_/X (sky130_fd_sc_hd__clkbuf_4)
                                         _126_ (net)
                  0.28    0.00    4.24 ^ _268_/A (sky130_fd_sc_hd__nand2_2)
     5    0.03    0.30    0.35    4.59 v _268_/Y (sky130_fd_sc_hd__nand2_2)
                                         _146_ (net)
                  0.30    0.00    4.59 v _271_/B (sky130_fd_sc_hd__xnor2_1)
     1    0.02    0.82    0.79    5.38 ^ _271_/Y (sky130_fd_sc_hd__xnor2_1)
                                         _148_ (net)
                  0.82    0.00    5.38 ^ _272_/B (sky130_fd_sc_hd__nor2_1)
     1    0.01    0.23    0.41    5.79 v _272_/Y (sky130_fd_sc_hd__nor2_1)
                                         _017_ (net)
                  0.23    0.00    5.79 v _347_/D (sky130_fd_sc_hd__dfrtp_4)
                                  5.79   data arrival time

                         10.00   10.00   clock core_clock (rise edge)
                          0.00   10.00   clock source latency
     1    0.02    0.00    0.00   10.00 ^ clk (in)
                                         clk (net)
                  0.00    0.00   10.00 ^ clkbuf_0_clk/A (sky130_fd_sc_hd__clkbuf_16)
     4    0.04    0.10    0.22   10.22 ^ clkbuf_0_clk/X (sky130_fd_sc_hd__clkbuf_16)
                                         clknet_0_clk (net)
                  0.10    0.00   10.23 ^ clkbuf_2_2__f_clk/A (sky130_fd_sc_hd__clkbuf_16)
    10    0.04    0.10    0.26   10.49 ^ clkbuf_2_2__f_clk/X (sky130_fd_sc_hd__clkbuf_16)
                                         clknet_2_2__leaf_clk (net)
                  0.10    0.00   10.49 ^ _347_/CLK (sky130_fd_sc_hd__dfrtp_4)
                          0.00   10.49   clock reconvergence pessimism
                         -0.33   10.16   library setup time
                                 10.16   data required time
-----------------------------------------------------------------------------
                                 10.16   data required time
                                 -5.79   data arrival time
-----------------------------------------------------------------------------
                                  4.37   slack (MET)


Startpoint: _336_ (rising edge-triggered flip-flop clocked by core_clock)
Endpoint: _340_ (rising edge-triggered flip-flop clocked by core_clock)
Path Group: core_clock
Path Type: max
Corner: Slowest

Fanout     Cap    Slew   Delay    Time   Description
-----------------------------------------------------------------------------
                          0.00    0.00   clock core_clock (rise edge)
                          0.00    0.00   clock source latency
     1    0.02    0.00    0.00    0.00 ^ clk (in)
                                         clk (net)
                  0.00    0.00    0.00 ^ clkbuf_0_clk/A (sky130_fd_sc_hd__clkbuf_16)
     4    0.04    0.10    0.22    0.22 ^ clkbuf_0_clk/X (sky130_fd_sc_hd__clkbuf_16)
                                         clknet_0_clk (net)
                  0.10    0.00    0.23 ^ clkbuf_2_3__f_clk/A (sky130_fd_sc_hd__clkbuf_16)
    10    0.04    0.09    0.26    0.48 ^ clkbuf_2_3__f_clk/X (sky130_fd_sc_hd__clkbuf_16)
                                         clknet_2_3__leaf_clk (net)
                  0.09    0.00    0.48 ^ _336_/CLK (sky130_fd_sc_hd__dfrtp_4)
     6    0.04    0.20    1.12    1.61 v _336_/Q (sky130_fd_sc_hd__dfrtp_4)
                                         counter.one_second_counter[13] (net)
                  0.20    0.00    1.61 v _174_/D (sky130_fd_sc_hd__and4_1)
     2    0.01    0.16    0.56    2.17 v _174_/X (sky130_fd_sc_hd__and4_1)
                                         _076_ (net)
                  0.16    0.00    2.17 v _175_/D (sky130_fd_sc_hd__or4_1)
     1    0.01    0.29    1.15    3.31 v _175_/X (sky130_fd_sc_hd__or4_1)
                                         _077_ (net)
                  0.29    0.00    3.32 v _178_/A3 (sky130_fd_sc_hd__o31a_1)
     1    0.01    0.18    0.65    3.97 v _178_/X (sky130_fd_sc_hd__o31a_1)
                                         _080_ (net)
                  0.18    0.00    3.97 v _180_/A2 (sky130_fd_sc_hd__o211ai_4)
     3    0.03    0.47    0.50    4.46 ^ _180_/Y (sky130_fd_sc_hd__o211ai_4)
                                         _082_ (net)
                  0.47    0.00    4.46 ^ _181_/A2 (sky130_fd_sc_hd__a21bo_4)
    10    0.06    0.31    0.56    5.03 ^ _181_/X (sky130_fd_sc_hd__a21bo_4)
                                         _083_ (net)
                  0.31    0.01    5.03 ^ _182_/A (sky130_fd_sc_hd__clkinv_4)
    10    0.07    0.27    0.34    5.37 v _182_/Y (sky130_fd_sc_hd__clkinv_4)
                                         _000_ (net)
                  0.27    0.00    5.38 v _247_/A (sky130_fd_sc_hd__nor2_1)
     1    0.01    0.40    0.45    5.83 ^ _247_/Y (sky130_fd_sc_hd__nor2_1)
                                         _009_ (net)
                  0.40    0.00    5.83 ^ _340_/D (sky130_fd_sc_hd__dfrtp_4)
                                  5.83   data arrival time

                         10.00   10.00   clock core_clock (rise edge)
                          0.00   10.00   clock source latency
     1    0.02    0.00    0.00   10.00 ^ clk (in)
                                         clk (net)
                  0.00    0.00   10.00 ^ clkbuf_0_clk/A (sky130_fd_sc_hd__clkbuf_16)
     4    0.04    0.10    0.22   10.22 ^ clkbuf_0_clk/X (sky130_fd_sc_hd__clkbuf_16)
                                         clknet_0_clk (net)
                  0.10    0.00   10.23 ^ clkbuf_2_3__f_clk/A (sky130_fd_sc_hd__clkbuf_16)
    10    0.04    0.09    0.26   10.48 ^ clkbuf_2_3__f_clk/X (sky130_fd_sc_hd__clkbuf_16)
                                         clknet_2_3__leaf_clk (net)
                  0.09    0.00   10.48 ^ _340_/CLK (sky130_fd_sc_hd__dfrtp_4)
                          0.00   10.48   clock reconvergence pessimism
                         -0.22   10.27   library setup time
                                 10.27   data required time
-----------------------------------------------------------------------------
                                 10.27   data required time
                                 -5.83   data arrival time
-----------------------------------------------------------------------------
                                  4.44   slack (MET)


Startpoint: _336_ (rising edge-triggered flip-flop clocked by core_clock)
Endpoint: _335_ (rising edge-triggered flip-flop clocked by core_clock)
Path Group: core_clock
Path Type: max
Corner: Slowest

Fanout     Cap    Slew   Delay    Time   Description
-----------------------------------------------------------------------------
                          0.00    0.00   clock core_clock (rise edge)
                          0.00    0.00   clock source latency
     1    0.02    0.00    0.00    0.00 ^ clk (in)
                                         clk (net)
                  0.00    0.00    0.00 ^ clkbuf_0_clk/A (sky130_fd_sc_hd__clkbuf_16)
     4    0.04    0.10    0.22    0.22 ^ clkbuf_0_clk/X (sky130_fd_sc_hd__clkbuf_16)
                                         clknet_0_clk (net)
                  0.10    0.00    0.23 ^ clkbuf_2_3__f_clk/A (sky130_fd_sc_hd__clkbuf_16)
    10    0.04    0.09    0.26    0.48 ^ clkbuf_2_3__f_clk/X (sky130_fd_sc_hd__clkbuf_16)
                                         clknet_2_3__leaf_clk (net)
                  0.09    0.00    0.48 ^ _336_/CLK (sky130_fd_sc_hd__dfrtp_4)
     6    0.04    0.20    1.12    1.61 v _336_/Q (sky130_fd_sc_hd__dfrtp_4)
                                         counter.one_second_counter[13] (net)
                  0.20    0.00    1.61 v _174_/D (sky130_fd_sc_hd__and4_1)
     2    0.01    0.16    0.56    2.17 v _174_/X (sky130_fd_sc_hd__and4_1)
                                         _076_ (net)
                  0.16    0.00    2.17 v _175_/D (sky130_fd_sc_hd__or4_1)
     1    0.01    0.29    1.15    3.31 v _175_/X (sky130_fd_sc_hd__or4_1)
                                         _077_ (net)
                  0.29    0.00    3.32 v _178_/A3 (sky130_fd_sc_hd__o31a_1)
     1    0.01    0.18    0.65    3.97 v _178_/X (sky130_fd_sc_hd__o31a_1)
                                         _080_ (net)
                  0.18    0.00    3.97 v _180_/A2 (sky130_fd_sc_hd__o211ai_4)
     3    0.03    0.47    0.50    4.46 ^ _180_/Y (sky130_fd_sc_hd__o211ai_4)
                                         _082_ (net)
                  0.47    0.00    4.46 ^ _181_/A2 (sky130_fd_sc_hd__a21bo_4)
    10    0.06    0.31    0.56    5.03 ^ _181_/X (sky130_fd_sc_hd__a21bo_4)
                                         _083_ (net)
                  0.31    0.01    5.03 ^ _182_/A (sky130_fd_sc_hd__clkinv_4)
    10    0.07    0.27    0.34    5.37 v _182_/Y (sky130_fd_sc_hd__clkinv_4)
                                         _000_ (net)
                  0.27    0.00    5.38 v _229_/A (sky130_fd_sc_hd__nor3_1)
     1    0.01    0.36    0.47    5.85 ^ _229_/Y (sky130_fd_sc_hd__nor3_1)
                                         _004_ (net)
                  0.36    0.00    5.85 ^ _335_/D (sky130_fd_sc_hd__dfrtp_1)
                                  5.85   data arrival time

                         10.00   10.00   clock core_clock (rise edge)
                          0.00   10.00   clock source latency
     1    0.02    0.00    0.00   10.00 ^ clk (in)
                                         clk (net)
                  0.00    0.00   10.00 ^ clkbuf_0_clk/A (sky130_fd_sc_hd__clkbuf_16)
     4    0.04    0.10    0.22   10.22 ^ clkbuf_0_clk/X (sky130_fd_sc_hd__clkbuf_16)
                                         clknet_0_clk (net)
                  0.10    0.00   10.23 ^ clkbuf_2_2__f_clk/A (sky130_fd_sc_hd__clkbuf_16)
    10    0.04    0.10    0.26   10.49 ^ clkbuf_2_2__f_clk/X (sky130_fd_sc_hd__clkbuf_16)
                                         clknet_2_2__leaf_clk (net)
                  0.10    0.00   10.49 ^ _335_/CLK (sky130_fd_sc_hd__dfrtp_1)
                          0.00   10.49   clock reconvergence pessimism
                         -0.20   10.29   library setup time
                                 10.29   data required time
-----------------------------------------------------------------------------
                                 10.29   data required time
                                 -5.85   data arrival time
-----------------------------------------------------------------------------
                                  4.44   slack (MET)


Startpoint: _336_ (rising edge-triggered flip-flop clocked by core_clock)
Endpoint: _344_ (rising edge-triggered flip-flop clocked by core_clock)
Path Group: core_clock
Path Type: max
Corner: Slowest

Fanout     Cap    Slew   Delay    Time   Description
-----------------------------------------------------------------------------
                          0.00    0.00   clock core_clock (rise edge)
                          0.00    0.00   clock source latency
     1    0.02    0.00    0.00    0.00 ^ clk (in)
                                         clk (net)
                  0.00    0.00    0.00 ^ clkbuf_0_clk/A (sky130_fd_sc_hd__clkbuf_16)
     4    0.04    0.10    0.22    0.22 ^ clkbuf_0_clk/X (sky130_fd_sc_hd__clkbuf_16)
                                         clknet_0_clk (net)
                  0.10    0.00    0.23 ^ clkbuf_2_3__f_clk/A (sky130_fd_sc_hd__clkbuf_16)
    10    0.04    0.09    0.26    0.48 ^ clkbuf_2_3__f_clk/X (sky130_fd_sc_hd__clkbuf_16)
                                         clknet_2_3__leaf_clk (net)
                  0.09    0.00    0.48 ^ _336_/CLK (sky130_fd_sc_hd__dfrtp_4)
     6    0.04    0.20    1.12    1.61 v _336_/Q (sky130_fd_sc_hd__dfrtp_4)
                                         counter.one_second_counter[13] (net)
                  0.20    0.00    1.61 v _174_/D (sky130_fd_sc_hd__and4_1)
     2    0.01    0.16    0.56    2.17 v _174_/X (sky130_fd_sc_hd__and4_1)
                                         _076_ (net)
                  0.16    0.00    2.17 v _175_/D (sky130_fd_sc_hd__or4_1)
     1    0.01    0.29    1.15    3.31 v _175_/X (sky130_fd_sc_hd__or4_1)
                                         _077_ (net)
                  0.29    0.00    3.32 v _178_/A3 (sky130_fd_sc_hd__o31a_1)
     1    0.01    0.18    0.65    3.97 v _178_/X (sky130_fd_sc_hd__o31a_1)
                                         _080_ (net)
                  0.18    0.00    3.97 v _180_/A2 (sky130_fd_sc_hd__o211ai_4)
     3    0.03    0.47    0.50    4.46 ^ _180_/Y (sky130_fd_sc_hd__o211ai_4)
                                         _082_ (net)
                  0.47    0.00    4.46 ^ _181_/A2 (sky130_fd_sc_hd__a21bo_4)
    10    0.06    0.31    0.56    5.03 ^ _181_/X (sky130_fd_sc_hd__a21bo_4)
                                         _083_ (net)
                  0.31    0.01    5.03 ^ _182_/A (sky130_fd_sc_hd__clkinv_4)
    10    0.07    0.27    0.34    5.37 v _182_/Y (sky130_fd_sc_hd__clkinv_4)
                                         _000_ (net)
                  0.27    0.00    5.38 v _263_/C1 (sky130_fd_sc_hd__a211oi_1)
     1    0.00    0.40    0.43    5.81 ^ _263_/Y (sky130_fd_sc_hd__a211oi_1)
                                         _014_ (net)
                  0.40    0.00    5.81 ^ _344_/D (sky130_fd_sc_hd__dfrtp_2)
                                  5.81   data arrival time

                         10.00   10.00   clock core_clock (rise edge)
                          0.00   10.00   clock source latency
     1    0.02    0.00    0.00   10.00 ^ clk (in)
                                         clk (net)
                  0.00    0.00   10.00 ^ clkbuf_0_clk/A (sky130_fd_sc_hd__clkbuf_16)
     4    0.04    0.10    0.22   10.22 ^ clkbuf_0_clk/X (sky130_fd_sc_hd__clkbuf_16)
                                         clknet_0_clk (net)
                  0.10    0.00   10.23 ^ clkbuf_2_1__f_clk/A (sky130_fd_sc_hd__clkbuf_16)
     8    0.03    0.08    0.25   10.47 ^ clkbuf_2_1__f_clk/X (sky130_fd_sc_hd__clkbuf_16)
                                         clknet_2_1__leaf_clk (net)
                  0.08    0.00   10.48 ^ _344_/CLK (sky130_fd_sc_hd__dfrtp_2)
                          0.00   10.48   clock reconvergence pessimism
                         -0.22   10.26   library setup time
                                 10.26   data required time
-----------------------------------------------------------------------------
                                 10.26   data required time
                                 -5.81   data arrival time
-----------------------------------------------------------------------------
                                  4.44   slack (MET)


Startpoint: _336_ (rising edge-triggered flip-flop clocked by core_clock)
Endpoint: _326_ (rising edge-triggered flip-flop clocked by core_clock)
Path Group: core_clock
Path Type: max
Corner: Slowest

Fanout     Cap    Slew   Delay    Time   Description
-----------------------------------------------------------------------------
                          0.00    0.00   clock core_clock (rise edge)
                          0.00    0.00   clock source latency
     1    0.02    0.00    0.00    0.00 ^ clk (in)
                                         clk (net)
                  0.00    0.00    0.00 ^ clkbuf_0_clk/A (sky130_fd_sc_hd__clkbuf_16)
     4    0.04    0.10    0.22    0.22 ^ clkbuf_0_clk/X (sky130_fd_sc_hd__clkbuf_16)
                                         clknet_0_clk (net)
                  0.10    0.00    0.23 ^ clkbuf_2_3__f_clk/A (sky130_fd_sc_hd__clkbuf_16)
    10    0.04    0.09    0.26    0.48 ^ clkbuf_2_3__f_clk/X (sky130_fd_sc_hd__clkbuf_16)
                                         clknet_2_3__leaf_clk (net)
                  0.09    0.00    0.48 ^ _336_/CLK (sky130_fd_sc_hd__dfrtp_4)
     6    0.04    0.20    1.12    1.61 v _336_/Q (sky130_fd_sc_hd__dfrtp_4)
                                         counter.one_second_counter[13] (net)
                  0.20    0.00    1.61 v _174_/D (sky130_fd_sc_hd__and4_1)
     2    0.01    0.16    0.56    2.17 v _174_/X (sky130_fd_sc_hd__and4_1)
                                         _076_ (net)
                  0.16    0.00    2.17 v _175_/D (sky130_fd_sc_hd__or4_1)
     1    0.01    0.29    1.15    3.31 v _175_/X (sky130_fd_sc_hd__or4_1)
                                         _077_ (net)
                  0.29    0.00    3.32 v _178_/A3 (sky130_fd_sc_hd__o31a_1)
     1    0.01    0.18    0.65    3.97 v _178_/X (sky130_fd_sc_hd__o31a_1)
                                         _080_ (net)
                  0.18    0.00    3.97 v _180_/A2 (sky130_fd_sc_hd__o211ai_4)
     3    0.03    0.47    0.50    4.46 ^ _180_/Y (sky130_fd_sc_hd__o211ai_4)
                                         _082_ (net)
                  0.47    0.00    4.46 ^ _181_/A2 (sky130_fd_sc_hd__a21bo_4)
    10    0.06    0.31    0.56    5.03 ^ _181_/X (sky130_fd_sc_hd__a21bo_4)
                                         _083_ (net)
                  0.31    0.00    5.03 ^ _193_/B (sky130_fd_sc_hd__and3b_1)
     1    0.01    0.20    0.48    5.51 ^ _193_/X (sky130_fd_sc_hd__and3b_1)
                                         _091_ (net)
                  0.20    0.00    5.51 ^ _194_/A (sky130_fd_sc_hd__buf_1)
     1    0.01    0.28    0.35    5.86 ^ _194_/X (sky130_fd_sc_hd__buf_1)
                                         _021_ (net)
                  0.28    0.00    5.86 ^ _326_/D (sky130_fd_sc_hd__dfrtp_1)
                                  5.86   data arrival time

                         10.00   10.00   clock core_clock (rise edge)
                          0.00   10.00   clock source latency
     1    0.02    0.00    0.00   10.00 ^ clk (in)
                                         clk (net)
                  0.00    0.00   10.00 ^ clkbuf_0_clk/A (sky130_fd_sc_hd__clkbuf_16)
     4    0.04    0.10    0.22   10.22 ^ clkbuf_0_clk/X (sky130_fd_sc_hd__clkbuf_16)
                                         clknet_0_clk (net)
                  0.10    0.00   10.23 ^ clkbuf_2_2__f_clk/A (sky130_fd_sc_hd__clkbuf_16)
    10    0.04    0.10    0.26   10.49 ^ clkbuf_2_2__f_clk/X (sky130_fd_sc_hd__clkbuf_16)
                                         clknet_2_2__leaf_clk (net)
                  0.10    0.00   10.49 ^ _326_/CLK (sky130_fd_sc_hd__dfrtp_1)
                          0.00   10.49   clock reconvergence pessimism
                         -0.18   10.31   library setup time
                                 10.31   data required time
-----------------------------------------------------------------------------
                                 10.31   data required time
                                 -5.86   data arrival time
-----------------------------------------------------------------------------
                                  4.45   slack (MET)


Startpoint: _336_ (rising edge-triggered flip-flop clocked by core_clock)
Endpoint: _323_ (rising edge-triggered flip-flop clocked by core_clock)
Path Group: core_clock
Path Type: max
Corner: Slowest

Fanout     Cap    Slew   Delay    Time   Description
-----------------------------------------------------------------------------
                          0.00    0.00   clock core_clock (rise edge)
                          0.00    0.00   clock source latency
     1    0.02    0.00    0.00    0.00 ^ clk (in)
                                         clk (net)
                  0.00    0.00    0.00 ^ clkbuf_0_clk/A (sky130_fd_sc_hd__clkbuf_16)
     4    0.04    0.10    0.22    0.22 ^ clkbuf_0_clk/X (sky130_fd_sc_hd__clkbuf_16)
                                         clknet_0_clk (net)
                  0.10    0.00    0.23 ^ clkbuf_2_3__f_clk/A (sky130_fd_sc_hd__clkbuf_16)
    10    0.04    0.09    0.26    0.48 ^ clkbuf_2_3__f_clk/X (sky130_fd_sc_hd__clkbuf_16)
                                         clknet_2_3__leaf_clk (net)
                  0.09    0.00    0.48 ^ _336_/CLK (sky130_fd_sc_hd__dfrtp_4)
     6    0.04    0.20    1.12    1.61 v _336_/Q (sky130_fd_sc_hd__dfrtp_4)
                                         counter.one_second_counter[13] (net)
                  0.20    0.00    1.61 v _174_/D (sky130_fd_sc_hd__and4_1)
     2    0.01    0.16    0.56    2.17 v _174_/X (sky130_fd_sc_hd__and4_1)
                                         _076_ (net)
                  0.16    0.00    2.17 v _175_/D (sky130_fd_sc_hd__or4_1)
     1    0.01    0.29    1.15    3.31 v _175_/X (sky130_fd_sc_hd__or4_1)
                                         _077_ (net)
                  0.29    0.00    3.32 v _178_/A3 (sky130_fd_sc_hd__o31a_1)
     1    0.01    0.18    0.65    3.97 v _178_/X (sky130_fd_sc_hd__o31a_1)
                                         _080_ (net)
                  0.18    0.00    3.97 v _180_/A2 (sky130_fd_sc_hd__o211ai_4)
     3    0.03    0.47    0.50    4.46 ^ _180_/Y (sky130_fd_sc_hd__o211ai_4)
                                         _082_ (net)
                  0.47    0.00    4.46 ^ _181_/A2 (sky130_fd_sc_hd__a21bo_4)
    10    0.06    0.31    0.56    5.03 ^ _181_/X (sky130_fd_sc_hd__a21bo_4)
                                         _083_ (net)
                  0.31    0.01    5.03 ^ _182_/A (sky130_fd_sc_hd__clkinv_4)
    10    0.07    0.27    0.34    5.37 v _182_/Y (sky130_fd_sc_hd__clkinv_4)
                                         _000_ (net)
                  0.27    0.00    5.38 v _183_/B (sky130_fd_sc_hd__nor2_1)
     1    0.01    0.41    0.43    5.81 ^ _183_/Y (sky130_fd_sc_hd__nor2_1)
                                         _001_ (net)
                  0.41    0.00    5.81 ^ _323_/D (sky130_fd_sc_hd__dfrtp_4)
                                  5.81   data arrival time

                         10.00   10.00   clock core_clock (rise edge)
                          0.00   10.00   clock source latency
     1    0.02    0.00    0.00   10.00 ^ clk (in)
                                         clk (net)
                  0.00    0.00   10.00 ^ clkbuf_0_clk/A (sky130_fd_sc_hd__clkbuf_16)
     4    0.04    0.10    0.22   10.22 ^ clkbuf_0_clk/X (sky130_fd_sc_hd__clkbuf_16)
                                         clknet_0_clk (net)
                  0.10    0.00   10.23 ^ clkbuf_2_3__f_clk/A (sky130_fd_sc_hd__clkbuf_16)
    10    0.04    0.09    0.26   10.48 ^ clkbuf_2_3__f_clk/X (sky130_fd_sc_hd__clkbuf_16)
                                         clknet_2_3__leaf_clk (net)
                  0.09    0.00   10.48 ^ _323_/CLK (sky130_fd_sc_hd__dfrtp_4)
                          0.00   10.48   clock reconvergence pessimism
                         -0.22   10.26   library setup time
                                 10.26   data required time
-----------------------------------------------------------------------------
                                 10.26   data required time
                                 -5.81   data arrival time
-----------------------------------------------------------------------------
                                  4.45   slack (MET)


Startpoint: _336_ (rising edge-triggered flip-flop clocked by core_clock)
Endpoint: _324_ (rising edge-triggered flip-flop clocked by core_clock)
Path Group: core_clock
Path Type: max
Corner: Slowest

Fanout     Cap    Slew   Delay    Time   Description
-----------------------------------------------------------------------------
                          0.00    0.00   clock core_clock (rise edge)
                          0.00    0.00   clock source latency
     1    0.02    0.00    0.00    0.00 ^ clk (in)
                                         clk (net)
                  0.00    0.00    0.00 ^ clkbuf_0_clk/A (sky130_fd_sc_hd__clkbuf_16)
     4    0.04    0.10    0.22    0.22 ^ clkbuf_0_clk/X (sky130_fd_sc_hd__clkbuf_16)
                                         clknet_0_clk (net)
                  0.10    0.00    0.23 ^ clkbuf_2_3__f_clk/A (sky130_fd_sc_hd__clkbuf_16)
    10    0.04    0.09    0.26    0.48 ^ clkbuf_2_3__f_clk/X (sky130_fd_sc_hd__clkbuf_16)
                                         clknet_2_3__leaf_clk (net)
                  0.09    0.00    0.48 ^ _336_/CLK (sky130_fd_sc_hd__dfrtp_4)
     6    0.04    0.20    1.12    1.61 v _336_/Q (sky130_fd_sc_hd__dfrtp_4)
                                         counter.one_second_counter[13] (net)
                  0.20    0.00    1.61 v _174_/D (sky130_fd_sc_hd__and4_1)
     2    0.01    0.16    0.56    2.17 v _174_/X (sky130_fd_sc_hd__and4_1)
                                         _076_ (net)
                  0.16    0.00    2.17 v _175_/D (sky130_fd_sc_hd__or4_1)
     1    0.01    0.29    1.15    3.31 v _175_/X (sky130_fd_sc_hd__or4_1)
                                         _077_ (net)
                  0.29    0.00    3.32 v _178_/A3 (sky130_fd_sc_hd__o31a_1)
     1    0.01    0.18    0.65    3.97 v _178_/X (sky130_fd_sc_hd__o31a_1)
                                         _080_ (net)
                  0.18    0.00    3.97 v _180_/A2 (sky130_fd_sc_hd__o211ai_4)
     3    0.03    0.47    0.50    4.46 ^ _180_/Y (sky130_fd_sc_hd__o211ai_4)
                                         _082_ (net)
                  0.47    0.00    4.46 ^ _181_/A2 (sky130_fd_sc_hd__a21bo_4)
    10    0.06    0.31    0.56    5.03 ^ _181_/X (sky130_fd_sc_hd__a21bo_4)
                                         _083_ (net)
                  0.31    0.01    5.03 ^ _186_/B (sky130_fd_sc_hd__and3_1)
     1    0.01    0.22    0.49    5.52 ^ _186_/X (sky130_fd_sc_hd__and3_1)
                                         _086_ (net)
                  0.22    0.00    5.52 ^ _187_/A (sky130_fd_sc_hd__clkbuf_1)
     1    0.01    0.22    0.32    5.85 ^ _187_/X (sky130_fd_sc_hd__clkbuf_1)
                                         _012_ (net)
                  0.22    0.00    5.85 ^ _324_/D (sky130_fd_sc_hd__dfrtp_4)
                                  5.85   data arrival time

                         10.00   10.00   clock core_clock (rise edge)
                          0.00   10.00   clock source latency
     1    0.02    0.00    0.00   10.00 ^ clk (in)
                                         clk (net)
                  0.00    0.00   10.00 ^ clkbuf_0_clk/A (sky130_fd_sc_hd__clkbuf_16)
     4    0.04    0.10    0.22   10.22 ^ clkbuf_0_clk/X (sky130_fd_sc_hd__clkbuf_16)
                                         clknet_0_clk (net)
                  0.10    0.00   10.23 ^ clkbuf_2_1__f_clk/A (sky130_fd_sc_hd__clkbuf_16)
     8    0.03    0.08    0.25   10.47 ^ clkbuf_2_1__f_clk/X (sky130_fd_sc_hd__clkbuf_16)
                                         clknet_2_1__leaf_clk (net)
                  0.08    0.00   10.48 ^ _324_/CLK (sky130_fd_sc_hd__dfrtp_4)
                          0.00   10.48   clock reconvergence pessimism
                         -0.17   10.30   library setup time
                                 10.30   data required time
-----------------------------------------------------------------------------
                                 10.30   data required time
                                 -5.85   data arrival time
-----------------------------------------------------------------------------
                                  4.46   slack (MET)


Startpoint: _336_ (rising edge-triggered flip-flop clocked by core_clock)
Endpoint: _325_ (rising edge-triggered flip-flop clocked by core_clock)
Path Group: core_clock
Path Type: max
Corner: Slowest

Fanout     Cap    Slew   Delay    Time   Description
-----------------------------------------------------------------------------
                          0.00    0.00   clock core_clock (rise edge)
                          0.00    0.00   clock source latency
     1    0.02    0.00    0.00    0.00 ^ clk (in)
                                         clk (net)
                  0.00    0.00    0.00 ^ clkbuf_0_clk/A (sky130_fd_sc_hd__clkbuf_16)
     4    0.04    0.10    0.22    0.22 ^ clkbuf_0_clk/X (sky130_fd_sc_hd__clkbuf_16)
                                         clknet_0_clk (net)
                  0.10    0.00    0.23 ^ clkbuf_2_3__f_clk/A (sky130_fd_sc_hd__clkbuf_16)
    10    0.04    0.09    0.26    0.48 ^ clkbuf_2_3__f_clk/X (sky130_fd_sc_hd__clkbuf_16)
                                         clknet_2_3__leaf_clk (net)
                  0.09    0.00    0.48 ^ _336_/CLK (sky130_fd_sc_hd__dfrtp_4)
     6    0.04    0.20    1.12    1.61 v _336_/Q (sky130_fd_sc_hd__dfrtp_4)
                                         counter.one_second_counter[13] (net)
                  0.20    0.00    1.61 v _174_/D (sky130_fd_sc_hd__and4_1)
     2    0.01    0.16    0.56    2.17 v _174_/X (sky130_fd_sc_hd__and4_1)
                                         _076_ (net)
                  0.16    0.00    2.17 v _175_/D (sky130_fd_sc_hd__or4_1)
     1    0.01    0.29    1.15    3.31 v _175_/X (sky130_fd_sc_hd__or4_1)
                                         _077_ (net)
                  0.29    0.00    3.32 v _178_/A3 (sky130_fd_sc_hd__o31a_1)
     1    0.01    0.18    0.65    3.97 v _178_/X (sky130_fd_sc_hd__o31a_1)
                                         _080_ (net)
                  0.18    0.00    3.97 v _180_/A2 (sky130_fd_sc_hd__o211ai_4)
     3    0.03    0.47    0.50    4.46 ^ _180_/Y (sky130_fd_sc_hd__o211ai_4)
                                         _082_ (net)
                  0.47    0.00    4.46 ^ _181_/A2 (sky130_fd_sc_hd__a21bo_4)
    10    0.06    0.31    0.56    5.03 ^ _181_/X (sky130_fd_sc_hd__a21bo_4)
                                         _083_ (net)
                  0.31    0.01    5.03 ^ _190_/B (sky130_fd_sc_hd__and3_1)
     1    0.01    0.22    0.50    5.53 ^ _190_/X (sky130_fd_sc_hd__and3_1)
                                         _089_ (net)
                  0.22    0.00    5.53 ^ _191_/A (sky130_fd_sc_hd__clkbuf_1)
     1    0.01    0.19    0.30    5.83 ^ _191_/X (sky130_fd_sc_hd__clkbuf_1)
                                         _020_ (net)
                  0.19    0.00    5.83 ^ _325_/D (sky130_fd_sc_hd__dfrtp_2)
                                  5.83   data arrival time

                         10.00   10.00   clock core_clock (rise edge)
                          0.00   10.00   clock source latency
     1    0.02    0.00    0.00   10.00 ^ clk (in)
                                         clk (net)
                  0.00    0.00   10.00 ^ clkbuf_0_clk/A (sky130_fd_sc_hd__clkbuf_16)
     4    0.04    0.10    0.22   10.22 ^ clkbuf_0_clk/X (sky130_fd_sc_hd__clkbuf_16)
                                         clknet_0_clk (net)
                  0.10    0.00   10.23 ^ clkbuf_2_2__f_clk/A (sky130_fd_sc_hd__clkbuf_16)
    10    0.04    0.10    0.26   10.49 ^ clkbuf_2_2__f_clk/X (sky130_fd_sc_hd__clkbuf_16)
                                         clknet_2_2__leaf_clk (net)
                  0.10    0.00   10.49 ^ _325_/CLK (sky130_fd_sc_hd__dfrtp_2)
                          0.00   10.49   clock reconvergence pessimism
                         -0.16   10.33   library setup time
                                 10.33   data required time
-----------------------------------------------------------------------------
                                 10.33   data required time
                                 -5.83   data arrival time
-----------------------------------------------------------------------------
                                  4.50   slack (MET)


Startpoint: _336_ (rising edge-triggered flip-flop clocked by core_clock)
Endpoint: _331_ (rising edge-triggered flip-flop clocked by core_clock)
Path Group: core_clock
Path Type: max
Corner: Slowest

Fanout     Cap    Slew   Delay    Time   Description
-----------------------------------------------------------------------------
                          0.00    0.00   clock core_clock (rise edge)
                          0.00    0.00   clock source latency
     1    0.02    0.00    0.00    0.00 ^ clk (in)
                                         clk (net)
                  0.00    0.00    0.00 ^ clkbuf_0_clk/A (sky130_fd_sc_hd__clkbuf_16)
     4    0.04    0.10    0.22    0.22 ^ clkbuf_0_clk/X (sky130_fd_sc_hd__clkbuf_16)
                                         clknet_0_clk (net)
                  0.10    0.00    0.23 ^ clkbuf_2_3__f_clk/A (sky130_fd_sc_hd__clkbuf_16)
    10    0.04    0.09    0.26    0.48 ^ clkbuf_2_3__f_clk/X (sky130_fd_sc_hd__clkbuf_16)
                                         clknet_2_3__leaf_clk (net)
                  0.09    0.00    0.48 ^ _336_/CLK (sky130_fd_sc_hd__dfrtp_4)
     6    0.04    0.20    1.12    1.61 v _336_/Q (sky130_fd_sc_hd__dfrtp_4)
                                         counter.one_second_counter[13] (net)
                  0.20    0.00    1.61 v _174_/D (sky130_fd_sc_hd__and4_1)
     2    0.01    0.16    0.56    2.17 v _174_/X (sky130_fd_sc_hd__and4_1)
                                         _076_ (net)
                  0.16    0.00    2.17 v _175_/D (sky130_fd_sc_hd__or4_1)
     1    0.01    0.29    1.15    3.31 v _175_/X (sky130_fd_sc_hd__or4_1)
                                         _077_ (net)
                  0.29    0.00    3.32 v _178_/A3 (sky130_fd_sc_hd__o31a_1)
     1    0.01    0.18    0.65    3.97 v _178_/X (sky130_fd_sc_hd__o31a_1)
                                         _080_ (net)
                  0.18    0.00    3.97 v _180_/A2 (sky130_fd_sc_hd__o211ai_4)
     3    0.03    0.47    0.50    4.46 ^ _180_/Y (sky130_fd_sc_hd__o211ai_4)
                                         _082_ (net)
                  0.47    0.00    4.46 ^ _181_/A2 (sky130_fd_sc_hd__a21bo_4)
    10    0.06    0.31    0.56    5.03 ^ _181_/X (sky130_fd_sc_hd__a21bo_4)
                                         _083_ (net)
                  0.31    0.00    5.03 ^ _211_/B (sky130_fd_sc_hd__and3_1)
     1    0.01    0.16    0.44    5.47 ^ _211_/X (sky130_fd_sc_hd__and3_1)
                                         _104_ (net)
                  0.16    0.00    5.47 ^ _212_/A (sky130_fd_sc_hd__clkbuf_1)
     1    0.01    0.23    0.31    5.78 ^ _212_/X (sky130_fd_sc_hd__clkbuf_1)
                                         _026_ (net)
                  0.23    0.00    5.78 ^ _331_/D (sky130_fd_sc_hd__dfrtp_2)
                                  5.78   data arrival time

                         10.00   10.00   clock core_clock (rise edge)
                          0.00   10.00   clock source latency
     1    0.02    0.00    0.00   10.00 ^ clk (in)
                                         clk (net)
                  0.00    0.00   10.00 ^ clkbuf_0_clk/A (sky130_fd_sc_hd__clkbuf_16)
     4    0.04    0.10    0.22   10.22 ^ clkbuf_0_clk/X (sky130_fd_sc_hd__clkbuf_16)
                                         clknet_0_clk (net)
                  0.10    0.00   10.23 ^ clkbuf_2_0__f_clk/A (sky130_fd_sc_hd__clkbuf_16)
     7    0.03    0.08    0.25   10.47 ^ clkbuf_2_0__f_clk/X (sky130_fd_sc_hd__clkbuf_16)
                                         clknet_2_0__leaf_clk (net)
                  0.08    0.00   10.47 ^ _331_/CLK (sky130_fd_sc_hd__dfrtp_2)
                          0.00   10.47   clock reconvergence pessimism
                         -0.18   10.29   library setup time
                                 10.29   data required time
-----------------------------------------------------------------------------
                                 10.29   data required time
                                 -5.78   data arrival time
-----------------------------------------------------------------------------
                                  4.52   slack (MET)


Startpoint: _336_ (rising edge-triggered flip-flop clocked by core_clock)
Endpoint: _339_ (rising edge-triggered flip-flop clocked by core_clock)
Path Group: core_clock
Path Type: max
Corner: Slowest

Fanout     Cap    Slew   Delay    Time   Description
-----------------------------------------------------------------------------
                          0.00    0.00   clock core_clock (rise edge)
                          0.00    0.00   clock source latency
     1    0.02    0.00    0.00    0.00 ^ clk (in)
                                         clk (net)
                  0.00    0.00    0.00 ^ clkbuf_0_clk/A (sky130_fd_sc_hd__clkbuf_16)
     4    0.04    0.10    0.22    0.22 ^ clkbuf_0_clk/X (sky130_fd_sc_hd__clkbuf_16)
                                         clknet_0_clk (net)
                  0.10    0.00    0.23 ^ clkbuf_2_3__f_clk/A (sky130_fd_sc_hd__clkbuf_16)
    10    0.04    0.09    0.26    0.48 ^ clkbuf_2_3__f_clk/X (sky130_fd_sc_hd__clkbuf_16)
                                         clknet_2_3__leaf_clk (net)
                  0.09    0.00    0.48 ^ _336_/CLK (sky130_fd_sc_hd__dfrtp_4)
     6    0.04    0.20    1.12    1.61 v _336_/Q (sky130_fd_sc_hd__dfrtp_4)
                                         counter.one_second_counter[13] (net)
                  0.20    0.00    1.61 v _174_/D (sky130_fd_sc_hd__and4_1)
     2    0.01    0.16    0.56    2.17 v _174_/X (sky130_fd_sc_hd__and4_1)
                                         _076_ (net)
                  0.16    0.00    2.17 v _175_/D (sky130_fd_sc_hd__or4_1)
     1    0.01    0.29    1.15    3.31 v _175_/X (sky130_fd_sc_hd__or4_1)
                                         _077_ (net)
                  0.29    0.00    3.32 v _178_/A3 (sky130_fd_sc_hd__o31a_1)
     1    0.01    0.18    0.65    3.97 v _178_/X (sky130_fd_sc_hd__o31a_1)
                                         _080_ (net)
                  0.18    0.00    3.97 v _180_/A2 (sky130_fd_sc_hd__o211ai_4)
     3    0.03    0.47    0.50    4.46 ^ _180_/Y (sky130_fd_sc_hd__o211ai_4)
                                         _082_ (net)
                  0.47    0.00    4.46 ^ _181_/A2 (sky130_fd_sc_hd__a21bo_4)
    10    0.06    0.31    0.56    5.03 ^ _181_/X (sky130_fd_sc_hd__a21bo_4)
                                         _083_ (net)
                  0.31    0.01    5.03 ^ _244_/A (sky130_fd_sc_hd__and3_1)
     1    0.01    0.17    0.44    5.48 ^ _244_/X (sky130_fd_sc_hd__and3_1)
                                         _129_ (net)
                  0.17    0.00    5.48 ^ _245_/A (sky130_fd_sc_hd__clkbuf_1)
     1    0.01    0.16    0.26    5.74 ^ _245_/X (sky130_fd_sc_hd__clkbuf_1)
                                         _008_ (net)
                  0.16    0.00    5.74 ^ _339_/D (sky130_fd_sc_hd__dfrtp_4)
                                  5.74   data arrival time

                         10.00   10.00   clock core_clock (rise edge)
                          0.00   10.00   clock source latency
     1    0.02    0.00    0.00   10.00 ^ clk (in)
                                         clk (net)
                  0.00    0.00   10.00 ^ clkbuf_0_clk/A (sky130_fd_sc_hd__clkbuf_16)
     4    0.04    0.10    0.22   10.22 ^ clkbuf_0_clk/X (sky130_fd_sc_hd__clkbuf_16)
                                         clknet_0_clk (net)
                  0.10    0.00   10.23 ^ clkbuf_2_3__f_clk/A (sky130_fd_sc_hd__clkbuf_16)
    10    0.04    0.09    0.26   10.48 ^ clkbuf_2_3__f_clk/X (sky130_fd_sc_hd__clkbuf_16)
                                         clknet_2_3__leaf_clk (net)
                  0.09    0.00   10.48 ^ _339_/CLK (sky130_fd_sc_hd__dfrtp_4)
                          0.00   10.48   clock reconvergence pessimism
                         -0.16   10.33   library setup time
                                 10.33   data required time
-----------------------------------------------------------------------------
                                 10.33   data required time
                                 -5.74   data arrival time
-----------------------------------------------------------------------------
                                  4.59   slack (MET)


Startpoint: _336_ (rising edge-triggered flip-flop clocked by core_clock)
Endpoint: _342_ (rising edge-triggered flip-flop clocked by core_clock)
Path Group: core_clock
Path Type: max
Corner: Slowest

Fanout     Cap    Slew   Delay    Time   Description
-----------------------------------------------------------------------------
                          0.00    0.00   clock core_clock (rise edge)
                          0.00    0.00   clock source latency
     1    0.02    0.00    0.00    0.00 ^ clk (in)
                                         clk (net)
                  0.00    0.00    0.00 ^ clkbuf_0_clk/A (sky130_fd_sc_hd__clkbuf_16)
     4    0.04    0.10    0.22    0.22 ^ clkbuf_0_clk/X (sky130_fd_sc_hd__clkbuf_16)
                                         clknet_0_clk (net)
                  0.10    0.00    0.23 ^ clkbuf_2_3__f_clk/A (sky130_fd_sc_hd__clkbuf_16)
    10    0.04    0.09    0.26    0.48 ^ clkbuf_2_3__f_clk/X (sky130_fd_sc_hd__clkbuf_16)
                                         clknet_2_3__leaf_clk (net)
                  0.09    0.00    0.48 ^ _336_/CLK (sky130_fd_sc_hd__dfrtp_4)
     6    0.04    0.20    1.12    1.61 v _336_/Q (sky130_fd_sc_hd__dfrtp_4)
                                         counter.one_second_counter[13] (net)
                  0.20    0.00    1.61 v _174_/D (sky130_fd_sc_hd__and4_1)
     2    0.01    0.16    0.56    2.17 v _174_/X (sky130_fd_sc_hd__and4_1)
                                         _076_ (net)
                  0.16    0.00    2.17 v _175_/D (sky130_fd_sc_hd__or4_1)
     1    0.01    0.29    1.15    3.31 v _175_/X (sky130_fd_sc_hd__or4_1)
                                         _077_ (net)
                  0.29    0.00    3.32 v _178_/A3 (sky130_fd_sc_hd__o31a_1)
     1    0.01    0.18    0.65    3.97 v _178_/X (sky130_fd_sc_hd__o31a_1)
                                         _080_ (net)
                  0.18    0.00    3.97 v _180_/A2 (sky130_fd_sc_hd__o211ai_4)
     3    0.03    0.47    0.50    4.46 ^ _180_/Y (sky130_fd_sc_hd__o211ai_4)
                                         _082_ (net)
                  0.47    0.00    4.46 ^ _181_/A2 (sky130_fd_sc_hd__a21bo_4)
    10    0.06    0.31    0.56    5.03 ^ _181_/X (sky130_fd_sc_hd__a21bo_4)
                                         _083_ (net)
                  0.31    0.01    5.03 ^ _255_/A (sky130_fd_sc_hd__and3_1)
     1    0.01    0.13    0.41    5.44 ^ _255_/X (sky130_fd_sc_hd__and3_1)
                                         _137_ (net)
                  0.13    0.00    5.44 ^ _256_/A (sky130_fd_sc_hd__clkbuf_1)
     1    0.01    0.11    0.21    5.64 ^ _256_/X (sky130_fd_sc_hd__clkbuf_1)
                                         _011_ (net)
                  0.11    0.00    5.64 ^ _342_/D (sky130_fd_sc_hd__dfrtp_2)
                                  5.64   data arrival time

                         10.00   10.00   clock core_clock (rise edge)
                          0.00   10.00   clock source latency
     1    0.02    0.00    0.00   10.00 ^ clk (in)
                                         clk (net)
                  0.00    0.00   10.00 ^ clkbuf_0_clk/A (sky130_fd_sc_hd__clkbuf_16)
     4    0.04    0.10    0.22   10.22 ^ clkbuf_0_clk/X (sky130_fd_sc_hd__clkbuf_16)
                                         clknet_0_clk (net)
                  0.10    0.00   10.23 ^ clkbuf_2_0__f_clk/A (sky130_fd_sc_hd__clkbuf_16)
     7    0.03    0.08    0.25   10.47 ^ clkbuf_2_0__f_clk/X (sky130_fd_sc_hd__clkbuf_16)
                                         clknet_2_0__leaf_clk (net)
                  0.08    0.00   10.47 ^ _342_/CLK (sky130_fd_sc_hd__dfrtp_2)
                          0.00   10.47   clock reconvergence pessimism
                         -0.15   10.32   library setup time
                                 10.32   data required time
-----------------------------------------------------------------------------
                                 10.32   data required time
                                 -5.64   data arrival time
-----------------------------------------------------------------------------
                                  4.68   slack (MET)


Startpoint: _336_ (rising edge-triggered flip-flop clocked by core_clock)
Endpoint: _322_ (rising edge-triggered flip-flop clocked by core_clock)
Path Group: core_clock
Path Type: max
Corner: Slowest

Fanout     Cap    Slew   Delay    Time   Description
-----------------------------------------------------------------------------
                          0.00    0.00   clock core_clock (rise edge)
                          0.00    0.00   clock source latency
     1    0.02    0.00    0.00    0.00 ^ clk (in)
                                         clk (net)
                  0.00    0.00    0.00 ^ clkbuf_0_clk/A (sky130_fd_sc_hd__clkbuf_16)
     4    0.04    0.10    0.22    0.22 ^ clkbuf_0_clk/X (sky130_fd_sc_hd__clkbuf_16)
                                         clknet_0_clk (net)
                  0.10    0.00    0.23 ^ clkbuf_2_3__f_clk/A (sky130_fd_sc_hd__clkbuf_16)
    10    0.04    0.09    0.26    0.48 ^ clkbuf_2_3__f_clk/X (sky130_fd_sc_hd__clkbuf_16)
                                         clknet_2_3__leaf_clk (net)
                  0.09    0.00    0.48 ^ _336_/CLK (sky130_fd_sc_hd__dfrtp_4)
     6    0.04    0.20    1.12    1.61 v _336_/Q (sky130_fd_sc_hd__dfrtp_4)
                                         counter.one_second_counter[13] (net)
                  0.20    0.00    1.61 v _174_/D (sky130_fd_sc_hd__and4_1)
     2    0.01    0.16    0.56    2.17 v _174_/X (sky130_fd_sc_hd__and4_1)
                                         _076_ (net)
                  0.16    0.00    2.17 v _175_/D (sky130_fd_sc_hd__or4_1)
     1    0.01    0.29    1.15    3.31 v _175_/X (sky130_fd_sc_hd__or4_1)
                                         _077_ (net)
                  0.29    0.00    3.32 v _178_/A3 (sky130_fd_sc_hd__o31a_1)
     1    0.01    0.18    0.65    3.97 v _178_/X (sky130_fd_sc_hd__o31a_1)
                                         _080_ (net)
                  0.18    0.00    3.97 v _180_/A2 (sky130_fd_sc_hd__o211ai_4)
     3    0.03    0.47    0.50    4.46 ^ _180_/Y (sky130_fd_sc_hd__o211ai_4)
                                         _082_ (net)
                  0.47    0.00    4.46 ^ _181_/A2 (sky130_fd_sc_hd__a21bo_4)
    10    0.06    0.31    0.56    5.03 ^ _181_/X (sky130_fd_sc_hd__a21bo_4)
                                         _083_ (net)
                  0.31    0.01    5.03 ^ _182_/A (sky130_fd_sc_hd__clkinv_4)
    10    0.07    0.27    0.34    5.37 v _182_/Y (sky130_fd_sc_hd__clkinv_4)
                                         _000_ (net)
                  0.27    0.00    5.38 v _322_/D (sky130_fd_sc_hd__dfrtp_4)
                                  5.38   data arrival time

                         10.00   10.00   clock core_clock (rise edge)
                          0.00   10.00   clock source latency
     1    0.02    0.00    0.00   10.00 ^ clk (in)
                                         clk (net)
                  0.00    0.00   10.00 ^ clkbuf_0_clk/A (sky130_fd_sc_hd__clkbuf_16)
     4    0.04    0.10    0.22   10.22 ^ clkbuf_0_clk/X (sky130_fd_sc_hd__clkbuf_16)
                                         clknet_0_clk (net)
                  0.10    0.00   10.23 ^ clkbuf_2_0__f_clk/A (sky130_fd_sc_hd__clkbuf_16)
     7    0.03    0.08    0.25   10.47 ^ clkbuf_2_0__f_clk/X (sky130_fd_sc_hd__clkbuf_16)
                                         clknet_2_0__leaf_clk (net)
                  0.08    0.00   10.47 ^ _322_/CLK (sky130_fd_sc_hd__dfrtp_4)
                          0.00   10.47   clock reconvergence pessimism
                         -0.36   10.12   library setup time
                                 10.12   data required time
-----------------------------------------------------------------------------
                                 10.12   data required time
                                 -5.38   data arrival time
-----------------------------------------------------------------------------
                                  4.74   slack (MET)


Startpoint: _353_ (rising edge-triggered flip-flop clocked by core_clock)
Endpoint: _350_ (rising edge-triggered flip-flop clocked by core_clock)
Path Group: core_clock
Path Type: max
Corner: Slowest

Fanout     Cap    Slew   Delay    Time   Description
-----------------------------------------------------------------------------
                          0.00    0.00   clock core_clock (rise edge)
                          0.00    0.00   clock source latency
     1    0.02    0.00    0.00    0.00 ^ clk (in)
                                         clk (net)
                  0.00    0.00    0.00 ^ clkbuf_0_clk/A (sky130_fd_sc_hd__clkbuf_16)
     4    0.04    0.10    0.22    0.22 ^ clkbuf_0_clk/X (sky130_fd_sc_hd__clkbuf_16)
                                         clknet_0_clk (net)
                  0.10    0.00    0.23 ^ clkbuf_2_3__f_clk/A (sky130_fd_sc_hd__clkbuf_16)
    10    0.04    0.09    0.26    0.48 ^ clkbuf_2_3__f_clk/X (sky130_fd_sc_hd__clkbuf_16)
                                         clknet_2_3__leaf_clk (net)
                  0.09    0.00    0.48 ^ _353_/CLK (sky130_fd_sc_hd__dfrtp_4)
     4    0.03    0.18    1.09    1.57 v _353_/Q (sky130_fd_sc_hd__dfrtp_4)
                                         counter.count[3] (net)
                  0.18    0.00    1.57 v _161_/A (sky130_fd_sc_hd__nor3_2)
     4    0.05    1.29    1.15    2.72 ^ _161_/Y (sky130_fd_sc_hd__nor3_2)
                                         _066_ (net)
                  1.29    0.00    2.72 ^ _162_/B (sky130_fd_sc_hd__and2_1)
     3    0.03    0.45    0.83    3.55 ^ _162_/X (sky130_fd_sc_hd__and2_1)
                                         _067_ (net)
                  0.45    0.00    3.55 ^ _167_/B1 (sky130_fd_sc_hd__a21oi_1)
     1    0.01    0.23    0.28    3.84 v _167_/Y (sky130_fd_sc_hd__a21oi_1)
                                         _070_ (net)
                  0.23    0.00    3.84 v _168_/B1 (sky130_fd_sc_hd__o21a_1)
     2    0.02    0.20    0.38    4.22 v _168_/X (sky130_fd_sc_hd__o21a_1)
                                         _060_ (net)
                  0.20    0.00    4.22 v _350_/D (sky130_fd_sc_hd__dfrtp_4)
                                  4.22   data arrival time

                         10.00   10.00   clock core_clock (rise edge)
                          0.00   10.00   clock source latency
     1    0.02    0.00    0.00   10.00 ^ clk (in)
                                         clk (net)
                  0.00    0.00   10.00 ^ clkbuf_0_clk/A (sky130_fd_sc_hd__clkbuf_16)
     4    0.04    0.10    0.22   10.22 ^ clkbuf_0_clk/X (sky130_fd_sc_hd__clkbuf_16)
                                         clknet_0_clk (net)
                  0.10    0.00   10.23 ^ clkbuf_2_1__f_clk/A (sky130_fd_sc_hd__clkbuf_16)
     8    0.03    0.08    0.25   10.47 ^ clkbuf_2_1__f_clk/X (sky130_fd_sc_hd__clkbuf_16)
                                         clknet_2_1__leaf_clk (net)
                  0.08    0.00   10.48 ^ _350_/CLK (sky130_fd_sc_hd__dfrtp_4)
                          0.00   10.48   clock reconvergence pessimism
                         -0.32   10.15   library setup time
                                 10.15   data required time
-----------------------------------------------------------------------------
                                 10.15   data required time
                                 -4.22   data arrival time
-----------------------------------------------------------------------------
                                  5.93   slack (MET)


Startpoint: _353_ (rising edge-triggered flip-flop clocked by core_clock)
Endpoint: _352_ (rising edge-triggered flip-flop clocked by core_clock)
Path Group: core_clock
Path Type: max
Corner: Slowest

Fanout     Cap    Slew   Delay    Time   Description
-----------------------------------------------------------------------------
                          0.00    0.00   clock core_clock (rise edge)
                          0.00    0.00   clock source latency
     1    0.02    0.00    0.00    0.00 ^ clk (in)
                                         clk (net)
                  0.00    0.00    0.00 ^ clkbuf_0_clk/A (sky130_fd_sc_hd__clkbuf_16)
     4    0.04    0.10    0.22    0.22 ^ clkbuf_0_clk/X (sky130_fd_sc_hd__clkbuf_16)
                                         clknet_0_clk (net)
                  0.10    0.00    0.23 ^ clkbuf_2_3__f_clk/A (sky130_fd_sc_hd__clkbuf_16)
    10    0.04    0.09    0.26    0.48 ^ clkbuf_2_3__f_clk/X (sky130_fd_sc_hd__clkbuf_16)
                                         clknet_2_3__leaf_clk (net)
                  0.09    0.00    0.48 ^ _353_/CLK (sky130_fd_sc_hd__dfrtp_4)
     4    0.03    0.18    1.09    1.57 v _353_/Q (sky130_fd_sc_hd__dfrtp_4)
                                         counter.count[3] (net)
                  0.18    0.00    1.57 v _161_/A (sky130_fd_sc_hd__nor3_2)
     4    0.05    1.29    1.15    2.72 ^ _161_/Y (sky130_fd_sc_hd__nor3_2)
                                         _066_ (net)
                  1.29    0.00    2.72 ^ _162_/B (sky130_fd_sc_hd__and2_1)
     3    0.03    0.45    0.83    3.55 ^ _162_/X (sky130_fd_sc_hd__and2_1)
                                         _067_ (net)
                  0.45    0.00    3.55 ^ _164_/A2 (sky130_fd_sc_hd__a211oi_1)
     1    0.00    0.13    0.27    3.82 v _164_/Y (sky130_fd_sc_hd__a211oi_1)
                                         _062_ (net)
                  0.13    0.00    3.82 v _352_/D (sky130_fd_sc_hd__dfrtp_4)
                                  3.82   data arrival time

                         10.00   10.00   clock core_clock (rise edge)
                          0.00   10.00   clock source latency
     1    0.02    0.00    0.00   10.00 ^ clk (in)
                                         clk (net)
                  0.00    0.00   10.00 ^ clkbuf_0_clk/A (sky130_fd_sc_hd__clkbuf_16)
     4    0.04    0.10    0.22   10.22 ^ clkbuf_0_clk/X (sky130_fd_sc_hd__clkbuf_16)
                                         clknet_0_clk (net)
                  0.10    0.00   10.23 ^ clkbuf_2_3__f_clk/A (sky130_fd_sc_hd__clkbuf_16)
    10    0.04    0.09    0.26   10.48 ^ clkbuf_2_3__f_clk/X (sky130_fd_sc_hd__clkbuf_16)
                                         clknet_2_3__leaf_clk (net)
                  0.09    0.00   10.48 ^ _352_/CLK (sky130_fd_sc_hd__dfrtp_4)
                          0.00   10.48   clock reconvergence pessimism
                         -0.30   10.19   library setup time
                                 10.19   data required time
-----------------------------------------------------------------------------
                                 10.19   data required time
                                 -3.82   data arrival time
-----------------------------------------------------------------------------
                                  6.36   slack (MET)


Startpoint: _350_ (rising edge-triggered flip-flop clocked by core_clock)
Endpoint: _353_ (rising edge-triggered flip-flop clocked by core_clock)
Path Group: core_clock
Path Type: max
Corner: Slowest

Fanout     Cap    Slew   Delay    Time   Description
-----------------------------------------------------------------------------
                          0.00    0.00   clock core_clock (rise edge)
                          0.00    0.00   clock source latency
     1    0.02    0.00    0.00    0.00 ^ clk (in)
                                         clk (net)
                  0.00    0.00    0.00 ^ clkbuf_0_clk/A (sky130_fd_sc_hd__clkbuf_16)
     4    0.04    0.10    0.22    0.22 ^ clkbuf_0_clk/X (sky130_fd_sc_hd__clkbuf_16)
                                         clknet_0_clk (net)
                  0.10    0.00    0.23 ^ clkbuf_2_1__f_clk/A (sky130_fd_sc_hd__clkbuf_16)
     8    0.03    0.08    0.25    0.47 ^ clkbuf_2_1__f_clk/X (sky130_fd_sc_hd__clkbuf_16)
                                         clknet_2_1__leaf_clk (net)
                  0.08    0.00    0.48 ^ _350_/CLK (sky130_fd_sc_hd__dfrtp_4)
     7    0.05    0.23    1.15    1.62 v _350_/Q (sky130_fd_sc_hd__dfrtp_4)
                                         counter.count[0] (net)
                  0.23    0.01    1.63 v _158_/C (sky130_fd_sc_hd__and3_1)
     3    0.03    0.29    0.64    2.27 v _158_/X (sky130_fd_sc_hd__and3_1)
                                         _064_ (net)
                  0.29    0.00    2.28 v _159_/B (sky130_fd_sc_hd__and2_1)
     2    0.02    0.19    0.55    2.82 v _159_/X (sky130_fd_sc_hd__and2_1)
                                         _065_ (net)
                  0.19    0.00    2.82 v _160_/B (sky130_fd_sc_hd__xor2_1)
     1    0.01    0.17    0.35    3.18 v _160_/X (sky130_fd_sc_hd__xor2_1)
                                         _063_ (net)
                  0.17    0.00    3.18 v _353_/D (sky130_fd_sc_hd__dfrtp_4)
                                  3.18   data arrival time

                         10.00   10.00   clock core_clock (rise edge)
                          0.00   10.00   clock source latency
     1    0.02    0.00    0.00   10.00 ^ clk (in)
                                         clk (net)
                  0.00    0.00   10.00 ^ clkbuf_0_clk/A (sky130_fd_sc_hd__clkbuf_16)
     4    0.04    0.10    0.22   10.22 ^ clkbuf_0_clk/X (sky130_fd_sc_hd__clkbuf_16)
                                         clknet_0_clk (net)
                  0.10    0.00   10.23 ^ clkbuf_2_3__f_clk/A (sky130_fd_sc_hd__clkbuf_16)
    10    0.04    0.09    0.26   10.48 ^ clkbuf_2_3__f_clk/X (sky130_fd_sc_hd__clkbuf_16)
                                         clknet_2_3__leaf_clk (net)
                  0.09    0.00   10.48 ^ _353_/CLK (sky130_fd_sc_hd__dfrtp_4)
                          0.00   10.48   clock reconvergence pessimism
                         -0.31   10.17   library setup time
                                 10.17   data required time
-----------------------------------------------------------------------------
                                 10.17   data required time
                                 -3.18   data arrival time
-----------------------------------------------------------------------------
                                  6.99   slack (MET)


Startpoint: _350_ (rising edge-triggered flip-flop clocked by core_clock)
Endpoint: _351_ (rising edge-triggered flip-flop clocked by core_clock)
Path Group: core_clock
Path Type: max
Corner: Slowest

Fanout     Cap    Slew   Delay    Time   Description
-----------------------------------------------------------------------------
                          0.00    0.00   clock core_clock (rise edge)
                          0.00    0.00   clock source latency
     1    0.02    0.00    0.00    0.00 ^ clk (in)
                                         clk (net)
                  0.00    0.00    0.00 ^ clkbuf_0_clk/A (sky130_fd_sc_hd__clkbuf_16)
     4    0.04    0.10    0.22    0.22 ^ clkbuf_0_clk/X (sky130_fd_sc_hd__clkbuf_16)
                                         clknet_0_clk (net)
                  0.10    0.00    0.23 ^ clkbuf_2_1__f_clk/A (sky130_fd_sc_hd__clkbuf_16)
     8    0.03    0.08    0.25    0.47 ^ clkbuf_2_1__f_clk/X (sky130_fd_sc_hd__clkbuf_16)
                                         clknet_2_1__leaf_clk (net)
                  0.08    0.00    0.48 ^ _350_/CLK (sky130_fd_sc_hd__dfrtp_4)
     7    0.05    0.23    1.15    1.62 v _350_/Q (sky130_fd_sc_hd__dfrtp_4)
                                         counter.count[0] (net)
                  0.23    0.01    1.63 v _158_/C (sky130_fd_sc_hd__and3_1)
     3    0.03    0.29    0.64    2.27 v _158_/X (sky130_fd_sc_hd__and3_1)
                                         _064_ (net)
                  0.29    0.00    2.27 v _166_/A (sky130_fd_sc_hd__nor2_1)
     1    0.01    0.27    0.35    2.63 ^ _166_/Y (sky130_fd_sc_hd__nor2_1)
                                         _061_ (net)
                  0.27    0.00    2.63 ^ _351_/D (sky130_fd_sc_hd__dfrtp_4)
                                  2.63   data arrival time

                         10.00   10.00   clock core_clock (rise edge)
                          0.00   10.00   clock source latency
     1    0.02    0.00    0.00   10.00 ^ clk (in)
                                         clk (net)
                  0.00    0.00   10.00 ^ clkbuf_0_clk/A (sky130_fd_sc_hd__clkbuf_16)
     4    0.04    0.10    0.22   10.22 ^ clkbuf_0_clk/X (sky130_fd_sc_hd__clkbuf_16)
                                         clknet_0_clk (net)
                  0.10    0.00   10.23 ^ clkbuf_2_0__f_clk/A (sky130_fd_sc_hd__clkbuf_16)
     7    0.03    0.08    0.25   10.47 ^ clkbuf_2_0__f_clk/X (sky130_fd_sc_hd__clkbuf_16)
                                         clknet_2_0__leaf_clk (net)
                  0.08    0.00   10.47 ^ _351_/CLK (sky130_fd_sc_hd__dfrtp_4)
                          0.00   10.47   clock reconvergence pessimism
                         -0.19   10.29   library setup time
                                 10.29   data required time
-----------------------------------------------------------------------------
                                 10.29   data required time
                                 -2.63   data arrival time
-----------------------------------------------------------------------------
                                  7.66   slack (MET)



worst slack corner Slowest: 3.6875
======================= Typical Corner ===================================

Startpoint: _336_ (rising edge-triggered flip-flop clocked by core_clock)
Endpoint: _334_ (rising edge-triggered flip-flop clocked by core_clock)
Path Group: core_clock
Path Type: max
Corner: Typical

Fanout     Cap    Slew   Delay    Time   Description
-----------------------------------------------------------------------------
                          0.00    0.00   clock core_clock (rise edge)
                          0.00    0.00   clock source latency
     1    0.02    0.00    0.00    0.00 ^ clk (in)
                                         clk (net)
                  0.00    0.00    0.00 ^ clkbuf_0_clk/A (sky130_fd_sc_hd__clkbuf_16)
     4    0.04    0.06    0.13    0.13 ^ clkbuf_0_clk/X (sky130_fd_sc_hd__clkbuf_16)
                                         clknet_0_clk (net)
                  0.06    0.00    0.13 ^ clkbuf_2_3__f_clk/A (sky130_fd_sc_hd__clkbuf_16)
    10    0.04    0.06    0.15    0.28 ^ clkbuf_2_3__f_clk/X (sky130_fd_sc_hd__clkbuf_16)
                                         clknet_2_3__leaf_clk (net)
                  0.06    0.00    0.28 ^ _336_/CLK (sky130_fd_sc_hd__dfrtp_4)
     6    0.04    0.11    0.54    0.82 v _336_/Q (sky130_fd_sc_hd__dfrtp_4)
                                         counter.one_second_counter[13] (net)
                  0.11    0.00    0.82 v _174_/D (sky130_fd_sc_hd__and4_1)
     2    0.01    0.08    0.27    1.09 v _174_/X (sky130_fd_sc_hd__and4_1)
                                         _076_ (net)
                  0.08    0.00    1.09 v _175_/D (sky130_fd_sc_hd__or4_1)
     1    0.01    0.14    0.48    1.57 v _175_/X (sky130_fd_sc_hd__or4_1)
                                         _077_ (net)
                  0.14    0.00    1.57 v _178_/A3 (sky130_fd_sc_hd__o31a_1)
     1    0.01    0.10    0.32    1.90 v _178_/X (sky130_fd_sc_hd__o31a_1)
                                         _080_ (net)
                  0.10    0.00    1.90 v _180_/A2 (sky130_fd_sc_hd__o211ai_4)
     3    0.03    0.30    0.29    2.19 ^ _180_/Y (sky130_fd_sc_hd__o211ai_4)
                                         _082_ (net)
                  0.30    0.00    2.19 ^ _181_/A2 (sky130_fd_sc_hd__a21bo_4)
    10    0.06    0.20    0.30    2.49 ^ _181_/X (sky130_fd_sc_hd__a21bo_4)
                                         _083_ (net)
                  0.20    0.01    2.50 ^ _195_/A (sky130_fd_sc_hd__buf_2)
    10    0.06    0.27    0.32    2.81 ^ _195_/X (sky130_fd_sc_hd__buf_2)
                                         _092_ (net)
                  0.27    0.00    2.82 ^ _225_/A (sky130_fd_sc_hd__and3_1)
     1    0.01    0.15    0.28    3.10 ^ _225_/X (sky130_fd_sc_hd__and3_1)
                                         _115_ (net)
                  0.15    0.00    3.10 ^ _226_/A (sky130_fd_sc_hd__buf_1)
     1    0.02    0.24    0.24    3.34 ^ _226_/X (sky130_fd_sc_hd__buf_1)
                                         _003_ (net)
                  0.24    0.00    3.34 ^ _334_/D (sky130_fd_sc_hd__dfrtp_2)
                                  3.34   data arrival time

                         10.00   10.00   clock core_clock (rise edge)
                          0.00   10.00   clock source latency
     1    0.02    0.00    0.00   10.00 ^ clk (in)
                                         clk (net)
                  0.00    0.00   10.00 ^ clkbuf_0_clk/A (sky130_fd_sc_hd__clkbuf_16)
     4    0.04    0.06    0.13   10.13 ^ clkbuf_0_clk/X (sky130_fd_sc_hd__clkbuf_16)
                                         clknet_0_clk (net)
                  0.06    0.00   10.13 ^ clkbuf_2_3__f_clk/A (sky130_fd_sc_hd__clkbuf_16)
    10    0.04    0.06    0.15   10.28 ^ clkbuf_2_3__f_clk/X (sky130_fd_sc_hd__clkbuf_16)
                                         clknet_2_3__leaf_clk (net)
                  0.06    0.00   10.28 ^ _334_/CLK (sky130_fd_sc_hd__dfrtp_2)
                          0.00   10.28   clock reconvergence pessimism
                         -0.11   10.17   library setup time
                                 10.17   data required time
-----------------------------------------------------------------------------
                                 10.17   data required time
                                 -3.34   data arrival time
-----------------------------------------------------------------------------
                                  6.83   slack (MET)


Startpoint: _336_ (rising edge-triggered flip-flop clocked by core_clock)
Endpoint: _337_ (rising edge-triggered flip-flop clocked by core_clock)
Path Group: core_clock
Path Type: max
Corner: Typical

Fanout     Cap    Slew   Delay    Time   Description
-----------------------------------------------------------------------------
                          0.00    0.00   clock core_clock (rise edge)
                          0.00    0.00   clock source latency
     1    0.02    0.00    0.00    0.00 ^ clk (in)
                                         clk (net)
                  0.00    0.00    0.00 ^ clkbuf_0_clk/A (sky130_fd_sc_hd__clkbuf_16)
     4    0.04    0.06    0.13    0.13 ^ clkbuf_0_clk/X (sky130_fd_sc_hd__clkbuf_16)
                                         clknet_0_clk (net)
                  0.06    0.00    0.13 ^ clkbuf_2_3__f_clk/A (sky130_fd_sc_hd__clkbuf_16)
    10    0.04    0.06    0.15    0.28 ^ clkbuf_2_3__f_clk/X (sky130_fd_sc_hd__clkbuf_16)
                                         clknet_2_3__leaf_clk (net)
                  0.06    0.00    0.28 ^ _336_/CLK (sky130_fd_sc_hd__dfrtp_4)
     6    0.04    0.11    0.54    0.82 v _336_/Q (sky130_fd_sc_hd__dfrtp_4)
                                         counter.one_second_counter[13] (net)
                  0.11    0.00    0.82 v _174_/D (sky130_fd_sc_hd__and4_1)
     2    0.01    0.08    0.27    1.09 v _174_/X (sky130_fd_sc_hd__and4_1)
                                         _076_ (net)
                  0.08    0.00    1.09 v _175_/D (sky130_fd_sc_hd__or4_1)
     1    0.01    0.14    0.48    1.57 v _175_/X (sky130_fd_sc_hd__or4_1)
                                         _077_ (net)
                  0.14    0.00    1.57 v _178_/A3 (sky130_fd_sc_hd__o31a_1)
     1    0.01    0.10    0.32    1.90 v _178_/X (sky130_fd_sc_hd__o31a_1)
                                         _080_ (net)
                  0.10    0.00    1.90 v _180_/A2 (sky130_fd_sc_hd__o211ai_4)
     3    0.03    0.30    0.29    2.19 ^ _180_/Y (sky130_fd_sc_hd__o211ai_4)
                                         _082_ (net)
                  0.30    0.00    2.19 ^ _181_/A2 (sky130_fd_sc_hd__a21bo_4)
    10    0.06    0.20    0.30    2.49 ^ _181_/X (sky130_fd_sc_hd__a21bo_4)
                                         _083_ (net)
                  0.20    0.01    2.50 ^ _195_/A (sky130_fd_sc_hd__buf_2)
    10    0.06    0.27    0.32    2.81 ^ _195_/X (sky130_fd_sc_hd__buf_2)
                                         _092_ (net)
                  0.27    0.00    2.82 ^ _236_/A (sky130_fd_sc_hd__and3_1)
     1    0.01    0.13    0.26    3.08 ^ _236_/X (sky130_fd_sc_hd__and3_1)
                                         _123_ (net)
                  0.13    0.00    3.08 ^ _237_/A (sky130_fd_sc_hd__buf_1)
     1    0.02    0.26    0.26    3.34 ^ _237_/X (sky130_fd_sc_hd__buf_1)
                                         _006_ (net)
                  0.26    0.00    3.34 ^ _337_/D (sky130_fd_sc_hd__dfrtp_2)
                                  3.34   data arrival time

                         10.00   10.00   clock core_clock (rise edge)
                          0.00   10.00   clock source latency
     1    0.02    0.00    0.00   10.00 ^ clk (in)
                                         clk (net)
                  0.00    0.00   10.00 ^ clkbuf_0_clk/A (sky130_fd_sc_hd__clkbuf_16)
     4    0.04    0.06    0.13   10.13 ^ clkbuf_0_clk/X (sky130_fd_sc_hd__clkbuf_16)
                                         clknet_0_clk (net)
                  0.06    0.00   10.13 ^ clkbuf_2_2__f_clk/A (sky130_fd_sc_hd__clkbuf_16)
    10    0.04    0.06    0.15   10.28 ^ clkbuf_2_2__f_clk/X (sky130_fd_sc_hd__clkbuf_16)
                                         clknet_2_2__leaf_clk (net)
                  0.06    0.00   10.28 ^ _337_/CLK (sky130_fd_sc_hd__dfrtp_2)
                          0.00   10.28   clock reconvergence pessimism
                         -0.11   10.17   library setup time
                                 10.17   data required time
-----------------------------------------------------------------------------
                                 10.17   data required time
                                 -3.34   data arrival time
-----------------------------------------------------------------------------
                                  6.83   slack (MET)


Startpoint: _336_ (rising edge-triggered flip-flop clocked by core_clock)
Endpoint: _333_ (rising edge-triggered flip-flop clocked by core_clock)
Path Group: core_clock
Path Type: max
Corner: Typical

Fanout     Cap    Slew   Delay    Time   Description
-----------------------------------------------------------------------------
                          0.00    0.00   clock core_clock (rise edge)
                          0.00    0.00   clock source latency
     1    0.02    0.00    0.00    0.00 ^ clk (in)
                                         clk (net)
                  0.00    0.00    0.00 ^ clkbuf_0_clk/A (sky130_fd_sc_hd__clkbuf_16)
     4    0.04    0.06    0.13    0.13 ^ clkbuf_0_clk/X (sky130_fd_sc_hd__clkbuf_16)
                                         clknet_0_clk (net)
                  0.06    0.00    0.13 ^ clkbuf_2_3__f_clk/A (sky130_fd_sc_hd__clkbuf_16)
    10    0.04    0.06    0.15    0.28 ^ clkbuf_2_3__f_clk/X (sky130_fd_sc_hd__clkbuf_16)
                                         clknet_2_3__leaf_clk (net)
                  0.06    0.00    0.28 ^ _336_/CLK (sky130_fd_sc_hd__dfrtp_4)
     6    0.04    0.11    0.54    0.82 v _336_/Q (sky130_fd_sc_hd__dfrtp_4)
                                         counter.one_second_counter[13] (net)
                  0.11    0.00    0.82 v _174_/D (sky130_fd_sc_hd__and4_1)
     2    0.01    0.08    0.27    1.09 v _174_/X (sky130_fd_sc_hd__and4_1)
                                         _076_ (net)
                  0.08    0.00    1.09 v _175_/D (sky130_fd_sc_hd__or4_1)
     1    0.01    0.14    0.48    1.57 v _175_/X (sky130_fd_sc_hd__or4_1)
                                         _077_ (net)
                  0.14    0.00    1.57 v _178_/A3 (sky130_fd_sc_hd__o31a_1)
     1    0.01    0.10    0.32    1.90 v _178_/X (sky130_fd_sc_hd__o31a_1)
                                         _080_ (net)
                  0.10    0.00    1.90 v _180_/A2 (sky130_fd_sc_hd__o211ai_4)
     3    0.03    0.30    0.29    2.19 ^ _180_/Y (sky130_fd_sc_hd__o211ai_4)
                                         _082_ (net)
                  0.30    0.00    2.19 ^ _181_/A2 (sky130_fd_sc_hd__a21bo_4)
    10    0.06    0.20    0.30    2.49 ^ _181_/X (sky130_fd_sc_hd__a21bo_4)
                                         _083_ (net)
                  0.20    0.01    2.50 ^ _195_/A (sky130_fd_sc_hd__buf_2)
    10    0.06    0.27    0.32    2.81 ^ _195_/X (sky130_fd_sc_hd__buf_2)
                                         _092_ (net)
                  0.27    0.00    2.82 ^ _220_/A (sky130_fd_sc_hd__and3_1)
     1    0.02    0.18    0.30    3.12 ^ _220_/X (sky130_fd_sc_hd__and3_1)
                                         _111_ (net)
                  0.18    0.00    3.12 ^ _221_/A (sky130_fd_sc_hd__buf_1)
     1    0.01    0.16    0.19    3.31 ^ _221_/X (sky130_fd_sc_hd__buf_1)
                                         _002_ (net)
                  0.16    0.00    3.31 ^ _333_/D (sky130_fd_sc_hd__dfrtp_4)
                                  3.31   data arrival time

                         10.00   10.00   clock core_clock (rise edge)
                          0.00   10.00   clock source latency
     1    0.02    0.00    0.00   10.00 ^ clk (in)
                                         clk (net)
                  0.00    0.00   10.00 ^ clkbuf_0_clk/A (sky130_fd_sc_hd__clkbuf_16)
     4    0.04    0.06    0.13   10.13 ^ clkbuf_0_clk/X (sky130_fd_sc_hd__clkbuf_16)
                                         clknet_0_clk (net)
                  0.06    0.00   10.13 ^ clkbuf_2_1__f_clk/A (sky130_fd_sc_hd__clkbuf_16)
     8    0.03    0.05    0.14   10.27 ^ clkbuf_2_1__f_clk/X (sky130_fd_sc_hd__clkbuf_16)
                                         clknet_2_1__leaf_clk (net)
                  0.05    0.00   10.27 ^ _333_/CLK (sky130_fd_sc_hd__dfrtp_4)
                          0.00   10.27   clock reconvergence pessimism
                         -0.09   10.18   library setup time
                                 10.18   data required time
-----------------------------------------------------------------------------
                                 10.18   data required time
                                 -3.31   data arrival time
-----------------------------------------------------------------------------
                                  6.87   slack (MET)


Startpoint: _336_ (rising edge-triggered flip-flop clocked by core_clock)
Endpoint: _338_ (rising edge-triggered flip-flop clocked by core_clock)
Path Group: core_clock
Path Type: max
Corner: Typical

Fanout     Cap    Slew   Delay    Time   Description
-----------------------------------------------------------------------------
                          0.00    0.00   clock core_clock (rise edge)
                          0.00    0.00   clock source latency
     1    0.02    0.00    0.00    0.00 ^ clk (in)
                                         clk (net)
                  0.00    0.00    0.00 ^ clkbuf_0_clk/A (sky130_fd_sc_hd__clkbuf_16)
     4    0.04    0.06    0.13    0.13 ^ clkbuf_0_clk/X (sky130_fd_sc_hd__clkbuf_16)
                                         clknet_0_clk (net)
                  0.06    0.00    0.13 ^ clkbuf_2_3__f_clk/A (sky130_fd_sc_hd__clkbuf_16)
    10    0.04    0.06    0.15    0.28 ^ clkbuf_2_3__f_clk/X (sky130_fd_sc_hd__clkbuf_16)
                                         clknet_2_3__leaf_clk (net)
                  0.06    0.00    0.28 ^ _336_/CLK (sky130_fd_sc_hd__dfrtp_4)
     6    0.04    0.11    0.54    0.82 v _336_/Q (sky130_fd_sc_hd__dfrtp_4)
                                         counter.one_second_counter[13] (net)
                  0.11    0.00    0.82 v _174_/D (sky130_fd_sc_hd__and4_1)
     2    0.01    0.08    0.27    1.09 v _174_/X (sky130_fd_sc_hd__and4_1)
                                         _076_ (net)
                  0.08    0.00    1.09 v _175_/D (sky130_fd_sc_hd__or4_1)
     1    0.01    0.14    0.48    1.57 v _175_/X (sky130_fd_sc_hd__or4_1)
                                         _077_ (net)
                  0.14    0.00    1.57 v _178_/A3 (sky130_fd_sc_hd__o31a_1)
     1    0.01    0.10    0.32    1.90 v _178_/X (sky130_fd_sc_hd__o31a_1)
                                         _080_ (net)
                  0.10    0.00    1.90 v _180_/A2 (sky130_fd_sc_hd__o211ai_4)
     3    0.03    0.30    0.29    2.19 ^ _180_/Y (sky130_fd_sc_hd__o211ai_4)
                                         _082_ (net)
                  0.30    0.00    2.19 ^ _181_/A2 (sky130_fd_sc_hd__a21bo_4)
    10    0.06    0.20    0.30    2.49 ^ _181_/X (sky130_fd_sc_hd__a21bo_4)
                                         _083_ (net)
                  0.20    0.01    2.49 ^ _182_/A (sky130_fd_sc_hd__clkinv_4)
    10    0.07    0.15    0.19    2.68 v _182_/Y (sky130_fd_sc_hd__clkinv_4)
                                         _000_ (net)
                  0.15    0.00    2.69 v _241_/C1 (sky130_fd_sc_hd__a211oi_1)
     1    0.02    0.61    0.53    3.22 ^ _241_/Y (sky130_fd_sc_hd__a211oi_1)
                                         _007_ (net)
                  0.61    0.00    3.22 ^ _338_/D (sky130_fd_sc_hd__dfrtp_1)
                                  3.22   data arrival time

                         10.00   10.00   clock core_clock (rise edge)
                          0.00   10.00   clock source latency
     1    0.02    0.00    0.00   10.00 ^ clk (in)
                                         clk (net)
                  0.00    0.00   10.00 ^ clkbuf_0_clk/A (sky130_fd_sc_hd__clkbuf_16)
     4    0.04    0.06    0.13   10.13 ^ clkbuf_0_clk/X (sky130_fd_sc_hd__clkbuf_16)
                                         clknet_0_clk (net)
                  0.06    0.00   10.13 ^ clkbuf_2_2__f_clk/A (sky130_fd_sc_hd__clkbuf_16)
    10    0.04    0.06    0.15   10.28 ^ clkbuf_2_2__f_clk/X (sky130_fd_sc_hd__clkbuf_16)
                                         clknet_2_2__leaf_clk (net)
                  0.06    0.00   10.28 ^ _338_/CLK (sky130_fd_sc_hd__dfrtp_1)
                          0.00   10.28   clock reconvergence pessimism
                         -0.17   10.11   library setup time
                                 10.11   data required time
-----------------------------------------------------------------------------
                                 10.11   data required time
                                 -3.22   data arrival time
-----------------------------------------------------------------------------
                                  6.90   slack (MET)


Startpoint: _336_ (rising edge-triggered flip-flop clocked by core_clock)
Endpoint: _336_ (rising edge-triggered flip-flop clocked by core_clock)
Path Group: core_clock
Path Type: max
Corner: Typical

Fanout     Cap    Slew   Delay    Time   Description
-----------------------------------------------------------------------------
                          0.00    0.00   clock core_clock (rise edge)
                          0.00    0.00   clock source latency
     1    0.02    0.00    0.00    0.00 ^ clk (in)
                                         clk (net)
                  0.00    0.00    0.00 ^ clkbuf_0_clk/A (sky130_fd_sc_hd__clkbuf_16)
     4    0.04    0.06    0.13    0.13 ^ clkbuf_0_clk/X (sky130_fd_sc_hd__clkbuf_16)
                                         clknet_0_clk (net)
                  0.06    0.00    0.13 ^ clkbuf_2_3__f_clk/A (sky130_fd_sc_hd__clkbuf_16)
    10    0.04    0.06    0.15    0.28 ^ clkbuf_2_3__f_clk/X (sky130_fd_sc_hd__clkbuf_16)
                                         clknet_2_3__leaf_clk (net)
                  0.06    0.00    0.28 ^ _336_/CLK (sky130_fd_sc_hd__dfrtp_4)
     6    0.04    0.11    0.54    0.82 v _336_/Q (sky130_fd_sc_hd__dfrtp_4)
                                         counter.one_second_counter[13] (net)
                  0.11    0.00    0.82 v _174_/D (sky130_fd_sc_hd__and4_1)
     2    0.01    0.08    0.27    1.09 v _174_/X (sky130_fd_sc_hd__and4_1)
                                         _076_ (net)
                  0.08    0.00    1.09 v _175_/D (sky130_fd_sc_hd__or4_1)
     1    0.01    0.14    0.48    1.57 v _175_/X (sky130_fd_sc_hd__or4_1)
                                         _077_ (net)
                  0.14    0.00    1.57 v _178_/A3 (sky130_fd_sc_hd__o31a_1)
     1    0.01    0.10    0.32    1.90 v _178_/X (sky130_fd_sc_hd__o31a_1)
                                         _080_ (net)
                  0.10    0.00    1.90 v _180_/A2 (sky130_fd_sc_hd__o211ai_4)
     3    0.03    0.30    0.29    2.19 ^ _180_/Y (sky130_fd_sc_hd__o211ai_4)
                                         _082_ (net)
                  0.30    0.00    2.19 ^ _181_/A2 (sky130_fd_sc_hd__a21bo_4)
    10    0.06    0.20    0.30    2.49 ^ _181_/X (sky130_fd_sc_hd__a21bo_4)
                                         _083_ (net)
                  0.20    0.01    2.50 ^ _195_/A (sky130_fd_sc_hd__buf_2)
    10    0.06    0.27    0.32    2.81 ^ _195_/X (sky130_fd_sc_hd__buf_2)
                                         _092_ (net)
                  0.27    0.00    2.81 ^ _232_/A (sky130_fd_sc_hd__and3_1)
     1    0.02    0.18    0.30    3.12 ^ _232_/X (sky130_fd_sc_hd__and3_1)
                                         _120_ (net)
                  0.18    0.00    3.12 ^ _233_/A (sky130_fd_sc_hd__clkbuf_1)
     1    0.01    0.13    0.17    3.29 ^ _233_/X (sky130_fd_sc_hd__clkbuf_1)
                                         _005_ (net)
                  0.13    0.00    3.29 ^ _336_/D (sky130_fd_sc_hd__dfrtp_4)
                                  3.29   data arrival time

                         10.00   10.00   clock core_clock (rise edge)
                          0.00   10.00   clock source latency
     1    0.02    0.00    0.00   10.00 ^ clk (in)
                                         clk (net)
                  0.00    0.00   10.00 ^ clkbuf_0_clk/A (sky130_fd_sc_hd__clkbuf_16)
     4    0.04    0.06    0.13   10.13 ^ clkbuf_0_clk/X (sky130_fd_sc_hd__clkbuf_16)
                                         clknet_0_clk (net)
                  0.06    0.00   10.13 ^ clkbuf_2_3__f_clk/A (sky130_fd_sc_hd__clkbuf_16)
    10    0.04    0.06    0.15   10.28 ^ clkbuf_2_3__f_clk/X (sky130_fd_sc_hd__clkbuf_16)
                                         clknet_2_3__leaf_clk (net)
                  0.06    0.00   10.28 ^ _336_/CLK (sky130_fd_sc_hd__dfrtp_4)
                          0.00   10.28   clock reconvergence pessimism
                         -0.08   10.19   library setup time
                                 10.19   data required time
-----------------------------------------------------------------------------
                                 10.19   data required time
                                 -3.29   data arrival time
-----------------------------------------------------------------------------
                                  6.90   slack (MET)


Startpoint: _336_ (rising edge-triggered flip-flop clocked by core_clock)
Endpoint: _332_ (rising edge-triggered flip-flop clocked by core_clock)
Path Group: core_clock
Path Type: max
Corner: Typical

Fanout     Cap    Slew   Delay    Time   Description
-----------------------------------------------------------------------------
                          0.00    0.00   clock core_clock (rise edge)
                          0.00    0.00   clock source latency
     1    0.02    0.00    0.00    0.00 ^ clk (in)
                                         clk (net)
                  0.00    0.00    0.00 ^ clkbuf_0_clk/A (sky130_fd_sc_hd__clkbuf_16)
     4    0.04    0.06    0.13    0.13 ^ clkbuf_0_clk/X (sky130_fd_sc_hd__clkbuf_16)
                                         clknet_0_clk (net)
                  0.06    0.00    0.13 ^ clkbuf_2_3__f_clk/A (sky130_fd_sc_hd__clkbuf_16)
    10    0.04    0.06    0.15    0.28 ^ clkbuf_2_3__f_clk/X (sky130_fd_sc_hd__clkbuf_16)
                                         clknet_2_3__leaf_clk (net)
                  0.06    0.00    0.28 ^ _336_/CLK (sky130_fd_sc_hd__dfrtp_4)
     6    0.04    0.11    0.54    0.82 v _336_/Q (sky130_fd_sc_hd__dfrtp_4)
                                         counter.one_second_counter[13] (net)
                  0.11    0.00    0.82 v _174_/D (sky130_fd_sc_hd__and4_1)
     2    0.01    0.08    0.27    1.09 v _174_/X (sky130_fd_sc_hd__and4_1)
                                         _076_ (net)
                  0.08    0.00    1.09 v _175_/D (sky130_fd_sc_hd__or4_1)
     1    0.01    0.14    0.48    1.57 v _175_/X (sky130_fd_sc_hd__or4_1)
                                         _077_ (net)
                  0.14    0.00    1.57 v _178_/A3 (sky130_fd_sc_hd__o31a_1)
     1    0.01    0.10    0.32    1.90 v _178_/X (sky130_fd_sc_hd__o31a_1)
                                         _080_ (net)
                  0.10    0.00    1.90 v _180_/A2 (sky130_fd_sc_hd__o211ai_4)
     3    0.03    0.30    0.29    2.19 ^ _180_/Y (sky130_fd_sc_hd__o211ai_4)
                                         _082_ (net)
                  0.30    0.00    2.19 ^ _181_/A2 (sky130_fd_sc_hd__a21bo_4)
    10    0.06    0.20    0.30    2.49 ^ _181_/X (sky130_fd_sc_hd__a21bo_4)
                                         _083_ (net)
                  0.20    0.01    2.50 ^ _195_/A (sky130_fd_sc_hd__buf_2)
    10    0.06    0.27    0.32    2.81 ^ _195_/X (sky130_fd_sc_hd__buf_2)
                                         _092_ (net)
                  0.27    0.00    2.82 ^ _216_/A (sky130_fd_sc_hd__and3_1)
     1    0.01    0.10    0.24    3.06 ^ _216_/X (sky130_fd_sc_hd__and3_1)
                                         _108_ (net)
                  0.10    0.00    3.06 ^ _217_/A (sky130_fd_sc_hd__buf_1)
     1    0.02    0.19    0.20    3.26 ^ _217_/X (sky130_fd_sc_hd__buf_1)
                                         _027_ (net)
                  0.19    0.00    3.26 ^ _332_/D (sky130_fd_sc_hd__dfrtp_2)
                                  3.26   data arrival time

                         10.00   10.00   clock core_clock (rise edge)
                          0.00   10.00   clock source latency
     1    0.02    0.00    0.00   10.00 ^ clk (in)
                                         clk (net)
                  0.00    0.00   10.00 ^ clkbuf_0_clk/A (sky130_fd_sc_hd__clkbuf_16)
     4    0.04    0.06    0.13   10.13 ^ clkbuf_0_clk/X (sky130_fd_sc_hd__clkbuf_16)
                                         clknet_0_clk (net)
                  0.06    0.00   10.13 ^ clkbuf_2_3__f_clk/A (sky130_fd_sc_hd__clkbuf_16)
    10    0.04    0.06    0.15   10.28 ^ clkbuf_2_3__f_clk/X (sky130_fd_sc_hd__clkbuf_16)
                                         clknet_2_3__leaf_clk (net)
                  0.06    0.00   10.28 ^ _332_/CLK (sky130_fd_sc_hd__dfrtp_2)
                          0.00   10.28   clock reconvergence pessimism
                         -0.10   10.18   library setup time
                                 10.18   data required time
-----------------------------------------------------------------------------
                                 10.18   data required time
                                 -3.26   data arrival time
-----------------------------------------------------------------------------
                                  6.92   slack (MET)


Startpoint: _336_ (rising edge-triggered flip-flop clocked by core_clock)
Endpoint: _328_ (rising edge-triggered flip-flop clocked by core_clock)
Path Group: core_clock
Path Type: max
Corner: Typical

Fanout     Cap    Slew   Delay    Time   Description
-----------------------------------------------------------------------------
                          0.00    0.00   clock core_clock (rise edge)
                          0.00    0.00   clock source latency
     1    0.02    0.00    0.00    0.00 ^ clk (in)
                                         clk (net)
                  0.00    0.00    0.00 ^ clkbuf_0_clk/A (sky130_fd_sc_hd__clkbuf_16)
     4    0.04    0.06    0.13    0.13 ^ clkbuf_0_clk/X (sky130_fd_sc_hd__clkbuf_16)
                                         clknet_0_clk (net)
                  0.06    0.00    0.13 ^ clkbuf_2_3__f_clk/A (sky130_fd_sc_hd__clkbuf_16)
    10    0.04    0.06    0.15    0.28 ^ clkbuf_2_3__f_clk/X (sky130_fd_sc_hd__clkbuf_16)
                                         clknet_2_3__leaf_clk (net)
                  0.06    0.00    0.28 ^ _336_/CLK (sky130_fd_sc_hd__dfrtp_4)
     6    0.04    0.11    0.54    0.82 v _336_/Q (sky130_fd_sc_hd__dfrtp_4)
                                         counter.one_second_counter[13] (net)
                  0.11    0.00    0.82 v _174_/D (sky130_fd_sc_hd__and4_1)
     2    0.01    0.08    0.27    1.09 v _174_/X (sky130_fd_sc_hd__and4_1)
                                         _076_ (net)
                  0.08    0.00    1.09 v _175_/D (sky130_fd_sc_hd__or4_1)
     1    0.01    0.14    0.48    1.57 v _175_/X (sky130_fd_sc_hd__or4_1)
                                         _077_ (net)
                  0.14    0.00    1.57 v _178_/A3 (sky130_fd_sc_hd__o31a_1)
     1    0.01    0.10    0.32    1.90 v _178_/X (sky130_fd_sc_hd__o31a_1)
                                         _080_ (net)
                  0.10    0.00    1.90 v _180_/A2 (sky130_fd_sc_hd__o211ai_4)
     3    0.03    0.30    0.29    2.19 ^ _180_/Y (sky130_fd_sc_hd__o211ai_4)
                                         _082_ (net)
                  0.30    0.00    2.19 ^ _181_/A2 (sky130_fd_sc_hd__a21bo_4)
    10    0.06    0.20    0.30    2.49 ^ _181_/X (sky130_fd_sc_hd__a21bo_4)
                                         _083_ (net)
                  0.20    0.01    2.49 ^ _182_/A (sky130_fd_sc_hd__clkinv_4)
    10    0.07    0.15    0.19    2.68 v _182_/Y (sky130_fd_sc_hd__clkinv_4)
                                         _000_ (net)
                  0.15    0.00    2.69 v _202_/A (sky130_fd_sc_hd__nor3_1)
     1    0.02    0.48    0.46    3.15 ^ _202_/Y (sky130_fd_sc_hd__nor3_1)
                                         _023_ (net)
                  0.48    0.00    3.15 ^ _328_/D (sky130_fd_sc_hd__dfrtp_1)
                                  3.15   data arrival time

                         10.00   10.00   clock core_clock (rise edge)
                          0.00   10.00   clock source latency
     1    0.02    0.00    0.00   10.00 ^ clk (in)
                                         clk (net)
                  0.00    0.00   10.00 ^ clkbuf_0_clk/A (sky130_fd_sc_hd__clkbuf_16)
     4    0.04    0.06    0.13   10.13 ^ clkbuf_0_clk/X (sky130_fd_sc_hd__clkbuf_16)
                                         clknet_0_clk (net)
                  0.06    0.00   10.13 ^ clkbuf_2_2__f_clk/A (sky130_fd_sc_hd__clkbuf_16)
    10    0.04    0.06    0.15   10.28 ^ clkbuf_2_2__f_clk/X (sky130_fd_sc_hd__clkbuf_16)
                                         clknet_2_2__leaf_clk (net)
                  0.06    0.00   10.28 ^ _328_/CLK (sky130_fd_sc_hd__dfrtp_1)
                          0.00   10.28   clock reconvergence pessimism
                         -0.16   10.12   library setup time
                                 10.12   data required time
-----------------------------------------------------------------------------
                                 10.12   data required time
                                 -3.15   data arrival time
-----------------------------------------------------------------------------
                                  6.97   slack (MET)


Startpoint: _323_ (rising edge-triggered flip-flop clocked by core_clock)
Endpoint: _348_ (rising edge-triggered flip-flop clocked by core_clock)
Path Group: core_clock
Path Type: max
Corner: Typical

Fanout     Cap    Slew   Delay    Time   Description
-----------------------------------------------------------------------------
                          0.00    0.00   clock core_clock (rise edge)
                          0.00    0.00   clock source latency
     1    0.02    0.00    0.00    0.00 ^ clk (in)
                                         clk (net)
                  0.00    0.00    0.00 ^ clkbuf_0_clk/A (sky130_fd_sc_hd__clkbuf_16)
     4    0.04    0.06    0.13    0.13 ^ clkbuf_0_clk/X (sky130_fd_sc_hd__clkbuf_16)
                                         clknet_0_clk (net)
                  0.06    0.00    0.13 ^ clkbuf_2_3__f_clk/A (sky130_fd_sc_hd__clkbuf_16)
    10    0.04    0.06    0.15    0.28 ^ clkbuf_2_3__f_clk/X (sky130_fd_sc_hd__clkbuf_16)
                                         clknet_2_3__leaf_clk (net)
                  0.06    0.00    0.28 ^ _323_/CLK (sky130_fd_sc_hd__dfrtp_4)
     7    0.05    0.16    0.50    0.78 ^ _323_/Q (sky130_fd_sc_hd__dfrtp_4)
                                         counter.one_second_counter[0] (net)
                  0.16    0.00    0.78 ^ _171_/D (sky130_fd_sc_hd__and4_4)
     8    0.06    0.18    0.36    1.14 ^ _171_/X (sky130_fd_sc_hd__and4_4)
                                         _073_ (net)
                  0.18    0.00    1.15 ^ _214_/C (sky130_fd_sc_hd__and4_2)
     6    0.05    0.28    0.44    1.59 ^ _214_/X (sky130_fd_sc_hd__and4_2)
                                         _106_ (net)
                  0.28    0.01    1.60 ^ _239_/D (sky130_fd_sc_hd__and4_1)
     1    0.01    0.12    0.29    1.88 ^ _239_/X (sky130_fd_sc_hd__and4_1)
                                         _125_ (net)
                  0.12    0.00    1.88 ^ _240_/A (sky130_fd_sc_hd__clkbuf_4)
     9    0.06    0.18    0.26    2.14 ^ _240_/X (sky130_fd_sc_hd__clkbuf_4)
                                         _126_ (net)
                  0.18    0.00    2.14 ^ _268_/A (sky130_fd_sc_hd__nand2_2)
     5    0.03    0.15    0.17    2.31 v _268_/Y (sky130_fd_sc_hd__nand2_2)
                                         _146_ (net)
                  0.15    0.00    2.31 v _274_/C (sky130_fd_sc_hd__or3_1)
     1    0.01    0.11    0.40    2.72 v _274_/X (sky130_fd_sc_hd__or3_1)
                                         _150_ (net)
                  0.11    0.00    2.72 v _275_/C (sky130_fd_sc_hd__and3_1)
     1    0.02    0.11    0.27    2.99 v _275_/X (sky130_fd_sc_hd__and3_1)
                                         _151_ (net)
                  0.11    0.00    2.99 v _276_/A (sky130_fd_sc_hd__buf_1)
     1    0.02    0.09    0.17    3.16 v _276_/X (sky130_fd_sc_hd__buf_1)
                                         _018_ (net)
                  0.09    0.00    3.16 v _348_/D (sky130_fd_sc_hd__dfrtp_2)
                                  3.16   data arrival time

                         10.00   10.00   clock core_clock (rise edge)
                          0.00   10.00   clock source latency
     1    0.02    0.00    0.00   10.00 ^ clk (in)
                                         clk (net)
                  0.00    0.00   10.00 ^ clkbuf_0_clk/A (sky130_fd_sc_hd__clkbuf_16)
     4    0.04    0.06    0.13   10.13 ^ clkbuf_0_clk/X (sky130_fd_sc_hd__clkbuf_16)
                                         clknet_0_clk (net)
                  0.06    0.00   10.13 ^ clkbuf_2_0__f_clk/A (sky130_fd_sc_hd__clkbuf_16)
     7    0.03    0.05    0.14   10.27 ^ clkbuf_2_0__f_clk/X (sky130_fd_sc_hd__clkbuf_16)
                                         clknet_2_0__leaf_clk (net)
                  0.05    0.00   10.27 ^ _348_/CLK (sky130_fd_sc_hd__dfrtp_2)
                          0.00   10.27   clock reconvergence pessimism
                         -0.14   10.14   library setup time
                                 10.14   data required time
-----------------------------------------------------------------------------
                                 10.14   data required time
                                 -3.16   data arrival time
-----------------------------------------------------------------------------
                                  6.97   slack (MET)


Startpoint: _336_ (rising edge-triggered flip-flop clocked by core_clock)
Endpoint: _345_ (rising edge-triggered flip-flop clocked by core_clock)
Path Group: core_clock
Path Type: max
Corner: Typical

Fanout     Cap    Slew   Delay    Time   Description
-----------------------------------------------------------------------------
                          0.00    0.00   clock core_clock (rise edge)
                          0.00    0.00   clock source latency
     1    0.02    0.00    0.00    0.00 ^ clk (in)
                                         clk (net)
                  0.00    0.00    0.00 ^ clkbuf_0_clk/A (sky130_fd_sc_hd__clkbuf_16)
     4    0.04    0.06    0.13    0.13 ^ clkbuf_0_clk/X (sky130_fd_sc_hd__clkbuf_16)
                                         clknet_0_clk (net)
                  0.06    0.00    0.13 ^ clkbuf_2_3__f_clk/A (sky130_fd_sc_hd__clkbuf_16)
    10    0.04    0.06    0.15    0.28 ^ clkbuf_2_3__f_clk/X (sky130_fd_sc_hd__clkbuf_16)
                                         clknet_2_3__leaf_clk (net)
                  0.06    0.00    0.28 ^ _336_/CLK (sky130_fd_sc_hd__dfrtp_4)
     6    0.04    0.11    0.54    0.82 v _336_/Q (sky130_fd_sc_hd__dfrtp_4)
                                         counter.one_second_counter[13] (net)
                  0.11    0.00    0.82 v _174_/D (sky130_fd_sc_hd__and4_1)
     2    0.01    0.08    0.27    1.09 v _174_/X (sky130_fd_sc_hd__and4_1)
                                         _076_ (net)
                  0.08    0.00    1.09 v _175_/D (sky130_fd_sc_hd__or4_1)
     1    0.01    0.14    0.48    1.57 v _175_/X (sky130_fd_sc_hd__or4_1)
                                         _077_ (net)
                  0.14    0.00    1.57 v _178_/A3 (sky130_fd_sc_hd__o31a_1)
     1    0.01    0.10    0.32    1.90 v _178_/X (sky130_fd_sc_hd__o31a_1)
                                         _080_ (net)
                  0.10    0.00    1.90 v _180_/A2 (sky130_fd_sc_hd__o211ai_4)
     3    0.03    0.30    0.29    2.19 ^ _180_/Y (sky130_fd_sc_hd__o211ai_4)
                                         _082_ (net)
                  0.30    0.00    2.19 ^ _181_/A2 (sky130_fd_sc_hd__a21bo_4)
    10    0.06    0.20    0.30    2.49 ^ _181_/X (sky130_fd_sc_hd__a21bo_4)
                                         _083_ (net)
                  0.20    0.01    2.49 ^ _182_/A (sky130_fd_sc_hd__clkinv_4)
    10    0.07    0.15    0.19    2.68 v _182_/Y (sky130_fd_sc_hd__clkinv_4)
                                         _000_ (net)
                  0.15    0.00    2.68 v _266_/A (sky130_fd_sc_hd__nor3_1)
     1    0.01    0.45    0.44    3.13 ^ _266_/Y (sky130_fd_sc_hd__nor3_1)
                                         _015_ (net)
                  0.45    0.00    3.13 ^ _345_/D (sky130_fd_sc_hd__dfrtp_2)
                                  3.13   data arrival time

                         10.00   10.00   clock core_clock (rise edge)
                          0.00   10.00   clock source latency
     1    0.02    0.00    0.00   10.00 ^ clk (in)
                                         clk (net)
                  0.00    0.00   10.00 ^ clkbuf_0_clk/A (sky130_fd_sc_hd__clkbuf_16)
     4    0.04    0.06    0.13   10.13 ^ clkbuf_0_clk/X (sky130_fd_sc_hd__clkbuf_16)
                                         clknet_0_clk (net)
                  0.06    0.00   10.13 ^ clkbuf_2_1__f_clk/A (sky130_fd_sc_hd__clkbuf_16)
     8    0.03    0.05    0.14   10.27 ^ clkbuf_2_1__f_clk/X (sky130_fd_sc_hd__clkbuf_16)
                                         clknet_2_1__leaf_clk (net)
                  0.05    0.00   10.27 ^ _345_/CLK (sky130_fd_sc_hd__dfrtp_2)
                          0.00   10.27   clock reconvergence pessimism
                         -0.16   10.12   library setup time
                                 10.12   data required time
-----------------------------------------------------------------------------
                                 10.12   data required time
                                 -3.13   data arrival time
-----------------------------------------------------------------------------
                                  6.99   slack (MET)


Startpoint: _336_ (rising edge-triggered flip-flop clocked by core_clock)
Endpoint: _329_ (rising edge-triggered flip-flop clocked by core_clock)
Path Group: core_clock
Path Type: max
Corner: Typical

Fanout     Cap    Slew   Delay    Time   Description
-----------------------------------------------------------------------------
                          0.00    0.00   clock core_clock (rise edge)
                          0.00    0.00   clock source latency
     1    0.02    0.00    0.00    0.00 ^ clk (in)
                                         clk (net)
                  0.00    0.00    0.00 ^ clkbuf_0_clk/A (sky130_fd_sc_hd__clkbuf_16)
     4    0.04    0.06    0.13    0.13 ^ clkbuf_0_clk/X (sky130_fd_sc_hd__clkbuf_16)
                                         clknet_0_clk (net)
                  0.06    0.00    0.13 ^ clkbuf_2_3__f_clk/A (sky130_fd_sc_hd__clkbuf_16)
    10    0.04    0.06    0.15    0.28 ^ clkbuf_2_3__f_clk/X (sky130_fd_sc_hd__clkbuf_16)
                                         clknet_2_3__leaf_clk (net)
                  0.06    0.00    0.28 ^ _336_/CLK (sky130_fd_sc_hd__dfrtp_4)
     6    0.04    0.11    0.54    0.82 v _336_/Q (sky130_fd_sc_hd__dfrtp_4)
                                         counter.one_second_counter[13] (net)
                  0.11    0.00    0.82 v _174_/D (sky130_fd_sc_hd__and4_1)
     2    0.01    0.08    0.27    1.09 v _174_/X (sky130_fd_sc_hd__and4_1)
                                         _076_ (net)
                  0.08    0.00    1.09 v _175_/D (sky130_fd_sc_hd__or4_1)
     1    0.01    0.14    0.48    1.57 v _175_/X (sky130_fd_sc_hd__or4_1)
                                         _077_ (net)
                  0.14    0.00    1.57 v _178_/A3 (sky130_fd_sc_hd__o31a_1)
     1    0.01    0.10    0.32    1.90 v _178_/X (sky130_fd_sc_hd__o31a_1)
                                         _080_ (net)
                  0.10    0.00    1.90 v _180_/A2 (sky130_fd_sc_hd__o211ai_4)
     3    0.03    0.30    0.29    2.19 ^ _180_/Y (sky130_fd_sc_hd__o211ai_4)
                                         _082_ (net)
                  0.30    0.00    2.19 ^ _181_/A2 (sky130_fd_sc_hd__a21bo_4)
    10    0.06    0.20    0.30    2.49 ^ _181_/X (sky130_fd_sc_hd__a21bo_4)
                                         _083_ (net)
                  0.20    0.01    2.50 ^ _195_/A (sky130_fd_sc_hd__buf_2)
    10    0.06    0.27    0.32    2.81 ^ _195_/X (sky130_fd_sc_hd__buf_2)
                                         _092_ (net)
                  0.27    0.00    2.82 ^ _205_/A (sky130_fd_sc_hd__and3_1)
     1    0.01    0.10    0.24    3.06 ^ _205_/X (sky130_fd_sc_hd__and3_1)
                                         _100_ (net)
                  0.10    0.00    3.06 ^ _206_/A (sky130_fd_sc_hd__clkbuf_1)
     1    0.01    0.12    0.15    3.20 ^ _206_/X (sky130_fd_sc_hd__clkbuf_1)
                                         _024_ (net)
                  0.12    0.00    3.20 ^ _329_/D (sky130_fd_sc_hd__dfrtp_2)
                                  3.20   data arrival time

                         10.00   10.00   clock core_clock (rise edge)
                          0.00   10.00   clock source latency
     1    0.02    0.00    0.00   10.00 ^ clk (in)
                                         clk (net)
                  0.00    0.00   10.00 ^ clkbuf_0_clk/A (sky130_fd_sc_hd__clkbuf_16)
     4    0.04    0.06    0.13   10.13 ^ clkbuf_0_clk/X (sky130_fd_sc_hd__clkbuf_16)
                                         clknet_0_clk (net)
                  0.06    0.00   10.13 ^ clkbuf_2_3__f_clk/A (sky130_fd_sc_hd__clkbuf_16)
    10    0.04    0.06    0.15   10.28 ^ clkbuf_2_3__f_clk/X (sky130_fd_sc_hd__clkbuf_16)
                                         clknet_2_3__leaf_clk (net)
                  0.06    0.00   10.28 ^ _329_/CLK (sky130_fd_sc_hd__dfrtp_2)
                          0.00   10.28   clock reconvergence pessimism
                         -0.08   10.20   library setup time
                                 10.20   data required time
-----------------------------------------------------------------------------
                                 10.20   data required time
                                 -3.20   data arrival time
-----------------------------------------------------------------------------
                                  6.99   slack (MET)


Startpoint: _336_ (rising edge-triggered flip-flop clocked by core_clock)
Endpoint: _327_ (rising edge-triggered flip-flop clocked by core_clock)
Path Group: core_clock
Path Type: max
Corner: Typical

Fanout     Cap    Slew   Delay    Time   Description
-----------------------------------------------------------------------------
                          0.00    0.00   clock core_clock (rise edge)
                          0.00    0.00   clock source latency
     1    0.02    0.00    0.00    0.00 ^ clk (in)
                                         clk (net)
                  0.00    0.00    0.00 ^ clkbuf_0_clk/A (sky130_fd_sc_hd__clkbuf_16)
     4    0.04    0.06    0.13    0.13 ^ clkbuf_0_clk/X (sky130_fd_sc_hd__clkbuf_16)
                                         clknet_0_clk (net)
                  0.06    0.00    0.13 ^ clkbuf_2_3__f_clk/A (sky130_fd_sc_hd__clkbuf_16)
    10    0.04    0.06    0.15    0.28 ^ clkbuf_2_3__f_clk/X (sky130_fd_sc_hd__clkbuf_16)
                                         clknet_2_3__leaf_clk (net)
                  0.06    0.00    0.28 ^ _336_/CLK (sky130_fd_sc_hd__dfrtp_4)
     6    0.04    0.11    0.54    0.82 v _336_/Q (sky130_fd_sc_hd__dfrtp_4)
                                         counter.one_second_counter[13] (net)
                  0.11    0.00    0.82 v _174_/D (sky130_fd_sc_hd__and4_1)
     2    0.01    0.08    0.27    1.09 v _174_/X (sky130_fd_sc_hd__and4_1)
                                         _076_ (net)
                  0.08    0.00    1.09 v _175_/D (sky130_fd_sc_hd__or4_1)
     1    0.01    0.14    0.48    1.57 v _175_/X (sky130_fd_sc_hd__or4_1)
                                         _077_ (net)
                  0.14    0.00    1.57 v _178_/A3 (sky130_fd_sc_hd__o31a_1)
     1    0.01    0.10    0.32    1.90 v _178_/X (sky130_fd_sc_hd__o31a_1)
                                         _080_ (net)
                  0.10    0.00    1.90 v _180_/A2 (sky130_fd_sc_hd__o211ai_4)
     3    0.03    0.30    0.29    2.19 ^ _180_/Y (sky130_fd_sc_hd__o211ai_4)
                                         _082_ (net)
                  0.30    0.00    2.19 ^ _181_/A2 (sky130_fd_sc_hd__a21bo_4)
    10    0.06    0.20    0.30    2.49 ^ _181_/X (sky130_fd_sc_hd__a21bo_4)
                                         _083_ (net)
                  0.20    0.01    2.50 ^ _195_/A (sky130_fd_sc_hd__buf_2)
    10    0.06    0.27    0.32    2.81 ^ _195_/X (sky130_fd_sc_hd__buf_2)
                                         _092_ (net)
                  0.27    0.00    2.82 ^ _198_/A (sky130_fd_sc_hd__and3_1)
     1    0.01    0.12    0.26    3.07 ^ _198_/X (sky130_fd_sc_hd__and3_1)
                                         _095_ (net)
                  0.12    0.00    3.07 ^ _199_/A (sky130_fd_sc_hd__clkbuf_1)
     1    0.01    0.08    0.13    3.20 ^ _199_/X (sky130_fd_sc_hd__clkbuf_1)
                                         _022_ (net)
                  0.08    0.00    3.20 ^ _327_/D (sky130_fd_sc_hd__dfrtp_2)
                                  3.20   data arrival time

                         10.00   10.00   clock core_clock (rise edge)
                          0.00   10.00   clock source latency
     1    0.02    0.00    0.00   10.00 ^ clk (in)
                                         clk (net)
                  0.00    0.00   10.00 ^ clkbuf_0_clk/A (sky130_fd_sc_hd__clkbuf_16)
     4    0.04    0.06    0.13   10.13 ^ clkbuf_0_clk/X (sky130_fd_sc_hd__clkbuf_16)
                                         clknet_0_clk (net)
                  0.06    0.00   10.13 ^ clkbuf_2_2__f_clk/A (sky130_fd_sc_hd__clkbuf_16)
    10    0.04    0.06    0.15   10.28 ^ clkbuf_2_2__f_clk/X (sky130_fd_sc_hd__clkbuf_16)
                                         clknet_2_2__leaf_clk (net)
                  0.06    0.00   10.28 ^ _327_/CLK (sky130_fd_sc_hd__dfrtp_2)
                          0.00   10.28   clock reconvergence pessimism
                         -0.07   10.21   library setup time
                                 10.21   data required time
-----------------------------------------------------------------------------
                                 10.21   data required time
                                 -3.20   data arrival time
-----------------------------------------------------------------------------
                                  7.01   slack (MET)


Startpoint: _336_ (rising edge-triggered flip-flop clocked by core_clock)
Endpoint: _330_ (rising edge-triggered flip-flop clocked by core_clock)
Path Group: core_clock
Path Type: max
Corner: Typical

Fanout     Cap    Slew   Delay    Time   Description
-----------------------------------------------------------------------------
                          0.00    0.00   clock core_clock (rise edge)
                          0.00    0.00   clock source latency
     1    0.02    0.00    0.00    0.00 ^ clk (in)
                                         clk (net)
                  0.00    0.00    0.00 ^ clkbuf_0_clk/A (sky130_fd_sc_hd__clkbuf_16)
     4    0.04    0.06    0.13    0.13 ^ clkbuf_0_clk/X (sky130_fd_sc_hd__clkbuf_16)
                                         clknet_0_clk (net)
                  0.06    0.00    0.13 ^ clkbuf_2_3__f_clk/A (sky130_fd_sc_hd__clkbuf_16)
    10    0.04    0.06    0.15    0.28 ^ clkbuf_2_3__f_clk/X (sky130_fd_sc_hd__clkbuf_16)
                                         clknet_2_3__leaf_clk (net)
                  0.06    0.00    0.28 ^ _336_/CLK (sky130_fd_sc_hd__dfrtp_4)
     6    0.04    0.11    0.54    0.82 v _336_/Q (sky130_fd_sc_hd__dfrtp_4)
                                         counter.one_second_counter[13] (net)
                  0.11    0.00    0.82 v _174_/D (sky130_fd_sc_hd__and4_1)
     2    0.01    0.08    0.27    1.09 v _174_/X (sky130_fd_sc_hd__and4_1)
                                         _076_ (net)
                  0.08    0.00    1.09 v _175_/D (sky130_fd_sc_hd__or4_1)
     1    0.01    0.14    0.48    1.57 v _175_/X (sky130_fd_sc_hd__or4_1)
                                         _077_ (net)
                  0.14    0.00    1.57 v _178_/A3 (sky130_fd_sc_hd__o31a_1)
     1    0.01    0.10    0.32    1.90 v _178_/X (sky130_fd_sc_hd__o31a_1)
                                         _080_ (net)
                  0.10    0.00    1.90 v _180_/A2 (sky130_fd_sc_hd__o211ai_4)
     3    0.03    0.30    0.29    2.19 ^ _180_/Y (sky130_fd_sc_hd__o211ai_4)
                                         _082_ (net)
                  0.30    0.00    2.19 ^ _181_/A2 (sky130_fd_sc_hd__a21bo_4)
    10    0.06    0.20    0.30    2.49 ^ _181_/X (sky130_fd_sc_hd__a21bo_4)
                                         _083_ (net)
                  0.20    0.01    2.49 ^ _182_/A (sky130_fd_sc_hd__clkinv_4)
    10    0.07    0.15    0.19    2.68 v _182_/Y (sky130_fd_sc_hd__clkinv_4)
                                         _000_ (net)
                  0.15    0.00    2.68 v _208_/B1 (sky130_fd_sc_hd__a211oi_1)
     1    0.01    0.40    0.41    3.10 ^ _208_/Y (sky130_fd_sc_hd__a211oi_1)
                                         _025_ (net)
                  0.40    0.00    3.10 ^ _330_/D (sky130_fd_sc_hd__dfrtp_1)
                                  3.10   data arrival time

                         10.00   10.00   clock core_clock (rise edge)
                          0.00   10.00   clock source latency
     1    0.02    0.00    0.00   10.00 ^ clk (in)
                                         clk (net)
                  0.00    0.00   10.00 ^ clkbuf_0_clk/A (sky130_fd_sc_hd__clkbuf_16)
     4    0.04    0.06    0.13   10.13 ^ clkbuf_0_clk/X (sky130_fd_sc_hd__clkbuf_16)
                                         clknet_0_clk (net)
                  0.06    0.00   10.13 ^ clkbuf_2_1__f_clk/A (sky130_fd_sc_hd__clkbuf_16)
     8    0.03    0.05    0.14   10.27 ^ clkbuf_2_1__f_clk/X (sky130_fd_sc_hd__clkbuf_16)
                                         clknet_2_1__leaf_clk (net)
                  0.05    0.00   10.27 ^ _330_/CLK (sky130_fd_sc_hd__dfrtp_1)
                          0.00   10.27   clock reconvergence pessimism
                         -0.14   10.13   library setup time
                                 10.13   data required time
-----------------------------------------------------------------------------
                                 10.13   data required time
                                 -3.10   data arrival time
-----------------------------------------------------------------------------
                                  7.04   slack (MET)


Startpoint: _336_ (rising edge-triggered flip-flop clocked by core_clock)
Endpoint: _346_ (rising edge-triggered flip-flop clocked by core_clock)
Path Group: core_clock
Path Type: max
Corner: Typical

Fanout     Cap    Slew   Delay    Time   Description
-----------------------------------------------------------------------------
                          0.00    0.00   clock core_clock (rise edge)
                          0.00    0.00   clock source latency
     1    0.02    0.00    0.00    0.00 ^ clk (in)
                                         clk (net)
                  0.00    0.00    0.00 ^ clkbuf_0_clk/A (sky130_fd_sc_hd__clkbuf_16)
     4    0.04    0.06    0.13    0.13 ^ clkbuf_0_clk/X (sky130_fd_sc_hd__clkbuf_16)
                                         clknet_0_clk (net)
                  0.06    0.00    0.13 ^ clkbuf_2_3__f_clk/A (sky130_fd_sc_hd__clkbuf_16)
    10    0.04    0.06    0.15    0.28 ^ clkbuf_2_3__f_clk/X (sky130_fd_sc_hd__clkbuf_16)
                                         clknet_2_3__leaf_clk (net)
                  0.06    0.00    0.28 ^ _336_/CLK (sky130_fd_sc_hd__dfrtp_4)
     6    0.04    0.11    0.54    0.82 v _336_/Q (sky130_fd_sc_hd__dfrtp_4)
                                         counter.one_second_counter[13] (net)
                  0.11    0.00    0.82 v _174_/D (sky130_fd_sc_hd__and4_1)
     2    0.01    0.08    0.27    1.09 v _174_/X (sky130_fd_sc_hd__and4_1)
                                         _076_ (net)
                  0.08    0.00    1.09 v _175_/D (sky130_fd_sc_hd__or4_1)
     1    0.01    0.14    0.48    1.57 v _175_/X (sky130_fd_sc_hd__or4_1)
                                         _077_ (net)
                  0.14    0.00    1.57 v _178_/A3 (sky130_fd_sc_hd__o31a_1)
     1    0.01    0.10    0.32    1.90 v _178_/X (sky130_fd_sc_hd__o31a_1)
                                         _080_ (net)
                  0.10    0.00    1.90 v _180_/A2 (sky130_fd_sc_hd__o211ai_4)
     3    0.03    0.30    0.29    2.19 ^ _180_/Y (sky130_fd_sc_hd__o211ai_4)
                                         _082_ (net)
                  0.30    0.00    2.19 ^ _181_/A2 (sky130_fd_sc_hd__a21bo_4)
    10    0.06    0.20    0.30    2.49 ^ _181_/X (sky130_fd_sc_hd__a21bo_4)
                                         _083_ (net)
                  0.20    0.01    2.50 ^ _195_/A (sky130_fd_sc_hd__buf_2)
    10    0.06    0.27    0.32    2.81 ^ _195_/X (sky130_fd_sc_hd__buf_2)
                                         _092_ (net)
                  0.27    0.00    2.81 ^ _269_/C1 (sky130_fd_sc_hd__o211a_1)
     1    0.02    0.17    0.30    3.11 ^ _269_/X (sky130_fd_sc_hd__o211a_1)
                                         _016_ (net)
                  0.17    0.00    3.11 ^ _346_/D (sky130_fd_sc_hd__dfrtp_1)
                                  3.11   data arrival time

                         10.00   10.00   clock core_clock (rise edge)
                          0.00   10.00   clock source latency
     1    0.02    0.00    0.00   10.00 ^ clk (in)
                                         clk (net)
                  0.00    0.00   10.00 ^ clkbuf_0_clk/A (sky130_fd_sc_hd__clkbuf_16)
     4    0.04    0.06    0.13   10.13 ^ clkbuf_0_clk/X (sky130_fd_sc_hd__clkbuf_16)
                                         clknet_0_clk (net)
                  0.06    0.00   10.13 ^ clkbuf_2_1__f_clk/A (sky130_fd_sc_hd__clkbuf_16)
     8    0.03    0.05    0.14   10.27 ^ clkbuf_2_1__f_clk/X (sky130_fd_sc_hd__clkbuf_16)
                                         clknet_2_1__leaf_clk (net)
                  0.05    0.00   10.27 ^ _346_/CLK (sky130_fd_sc_hd__dfrtp_1)
                          0.00   10.27   clock reconvergence pessimism
                         -0.09   10.18   library setup time
                                 10.18   data required time
-----------------------------------------------------------------------------
                                 10.18   data required time
                                 -3.11   data arrival time
-----------------------------------------------------------------------------
                                  7.07   slack (MET)


Startpoint: _336_ (rising edge-triggered flip-flop clocked by core_clock)
Endpoint: _341_ (rising edge-triggered flip-flop clocked by core_clock)
Path Group: core_clock
Path Type: max
Corner: Typical

Fanout     Cap    Slew   Delay    Time   Description
-----------------------------------------------------------------------------
                          0.00    0.00   clock core_clock (rise edge)
                          0.00    0.00   clock source latency
     1    0.02    0.00    0.00    0.00 ^ clk (in)
                                         clk (net)
                  0.00    0.00    0.00 ^ clkbuf_0_clk/A (sky130_fd_sc_hd__clkbuf_16)
     4    0.04    0.06    0.13    0.13 ^ clkbuf_0_clk/X (sky130_fd_sc_hd__clkbuf_16)
                                         clknet_0_clk (net)
                  0.06    0.00    0.13 ^ clkbuf_2_3__f_clk/A (sky130_fd_sc_hd__clkbuf_16)
    10    0.04    0.06    0.15    0.28 ^ clkbuf_2_3__f_clk/X (sky130_fd_sc_hd__clkbuf_16)
                                         clknet_2_3__leaf_clk (net)
                  0.06    0.00    0.28 ^ _336_/CLK (sky130_fd_sc_hd__dfrtp_4)
     6    0.04    0.11    0.54    0.82 v _336_/Q (sky130_fd_sc_hd__dfrtp_4)
                                         counter.one_second_counter[13] (net)
                  0.11    0.00    0.82 v _174_/D (sky130_fd_sc_hd__and4_1)
     2    0.01    0.08    0.27    1.09 v _174_/X (sky130_fd_sc_hd__and4_1)
                                         _076_ (net)
                  0.08    0.00    1.09 v _175_/D (sky130_fd_sc_hd__or4_1)
     1    0.01    0.14    0.48    1.57 v _175_/X (sky130_fd_sc_hd__or4_1)
                                         _077_ (net)
                  0.14    0.00    1.57 v _178_/A3 (sky130_fd_sc_hd__o31a_1)
     1    0.01    0.10    0.32    1.90 v _178_/X (sky130_fd_sc_hd__o31a_1)
                                         _080_ (net)
                  0.10    0.00    1.90 v _180_/A2 (sky130_fd_sc_hd__o211ai_4)
     3    0.03    0.30    0.29    2.19 ^ _180_/Y (sky130_fd_sc_hd__o211ai_4)
                                         _082_ (net)
                  0.30    0.00    2.19 ^ _181_/A2 (sky130_fd_sc_hd__a21bo_4)
    10    0.06    0.20    0.30    2.49 ^ _181_/X (sky130_fd_sc_hd__a21bo_4)
                                         _083_ (net)
                  0.20    0.01    2.50 ^ _195_/A (sky130_fd_sc_hd__buf_2)
    10    0.06    0.27    0.32    2.81 ^ _195_/X (sky130_fd_sc_hd__buf_2)
                                         _092_ (net)
                  0.27    0.00    2.82 ^ _250_/C1 (sky130_fd_sc_hd__o221a_1)
     1    0.01    0.10    0.27    3.09 ^ _250_/X (sky130_fd_sc_hd__o221a_1)
                                         _010_ (net)
                  0.10    0.00    3.09 ^ _341_/D (sky130_fd_sc_hd__dfrtp_4)
                                  3.09   data arrival time

                         10.00   10.00   clock core_clock (rise edge)
                          0.00   10.00   clock source latency
     1    0.02    0.00    0.00   10.00 ^ clk (in)
                                         clk (net)
                  0.00    0.00   10.00 ^ clkbuf_0_clk/A (sky130_fd_sc_hd__clkbuf_16)
     4    0.04    0.06    0.13   10.13 ^ clkbuf_0_clk/X (sky130_fd_sc_hd__clkbuf_16)
                                         clknet_0_clk (net)
                  0.06    0.00   10.13 ^ clkbuf_2_3__f_clk/A (sky130_fd_sc_hd__clkbuf_16)
    10    0.04    0.06    0.15   10.28 ^ clkbuf_2_3__f_clk/X (sky130_fd_sc_hd__clkbuf_16)
                                         clknet_2_3__leaf_clk (net)
                  0.06    0.00   10.28 ^ _341_/CLK (sky130_fd_sc_hd__dfrtp_4)
                          0.00   10.28   clock reconvergence pessimism
                         -0.08   10.20   library setup time
                                 10.20   data required time
-----------------------------------------------------------------------------
                                 10.20   data required time
                                 -3.09   data arrival time
-----------------------------------------------------------------------------
                                  7.12   slack (MET)


Startpoint: _323_ (rising edge-triggered flip-flop clocked by core_clock)
Endpoint: _343_ (rising edge-triggered flip-flop clocked by core_clock)
Path Group: core_clock
Path Type: max
Corner: Typical

Fanout     Cap    Slew   Delay    Time   Description
-----------------------------------------------------------------------------
                          0.00    0.00   clock core_clock (rise edge)
                          0.00    0.00   clock source latency
     1    0.02    0.00    0.00    0.00 ^ clk (in)
                                         clk (net)
                  0.00    0.00    0.00 ^ clkbuf_0_clk/A (sky130_fd_sc_hd__clkbuf_16)
     4    0.04    0.06    0.13    0.13 ^ clkbuf_0_clk/X (sky130_fd_sc_hd__clkbuf_16)
                                         clknet_0_clk (net)
                  0.06    0.00    0.13 ^ clkbuf_2_3__f_clk/A (sky130_fd_sc_hd__clkbuf_16)
    10    0.04    0.06    0.15    0.28 ^ clkbuf_2_3__f_clk/X (sky130_fd_sc_hd__clkbuf_16)
                                         clknet_2_3__leaf_clk (net)
                  0.06    0.00    0.28 ^ _323_/CLK (sky130_fd_sc_hd__dfrtp_4)
     7    0.05    0.16    0.50    0.78 ^ _323_/Q (sky130_fd_sc_hd__dfrtp_4)
                                         counter.one_second_counter[0] (net)
                  0.16    0.00    0.78 ^ _171_/D (sky130_fd_sc_hd__and4_4)
     8    0.06    0.18    0.36    1.14 ^ _171_/X (sky130_fd_sc_hd__and4_4)
                                         _073_ (net)
                  0.18    0.00    1.15 ^ _214_/C (sky130_fd_sc_hd__and4_2)
     6    0.05    0.28    0.44    1.59 ^ _214_/X (sky130_fd_sc_hd__and4_2)
                                         _106_ (net)
                  0.28    0.01    1.60 ^ _239_/D (sky130_fd_sc_hd__and4_1)
     1    0.01    0.12    0.29    1.88 ^ _239_/X (sky130_fd_sc_hd__and4_1)
                                         _125_ (net)
                  0.12    0.00    1.88 ^ _240_/A (sky130_fd_sc_hd__clkbuf_4)
     9    0.06    0.18    0.26    2.14 ^ _240_/X (sky130_fd_sc_hd__clkbuf_4)
                                         _126_ (net)
                  0.18    0.00    2.15 ^ _253_/A (sky130_fd_sc_hd__and2_2)
     3    0.03    0.18    0.28    2.43 ^ _253_/X (sky130_fd_sc_hd__and2_2)
                                         _135_ (net)
                  0.18    0.00    2.43 ^ _258_/B (sky130_fd_sc_hd__nand2_1)
     2    0.02    0.16    0.18    2.61 v _258_/Y (sky130_fd_sc_hd__nand2_1)
                                         _139_ (net)
                  0.16    0.00    2.61 v _259_/C (sky130_fd_sc_hd__and3_1)
     1    0.02    0.09    0.28    2.89 v _259_/X (sky130_fd_sc_hd__and3_1)
                                         _140_ (net)
                  0.09    0.00    2.89 v _260_/A (sky130_fd_sc_hd__clkbuf_1)
     1    0.01    0.04    0.12    3.01 v _260_/X (sky130_fd_sc_hd__clkbuf_1)
                                         _013_ (net)
                  0.04    0.00    3.01 v _343_/D (sky130_fd_sc_hd__dfrtp_2)
                                  3.01   data arrival time

                         10.00   10.00   clock core_clock (rise edge)
                          0.00   10.00   clock source latency
     1    0.02    0.00    0.00   10.00 ^ clk (in)
                                         clk (net)
                  0.00    0.00   10.00 ^ clkbuf_0_clk/A (sky130_fd_sc_hd__clkbuf_16)
     4    0.04    0.06    0.13   10.13 ^ clkbuf_0_clk/X (sky130_fd_sc_hd__clkbuf_16)
                                         clknet_0_clk (net)
                  0.06    0.00   10.13 ^ clkbuf_2_0__f_clk/A (sky130_fd_sc_hd__clkbuf_16)
     7    0.03    0.05    0.14   10.27 ^ clkbuf_2_0__f_clk/X (sky130_fd_sc_hd__clkbuf_16)
                                         clknet_2_0__leaf_clk (net)
                  0.05    0.00   10.27 ^ _343_/CLK (sky130_fd_sc_hd__dfrtp_2)
                          0.00   10.27   clock reconvergence pessimism
                         -0.11   10.16   library setup time
                                 10.16   data required time
-----------------------------------------------------------------------------
                                 10.16   data required time
                                 -3.01   data arrival time
-----------------------------------------------------------------------------
                                  7.15   slack (MET)


Startpoint: _336_ (rising edge-triggered flip-flop clocked by core_clock)
Endpoint: _349_ (rising edge-triggered flip-flop clocked by core_clock)
Path Group: core_clock
Path Type: max
Corner: Typical

Fanout     Cap    Slew   Delay    Time   Description
-----------------------------------------------------------------------------
                          0.00    0.00   clock core_clock (rise edge)
                          0.00    0.00   clock source latency
     1    0.02    0.00    0.00    0.00 ^ clk (in)
                                         clk (net)
                  0.00    0.00    0.00 ^ clkbuf_0_clk/A (sky130_fd_sc_hd__clkbuf_16)
     4    0.04    0.06    0.13    0.13 ^ clkbuf_0_clk/X (sky130_fd_sc_hd__clkbuf_16)
                                         clknet_0_clk (net)
                  0.06    0.00    0.13 ^ clkbuf_2_3__f_clk/A (sky130_fd_sc_hd__clkbuf_16)
    10    0.04    0.06    0.15    0.28 ^ clkbuf_2_3__f_clk/X (sky130_fd_sc_hd__clkbuf_16)
                                         clknet_2_3__leaf_clk (net)
                  0.06    0.00    0.28 ^ _336_/CLK (sky130_fd_sc_hd__dfrtp_4)
     6    0.04    0.11    0.54    0.82 v _336_/Q (sky130_fd_sc_hd__dfrtp_4)
                                         counter.one_second_counter[13] (net)
                  0.11    0.00    0.82 v _174_/D (sky130_fd_sc_hd__and4_1)
     2    0.01    0.08    0.27    1.09 v _174_/X (sky130_fd_sc_hd__and4_1)
                                         _076_ (net)
                  0.08    0.00    1.09 v _175_/D (sky130_fd_sc_hd__or4_1)
     1    0.01    0.14    0.48    1.57 v _175_/X (sky130_fd_sc_hd__or4_1)
                                         _077_ (net)
                  0.14    0.00    1.57 v _178_/A3 (sky130_fd_sc_hd__o31a_1)
     1    0.01    0.10    0.32    1.90 v _178_/X (sky130_fd_sc_hd__o31a_1)
                                         _080_ (net)
                  0.10    0.00    1.90 v _180_/A2 (sky130_fd_sc_hd__o211ai_4)
     3    0.03    0.30    0.29    2.19 ^ _180_/Y (sky130_fd_sc_hd__o211ai_4)
                                         _082_ (net)
                  0.30    0.00    2.19 ^ _181_/A2 (sky130_fd_sc_hd__a21bo_4)
    10    0.06    0.20    0.30    2.49 ^ _181_/X (sky130_fd_sc_hd__a21bo_4)
                                         _083_ (net)
                  0.20    0.01    2.50 ^ _195_/A (sky130_fd_sc_hd__buf_2)
    10    0.06    0.27    0.32    2.81 ^ _195_/X (sky130_fd_sc_hd__buf_2)
                                         _092_ (net)
                  0.27    0.00    2.81 ^ _278_/B1 (sky130_fd_sc_hd__o211a_1)
     1    0.01    0.10    0.24    3.05 ^ _278_/X (sky130_fd_sc_hd__o211a_1)
                                         _019_ (net)
                  0.10    0.00    3.06 ^ _349_/D (sky130_fd_sc_hd__dfrtp_1)
                                  3.06   data arrival time

                         10.00   10.00   clock core_clock (rise edge)
                          0.00   10.00   clock source latency
     1    0.02    0.00    0.00   10.00 ^ clk (in)
                                         clk (net)
                  0.00    0.00   10.00 ^ clkbuf_0_clk/A (sky130_fd_sc_hd__clkbuf_16)
     4    0.04    0.06    0.13   10.13 ^ clkbuf_0_clk/X (sky130_fd_sc_hd__clkbuf_16)
                                         clknet_0_clk (net)
                  0.06    0.00   10.13 ^ clkbuf_2_2__f_clk/A (sky130_fd_sc_hd__clkbuf_16)
    10    0.04    0.06    0.15   10.28 ^ clkbuf_2_2__f_clk/X (sky130_fd_sc_hd__clkbuf_16)
                                         clknet_2_2__leaf_clk (net)
                  0.06    0.00   10.28 ^ _349_/CLK (sky130_fd_sc_hd__dfrtp_1)
                          0.00   10.28   clock reconvergence pessimism
                         -0.07   10.21   library setup time
                                 10.21   data required time
-----------------------------------------------------------------------------
                                 10.21   data required time
                                 -3.06   data arrival time
-----------------------------------------------------------------------------
                                  7.16   slack (MET)


Startpoint: _323_ (rising edge-triggered flip-flop clocked by core_clock)
Endpoint: _347_ (rising edge-triggered flip-flop clocked by core_clock)
Path Group: core_clock
Path Type: max
Corner: Typical

Fanout     Cap    Slew   Delay    Time   Description
-----------------------------------------------------------------------------
                          0.00    0.00   clock core_clock (rise edge)
                          0.00    0.00   clock source latency
     1    0.02    0.00    0.00    0.00 ^ clk (in)
                                         clk (net)
                  0.00    0.00    0.00 ^ clkbuf_0_clk/A (sky130_fd_sc_hd__clkbuf_16)
     4    0.04    0.06    0.13    0.13 ^ clkbuf_0_clk/X (sky130_fd_sc_hd__clkbuf_16)
                                         clknet_0_clk (net)
                  0.06    0.00    0.13 ^ clkbuf_2_3__f_clk/A (sky130_fd_sc_hd__clkbuf_16)
    10    0.04    0.06    0.15    0.28 ^ clkbuf_2_3__f_clk/X (sky130_fd_sc_hd__clkbuf_16)
                                         clknet_2_3__leaf_clk (net)
                  0.06    0.00    0.28 ^ _323_/CLK (sky130_fd_sc_hd__dfrtp_4)
     7    0.05    0.16    0.50    0.78 ^ _323_/Q (sky130_fd_sc_hd__dfrtp_4)
                                         counter.one_second_counter[0] (net)
                  0.16    0.00    0.78 ^ _171_/D (sky130_fd_sc_hd__and4_4)
     8    0.06    0.18    0.36    1.14 ^ _171_/X (sky130_fd_sc_hd__and4_4)
                                         _073_ (net)
                  0.18    0.00    1.15 ^ _214_/C (sky130_fd_sc_hd__and4_2)
     6    0.05    0.28    0.44    1.59 ^ _214_/X (sky130_fd_sc_hd__and4_2)
                                         _106_ (net)
                  0.28    0.01    1.60 ^ _239_/D (sky130_fd_sc_hd__and4_1)
     1    0.01    0.12    0.29    1.88 ^ _239_/X (sky130_fd_sc_hd__and4_1)
                                         _125_ (net)
                  0.12    0.00    1.88 ^ _240_/A (sky130_fd_sc_hd__clkbuf_4)
     9    0.06    0.18    0.26    2.14 ^ _240_/X (sky130_fd_sc_hd__clkbuf_4)
                                         _126_ (net)
                  0.18    0.00    2.14 ^ _268_/A (sky130_fd_sc_hd__nand2_2)
     5    0.03    0.15    0.17    2.31 v _268_/Y (sky130_fd_sc_hd__nand2_2)
                                         _146_ (net)
                  0.15    0.00    2.31 v _271_/B (sky130_fd_sc_hd__xnor2_1)
     1    0.02    0.50    0.46    2.77 ^ _271_/Y (sky130_fd_sc_hd__xnor2_1)
                                         _148_ (net)
                  0.50    0.00    2.77 ^ _272_/B (sky130_fd_sc_hd__nor2_1)
     1    0.01    0.15    0.17    2.94 v _272_/Y (sky130_fd_sc_hd__nor2_1)
                                         _017_ (net)
                  0.15    0.00    2.94 v _347_/D (sky130_fd_sc_hd__dfrtp_4)
                                  2.94   data arrival time

                         10.00   10.00   clock core_clock (rise edge)
                          0.00   10.00   clock source latency
     1    0.02    0.00    0.00   10.00 ^ clk (in)
                                         clk (net)
                  0.00    0.00   10.00 ^ clkbuf_0_clk/A (sky130_fd_sc_hd__clkbuf_16)
     4    0.04    0.06    0.13   10.13 ^ clkbuf_0_clk/X (sky130_fd_sc_hd__clkbuf_16)
                                         clknet_0_clk (net)
                  0.06    0.00   10.13 ^ clkbuf_2_2__f_clk/A (sky130_fd_sc_hd__clkbuf_16)
    10    0.04    0.06    0.15   10.28 ^ clkbuf_2_2__f_clk/X (sky130_fd_sc_hd__clkbuf_16)
                                         clknet_2_2__leaf_clk (net)
                  0.06    0.00   10.28 ^ _347_/CLK (sky130_fd_sc_hd__dfrtp_4)
                          0.00   10.28   clock reconvergence pessimism
                         -0.15   10.13   library setup time
                                 10.13   data required time
-----------------------------------------------------------------------------
                                 10.13   data required time
                                 -2.94   data arrival time
-----------------------------------------------------------------------------
                                  7.18   slack (MET)


Startpoint: _336_ (rising edge-triggered flip-flop clocked by core_clock)
Endpoint: _340_ (rising edge-triggered flip-flop clocked by core_clock)
Path Group: core_clock
Path Type: max
Corner: Typical

Fanout     Cap    Slew   Delay    Time   Description
-----------------------------------------------------------------------------
                          0.00    0.00   clock core_clock (rise edge)
                          0.00    0.00   clock source latency
     1    0.02    0.00    0.00    0.00 ^ clk (in)
                                         clk (net)
                  0.00    0.00    0.00 ^ clkbuf_0_clk/A (sky130_fd_sc_hd__clkbuf_16)
     4    0.04    0.06    0.13    0.13 ^ clkbuf_0_clk/X (sky130_fd_sc_hd__clkbuf_16)
                                         clknet_0_clk (net)
                  0.06    0.00    0.13 ^ clkbuf_2_3__f_clk/A (sky130_fd_sc_hd__clkbuf_16)
    10    0.04    0.06    0.15    0.28 ^ clkbuf_2_3__f_clk/X (sky130_fd_sc_hd__clkbuf_16)
                                         clknet_2_3__leaf_clk (net)
                  0.06    0.00    0.28 ^ _336_/CLK (sky130_fd_sc_hd__dfrtp_4)
     6    0.04    0.11    0.54    0.82 v _336_/Q (sky130_fd_sc_hd__dfrtp_4)
                                         counter.one_second_counter[13] (net)
                  0.11    0.00    0.82 v _174_/D (sky130_fd_sc_hd__and4_1)
     2    0.01    0.08    0.27    1.09 v _174_/X (sky130_fd_sc_hd__and4_1)
                                         _076_ (net)
                  0.08    0.00    1.09 v _175_/D (sky130_fd_sc_hd__or4_1)
     1    0.01    0.14    0.48    1.57 v _175_/X (sky130_fd_sc_hd__or4_1)
                                         _077_ (net)
                  0.14    0.00    1.57 v _178_/A3 (sky130_fd_sc_hd__o31a_1)
     1    0.01    0.10    0.32    1.90 v _178_/X (sky130_fd_sc_hd__o31a_1)
                                         _080_ (net)
                  0.10    0.00    1.90 v _180_/A2 (sky130_fd_sc_hd__o211ai_4)
     3    0.03    0.30    0.29    2.19 ^ _180_/Y (sky130_fd_sc_hd__o211ai_4)
                                         _082_ (net)
                  0.30    0.00    2.19 ^ _181_/A2 (sky130_fd_sc_hd__a21bo_4)
    10    0.06    0.20    0.30    2.49 ^ _181_/X (sky130_fd_sc_hd__a21bo_4)
                                         _083_ (net)
                  0.20    0.01    2.49 ^ _182_/A (sky130_fd_sc_hd__clkinv_4)
    10    0.07    0.15    0.19    2.68 v _182_/Y (sky130_fd_sc_hd__clkinv_4)
                                         _000_ (net)
                  0.15    0.00    2.69 v _247_/A (sky130_fd_sc_hd__nor2_1)
     1    0.01    0.24    0.26    2.95 ^ _247_/Y (sky130_fd_sc_hd__nor2_1)
                                         _009_ (net)
                  0.24    0.00    2.95 ^ _340_/D (sky130_fd_sc_hd__dfrtp_4)
                                  2.95   data arrival time

                         10.00   10.00   clock core_clock (rise edge)
                          0.00   10.00   clock source latency
     1    0.02    0.00    0.00   10.00 ^ clk (in)
                                         clk (net)
                  0.00    0.00   10.00 ^ clkbuf_0_clk/A (sky130_fd_sc_hd__clkbuf_16)
     4    0.04    0.06    0.13   10.13 ^ clkbuf_0_clk/X (sky130_fd_sc_hd__clkbuf_16)
                                         clknet_0_clk (net)
                  0.06    0.00   10.13 ^ clkbuf_2_3__f_clk/A (sky130_fd_sc_hd__clkbuf_16)
    10    0.04    0.06    0.15   10.28 ^ clkbuf_2_3__f_clk/X (sky130_fd_sc_hd__clkbuf_16)
                                         clknet_2_3__leaf_clk (net)
                  0.06    0.00   10.28 ^ _340_/CLK (sky130_fd_sc_hd__dfrtp_4)
                          0.00   10.28   clock reconvergence pessimism
                         -0.11   10.17   library setup time
                                 10.17   data required time
-----------------------------------------------------------------------------
                                 10.17   data required time
                                 -2.95   data arrival time
-----------------------------------------------------------------------------
                                  7.22   slack (MET)


Startpoint: _336_ (rising edge-triggered flip-flop clocked by core_clock)
Endpoint: _344_ (rising edge-triggered flip-flop clocked by core_clock)
Path Group: core_clock
Path Type: max
Corner: Typical

Fanout     Cap    Slew   Delay    Time   Description
-----------------------------------------------------------------------------
                          0.00    0.00   clock core_clock (rise edge)
                          0.00    0.00   clock source latency
     1    0.02    0.00    0.00    0.00 ^ clk (in)
                                         clk (net)
                  0.00    0.00    0.00 ^ clkbuf_0_clk/A (sky130_fd_sc_hd__clkbuf_16)
     4    0.04    0.06    0.13    0.13 ^ clkbuf_0_clk/X (sky130_fd_sc_hd__clkbuf_16)
                                         clknet_0_clk (net)
                  0.06    0.00    0.13 ^ clkbuf_2_3__f_clk/A (sky130_fd_sc_hd__clkbuf_16)
    10    0.04    0.06    0.15    0.28 ^ clkbuf_2_3__f_clk/X (sky130_fd_sc_hd__clkbuf_16)
                                         clknet_2_3__leaf_clk (net)
                  0.06    0.00    0.28 ^ _336_/CLK (sky130_fd_sc_hd__dfrtp_4)
     6    0.04    0.11    0.54    0.82 v _336_/Q (sky130_fd_sc_hd__dfrtp_4)
                                         counter.one_second_counter[13] (net)
                  0.11    0.00    0.82 v _174_/D (sky130_fd_sc_hd__and4_1)
     2    0.01    0.08    0.27    1.09 v _174_/X (sky130_fd_sc_hd__and4_1)
                                         _076_ (net)
                  0.08    0.00    1.09 v _175_/D (sky130_fd_sc_hd__or4_1)
     1    0.01    0.14    0.48    1.57 v _175_/X (sky130_fd_sc_hd__or4_1)
                                         _077_ (net)
                  0.14    0.00    1.57 v _178_/A3 (sky130_fd_sc_hd__o31a_1)
     1    0.01    0.10    0.32    1.90 v _178_/X (sky130_fd_sc_hd__o31a_1)
                                         _080_ (net)
                  0.10    0.00    1.90 v _180_/A2 (sky130_fd_sc_hd__o211ai_4)
     3    0.03    0.30    0.29    2.19 ^ _180_/Y (sky130_fd_sc_hd__o211ai_4)
                                         _082_ (net)
                  0.30    0.00    2.19 ^ _181_/A2 (sky130_fd_sc_hd__a21bo_4)
    10    0.06    0.20    0.30    2.49 ^ _181_/X (sky130_fd_sc_hd__a21bo_4)
                                         _083_ (net)
                  0.20    0.01    2.49 ^ _182_/A (sky130_fd_sc_hd__clkinv_4)
    10    0.07    0.15    0.19    2.68 v _182_/Y (sky130_fd_sc_hd__clkinv_4)
                                         _000_ (net)
                  0.15    0.00    2.69 v _263_/C1 (sky130_fd_sc_hd__a211oi_1)
     1    0.01    0.24    0.25    2.94 ^ _263_/Y (sky130_fd_sc_hd__a211oi_1)
                                         _014_ (net)
                  0.24    0.00    2.94 ^ _344_/D (sky130_fd_sc_hd__dfrtp_2)
                                  2.94   data arrival time

                         10.00   10.00   clock core_clock (rise edge)
                          0.00   10.00   clock source latency
     1    0.02    0.00    0.00   10.00 ^ clk (in)
                                         clk (net)
                  0.00    0.00   10.00 ^ clkbuf_0_clk/A (sky130_fd_sc_hd__clkbuf_16)
     4    0.04    0.06    0.13   10.13 ^ clkbuf_0_clk/X (sky130_fd_sc_hd__clkbuf_16)
                                         clknet_0_clk (net)
                  0.06    0.00   10.13 ^ clkbuf_2_1__f_clk/A (sky130_fd_sc_hd__clkbuf_16)
     8    0.03    0.05    0.14   10.27 ^ clkbuf_2_1__f_clk/X (sky130_fd_sc_hd__clkbuf_16)
                                         clknet_2_1__leaf_clk (net)
                  0.05    0.00   10.27 ^ _344_/CLK (sky130_fd_sc_hd__dfrtp_2)
                          0.00   10.27   clock reconvergence pessimism
                         -0.11   10.16   library setup time
                                 10.16   data required time
-----------------------------------------------------------------------------
                                 10.16   data required time
                                 -2.94   data arrival time
-----------------------------------------------------------------------------
                                  7.23   slack (MET)


Startpoint: _336_ (rising edge-triggered flip-flop clocked by core_clock)
Endpoint: _323_ (rising edge-triggered flip-flop clocked by core_clock)
Path Group: core_clock
Path Type: max
Corner: Typical

Fanout     Cap    Slew   Delay    Time   Description
-----------------------------------------------------------------------------
                          0.00    0.00   clock core_clock (rise edge)
                          0.00    0.00   clock source latency
     1    0.02    0.00    0.00    0.00 ^ clk (in)
                                         clk (net)
                  0.00    0.00    0.00 ^ clkbuf_0_clk/A (sky130_fd_sc_hd__clkbuf_16)
     4    0.04    0.06    0.13    0.13 ^ clkbuf_0_clk/X (sky130_fd_sc_hd__clkbuf_16)
                                         clknet_0_clk (net)
                  0.06    0.00    0.13 ^ clkbuf_2_3__f_clk/A (sky130_fd_sc_hd__clkbuf_16)
    10    0.04    0.06    0.15    0.28 ^ clkbuf_2_3__f_clk/X (sky130_fd_sc_hd__clkbuf_16)
                                         clknet_2_3__leaf_clk (net)
                  0.06    0.00    0.28 ^ _336_/CLK (sky130_fd_sc_hd__dfrtp_4)
     6    0.04    0.11    0.54    0.82 v _336_/Q (sky130_fd_sc_hd__dfrtp_4)
                                         counter.one_second_counter[13] (net)
                  0.11    0.00    0.82 v _174_/D (sky130_fd_sc_hd__and4_1)
     2    0.01    0.08    0.27    1.09 v _174_/X (sky130_fd_sc_hd__and4_1)
                                         _076_ (net)
                  0.08    0.00    1.09 v _175_/D (sky130_fd_sc_hd__or4_1)
     1    0.01    0.14    0.48    1.57 v _175_/X (sky130_fd_sc_hd__or4_1)
                                         _077_ (net)
                  0.14    0.00    1.57 v _178_/A3 (sky130_fd_sc_hd__o31a_1)
     1    0.01    0.10    0.32    1.90 v _178_/X (sky130_fd_sc_hd__o31a_1)
                                         _080_ (net)
                  0.10    0.00    1.90 v _180_/A2 (sky130_fd_sc_hd__o211ai_4)
     3    0.03    0.30    0.29    2.19 ^ _180_/Y (sky130_fd_sc_hd__o211ai_4)
                                         _082_ (net)
                  0.30    0.00    2.19 ^ _181_/A2 (sky130_fd_sc_hd__a21bo_4)
    10    0.06    0.20    0.30    2.49 ^ _181_/X (sky130_fd_sc_hd__a21bo_4)
                                         _083_ (net)
                  0.20    0.01    2.49 ^ _182_/A (sky130_fd_sc_hd__clkinv_4)
    10    0.07    0.15    0.19    2.68 v _182_/Y (sky130_fd_sc_hd__clkinv_4)
                                         _000_ (net)
                  0.15    0.00    2.69 v _183_/B (sky130_fd_sc_hd__nor2_1)
     1    0.01    0.25    0.25    2.94 ^ _183_/Y (sky130_fd_sc_hd__nor2_1)
                                         _001_ (net)
                  0.25    0.00    2.94 ^ _323_/D (sky130_fd_sc_hd__dfrtp_4)
                                  2.94   data arrival time

                         10.00   10.00   clock core_clock (rise edge)
                          0.00   10.00   clock source latency
     1    0.02    0.00    0.00   10.00 ^ clk (in)
                                         clk (net)
                  0.00    0.00   10.00 ^ clkbuf_0_clk/A (sky130_fd_sc_hd__clkbuf_16)
     4    0.04    0.06    0.13   10.13 ^ clkbuf_0_clk/X (sky130_fd_sc_hd__clkbuf_16)
                                         clknet_0_clk (net)
                  0.06    0.00   10.13 ^ clkbuf_2_3__f_clk/A (sky130_fd_sc_hd__clkbuf_16)
    10    0.04    0.06    0.15   10.28 ^ clkbuf_2_3__f_clk/X (sky130_fd_sc_hd__clkbuf_16)
                                         clknet_2_3__leaf_clk (net)
                  0.06    0.00   10.28 ^ _323_/CLK (sky130_fd_sc_hd__dfrtp_4)
                          0.00   10.28   clock reconvergence pessimism
                         -0.11   10.17   library setup time
                                 10.17   data required time
-----------------------------------------------------------------------------
                                 10.17   data required time
                                 -2.94   data arrival time
-----------------------------------------------------------------------------
                                  7.23   slack (MET)


Startpoint: _336_ (rising edge-triggered flip-flop clocked by core_clock)
Endpoint: _335_ (rising edge-triggered flip-flop clocked by core_clock)
Path Group: core_clock
Path Type: max
Corner: Typical

Fanout     Cap    Slew   Delay    Time   Description
-----------------------------------------------------------------------------
                          0.00    0.00   clock core_clock (rise edge)
                          0.00    0.00   clock source latency
     1    0.02    0.00    0.00    0.00 ^ clk (in)
                                         clk (net)
                  0.00    0.00    0.00 ^ clkbuf_0_clk/A (sky130_fd_sc_hd__clkbuf_16)
     4    0.04    0.06    0.13    0.13 ^ clkbuf_0_clk/X (sky130_fd_sc_hd__clkbuf_16)
                                         clknet_0_clk (net)
                  0.06    0.00    0.13 ^ clkbuf_2_3__f_clk/A (sky130_fd_sc_hd__clkbuf_16)
    10    0.04    0.06    0.15    0.28 ^ clkbuf_2_3__f_clk/X (sky130_fd_sc_hd__clkbuf_16)
                                         clknet_2_3__leaf_clk (net)
                  0.06    0.00    0.28 ^ _336_/CLK (sky130_fd_sc_hd__dfrtp_4)
     6    0.04    0.11    0.54    0.82 v _336_/Q (sky130_fd_sc_hd__dfrtp_4)
                                         counter.one_second_counter[13] (net)
                  0.11    0.00    0.82 v _174_/D (sky130_fd_sc_hd__and4_1)
     2    0.01    0.08    0.27    1.09 v _174_/X (sky130_fd_sc_hd__and4_1)
                                         _076_ (net)
                  0.08    0.00    1.09 v _175_/D (sky130_fd_sc_hd__or4_1)
     1    0.01    0.14    0.48    1.57 v _175_/X (sky130_fd_sc_hd__or4_1)
                                         _077_ (net)
                  0.14    0.00    1.57 v _178_/A3 (sky130_fd_sc_hd__o31a_1)
     1    0.01    0.10    0.32    1.90 v _178_/X (sky130_fd_sc_hd__o31a_1)
                                         _080_ (net)
                  0.10    0.00    1.90 v _180_/A2 (sky130_fd_sc_hd__o211ai_4)
     3    0.03    0.30    0.29    2.19 ^ _180_/Y (sky130_fd_sc_hd__o211ai_4)
                                         _082_ (net)
                  0.30    0.00    2.19 ^ _181_/A2 (sky130_fd_sc_hd__a21bo_4)
    10    0.06    0.20    0.30    2.49 ^ _181_/X (sky130_fd_sc_hd__a21bo_4)
                                         _083_ (net)
                  0.20    0.01    2.49 ^ _182_/A (sky130_fd_sc_hd__clkinv_4)
    10    0.07    0.15    0.19    2.68 v _182_/Y (sky130_fd_sc_hd__clkinv_4)
                                         _000_ (net)
                  0.15    0.00    2.69 v _229_/A (sky130_fd_sc_hd__nor3_1)
     1    0.01    0.21    0.27    2.95 ^ _229_/Y (sky130_fd_sc_hd__nor3_1)
                                         _004_ (net)
                  0.21    0.00    2.95 ^ _335_/D (sky130_fd_sc_hd__dfrtp_1)
                                  2.95   data arrival time

                         10.00   10.00   clock core_clock (rise edge)
                          0.00   10.00   clock source latency
     1    0.02    0.00    0.00   10.00 ^ clk (in)
                                         clk (net)
                  0.00    0.00   10.00 ^ clkbuf_0_clk/A (sky130_fd_sc_hd__clkbuf_16)
     4    0.04    0.06    0.13   10.13 ^ clkbuf_0_clk/X (sky130_fd_sc_hd__clkbuf_16)
                                         clknet_0_clk (net)
                  0.06    0.00   10.13 ^ clkbuf_2_2__f_clk/A (sky130_fd_sc_hd__clkbuf_16)
    10    0.04    0.06    0.15   10.28 ^ clkbuf_2_2__f_clk/X (sky130_fd_sc_hd__clkbuf_16)
                                         clknet_2_2__leaf_clk (net)
                  0.06    0.00   10.28 ^ _335_/CLK (sky130_fd_sc_hd__dfrtp_1)
                          0.00   10.28   clock reconvergence pessimism
                         -0.10   10.19   library setup time
                                 10.19   data required time
-----------------------------------------------------------------------------
                                 10.19   data required time
                                 -2.95   data arrival time
-----------------------------------------------------------------------------
                                  7.23   slack (MET)


Startpoint: _336_ (rising edge-triggered flip-flop clocked by core_clock)
Endpoint: _326_ (rising edge-triggered flip-flop clocked by core_clock)
Path Group: core_clock
Path Type: max
Corner: Typical

Fanout     Cap    Slew   Delay    Time   Description
-----------------------------------------------------------------------------
                          0.00    0.00   clock core_clock (rise edge)
                          0.00    0.00   clock source latency
     1    0.02    0.00    0.00    0.00 ^ clk (in)
                                         clk (net)
                  0.00    0.00    0.00 ^ clkbuf_0_clk/A (sky130_fd_sc_hd__clkbuf_16)
     4    0.04    0.06    0.13    0.13 ^ clkbuf_0_clk/X (sky130_fd_sc_hd__clkbuf_16)
                                         clknet_0_clk (net)
                  0.06    0.00    0.13 ^ clkbuf_2_3__f_clk/A (sky130_fd_sc_hd__clkbuf_16)
    10    0.04    0.06    0.15    0.28 ^ clkbuf_2_3__f_clk/X (sky130_fd_sc_hd__clkbuf_16)
                                         clknet_2_3__leaf_clk (net)
                  0.06    0.00    0.28 ^ _336_/CLK (sky130_fd_sc_hd__dfrtp_4)
     6    0.04    0.11    0.54    0.82 v _336_/Q (sky130_fd_sc_hd__dfrtp_4)
                                         counter.one_second_counter[13] (net)
                  0.11    0.00    0.82 v _174_/D (sky130_fd_sc_hd__and4_1)
     2    0.01    0.08    0.27    1.09 v _174_/X (sky130_fd_sc_hd__and4_1)
                                         _076_ (net)
                  0.08    0.00    1.09 v _175_/D (sky130_fd_sc_hd__or4_1)
     1    0.01    0.14    0.48    1.57 v _175_/X (sky130_fd_sc_hd__or4_1)
                                         _077_ (net)
                  0.14    0.00    1.57 v _178_/A3 (sky130_fd_sc_hd__o31a_1)
     1    0.01    0.10    0.32    1.90 v _178_/X (sky130_fd_sc_hd__o31a_1)
                                         _080_ (net)
                  0.10    0.00    1.90 v _180_/A2 (sky130_fd_sc_hd__o211ai_4)
     3    0.03    0.30    0.29    2.19 ^ _180_/Y (sky130_fd_sc_hd__o211ai_4)
                                         _082_ (net)
                  0.30    0.00    2.19 ^ _181_/A2 (sky130_fd_sc_hd__a21bo_4)
    10    0.06    0.20    0.30    2.49 ^ _181_/X (sky130_fd_sc_hd__a21bo_4)
                                         _083_ (net)
                  0.20    0.00    2.49 ^ _193_/B (sky130_fd_sc_hd__and3b_1)
     1    0.01    0.12    0.24    2.74 ^ _193_/X (sky130_fd_sc_hd__and3b_1)
                                         _091_ (net)
                  0.12    0.00    2.74 ^ _194_/A (sky130_fd_sc_hd__buf_1)
     1    0.01    0.18    0.19    2.93 ^ _194_/X (sky130_fd_sc_hd__buf_1)
                                         _021_ (net)
                  0.18    0.00    2.93 ^ _326_/D (sky130_fd_sc_hd__dfrtp_1)
                                  2.93   data arrival time

                         10.00   10.00   clock core_clock (rise edge)
                          0.00   10.00   clock source latency
     1    0.02    0.00    0.00   10.00 ^ clk (in)
                                         clk (net)
                  0.00    0.00   10.00 ^ clkbuf_0_clk/A (sky130_fd_sc_hd__clkbuf_16)
     4    0.04    0.06    0.13   10.13 ^ clkbuf_0_clk/X (sky130_fd_sc_hd__clkbuf_16)
                                         clknet_0_clk (net)
                  0.06    0.00   10.13 ^ clkbuf_2_2__f_clk/A (sky130_fd_sc_hd__clkbuf_16)
    10    0.04    0.06    0.15   10.28 ^ clkbuf_2_2__f_clk/X (sky130_fd_sc_hd__clkbuf_16)
                                         clknet_2_2__leaf_clk (net)
                  0.06    0.00   10.28 ^ _326_/CLK (sky130_fd_sc_hd__dfrtp_1)
                          0.00   10.28   clock reconvergence pessimism
                         -0.09   10.19   library setup time
                                 10.19   data required time
-----------------------------------------------------------------------------
                                 10.19   data required time
                                 -2.93   data arrival time
-----------------------------------------------------------------------------
                                  7.26   slack (MET)


Startpoint: _336_ (rising edge-triggered flip-flop clocked by core_clock)
Endpoint: _324_ (rising edge-triggered flip-flop clocked by core_clock)
Path Group: core_clock
Path Type: max
Corner: Typical

Fanout     Cap    Slew   Delay    Time   Description
-----------------------------------------------------------------------------
                          0.00    0.00   clock core_clock (rise edge)
                          0.00    0.00   clock source latency
     1    0.02    0.00    0.00    0.00 ^ clk (in)
                                         clk (net)
                  0.00    0.00    0.00 ^ clkbuf_0_clk/A (sky130_fd_sc_hd__clkbuf_16)
     4    0.04    0.06    0.13    0.13 ^ clkbuf_0_clk/X (sky130_fd_sc_hd__clkbuf_16)
                                         clknet_0_clk (net)
                  0.06    0.00    0.13 ^ clkbuf_2_3__f_clk/A (sky130_fd_sc_hd__clkbuf_16)
    10    0.04    0.06    0.15    0.28 ^ clkbuf_2_3__f_clk/X (sky130_fd_sc_hd__clkbuf_16)
                                         clknet_2_3__leaf_clk (net)
                  0.06    0.00    0.28 ^ _336_/CLK (sky130_fd_sc_hd__dfrtp_4)
     6    0.04    0.11    0.54    0.82 v _336_/Q (sky130_fd_sc_hd__dfrtp_4)
                                         counter.one_second_counter[13] (net)
                  0.11    0.00    0.82 v _174_/D (sky130_fd_sc_hd__and4_1)
     2    0.01    0.08    0.27    1.09 v _174_/X (sky130_fd_sc_hd__and4_1)
                                         _076_ (net)
                  0.08    0.00    1.09 v _175_/D (sky130_fd_sc_hd__or4_1)
     1    0.01    0.14    0.48    1.57 v _175_/X (sky130_fd_sc_hd__or4_1)
                                         _077_ (net)
                  0.14    0.00    1.57 v _178_/A3 (sky130_fd_sc_hd__o31a_1)
     1    0.01    0.10    0.32    1.90 v _178_/X (sky130_fd_sc_hd__o31a_1)
                                         _080_ (net)
                  0.10    0.00    1.90 v _180_/A2 (sky130_fd_sc_hd__o211ai_4)
     3    0.03    0.30    0.29    2.19 ^ _180_/Y (sky130_fd_sc_hd__o211ai_4)
                                         _082_ (net)
                  0.30    0.00    2.19 ^ _181_/A2 (sky130_fd_sc_hd__a21bo_4)
    10    0.06    0.20    0.30    2.49 ^ _181_/X (sky130_fd_sc_hd__a21bo_4)
                                         _083_ (net)
                  0.20    0.01    2.49 ^ _186_/B (sky130_fd_sc_hd__and3_1)
     1    0.01    0.14    0.25    2.75 ^ _186_/X (sky130_fd_sc_hd__and3_1)
                                         _086_ (net)
                  0.14    0.00    2.75 ^ _187_/A (sky130_fd_sc_hd__clkbuf_1)
     1    0.01    0.14    0.17    2.92 ^ _187_/X (sky130_fd_sc_hd__clkbuf_1)
                                         _012_ (net)
                  0.14    0.00    2.92 ^ _324_/D (sky130_fd_sc_hd__dfrtp_4)
                                  2.92   data arrival time

                         10.00   10.00   clock core_clock (rise edge)
                          0.00   10.00   clock source latency
     1    0.02    0.00    0.00   10.00 ^ clk (in)
                                         clk (net)
                  0.00    0.00   10.00 ^ clkbuf_0_clk/A (sky130_fd_sc_hd__clkbuf_16)
     4    0.04    0.06    0.13   10.13 ^ clkbuf_0_clk/X (sky130_fd_sc_hd__clkbuf_16)
                                         clknet_0_clk (net)
                  0.06    0.00   10.13 ^ clkbuf_2_1__f_clk/A (sky130_fd_sc_hd__clkbuf_16)
     8    0.03    0.05    0.14   10.27 ^ clkbuf_2_1__f_clk/X (sky130_fd_sc_hd__clkbuf_16)
                                         clknet_2_1__leaf_clk (net)
                  0.05    0.00   10.27 ^ _324_/CLK (sky130_fd_sc_hd__dfrtp_4)
                          0.00   10.27   clock reconvergence pessimism
                         -0.08   10.19   library setup time
                                 10.19   data required time
-----------------------------------------------------------------------------
                                 10.19   data required time
                                 -2.92   data arrival time
-----------------------------------------------------------------------------
                                  7.27   slack (MET)


Startpoint: _336_ (rising edge-triggered flip-flop clocked by core_clock)
Endpoint: _325_ (rising edge-triggered flip-flop clocked by core_clock)
Path Group: core_clock
Path Type: max
Corner: Typical

Fanout     Cap    Slew   Delay    Time   Description
-----------------------------------------------------------------------------
                          0.00    0.00   clock core_clock (rise edge)
                          0.00    0.00   clock source latency
     1    0.02    0.00    0.00    0.00 ^ clk (in)
                                         clk (net)
                  0.00    0.00    0.00 ^ clkbuf_0_clk/A (sky130_fd_sc_hd__clkbuf_16)
     4    0.04    0.06    0.13    0.13 ^ clkbuf_0_clk/X (sky130_fd_sc_hd__clkbuf_16)
                                         clknet_0_clk (net)
                  0.06    0.00    0.13 ^ clkbuf_2_3__f_clk/A (sky130_fd_sc_hd__clkbuf_16)
    10    0.04    0.06    0.15    0.28 ^ clkbuf_2_3__f_clk/X (sky130_fd_sc_hd__clkbuf_16)
                                         clknet_2_3__leaf_clk (net)
                  0.06    0.00    0.28 ^ _336_/CLK (sky130_fd_sc_hd__dfrtp_4)
     6    0.04    0.11    0.54    0.82 v _336_/Q (sky130_fd_sc_hd__dfrtp_4)
                                         counter.one_second_counter[13] (net)
                  0.11    0.00    0.82 v _174_/D (sky130_fd_sc_hd__and4_1)
     2    0.01    0.08    0.27    1.09 v _174_/X (sky130_fd_sc_hd__and4_1)
                                         _076_ (net)
                  0.08    0.00    1.09 v _175_/D (sky130_fd_sc_hd__or4_1)
     1    0.01    0.14    0.48    1.57 v _175_/X (sky130_fd_sc_hd__or4_1)
                                         _077_ (net)
                  0.14    0.00    1.57 v _178_/A3 (sky130_fd_sc_hd__o31a_1)
     1    0.01    0.10    0.32    1.90 v _178_/X (sky130_fd_sc_hd__o31a_1)
                                         _080_ (net)
                  0.10    0.00    1.90 v _180_/A2 (sky130_fd_sc_hd__o211ai_4)
     3    0.03    0.30    0.29    2.19 ^ _180_/Y (sky130_fd_sc_hd__o211ai_4)
                                         _082_ (net)
                  0.30    0.00    2.19 ^ _181_/A2 (sky130_fd_sc_hd__a21bo_4)
    10    0.06    0.20    0.30    2.49 ^ _181_/X (sky130_fd_sc_hd__a21bo_4)
                                         _083_ (net)
                  0.20    0.01    2.50 ^ _190_/B (sky130_fd_sc_hd__and3_1)
     1    0.01    0.14    0.26    2.75 ^ _190_/X (sky130_fd_sc_hd__and3_1)
                                         _089_ (net)
                  0.14    0.00    2.75 ^ _191_/A (sky130_fd_sc_hd__clkbuf_1)
     1    0.01    0.12    0.16    2.91 ^ _191_/X (sky130_fd_sc_hd__clkbuf_1)
                                         _020_ (net)
                  0.12    0.00    2.91 ^ _325_/D (sky130_fd_sc_hd__dfrtp_2)
                                  2.91   data arrival time

                         10.00   10.00   clock core_clock (rise edge)
                          0.00   10.00   clock source latency
     1    0.02    0.00    0.00   10.00 ^ clk (in)
                                         clk (net)
                  0.00    0.00   10.00 ^ clkbuf_0_clk/A (sky130_fd_sc_hd__clkbuf_16)
     4    0.04    0.06    0.13   10.13 ^ clkbuf_0_clk/X (sky130_fd_sc_hd__clkbuf_16)
                                         clknet_0_clk (net)
                  0.06    0.00   10.13 ^ clkbuf_2_2__f_clk/A (sky130_fd_sc_hd__clkbuf_16)
    10    0.04    0.06    0.15   10.28 ^ clkbuf_2_2__f_clk/X (sky130_fd_sc_hd__clkbuf_16)
                                         clknet_2_2__leaf_clk (net)
                  0.06    0.00   10.28 ^ _325_/CLK (sky130_fd_sc_hd__dfrtp_2)
                          0.00   10.28   clock reconvergence pessimism
                         -0.08   10.20   library setup time
                                 10.20   data required time
-----------------------------------------------------------------------------
                                 10.20   data required time
                                 -2.91   data arrival time
-----------------------------------------------------------------------------
                                  7.29   slack (MET)


Startpoint: _336_ (rising edge-triggered flip-flop clocked by core_clock)
Endpoint: _331_ (rising edge-triggered flip-flop clocked by core_clock)
Path Group: core_clock
Path Type: max
Corner: Typical

Fanout     Cap    Slew   Delay    Time   Description
-----------------------------------------------------------------------------
                          0.00    0.00   clock core_clock (rise edge)
                          0.00    0.00   clock source latency
     1    0.02    0.00    0.00    0.00 ^ clk (in)
                                         clk (net)
                  0.00    0.00    0.00 ^ clkbuf_0_clk/A (sky130_fd_sc_hd__clkbuf_16)
     4    0.04    0.06    0.13    0.13 ^ clkbuf_0_clk/X (sky130_fd_sc_hd__clkbuf_16)
                                         clknet_0_clk (net)
                  0.06    0.00    0.13 ^ clkbuf_2_3__f_clk/A (sky130_fd_sc_hd__clkbuf_16)
    10    0.04    0.06    0.15    0.28 ^ clkbuf_2_3__f_clk/X (sky130_fd_sc_hd__clkbuf_16)
                                         clknet_2_3__leaf_clk (net)
                  0.06    0.00    0.28 ^ _336_/CLK (sky130_fd_sc_hd__dfrtp_4)
     6    0.04    0.11    0.54    0.82 v _336_/Q (sky130_fd_sc_hd__dfrtp_4)
                                         counter.one_second_counter[13] (net)
                  0.11    0.00    0.82 v _174_/D (sky130_fd_sc_hd__and4_1)
     2    0.01    0.08    0.27    1.09 v _174_/X (sky130_fd_sc_hd__and4_1)
                                         _076_ (net)
                  0.08    0.00    1.09 v _175_/D (sky130_fd_sc_hd__or4_1)
     1    0.01    0.14    0.48    1.57 v _175_/X (sky130_fd_sc_hd__or4_1)
                                         _077_ (net)
                  0.14    0.00    1.57 v _178_/A3 (sky130_fd_sc_hd__o31a_1)
     1    0.01    0.10    0.32    1.90 v _178_/X (sky130_fd_sc_hd__o31a_1)
                                         _080_ (net)
                  0.10    0.00    1.90 v _180_/A2 (sky130_fd_sc_hd__o211ai_4)
     3    0.03    0.30    0.29    2.19 ^ _180_/Y (sky130_fd_sc_hd__o211ai_4)
                                         _082_ (net)
                  0.30    0.00    2.19 ^ _181_/A2 (sky130_fd_sc_hd__a21bo_4)
    10    0.06    0.20    0.30    2.49 ^ _181_/X (sky130_fd_sc_hd__a21bo_4)
                                         _083_ (net)
                  0.20    0.00    2.49 ^ _211_/B (sky130_fd_sc_hd__and3_1)
     1    0.01    0.10    0.22    2.71 ^ _211_/X (sky130_fd_sc_hd__and3_1)
                                         _104_ (net)
                  0.10    0.00    2.71 ^ _212_/A (sky130_fd_sc_hd__clkbuf_1)
     1    0.01    0.15    0.17    2.88 ^ _212_/X (sky130_fd_sc_hd__clkbuf_1)
                                         _026_ (net)
                  0.15    0.00    2.88 ^ _331_/D (sky130_fd_sc_hd__dfrtp_2)
                                  2.88   data arrival time

                         10.00   10.00   clock core_clock (rise edge)
                          0.00   10.00   clock source latency
     1    0.02    0.00    0.00   10.00 ^ clk (in)
                                         clk (net)
                  0.00    0.00   10.00 ^ clkbuf_0_clk/A (sky130_fd_sc_hd__clkbuf_16)
     4    0.04    0.06    0.13   10.13 ^ clkbuf_0_clk/X (sky130_fd_sc_hd__clkbuf_16)
                                         clknet_0_clk (net)
                  0.06    0.00   10.13 ^ clkbuf_2_0__f_clk/A (sky130_fd_sc_hd__clkbuf_16)
     7    0.03    0.05    0.14   10.27 ^ clkbuf_2_0__f_clk/X (sky130_fd_sc_hd__clkbuf_16)
                                         clknet_2_0__leaf_clk (net)
                  0.05    0.00   10.27 ^ _331_/CLK (sky130_fd_sc_hd__dfrtp_2)
                          0.00   10.27   clock reconvergence pessimism
                         -0.09   10.18   library setup time
                                 10.18   data required time
-----------------------------------------------------------------------------
                                 10.18   data required time
                                 -2.88   data arrival time
-----------------------------------------------------------------------------
                                  7.30   slack (MET)


Startpoint: _336_ (rising edge-triggered flip-flop clocked by core_clock)
Endpoint: _339_ (rising edge-triggered flip-flop clocked by core_clock)
Path Group: core_clock
Path Type: max
Corner: Typical

Fanout     Cap    Slew   Delay    Time   Description
-----------------------------------------------------------------------------
                          0.00    0.00   clock core_clock (rise edge)
                          0.00    0.00   clock source latency
     1    0.02    0.00    0.00    0.00 ^ clk (in)
                                         clk (net)
                  0.00    0.00    0.00 ^ clkbuf_0_clk/A (sky130_fd_sc_hd__clkbuf_16)
     4    0.04    0.06    0.13    0.13 ^ clkbuf_0_clk/X (sky130_fd_sc_hd__clkbuf_16)
                                         clknet_0_clk (net)
                  0.06    0.00    0.13 ^ clkbuf_2_3__f_clk/A (sky130_fd_sc_hd__clkbuf_16)
    10    0.04    0.06    0.15    0.28 ^ clkbuf_2_3__f_clk/X (sky130_fd_sc_hd__clkbuf_16)
                                         clknet_2_3__leaf_clk (net)
                  0.06    0.00    0.28 ^ _336_/CLK (sky130_fd_sc_hd__dfrtp_4)
     6    0.04    0.11    0.54    0.82 v _336_/Q (sky130_fd_sc_hd__dfrtp_4)
                                         counter.one_second_counter[13] (net)
                  0.11    0.00    0.82 v _174_/D (sky130_fd_sc_hd__and4_1)
     2    0.01    0.08    0.27    1.09 v _174_/X (sky130_fd_sc_hd__and4_1)
                                         _076_ (net)
                  0.08    0.00    1.09 v _175_/D (sky130_fd_sc_hd__or4_1)
     1    0.01    0.14    0.48    1.57 v _175_/X (sky130_fd_sc_hd__or4_1)
                                         _077_ (net)
                  0.14    0.00    1.57 v _178_/A3 (sky130_fd_sc_hd__o31a_1)
     1    0.01    0.10    0.32    1.90 v _178_/X (sky130_fd_sc_hd__o31a_1)
                                         _080_ (net)
                  0.10    0.00    1.90 v _180_/A2 (sky130_fd_sc_hd__o211ai_4)
     3    0.03    0.30    0.29    2.19 ^ _180_/Y (sky130_fd_sc_hd__o211ai_4)
                                         _082_ (net)
                  0.30    0.00    2.19 ^ _181_/A2 (sky130_fd_sc_hd__a21bo_4)
    10    0.06    0.20    0.30    2.49 ^ _181_/X (sky130_fd_sc_hd__a21bo_4)
                                         _083_ (net)
                  0.20    0.01    2.50 ^ _244_/A (sky130_fd_sc_hd__and3_1)
     1    0.01    0.10    0.23    2.72 ^ _244_/X (sky130_fd_sc_hd__and3_1)
                                         _129_ (net)
                  0.10    0.00    2.72 ^ _245_/A (sky130_fd_sc_hd__clkbuf_1)
     1    0.01    0.10    0.14    2.86 ^ _245_/X (sky130_fd_sc_hd__clkbuf_1)
                                         _008_ (net)
                  0.10    0.00    2.86 ^ _339_/D (sky130_fd_sc_hd__dfrtp_4)
                                  2.86   data arrival time

                         10.00   10.00   clock core_clock (rise edge)
                          0.00   10.00   clock source latency
     1    0.02    0.00    0.00   10.00 ^ clk (in)
                                         clk (net)
                  0.00    0.00   10.00 ^ clkbuf_0_clk/A (sky130_fd_sc_hd__clkbuf_16)
     4    0.04    0.06    0.13   10.13 ^ clkbuf_0_clk/X (sky130_fd_sc_hd__clkbuf_16)
                                         clknet_0_clk (net)
                  0.06    0.00   10.13 ^ clkbuf_2_3__f_clk/A (sky130_fd_sc_hd__clkbuf_16)
    10    0.04    0.06    0.15   10.28 ^ clkbuf_2_3__f_clk/X (sky130_fd_sc_hd__clkbuf_16)
                                         clknet_2_3__leaf_clk (net)
                  0.06    0.00   10.28 ^ _339_/CLK (sky130_fd_sc_hd__dfrtp_4)
                          0.00   10.28   clock reconvergence pessimism
                         -0.08   10.20   library setup time
                                 10.20   data required time
-----------------------------------------------------------------------------
                                 10.20   data required time
                                 -2.86   data arrival time
-----------------------------------------------------------------------------
                                  7.34   slack (MET)


Startpoint: _323_ (rising edge-triggered flip-flop clocked by core_clock)
Endpoint: _342_ (rising edge-triggered flip-flop clocked by core_clock)
Path Group: core_clock
Path Type: max
Corner: Typical

Fanout     Cap    Slew   Delay    Time   Description
-----------------------------------------------------------------------------
                          0.00    0.00   clock core_clock (rise edge)
                          0.00    0.00   clock source latency
     1    0.02    0.00    0.00    0.00 ^ clk (in)
                                         clk (net)
                  0.00    0.00    0.00 ^ clkbuf_0_clk/A (sky130_fd_sc_hd__clkbuf_16)
     4    0.04    0.06    0.13    0.13 ^ clkbuf_0_clk/X (sky130_fd_sc_hd__clkbuf_16)
                                         clknet_0_clk (net)
                  0.06    0.00    0.13 ^ clkbuf_2_3__f_clk/A (sky130_fd_sc_hd__clkbuf_16)
    10    0.04    0.06    0.15    0.28 ^ clkbuf_2_3__f_clk/X (sky130_fd_sc_hd__clkbuf_16)
                                         clknet_2_3__leaf_clk (net)
                  0.06    0.00    0.28 ^ _323_/CLK (sky130_fd_sc_hd__dfrtp_4)
     7    0.05    0.16    0.50    0.78 ^ _323_/Q (sky130_fd_sc_hd__dfrtp_4)
                                         counter.one_second_counter[0] (net)
                  0.16    0.00    0.78 ^ _171_/D (sky130_fd_sc_hd__and4_4)
     8    0.06    0.18    0.36    1.14 ^ _171_/X (sky130_fd_sc_hd__and4_4)
                                         _073_ (net)
                  0.18    0.00    1.15 ^ _214_/C (sky130_fd_sc_hd__and4_2)
     6    0.05    0.28    0.44    1.59 ^ _214_/X (sky130_fd_sc_hd__and4_2)
                                         _106_ (net)
                  0.28    0.01    1.60 ^ _239_/D (sky130_fd_sc_hd__and4_1)
     1    0.01    0.12    0.29    1.88 ^ _239_/X (sky130_fd_sc_hd__and4_1)
                                         _125_ (net)
                  0.12    0.00    1.88 ^ _240_/A (sky130_fd_sc_hd__clkbuf_4)
     9    0.06    0.18    0.26    2.14 ^ _240_/X (sky130_fd_sc_hd__clkbuf_4)
                                         _126_ (net)
                  0.18    0.00    2.15 ^ _253_/A (sky130_fd_sc_hd__and2_2)
     3    0.03    0.18    0.28    2.43 ^ _253_/X (sky130_fd_sc_hd__and2_2)
                                         _135_ (net)
                  0.18    0.00    2.43 ^ _254_/A (sky130_fd_sc_hd__inv_2)
     1    0.01    0.05    0.06    2.49 v _254_/Y (sky130_fd_sc_hd__inv_2)
                                         _136_ (net)
                  0.05    0.00    2.49 v _255_/C (sky130_fd_sc_hd__and3_1)
     1    0.01    0.05    0.19    2.68 v _255_/X (sky130_fd_sc_hd__and3_1)
                                         _137_ (net)
                  0.05    0.00    2.68 v _256_/A (sky130_fd_sc_hd__clkbuf_1)
     1    0.01    0.04    0.10    2.78 v _256_/X (sky130_fd_sc_hd__clkbuf_1)
                                         _011_ (net)
                  0.04    0.00    2.78 v _342_/D (sky130_fd_sc_hd__dfrtp_2)
                                  2.78   data arrival time

                         10.00   10.00   clock core_clock (rise edge)
                          0.00   10.00   clock source latency
     1    0.02    0.00    0.00   10.00 ^ clk (in)
                                         clk (net)
                  0.00    0.00   10.00 ^ clkbuf_0_clk/A (sky130_fd_sc_hd__clkbuf_16)
     4    0.04    0.06    0.13   10.13 ^ clkbuf_0_clk/X (sky130_fd_sc_hd__clkbuf_16)
                                         clknet_0_clk (net)
                  0.06    0.00   10.13 ^ clkbuf_2_0__f_clk/A (sky130_fd_sc_hd__clkbuf_16)
     7    0.03    0.05    0.14   10.27 ^ clkbuf_2_0__f_clk/X (sky130_fd_sc_hd__clkbuf_16)
                                         clknet_2_0__leaf_clk (net)
                  0.05    0.00   10.27 ^ _342_/CLK (sky130_fd_sc_hd__dfrtp_2)
                          0.00   10.27   clock reconvergence pessimism
                         -0.11   10.16   library setup time
                                 10.16   data required time
-----------------------------------------------------------------------------
                                 10.16   data required time
                                 -2.78   data arrival time
-----------------------------------------------------------------------------
                                  7.38   slack (MET)


Startpoint: _336_ (rising edge-triggered flip-flop clocked by core_clock)
Endpoint: _322_ (rising edge-triggered flip-flop clocked by core_clock)
Path Group: core_clock
Path Type: max
Corner: Typical

Fanout     Cap    Slew   Delay    Time   Description
-----------------------------------------------------------------------------
                          0.00    0.00   clock core_clock (rise edge)
                          0.00    0.00   clock source latency
     1    0.02    0.00    0.00    0.00 ^ clk (in)
                                         clk (net)
                  0.00    0.00    0.00 ^ clkbuf_0_clk/A (sky130_fd_sc_hd__clkbuf_16)
     4    0.04    0.06    0.13    0.13 ^ clkbuf_0_clk/X (sky130_fd_sc_hd__clkbuf_16)
                                         clknet_0_clk (net)
                  0.06    0.00    0.13 ^ clkbuf_2_3__f_clk/A (sky130_fd_sc_hd__clkbuf_16)
    10    0.04    0.06    0.15    0.28 ^ clkbuf_2_3__f_clk/X (sky130_fd_sc_hd__clkbuf_16)
                                         clknet_2_3__leaf_clk (net)
                  0.06    0.00    0.28 ^ _336_/CLK (sky130_fd_sc_hd__dfrtp_4)
     6    0.04    0.11    0.54    0.82 v _336_/Q (sky130_fd_sc_hd__dfrtp_4)
                                         counter.one_second_counter[13] (net)
                  0.11    0.00    0.82 v _174_/D (sky130_fd_sc_hd__and4_1)
     2    0.01    0.08    0.27    1.09 v _174_/X (sky130_fd_sc_hd__and4_1)
                                         _076_ (net)
                  0.08    0.00    1.09 v _175_/D (sky130_fd_sc_hd__or4_1)
     1    0.01    0.14    0.48    1.57 v _175_/X (sky130_fd_sc_hd__or4_1)
                                         _077_ (net)
                  0.14    0.00    1.57 v _178_/A3 (sky130_fd_sc_hd__o31a_1)
     1    0.01    0.10    0.32    1.90 v _178_/X (sky130_fd_sc_hd__o31a_1)
                                         _080_ (net)
                  0.10    0.00    1.90 v _180_/A2 (sky130_fd_sc_hd__o211ai_4)
     3    0.03    0.30    0.29    2.19 ^ _180_/Y (sky130_fd_sc_hd__o211ai_4)
                                         _082_ (net)
                  0.30    0.00    2.19 ^ _181_/A2 (sky130_fd_sc_hd__a21bo_4)
    10    0.06    0.20    0.30    2.49 ^ _181_/X (sky130_fd_sc_hd__a21bo_4)
                                         _083_ (net)
                  0.20    0.01    2.49 ^ _182_/A (sky130_fd_sc_hd__clkinv_4)
    10    0.07    0.15    0.19    2.68 v _182_/Y (sky130_fd_sc_hd__clkinv_4)
                                         _000_ (net)
                  0.15    0.00    2.69 v _322_/D (sky130_fd_sc_hd__dfrtp_4)
                                  2.69   data arrival time

                         10.00   10.00   clock core_clock (rise edge)
                          0.00   10.00   clock source latency
     1    0.02    0.00    0.00   10.00 ^ clk (in)
                                         clk (net)
                  0.00    0.00   10.00 ^ clkbuf_0_clk/A (sky130_fd_sc_hd__clkbuf_16)
     4    0.04    0.06    0.13   10.13 ^ clkbuf_0_clk/X (sky130_fd_sc_hd__clkbuf_16)
                                         clknet_0_clk (net)
                  0.06    0.00   10.13 ^ clkbuf_2_0__f_clk/A (sky130_fd_sc_hd__clkbuf_16)
     7    0.03    0.05    0.14   10.27 ^ clkbuf_2_0__f_clk/X (sky130_fd_sc_hd__clkbuf_16)
                                         clknet_2_0__leaf_clk (net)
                  0.05    0.00   10.27 ^ _322_/CLK (sky130_fd_sc_hd__dfrtp_4)
                          0.00   10.27   clock reconvergence pessimism
                         -0.16   10.11   library setup time
                                 10.11   data required time
-----------------------------------------------------------------------------
                                 10.11   data required time
                                 -2.69   data arrival time
-----------------------------------------------------------------------------
                                  7.43   slack (MET)


Startpoint: _353_ (rising edge-triggered flip-flop clocked by core_clock)
Endpoint: _350_ (rising edge-triggered flip-flop clocked by core_clock)
Path Group: core_clock
Path Type: max
Corner: Typical

Fanout     Cap    Slew   Delay    Time   Description
-----------------------------------------------------------------------------
                          0.00    0.00   clock core_clock (rise edge)
                          0.00    0.00   clock source latency
     1    0.02    0.00    0.00    0.00 ^ clk (in)
                                         clk (net)
                  0.00    0.00    0.00 ^ clkbuf_0_clk/A (sky130_fd_sc_hd__clkbuf_16)
     4    0.04    0.06    0.13    0.13 ^ clkbuf_0_clk/X (sky130_fd_sc_hd__clkbuf_16)
                                         clknet_0_clk (net)
                  0.06    0.00    0.13 ^ clkbuf_2_3__f_clk/A (sky130_fd_sc_hd__clkbuf_16)
    10    0.04    0.06    0.15    0.28 ^ clkbuf_2_3__f_clk/X (sky130_fd_sc_hd__clkbuf_16)
                                         clknet_2_3__leaf_clk (net)
                  0.06    0.00    0.28 ^ _353_/CLK (sky130_fd_sc_hd__dfrtp_4)
     4    0.03    0.09    0.52    0.80 v _353_/Q (sky130_fd_sc_hd__dfrtp_4)
                                         counter.count[3] (net)
                  0.09    0.00    0.80 v _161_/A (sky130_fd_sc_hd__nor3_2)
     4    0.05    0.79    0.68    1.47 ^ _161_/Y (sky130_fd_sc_hd__nor3_2)
                                         _066_ (net)
                  0.79    0.00    1.47 ^ _162_/B (sky130_fd_sc_hd__and2_1)
     3    0.03    0.28    0.39    1.87 ^ _162_/X (sky130_fd_sc_hd__and2_1)
                                         _067_ (net)
                  0.28    0.00    1.87 ^ _167_/B1 (sky130_fd_sc_hd__a21oi_1)
     1    0.01    0.11    0.13    2.00 v _167_/Y (sky130_fd_sc_hd__a21oi_1)
                                         _070_ (net)
                  0.11    0.00    2.00 v _168_/B1 (sky130_fd_sc_hd__o21a_1)
     2    0.02    0.10    0.19    2.19 v _168_/X (sky130_fd_sc_hd__o21a_1)
                                         _060_ (net)
                  0.10    0.00    2.19 v _350_/D (sky130_fd_sc_hd__dfrtp_4)
                                  2.19   data arrival time

                         10.00   10.00   clock core_clock (rise edge)
                          0.00   10.00   clock source latency
     1    0.02    0.00    0.00   10.00 ^ clk (in)
                                         clk (net)
                  0.00    0.00   10.00 ^ clkbuf_0_clk/A (sky130_fd_sc_hd__clkbuf_16)
     4    0.04    0.06    0.13   10.13 ^ clkbuf_0_clk/X (sky130_fd_sc_hd__clkbuf_16)
                                         clknet_0_clk (net)
                  0.06    0.00   10.13 ^ clkbuf_2_1__f_clk/A (sky130_fd_sc_hd__clkbuf_16)
     8    0.03    0.05    0.14   10.27 ^ clkbuf_2_1__f_clk/X (sky130_fd_sc_hd__clkbuf_16)
                                         clknet_2_1__leaf_clk (net)
                  0.05    0.00   10.27 ^ _350_/CLK (sky130_fd_sc_hd__dfrtp_4)
                          0.00   10.27   clock reconvergence pessimism
                         -0.14   10.13   library setup time
                                 10.13   data required time
-----------------------------------------------------------------------------
                                 10.13   data required time
                                 -2.19   data arrival time
-----------------------------------------------------------------------------
                                  7.94   slack (MET)


Startpoint: _353_ (rising edge-triggered flip-flop clocked by core_clock)
Endpoint: _352_ (rising edge-triggered flip-flop clocked by core_clock)
Path Group: core_clock
Path Type: max
Corner: Typical

Fanout     Cap    Slew   Delay    Time   Description
-----------------------------------------------------------------------------
                          0.00    0.00   clock core_clock (rise edge)
                          0.00    0.00   clock source latency
     1    0.02    0.00    0.00    0.00 ^ clk (in)
                                         clk (net)
                  0.00    0.00    0.00 ^ clkbuf_0_clk/A (sky130_fd_sc_hd__clkbuf_16)
     4    0.04    0.06    0.13    0.13 ^ clkbuf_0_clk/X (sky130_fd_sc_hd__clkbuf_16)
                                         clknet_0_clk (net)
                  0.06    0.00    0.13 ^ clkbuf_2_3__f_clk/A (sky130_fd_sc_hd__clkbuf_16)
    10    0.04    0.06    0.15    0.28 ^ clkbuf_2_3__f_clk/X (sky130_fd_sc_hd__clkbuf_16)
                                         clknet_2_3__leaf_clk (net)
                  0.06    0.00    0.28 ^ _353_/CLK (sky130_fd_sc_hd__dfrtp_4)
     4    0.03    0.09    0.52    0.80 v _353_/Q (sky130_fd_sc_hd__dfrtp_4)
                                         counter.count[3] (net)
                  0.09    0.00    0.80 v _161_/A (sky130_fd_sc_hd__nor3_2)
     4    0.05    0.79    0.68    1.47 ^ _161_/Y (sky130_fd_sc_hd__nor3_2)
                                         _066_ (net)
                  0.79    0.00    1.47 ^ _162_/B (sky130_fd_sc_hd__and2_1)
     3    0.03    0.28    0.39    1.87 ^ _162_/X (sky130_fd_sc_hd__and2_1)
                                         _067_ (net)
                  0.28    0.00    1.87 ^ _164_/A2 (sky130_fd_sc_hd__a211oi_1)
     1    0.00    0.08    0.12    1.99 v _164_/Y (sky130_fd_sc_hd__a211oi_1)
                                         _062_ (net)
                  0.08    0.00    1.99 v _352_/D (sky130_fd_sc_hd__dfrtp_4)
                                  1.99   data arrival time

                         10.00   10.00   clock core_clock (rise edge)
                          0.00   10.00   clock source latency
     1    0.02    0.00    0.00   10.00 ^ clk (in)
                                         clk (net)
                  0.00    0.00   10.00 ^ clkbuf_0_clk/A (sky130_fd_sc_hd__clkbuf_16)
     4    0.04    0.06    0.13   10.13 ^ clkbuf_0_clk/X (sky130_fd_sc_hd__clkbuf_16)
                                         clknet_0_clk (net)
                  0.06    0.00   10.13 ^ clkbuf_2_3__f_clk/A (sky130_fd_sc_hd__clkbuf_16)
    10    0.04    0.06    0.15   10.28 ^ clkbuf_2_3__f_clk/X (sky130_fd_sc_hd__clkbuf_16)
                                         clknet_2_3__leaf_clk (net)
                  0.06    0.00   10.28 ^ _352_/CLK (sky130_fd_sc_hd__dfrtp_4)
                          0.00   10.28   clock reconvergence pessimism
                         -0.12   10.15   library setup time
                                 10.15   data required time
-----------------------------------------------------------------------------
                                 10.15   data required time
                                 -1.99   data arrival time
-----------------------------------------------------------------------------
                                  8.17   slack (MET)


Startpoint: _350_ (rising edge-triggered flip-flop clocked by core_clock)
Endpoint: _353_ (rising edge-triggered flip-flop clocked by core_clock)
Path Group: core_clock
Path Type: max
Corner: Typical

Fanout     Cap    Slew   Delay    Time   Description
-----------------------------------------------------------------------------
                          0.00    0.00   clock core_clock (rise edge)
                          0.00    0.00   clock source latency
     1    0.02    0.00    0.00    0.00 ^ clk (in)
                                         clk (net)
                  0.00    0.00    0.00 ^ clkbuf_0_clk/A (sky130_fd_sc_hd__clkbuf_16)
     4    0.04    0.06    0.13    0.13 ^ clkbuf_0_clk/X (sky130_fd_sc_hd__clkbuf_16)
                                         clknet_0_clk (net)
                  0.06    0.00    0.13 ^ clkbuf_2_1__f_clk/A (sky130_fd_sc_hd__clkbuf_16)
     8    0.03    0.05    0.14    0.27 ^ clkbuf_2_1__f_clk/X (sky130_fd_sc_hd__clkbuf_16)
                                         clknet_2_1__leaf_clk (net)
                  0.05    0.00    0.27 ^ _350_/CLK (sky130_fd_sc_hd__dfrtp_4)
     7    0.06    0.18    0.51    0.79 ^ _350_/Q (sky130_fd_sc_hd__dfrtp_4)
                                         counter.count[0] (net)
                  0.18    0.01    0.79 ^ _158_/C (sky130_fd_sc_hd__and3_1)
     3    0.03    0.31    0.37    1.16 ^ _158_/X (sky130_fd_sc_hd__and3_1)
                                         _064_ (net)
                  0.31    0.00    1.16 ^ _159_/B (sky130_fd_sc_hd__and2_1)
     2    0.02    0.19    0.28    1.45 ^ _159_/X (sky130_fd_sc_hd__and2_1)
                                         _065_ (net)
                  0.19    0.00    1.45 ^ _160_/B (sky130_fd_sc_hd__xor2_1)
     1    0.01    0.20    0.23    1.68 ^ _160_/X (sky130_fd_sc_hd__xor2_1)
                                         _063_ (net)
                  0.20    0.00    1.68 ^ _353_/D (sky130_fd_sc_hd__dfrtp_4)
                                  1.68   data arrival time

                         10.00   10.00   clock core_clock (rise edge)
                          0.00   10.00   clock source latency
     1    0.02    0.00    0.00   10.00 ^ clk (in)
                                         clk (net)
                  0.00    0.00   10.00 ^ clkbuf_0_clk/A (sky130_fd_sc_hd__clkbuf_16)
     4    0.04    0.06    0.13   10.13 ^ clkbuf_0_clk/X (sky130_fd_sc_hd__clkbuf_16)
                                         clknet_0_clk (net)
                  0.06    0.00   10.13 ^ clkbuf_2_3__f_clk/A (sky130_fd_sc_hd__clkbuf_16)
    10    0.04    0.06    0.15   10.28 ^ clkbuf_2_3__f_clk/X (sky130_fd_sc_hd__clkbuf_16)
                                         clknet_2_3__leaf_clk (net)
                  0.06    0.00   10.28 ^ _353_/CLK (sky130_fd_sc_hd__dfrtp_4)
                          0.00   10.28   clock reconvergence pessimism
                         -0.10   10.18   library setup time
                                 10.18   data required time
-----------------------------------------------------------------------------
                                 10.18   data required time
                                 -1.68   data arrival time
-----------------------------------------------------------------------------
                                  8.50   slack (MET)


Startpoint: _350_ (rising edge-triggered flip-flop clocked by core_clock)
Endpoint: _351_ (rising edge-triggered flip-flop clocked by core_clock)
Path Group: core_clock
Path Type: max
Corner: Typical

Fanout     Cap    Slew   Delay    Time   Description
-----------------------------------------------------------------------------
                          0.00    0.00   clock core_clock (rise edge)
                          0.00    0.00   clock source latency
     1    0.02    0.00    0.00    0.00 ^ clk (in)
                                         clk (net)
                  0.00    0.00    0.00 ^ clkbuf_0_clk/A (sky130_fd_sc_hd__clkbuf_16)
     4    0.04    0.06    0.13    0.13 ^ clkbuf_0_clk/X (sky130_fd_sc_hd__clkbuf_16)
                                         clknet_0_clk (net)
                  0.06    0.00    0.13 ^ clkbuf_2_1__f_clk/A (sky130_fd_sc_hd__clkbuf_16)
     8    0.03    0.05    0.14    0.27 ^ clkbuf_2_1__f_clk/X (sky130_fd_sc_hd__clkbuf_16)
                                         clknet_2_1__leaf_clk (net)
                  0.05    0.00    0.27 ^ _350_/CLK (sky130_fd_sc_hd__dfrtp_4)
     7    0.05    0.12    0.56    0.83 v _350_/Q (sky130_fd_sc_hd__dfrtp_4)
                                         counter.count[0] (net)
                  0.12    0.01    0.84 v _158_/C (sky130_fd_sc_hd__and3_1)
     3    0.03    0.15    0.32    1.15 v _158_/X (sky130_fd_sc_hd__and3_1)
                                         _064_ (net)
                  0.15    0.00    1.15 v _166_/A (sky130_fd_sc_hd__nor2_1)
     1    0.01    0.16    0.20    1.35 ^ _166_/Y (sky130_fd_sc_hd__nor2_1)
                                         _061_ (net)
                  0.16    0.00    1.35 ^ _351_/D (sky130_fd_sc_hd__dfrtp_4)
                                  1.35   data arrival time

                         10.00   10.00   clock core_clock (rise edge)
                          0.00   10.00   clock source latency
     1    0.02    0.00    0.00   10.00 ^ clk (in)
                                         clk (net)
                  0.00    0.00   10.00 ^ clkbuf_0_clk/A (sky130_fd_sc_hd__clkbuf_16)
     4    0.04    0.06    0.13   10.13 ^ clkbuf_0_clk/X (sky130_fd_sc_hd__clkbuf_16)
                                         clknet_0_clk (net)
                  0.06    0.00   10.13 ^ clkbuf_2_0__f_clk/A (sky130_fd_sc_hd__clkbuf_16)
     7    0.03    0.05    0.14   10.27 ^ clkbuf_2_0__f_clk/X (sky130_fd_sc_hd__clkbuf_16)
                                         clknet_2_0__leaf_clk (net)
                  0.05    0.00   10.27 ^ _351_/CLK (sky130_fd_sc_hd__dfrtp_4)
                          0.00   10.27   clock reconvergence pessimism
                         -0.09   10.18   library setup time
                                 10.18   data required time
-----------------------------------------------------------------------------
                                 10.18   data required time
                                 -1.35   data arrival time
-----------------------------------------------------------------------------
                                  8.83   slack (MET)



worst slack corner Typical: 6.8308
