OpenROAD b16bda7e82721d10566ff7e2b68f1ff0be9f9e38 
Features included (+) or not (-): +Charts +GPU +GUI +Python
This program is licensed under the BSD-3 license. See the LICENSE file for details.
Components of this program may be licensed under more restrictive licenses which must be honored.
define_corners Typical
read_liberty -corner Typical /home/kagan/.volare/sky130A/libs.ref/sky130_fd_sc_hd/lib/sky130_fd_sc_hd__tt_025C_1v80.lib
Using 1e-12 for capacitance...
Using 1e+03 for resistance...
Using 1e-09 for time...
Using 1e+00 for voltage...
Using 1e-03 for current...
Using 1e-09 for power...
Using 1e-06 for distance...
[INFO]: Reading ODB at '/openlane/designs/zero_to_five_counter/runs/RUN_2025.05.24_22.36.15/tmp/14-TopModule.odb'…
Reading design constraints file at '/openlane/designs/zero_to_five_counter/src/TopModule.sdc'…
[INFO]: No (un)set_propagated_clock found in /openlane/designs/zero_to_five_counter/src/TopModule.sdc
[INFO]: Propagating all clocks
[INFO]: Setting RC values...
min_report

===========================================================================
report_checks -path_delay min (Hold)
============================================================================
======================= Typical Corner ===================================

Startpoint: _330_ (rising edge-triggered flip-flop clocked by core_clock)
Endpoint: _330_ (rising edge-triggered flip-flop clocked by core_clock)
Path Group: core_clock
Path Type: min

Fanout     Cap    Slew   Delay    Time   Description
-----------------------------------------------------------------------------
                          0.00    0.00   clock core_clock (rise edge)
                          0.00    0.00   clock source latency
     1    0.01    0.00    0.00    0.00 ^ clk (in)
                                         clk (net)
                  0.00    0.00    0.00 ^ clkbuf_0_clk/A (sky130_fd_sc_hd__clkbuf_16)
     4    0.03    0.05    0.12    0.12 ^ clkbuf_0_clk/X (sky130_fd_sc_hd__clkbuf_16)
                                         clknet_0_clk (net)
                  0.05    0.00    0.12 ^ clkbuf_2_1__f_clk/A (sky130_fd_sc_hd__clkbuf_16)
     8    0.03    0.05    0.13    0.25 ^ clkbuf_2_1__f_clk/X (sky130_fd_sc_hd__clkbuf_16)
                                         clknet_2_1__leaf_clk (net)
                  0.05    0.00    0.25 ^ _330_/CLK (sky130_fd_sc_hd__dfrtp_1)
     2    0.01    0.05    0.37    0.63 v _330_/Q (sky130_fd_sc_hd__dfrtp_1)
                                         counter.one_second_counter[7] (net)
                  0.05    0.00    0.63 v _207_/A (sky130_fd_sc_hd__inv_2)
     1    0.00    0.02    0.04    0.67 ^ _207_/Y (sky130_fd_sc_hd__inv_2)
                                         _101_ (net)
                  0.02    0.00    0.67 ^ _208_/A1 (sky130_fd_sc_hd__a211oi_1)
     1    0.00    0.03    0.05    0.71 v _208_/Y (sky130_fd_sc_hd__a211oi_1)
                                         _025_ (net)
                  0.03    0.00    0.71 v _330_/D (sky130_fd_sc_hd__dfrtp_1)
                                  0.71   data arrival time

                          0.00    0.00   clock core_clock (rise edge)
                          0.00    0.00   clock source latency
     1    0.01    0.00    0.00    0.00 ^ clk (in)
                                         clk (net)
                  0.00    0.00    0.00 ^ clkbuf_0_clk/A (sky130_fd_sc_hd__clkbuf_16)
     4    0.03    0.05    0.12    0.12 ^ clkbuf_0_clk/X (sky130_fd_sc_hd__clkbuf_16)
                                         clknet_0_clk (net)
                  0.05    0.00    0.12 ^ clkbuf_2_1__f_clk/A (sky130_fd_sc_hd__clkbuf_16)
     8    0.03    0.05    0.13    0.25 ^ clkbuf_2_1__f_clk/X (sky130_fd_sc_hd__clkbuf_16)
                                         clknet_2_1__leaf_clk (net)
                  0.05    0.00    0.25 ^ _330_/CLK (sky130_fd_sc_hd__dfrtp_1)
                          0.00    0.25   clock reconvergence pessimism
                         -0.04    0.22   library hold time
                                  0.22   data required time
-----------------------------------------------------------------------------
                                  0.22   data required time
                                 -0.71   data arrival time
-----------------------------------------------------------------------------
                                  0.50   slack (MET)


Startpoint: _323_ (rising edge-triggered flip-flop clocked by core_clock)
Endpoint: _323_ (rising edge-triggered flip-flop clocked by core_clock)
Path Group: core_clock
Path Type: min

Fanout     Cap    Slew   Delay    Time   Description
-----------------------------------------------------------------------------
                          0.00    0.00   clock core_clock (rise edge)
                          0.00    0.00   clock source latency
     1    0.01    0.00    0.00    0.00 ^ clk (in)
                                         clk (net)
                  0.00    0.00    0.00 ^ clkbuf_0_clk/A (sky130_fd_sc_hd__clkbuf_16)
     4    0.03    0.05    0.12    0.12 ^ clkbuf_0_clk/X (sky130_fd_sc_hd__clkbuf_16)
                                         clknet_0_clk (net)
                  0.05    0.00    0.12 ^ clkbuf_2_3__f_clk/A (sky130_fd_sc_hd__clkbuf_16)
    10    0.02    0.04    0.13    0.25 ^ clkbuf_2_3__f_clk/X (sky130_fd_sc_hd__clkbuf_16)
                                         clknet_2_3__leaf_clk (net)
                  0.04    0.00    0.25 ^ _323_/CLK (sky130_fd_sc_hd__dfrtp_4)
     7    0.02    0.08    0.43    0.67 ^ _323_/Q (sky130_fd_sc_hd__dfrtp_4)
                                         counter.one_second_counter[0] (net)
                  0.08    0.00    0.67 ^ _183_/A (sky130_fd_sc_hd__nor2_1)
     1    0.00    0.02    0.05    0.72 v _183_/Y (sky130_fd_sc_hd__nor2_1)
                                         _001_ (net)
                  0.02    0.00    0.72 v _323_/D (sky130_fd_sc_hd__dfrtp_4)
                                  0.72   data arrival time

                          0.00    0.00   clock core_clock (rise edge)
                          0.00    0.00   clock source latency
     1    0.01    0.00    0.00    0.00 ^ clk (in)
                                         clk (net)
                  0.00    0.00    0.00 ^ clkbuf_0_clk/A (sky130_fd_sc_hd__clkbuf_16)
     4    0.03    0.05    0.12    0.12 ^ clkbuf_0_clk/X (sky130_fd_sc_hd__clkbuf_16)
                                         clknet_0_clk (net)
                  0.05    0.00    0.12 ^ clkbuf_2_3__f_clk/A (sky130_fd_sc_hd__clkbuf_16)
    10    0.02    0.04    0.13    0.25 ^ clkbuf_2_3__f_clk/X (sky130_fd_sc_hd__clkbuf_16)
                                         clknet_2_3__leaf_clk (net)
                  0.04    0.00    0.25 ^ _323_/CLK (sky130_fd_sc_hd__dfrtp_4)
                          0.00    0.25   clock reconvergence pessimism
                         -0.03    0.21   library hold time
                                  0.21   data required time
-----------------------------------------------------------------------------
                                  0.21   data required time
                                 -0.72   data arrival time
-----------------------------------------------------------------------------
                                  0.51   slack (MET)


Startpoint: _338_ (rising edge-triggered flip-flop clocked by core_clock)
Endpoint: _338_ (rising edge-triggered flip-flop clocked by core_clock)
Path Group: core_clock
Path Type: min

Fanout     Cap    Slew   Delay    Time   Description
-----------------------------------------------------------------------------
                          0.00    0.00   clock core_clock (rise edge)
                          0.00    0.00   clock source latency
     1    0.01    0.00    0.00    0.00 ^ clk (in)
                                         clk (net)
                  0.00    0.00    0.00 ^ clkbuf_0_clk/A (sky130_fd_sc_hd__clkbuf_16)
     4    0.03    0.05    0.12    0.12 ^ clkbuf_0_clk/X (sky130_fd_sc_hd__clkbuf_16)
                                         clknet_0_clk (net)
                  0.05    0.00    0.12 ^ clkbuf_2_2__f_clk/A (sky130_fd_sc_hd__clkbuf_16)
    10    0.03    0.05    0.13    0.25 ^ clkbuf_2_2__f_clk/X (sky130_fd_sc_hd__clkbuf_16)
                                         clknet_2_2__leaf_clk (net)
                  0.05    0.00    0.25 ^ _338_/CLK (sky130_fd_sc_hd__dfrtp_1)
     3    0.01    0.06    0.38    0.63 v _338_/Q (sky130_fd_sc_hd__dfrtp_1)
                                         counter.one_second_counter[15] (net)
                  0.06    0.00    0.63 v _238_/A (sky130_fd_sc_hd__inv_2)
     1    0.01    0.04    0.06    0.69 ^ _238_/Y (sky130_fd_sc_hd__inv_2)
                                         _124_ (net)
                  0.04    0.00    0.69 ^ _241_/A1 (sky130_fd_sc_hd__a211oi_1)
     1    0.00    0.03    0.05    0.74 v _241_/Y (sky130_fd_sc_hd__a211oi_1)
                                         _007_ (net)
                  0.03    0.00    0.74 v _338_/D (sky130_fd_sc_hd__dfrtp_1)
                                  0.74   data arrival time

                          0.00    0.00   clock core_clock (rise edge)
                          0.00    0.00   clock source latency
     1    0.01    0.00    0.00    0.00 ^ clk (in)
                                         clk (net)
                  0.00    0.00    0.00 ^ clkbuf_0_clk/A (sky130_fd_sc_hd__clkbuf_16)
     4    0.03    0.05    0.12    0.12 ^ clkbuf_0_clk/X (sky130_fd_sc_hd__clkbuf_16)
                                         clknet_0_clk (net)
                  0.05    0.00    0.12 ^ clkbuf_2_2__f_clk/A (sky130_fd_sc_hd__clkbuf_16)
    10    0.03    0.05    0.13    0.25 ^ clkbuf_2_2__f_clk/X (sky130_fd_sc_hd__clkbuf_16)
                                         clknet_2_2__leaf_clk (net)
                  0.05    0.00    0.25 ^ _338_/CLK (sky130_fd_sc_hd__dfrtp_1)
                          0.00    0.25   clock reconvergence pessimism
                         -0.04    0.22   library hold time
                                  0.22   data required time
-----------------------------------------------------------------------------
                                  0.22   data required time
                                 -0.74   data arrival time
-----------------------------------------------------------------------------
                                  0.53   slack (MET)


Startpoint: _346_ (rising edge-triggered flip-flop clocked by core_clock)
Endpoint: _346_ (rising edge-triggered flip-flop clocked by core_clock)
Path Group: core_clock
Path Type: min

Fanout     Cap    Slew   Delay    Time   Description
-----------------------------------------------------------------------------
                          0.00    0.00   clock core_clock (rise edge)
                          0.00    0.00   clock source latency
     1    0.01    0.00    0.00    0.00 ^ clk (in)
                                         clk (net)
                  0.00    0.00    0.00 ^ clkbuf_0_clk/A (sky130_fd_sc_hd__clkbuf_16)
     4    0.03    0.05    0.12    0.12 ^ clkbuf_0_clk/X (sky130_fd_sc_hd__clkbuf_16)
                                         clknet_0_clk (net)
                  0.05    0.00    0.12 ^ clkbuf_2_1__f_clk/A (sky130_fd_sc_hd__clkbuf_16)
     8    0.03    0.05    0.13    0.25 ^ clkbuf_2_1__f_clk/X (sky130_fd_sc_hd__clkbuf_16)
                                         clknet_2_1__leaf_clk (net)
                  0.05    0.00    0.26 ^ _346_/CLK (sky130_fd_sc_hd__dfrtp_1)
     2    0.01    0.10    0.36    0.62 ^ _346_/Q (sky130_fd_sc_hd__dfrtp_1)
                                         counter.one_second_counter[23] (net)
                  0.10    0.00    0.62 ^ _269_/A1 (sky130_fd_sc_hd__o211a_1)
     1    0.00    0.04    0.15    0.77 ^ _269_/X (sky130_fd_sc_hd__o211a_1)
                                         _016_ (net)
                  0.04    0.00    0.77 ^ _346_/D (sky130_fd_sc_hd__dfrtp_1)
                                  0.77   data arrival time

                          0.00    0.00   clock core_clock (rise edge)
                          0.00    0.00   clock source latency
     1    0.01    0.00    0.00    0.00 ^ clk (in)
                                         clk (net)
                  0.00    0.00    0.00 ^ clkbuf_0_clk/A (sky130_fd_sc_hd__clkbuf_16)
     4    0.03    0.05    0.12    0.12 ^ clkbuf_0_clk/X (sky130_fd_sc_hd__clkbuf_16)
                                         clknet_0_clk (net)
                  0.05    0.00    0.12 ^ clkbuf_2_1__f_clk/A (sky130_fd_sc_hd__clkbuf_16)
     8    0.03    0.05    0.13    0.25 ^ clkbuf_2_1__f_clk/X (sky130_fd_sc_hd__clkbuf_16)
                                         clknet_2_1__leaf_clk (net)
                  0.05    0.00    0.26 ^ _346_/CLK (sky130_fd_sc_hd__dfrtp_1)
                          0.00    0.26   clock reconvergence pessimism
                         -0.03    0.22   library hold time
                                  0.22   data required time
-----------------------------------------------------------------------------
                                  0.22   data required time
                                 -0.77   data arrival time
-----------------------------------------------------------------------------
                                  0.55   slack (MET)


Startpoint: _349_ (rising edge-triggered flip-flop clocked by core_clock)
Endpoint: _349_ (rising edge-triggered flip-flop clocked by core_clock)
Path Group: core_clock
Path Type: min

Fanout     Cap    Slew   Delay    Time   Description
-----------------------------------------------------------------------------
                          0.00    0.00   clock core_clock (rise edge)
                          0.00    0.00   clock source latency
     1    0.01    0.00    0.00    0.00 ^ clk (in)
                                         clk (net)
                  0.00    0.00    0.00 ^ clkbuf_0_clk/A (sky130_fd_sc_hd__clkbuf_16)
     4    0.03    0.05    0.12    0.12 ^ clkbuf_0_clk/X (sky130_fd_sc_hd__clkbuf_16)
                                         clknet_0_clk (net)
                  0.05    0.00    0.12 ^ clkbuf_2_2__f_clk/A (sky130_fd_sc_hd__clkbuf_16)
    10    0.03    0.05    0.13    0.25 ^ clkbuf_2_2__f_clk/X (sky130_fd_sc_hd__clkbuf_16)
                                         clknet_2_2__leaf_clk (net)
                  0.05    0.00    0.26 ^ _349_/CLK (sky130_fd_sc_hd__dfrtp_1)
     2    0.00    0.06    0.33    0.59 ^ _349_/Q (sky130_fd_sc_hd__dfrtp_1)
                                         counter.one_second_counter[26] (net)
                  0.06    0.00    0.59 ^ _278_/A1 (sky130_fd_sc_hd__o211a_1)
     1    0.01    0.07    0.18    0.76 ^ _278_/X (sky130_fd_sc_hd__o211a_1)
                                         _019_ (net)
                  0.07    0.00    0.76 ^ _349_/D (sky130_fd_sc_hd__dfrtp_1)
                                  0.76   data arrival time

                          0.00    0.00   clock core_clock (rise edge)
                          0.00    0.00   clock source latency
     1    0.01    0.00    0.00    0.00 ^ clk (in)
                                         clk (net)
                  0.00    0.00    0.00 ^ clkbuf_0_clk/A (sky130_fd_sc_hd__clkbuf_16)
     4    0.03    0.05    0.12    0.12 ^ clkbuf_0_clk/X (sky130_fd_sc_hd__clkbuf_16)
                                         clknet_0_clk (net)
                  0.05    0.00    0.12 ^ clkbuf_2_2__f_clk/A (sky130_fd_sc_hd__clkbuf_16)
    10    0.03    0.05    0.13    0.25 ^ clkbuf_2_2__f_clk/X (sky130_fd_sc_hd__clkbuf_16)
                                         clknet_2_2__leaf_clk (net)
                  0.05    0.00    0.26 ^ _349_/CLK (sky130_fd_sc_hd__dfrtp_1)
                          0.00    0.26   clock reconvergence pessimism
                         -0.04    0.22   library hold time
                                  0.22   data required time
-----------------------------------------------------------------------------
                                  0.22   data required time
                                 -0.76   data arrival time
-----------------------------------------------------------------------------
                                  0.55   slack (MET)


Startpoint: _353_ (rising edge-triggered flip-flop clocked by core_clock)
Endpoint: _353_ (rising edge-triggered flip-flop clocked by core_clock)
Path Group: core_clock
Path Type: min

Fanout     Cap    Slew   Delay    Time   Description
-----------------------------------------------------------------------------
                          0.00    0.00   clock core_clock (rise edge)
                          0.00    0.00   clock source latency
     1    0.01    0.00    0.00    0.00 ^ clk (in)
                                         clk (net)
                  0.00    0.00    0.00 ^ clkbuf_0_clk/A (sky130_fd_sc_hd__clkbuf_16)
     4    0.03    0.05    0.12    0.12 ^ clkbuf_0_clk/X (sky130_fd_sc_hd__clkbuf_16)
                                         clknet_0_clk (net)
                  0.05    0.00    0.12 ^ clkbuf_2_3__f_clk/A (sky130_fd_sc_hd__clkbuf_16)
    10    0.02    0.04    0.13    0.25 ^ clkbuf_2_3__f_clk/X (sky130_fd_sc_hd__clkbuf_16)
                                         clknet_2_3__leaf_clk (net)
                  0.04    0.00    0.25 ^ _353_/CLK (sky130_fd_sc_hd__dfrtp_4)
     4    0.02    0.08    0.42    0.67 ^ _353_/Q (sky130_fd_sc_hd__dfrtp_4)
                                         counter.count[3] (net)
                  0.08    0.00    0.67 ^ _160_/A (sky130_fd_sc_hd__xor2_1)
     1    0.00    0.04    0.08    0.75 v _160_/X (sky130_fd_sc_hd__xor2_1)
                                         _063_ (net)
                  0.04    0.00    0.75 v _353_/D (sky130_fd_sc_hd__dfrtp_4)
                                  0.75   data arrival time

                          0.00    0.00   clock core_clock (rise edge)
                          0.00    0.00   clock source latency
     1    0.01    0.00    0.00    0.00 ^ clk (in)
                                         clk (net)
                  0.00    0.00    0.00 ^ clkbuf_0_clk/A (sky130_fd_sc_hd__clkbuf_16)
     4    0.03    0.05    0.12    0.12 ^ clkbuf_0_clk/X (sky130_fd_sc_hd__clkbuf_16)
                                         clknet_0_clk (net)
                  0.05    0.00    0.12 ^ clkbuf_2_3__f_clk/A (sky130_fd_sc_hd__clkbuf_16)
    10    0.02    0.04    0.13    0.25 ^ clkbuf_2_3__f_clk/X (sky130_fd_sc_hd__clkbuf_16)
                                         clknet_2_3__leaf_clk (net)
                  0.04    0.00    0.25 ^ _353_/CLK (sky130_fd_sc_hd__dfrtp_4)
                          0.00    0.25   clock reconvergence pessimism
                         -0.04    0.21   library hold time
                                  0.21   data required time
-----------------------------------------------------------------------------
                                  0.21   data required time
                                 -0.75   data arrival time
-----------------------------------------------------------------------------
                                  0.55   slack (MET)


Startpoint: _322_ (rising edge-triggered flip-flop clocked by core_clock)
Endpoint: _352_ (rising edge-triggered flip-flop clocked by core_clock)
Path Group: core_clock
Path Type: min

Fanout     Cap    Slew   Delay    Time   Description
-----------------------------------------------------------------------------
                          0.00    0.00   clock core_clock (rise edge)
                          0.00    0.00   clock source latency
     1    0.01    0.00    0.00    0.00 ^ clk (in)
                                         clk (net)
                  0.00    0.00    0.00 ^ clkbuf_0_clk/A (sky130_fd_sc_hd__clkbuf_16)
     4    0.03    0.05    0.12    0.12 ^ clkbuf_0_clk/X (sky130_fd_sc_hd__clkbuf_16)
                                         clknet_0_clk (net)
                  0.05    0.00    0.12 ^ clkbuf_2_0__f_clk/A (sky130_fd_sc_hd__clkbuf_16)
     7    0.02    0.04    0.13    0.25 ^ clkbuf_2_0__f_clk/X (sky130_fd_sc_hd__clkbuf_16)
                                         clknet_2_0__leaf_clk (net)
                  0.04    0.00    0.25 ^ _322_/CLK (sky130_fd_sc_hd__dfrtp_4)
     5    0.02    0.10    0.44    0.69 ^ _322_/Q (sky130_fd_sc_hd__dfrtp_4)
                                         counter.one_second_enable (net)
                  0.10    0.00    0.69 ^ _164_/A1 (sky130_fd_sc_hd__a211oi_1)
     1    0.00    0.05    0.08    0.77 v _164_/Y (sky130_fd_sc_hd__a211oi_1)
                                         _062_ (net)
                  0.05    0.00    0.77 v _352_/D (sky130_fd_sc_hd__dfrtp_4)
                                  0.77   data arrival time

                          0.00    0.00   clock core_clock (rise edge)
                          0.00    0.00   clock source latency
     1    0.01    0.00    0.00    0.00 ^ clk (in)
                                         clk (net)
                  0.00    0.00    0.00 ^ clkbuf_0_clk/A (sky130_fd_sc_hd__clkbuf_16)
     4    0.03    0.05    0.12    0.12 ^ clkbuf_0_clk/X (sky130_fd_sc_hd__clkbuf_16)
                                         clknet_0_clk (net)
                  0.05    0.00    0.12 ^ clkbuf_2_3__f_clk/A (sky130_fd_sc_hd__clkbuf_16)
    10    0.02    0.04    0.13    0.25 ^ clkbuf_2_3__f_clk/X (sky130_fd_sc_hd__clkbuf_16)
                                         clknet_2_3__leaf_clk (net)
                  0.04    0.00    0.25 ^ _352_/CLK (sky130_fd_sc_hd__dfrtp_4)
                          0.00    0.25   clock reconvergence pessimism
                         -0.04    0.20   library hold time
                                  0.20   data required time
-----------------------------------------------------------------------------
                                  0.20   data required time
                                 -0.77   data arrival time
-----------------------------------------------------------------------------
                                  0.56   slack (MET)


Startpoint: _350_ (rising edge-triggered flip-flop clocked by core_clock)
Endpoint: _350_ (rising edge-triggered flip-flop clocked by core_clock)
Path Group: core_clock
Path Type: min

Fanout     Cap    Slew   Delay    Time   Description
-----------------------------------------------------------------------------
                          0.00    0.00   clock core_clock (rise edge)
                          0.00    0.00   clock source latency
     1    0.01    0.00    0.00    0.00 ^ clk (in)
                                         clk (net)
                  0.00    0.00    0.00 ^ clkbuf_0_clk/A (sky130_fd_sc_hd__clkbuf_16)
     4    0.03    0.05    0.12    0.12 ^ clkbuf_0_clk/X (sky130_fd_sc_hd__clkbuf_16)
                                         clknet_0_clk (net)
                  0.05    0.00    0.12 ^ clkbuf_2_1__f_clk/A (sky130_fd_sc_hd__clkbuf_16)
     8    0.03    0.05    0.13    0.25 ^ clkbuf_2_1__f_clk/X (sky130_fd_sc_hd__clkbuf_16)
                                         clknet_2_1__leaf_clk (net)
                  0.05    0.00    0.26 ^ _350_/CLK (sky130_fd_sc_hd__dfrtp_4)
     7    0.02    0.09    0.43    0.69 ^ _350_/Q (sky130_fd_sc_hd__dfrtp_4)
                                         counter.count[0] (net)
                  0.09    0.00    0.69 ^ _168_/A2 (sky130_fd_sc_hd__o21a_1)
     1    0.00    0.03    0.11    0.79 ^ _168_/X (sky130_fd_sc_hd__o21a_1)
                                         _060_ (net)
                  0.03    0.00    0.79 ^ _350_/D (sky130_fd_sc_hd__dfrtp_4)
                                  0.79   data arrival time

                          0.00    0.00   clock core_clock (rise edge)
                          0.00    0.00   clock source latency
     1    0.01    0.00    0.00    0.00 ^ clk (in)
                                         clk (net)
                  0.00    0.00    0.00 ^ clkbuf_0_clk/A (sky130_fd_sc_hd__clkbuf_16)
     4    0.03    0.05    0.12    0.12 ^ clkbuf_0_clk/X (sky130_fd_sc_hd__clkbuf_16)
                                         clknet_0_clk (net)
                  0.05    0.00    0.12 ^ clkbuf_2_1__f_clk/A (sky130_fd_sc_hd__clkbuf_16)
     8    0.03    0.05    0.13    0.25 ^ clkbuf_2_1__f_clk/X (sky130_fd_sc_hd__clkbuf_16)
                                         clknet_2_1__leaf_clk (net)
                  0.05    0.00    0.26 ^ _350_/CLK (sky130_fd_sc_hd__dfrtp_4)
                          0.00    0.26   clock reconvergence pessimism
                         -0.03    0.22   library hold time
                                  0.22   data required time
-----------------------------------------------------------------------------
                                  0.22   data required time
                                 -0.79   data arrival time
-----------------------------------------------------------------------------
                                  0.57   slack (MET)


Startpoint: _343_ (rising edge-triggered flip-flop clocked by core_clock)
Endpoint: _344_ (rising edge-triggered flip-flop clocked by core_clock)
Path Group: core_clock
Path Type: min

Fanout     Cap    Slew   Delay    Time   Description
-----------------------------------------------------------------------------
                          0.00    0.00   clock core_clock (rise edge)
                          0.00    0.00   clock source latency
     1    0.01    0.00    0.00    0.00 ^ clk (in)
                                         clk (net)
                  0.00    0.00    0.00 ^ clkbuf_0_clk/A (sky130_fd_sc_hd__clkbuf_16)
     4    0.03    0.05    0.12    0.12 ^ clkbuf_0_clk/X (sky130_fd_sc_hd__clkbuf_16)
                                         clknet_0_clk (net)
                  0.05    0.00    0.12 ^ clkbuf_2_0__f_clk/A (sky130_fd_sc_hd__clkbuf_16)
     7    0.02    0.04    0.13    0.25 ^ clkbuf_2_0__f_clk/X (sky130_fd_sc_hd__clkbuf_16)
                                         clknet_2_0__leaf_clk (net)
                  0.04    0.00    0.25 ^ _343_/CLK (sky130_fd_sc_hd__dfrtp_2)
     4    0.01    0.05    0.39    0.64 v _343_/Q (sky130_fd_sc_hd__dfrtp_2)
                                         counter.one_second_counter[20] (net)
                  0.05    0.00    0.64 v _258_/A (sky130_fd_sc_hd__nand2_1)
     2    0.01    0.06    0.07    0.71 ^ _258_/Y (sky130_fd_sc_hd__nand2_1)
                                         _139_ (net)
                  0.06    0.00    0.71 ^ _263_/A2 (sky130_fd_sc_hd__a211oi_1)
     1    0.00    0.04    0.08    0.79 v _263_/Y (sky130_fd_sc_hd__a211oi_1)
                                         _014_ (net)
                  0.04    0.00    0.79 v _344_/D (sky130_fd_sc_hd__dfrtp_2)
                                  0.79   data arrival time

                          0.00    0.00   clock core_clock (rise edge)
                          0.00    0.00   clock source latency
     1    0.01    0.00    0.00    0.00 ^ clk (in)
                                         clk (net)
                  0.00    0.00    0.00 ^ clkbuf_0_clk/A (sky130_fd_sc_hd__clkbuf_16)
     4    0.03    0.05    0.12    0.12 ^ clkbuf_0_clk/X (sky130_fd_sc_hd__clkbuf_16)
                                         clknet_0_clk (net)
                  0.05    0.00    0.12 ^ clkbuf_2_1__f_clk/A (sky130_fd_sc_hd__clkbuf_16)
     8    0.03    0.05    0.13    0.25 ^ clkbuf_2_1__f_clk/X (sky130_fd_sc_hd__clkbuf_16)
                                         clknet_2_1__leaf_clk (net)
                  0.05    0.00    0.26 ^ _344_/CLK (sky130_fd_sc_hd__dfrtp_2)
                          0.00    0.26   clock reconvergence pessimism
                         -0.04    0.22   library hold time
                                  0.22   data required time
-----------------------------------------------------------------------------
                                  0.22   data required time
                                 -0.79   data arrival time
-----------------------------------------------------------------------------
                                  0.57   slack (MET)


Startpoint: _345_ (rising edge-triggered flip-flop clocked by core_clock)
Endpoint: _345_ (rising edge-triggered flip-flop clocked by core_clock)
Path Group: core_clock
Path Type: min

Fanout     Cap    Slew   Delay    Time   Description
-----------------------------------------------------------------------------
                          0.00    0.00   clock core_clock (rise edge)
                          0.00    0.00   clock source latency
     1    0.01    0.00    0.00    0.00 ^ clk (in)
                                         clk (net)
                  0.00    0.00    0.00 ^ clkbuf_0_clk/A (sky130_fd_sc_hd__clkbuf_16)
     4    0.03    0.05    0.12    0.12 ^ clkbuf_0_clk/X (sky130_fd_sc_hd__clkbuf_16)
                                         clknet_0_clk (net)
                  0.05    0.00    0.12 ^ clkbuf_2_1__f_clk/A (sky130_fd_sc_hd__clkbuf_16)
     8    0.03    0.05    0.13    0.25 ^ clkbuf_2_1__f_clk/X (sky130_fd_sc_hd__clkbuf_16)
                                         clknet_2_1__leaf_clk (net)
                  0.05    0.00    0.26 ^ _345_/CLK (sky130_fd_sc_hd__dfrtp_2)
     3    0.01    0.05    0.40    0.66 v _345_/Q (sky130_fd_sc_hd__dfrtp_2)
                                         counter.one_second_counter[22] (net)
                  0.05    0.00    0.66 v _264_/A (sky130_fd_sc_hd__nor2_1)
     1    0.00    0.09    0.11    0.76 ^ _264_/Y (sky130_fd_sc_hd__nor2_1)
                                         _143_ (net)
                  0.09    0.00    0.76 ^ _266_/B (sky130_fd_sc_hd__nor3_1)
     1    0.01    0.06    0.08    0.84 v _266_/Y (sky130_fd_sc_hd__nor3_1)
                                         _015_ (net)
                  0.06    0.00    0.84 v _345_/D (sky130_fd_sc_hd__dfrtp_2)
                                  0.84   data arrival time

                          0.00    0.00   clock core_clock (rise edge)
                          0.00    0.00   clock source latency
     1    0.01    0.00    0.00    0.00 ^ clk (in)
                                         clk (net)
                  0.00    0.00    0.00 ^ clkbuf_0_clk/A (sky130_fd_sc_hd__clkbuf_16)
     4    0.03    0.05    0.12    0.12 ^ clkbuf_0_clk/X (sky130_fd_sc_hd__clkbuf_16)
                                         clknet_0_clk (net)
                  0.05    0.00    0.12 ^ clkbuf_2_1__f_clk/A (sky130_fd_sc_hd__clkbuf_16)
     8    0.03    0.05    0.13    0.25 ^ clkbuf_2_1__f_clk/X (sky130_fd_sc_hd__clkbuf_16)
                                         clknet_2_1__leaf_clk (net)
                  0.05    0.00    0.26 ^ _345_/CLK (sky130_fd_sc_hd__dfrtp_2)
                          0.00    0.26   clock reconvergence pessimism
                         -0.05    0.21   library hold time
                                  0.21   data required time
-----------------------------------------------------------------------------
                                  0.21   data required time
                                 -0.84   data arrival time
-----------------------------------------------------------------------------
                                  0.63   slack (MET)


Startpoint: _327_ (rising edge-triggered flip-flop clocked by core_clock)
Endpoint: _328_ (rising edge-triggered flip-flop clocked by core_clock)
Path Group: core_clock
Path Type: min

Fanout     Cap    Slew   Delay    Time   Description
-----------------------------------------------------------------------------
                          0.00    0.00   clock core_clock (rise edge)
                          0.00    0.00   clock source latency
     1    0.01    0.00    0.00    0.00 ^ clk (in)
                                         clk (net)
                  0.00    0.00    0.00 ^ clkbuf_0_clk/A (sky130_fd_sc_hd__clkbuf_16)
     4    0.03    0.05    0.12    0.12 ^ clkbuf_0_clk/X (sky130_fd_sc_hd__clkbuf_16)
                                         clknet_0_clk (net)
                  0.05    0.00    0.12 ^ clkbuf_2_2__f_clk/A (sky130_fd_sc_hd__clkbuf_16)
    10    0.03    0.05    0.13    0.25 ^ clkbuf_2_2__f_clk/X (sky130_fd_sc_hd__clkbuf_16)
                                         clknet_2_2__leaf_clk (net)
                  0.05    0.00    0.26 ^ _327_/CLK (sky130_fd_sc_hd__dfrtp_2)
     5    0.01    0.08    0.38    0.63 ^ _327_/Q (sky130_fd_sc_hd__dfrtp_2)
                                         counter.one_second_counter[4] (net)
                  0.08    0.00    0.63 ^ _201_/B (sky130_fd_sc_hd__and3_1)
     3    0.01    0.08    0.18    0.81 ^ _201_/X (sky130_fd_sc_hd__and3_1)
                                         _097_ (net)
                  0.08    0.00    0.81 ^ _202_/C (sky130_fd_sc_hd__nor3_1)
     1    0.00    0.03    0.05    0.86 v _202_/Y (sky130_fd_sc_hd__nor3_1)
                                         _023_ (net)
                  0.03    0.00    0.86 v _328_/D (sky130_fd_sc_hd__dfrtp_1)
                                  0.86   data arrival time

                          0.00    0.00   clock core_clock (rise edge)
                          0.00    0.00   clock source latency
     1    0.01    0.00    0.00    0.00 ^ clk (in)
                                         clk (net)
                  0.00    0.00    0.00 ^ clkbuf_0_clk/A (sky130_fd_sc_hd__clkbuf_16)
     4    0.03    0.05    0.12    0.12 ^ clkbuf_0_clk/X (sky130_fd_sc_hd__clkbuf_16)
                                         clknet_0_clk (net)
                  0.05    0.00    0.12 ^ clkbuf_2_2__f_clk/A (sky130_fd_sc_hd__clkbuf_16)
    10    0.03    0.05    0.13    0.25 ^ clkbuf_2_2__f_clk/X (sky130_fd_sc_hd__clkbuf_16)
                                         clknet_2_2__leaf_clk (net)
                  0.05    0.00    0.26 ^ _328_/CLK (sky130_fd_sc_hd__dfrtp_1)
                          0.00    0.26   clock reconvergence pessimism
                         -0.04    0.22   library hold time
                                  0.22   data required time
-----------------------------------------------------------------------------
                                  0.22   data required time
                                 -0.86   data arrival time
-----------------------------------------------------------------------------
                                  0.64   slack (MET)


Startpoint: _341_ (rising edge-triggered flip-flop clocked by core_clock)
Endpoint: _341_ (rising edge-triggered flip-flop clocked by core_clock)
Path Group: core_clock
Path Type: min

Fanout     Cap    Slew   Delay    Time   Description
-----------------------------------------------------------------------------
                          0.00    0.00   clock core_clock (rise edge)
                          0.00    0.00   clock source latency
     1    0.01    0.00    0.00    0.00 ^ clk (in)
                                         clk (net)
                  0.00    0.00    0.00 ^ clkbuf_0_clk/A (sky130_fd_sc_hd__clkbuf_16)
     4    0.03    0.05    0.12    0.12 ^ clkbuf_0_clk/X (sky130_fd_sc_hd__clkbuf_16)
                                         clknet_0_clk (net)
                  0.05    0.00    0.12 ^ clkbuf_2_3__f_clk/A (sky130_fd_sc_hd__clkbuf_16)
    10    0.02    0.04    0.13    0.25 ^ clkbuf_2_3__f_clk/X (sky130_fd_sc_hd__clkbuf_16)
                                         clknet_2_3__leaf_clk (net)
                  0.04    0.00    0.25 ^ _341_/CLK (sky130_fd_sc_hd__dfrtp_4)
     6    0.01    0.07    0.41    0.66 ^ _341_/Q (sky130_fd_sc_hd__dfrtp_4)
                                         counter.one_second_counter[18] (net)
                  0.07    0.00    0.66 ^ _250_/B2 (sky130_fd_sc_hd__o221a_1)
     1    0.01    0.08    0.19    0.86 ^ _250_/X (sky130_fd_sc_hd__o221a_1)
                                         _010_ (net)
                  0.08    0.00    0.86 ^ _341_/D (sky130_fd_sc_hd__dfrtp_4)
                                  0.86   data arrival time

                          0.00    0.00   clock core_clock (rise edge)
                          0.00    0.00   clock source latency
     1    0.01    0.00    0.00    0.00 ^ clk (in)
                                         clk (net)
                  0.00    0.00    0.00 ^ clkbuf_0_clk/A (sky130_fd_sc_hd__clkbuf_16)
     4    0.03    0.05    0.12    0.12 ^ clkbuf_0_clk/X (sky130_fd_sc_hd__clkbuf_16)
                                         clknet_0_clk (net)
                  0.05    0.00    0.12 ^ clkbuf_2_3__f_clk/A (sky130_fd_sc_hd__clkbuf_16)
    10    0.02    0.04    0.13    0.25 ^ clkbuf_2_3__f_clk/X (sky130_fd_sc_hd__clkbuf_16)
                                         clknet_2_3__leaf_clk (net)
                  0.04    0.00    0.25 ^ _341_/CLK (sky130_fd_sc_hd__dfrtp_4)
                          0.00    0.25   clock reconvergence pessimism
                         -0.04    0.21   library hold time
                                  0.21   data required time
-----------------------------------------------------------------------------
                                  0.21   data required time
                                 -0.86   data arrival time
-----------------------------------------------------------------------------
                                  0.65   slack (MET)


Startpoint: _340_ (rising edge-triggered flip-flop clocked by core_clock)
Endpoint: _340_ (rising edge-triggered flip-flop clocked by core_clock)
Path Group: core_clock
Path Type: min

Fanout     Cap    Slew   Delay    Time   Description
-----------------------------------------------------------------------------
                          0.00    0.00   clock core_clock (rise edge)
                          0.00    0.00   clock source latency
     1    0.01    0.00    0.00    0.00 ^ clk (in)
                                         clk (net)
                  0.00    0.00    0.00 ^ clkbuf_0_clk/A (sky130_fd_sc_hd__clkbuf_16)
     4    0.03    0.05    0.12    0.12 ^ clkbuf_0_clk/X (sky130_fd_sc_hd__clkbuf_16)
                                         clknet_0_clk (net)
                  0.05    0.00    0.12 ^ clkbuf_2_3__f_clk/A (sky130_fd_sc_hd__clkbuf_16)
    10    0.02    0.04    0.13    0.25 ^ clkbuf_2_3__f_clk/X (sky130_fd_sc_hd__clkbuf_16)
                                         clknet_2_3__leaf_clk (net)
                  0.04    0.00    0.25 ^ _340_/CLK (sky130_fd_sc_hd__dfrtp_4)
     7    0.02    0.08    0.43    0.67 ^ _340_/Q (sky130_fd_sc_hd__dfrtp_4)
                                         counter.one_second_counter[17] (net)
                  0.08    0.00    0.67 ^ _246_/A (sky130_fd_sc_hd__xor2_1)
     1    0.00    0.04    0.08    0.75 v _246_/X (sky130_fd_sc_hd__xor2_1)
                                         _130_ (net)
                  0.04    0.00    0.75 v _247_/B (sky130_fd_sc_hd__nor2_1)
     1    0.01    0.12    0.11    0.86 ^ _247_/Y (sky130_fd_sc_hd__nor2_1)
                                         _009_ (net)
                  0.12    0.00    0.86 ^ _340_/D (sky130_fd_sc_hd__dfrtp_4)
                                  0.86   data arrival time

                          0.00    0.00   clock core_clock (rise edge)
                          0.00    0.00   clock source latency
     1    0.01    0.00    0.00    0.00 ^ clk (in)
                                         clk (net)
                  0.00    0.00    0.00 ^ clkbuf_0_clk/A (sky130_fd_sc_hd__clkbuf_16)
     4    0.03    0.05    0.12    0.12 ^ clkbuf_0_clk/X (sky130_fd_sc_hd__clkbuf_16)
                                         clknet_0_clk (net)
                  0.05    0.00    0.12 ^ clkbuf_2_3__f_clk/A (sky130_fd_sc_hd__clkbuf_16)
    10    0.02    0.04    0.13    0.25 ^ clkbuf_2_3__f_clk/X (sky130_fd_sc_hd__clkbuf_16)
                                         clknet_2_3__leaf_clk (net)
                  0.04    0.00    0.25 ^ _340_/CLK (sky130_fd_sc_hd__dfrtp_4)
                          0.00    0.25   clock reconvergence pessimism
                         -0.05    0.20   library hold time
                                  0.20   data required time
-----------------------------------------------------------------------------
                                  0.20   data required time
                                 -0.86   data arrival time
-----------------------------------------------------------------------------
                                  0.66   slack (MET)


Startpoint: _335_ (rising edge-triggered flip-flop clocked by core_clock)
Endpoint: _335_ (rising edge-triggered flip-flop clocked by core_clock)
Path Group: core_clock
Path Type: min

Fanout     Cap    Slew   Delay    Time   Description
-----------------------------------------------------------------------------
                          0.00    0.00   clock core_clock (rise edge)
                          0.00    0.00   clock source latency
     1    0.01    0.00    0.00    0.00 ^ clk (in)
                                         clk (net)
                  0.00    0.00    0.00 ^ clkbuf_0_clk/A (sky130_fd_sc_hd__clkbuf_16)
     4    0.03    0.05    0.12    0.12 ^ clkbuf_0_clk/X (sky130_fd_sc_hd__clkbuf_16)
                                         clknet_0_clk (net)
                  0.05    0.00    0.12 ^ clkbuf_2_2__f_clk/A (sky130_fd_sc_hd__clkbuf_16)
    10    0.03    0.05    0.13    0.25 ^ clkbuf_2_2__f_clk/X (sky130_fd_sc_hd__clkbuf_16)
                                         clknet_2_2__leaf_clk (net)
                  0.05    0.00    0.26 ^ _335_/CLK (sky130_fd_sc_hd__dfrtp_1)
     4    0.01    0.13    0.38    0.64 ^ _335_/Q (sky130_fd_sc_hd__dfrtp_1)
                                         counter.one_second_counter[12] (net)
                  0.13    0.00    0.64 ^ _227_/A (sky130_fd_sc_hd__nor2_1)
     1    0.01    0.04    0.08    0.72 v _227_/Y (sky130_fd_sc_hd__nor2_1)
                                         _116_ (net)
                  0.04    0.00    0.72 v _229_/B (sky130_fd_sc_hd__nor3_1)
     1    0.00    0.13    0.14    0.87 ^ _229_/Y (sky130_fd_sc_hd__nor3_1)
                                         _004_ (net)
                  0.13    0.00    0.87 ^ _335_/D (sky130_fd_sc_hd__dfrtp_1)
                                  0.87   data arrival time

                          0.00    0.00   clock core_clock (rise edge)
                          0.00    0.00   clock source latency
     1    0.01    0.00    0.00    0.00 ^ clk (in)
                                         clk (net)
                  0.00    0.00    0.00 ^ clkbuf_0_clk/A (sky130_fd_sc_hd__clkbuf_16)
     4    0.03    0.05    0.12    0.12 ^ clkbuf_0_clk/X (sky130_fd_sc_hd__clkbuf_16)
                                         clknet_0_clk (net)
                  0.05    0.00    0.12 ^ clkbuf_2_2__f_clk/A (sky130_fd_sc_hd__clkbuf_16)
    10    0.03    0.05    0.13    0.25 ^ clkbuf_2_2__f_clk/X (sky130_fd_sc_hd__clkbuf_16)
                                         clknet_2_2__leaf_clk (net)
                  0.05    0.00    0.26 ^ _335_/CLK (sky130_fd_sc_hd__dfrtp_1)
                          0.00    0.26   clock reconvergence pessimism
                         -0.05    0.20   library hold time
                                  0.20   data required time
-----------------------------------------------------------------------------
                                  0.20   data required time
                                 -0.87   data arrival time
-----------------------------------------------------------------------------
                                  0.66   slack (MET)


Startpoint: _347_ (rising edge-triggered flip-flop clocked by core_clock)
Endpoint: _347_ (rising edge-triggered flip-flop clocked by core_clock)
Path Group: core_clock
Path Type: min

Fanout     Cap    Slew   Delay    Time   Description
-----------------------------------------------------------------------------
                          0.00    0.00   clock core_clock (rise edge)
                          0.00    0.00   clock source latency
     1    0.01    0.00    0.00    0.00 ^ clk (in)
                                         clk (net)
                  0.00    0.00    0.00 ^ clkbuf_0_clk/A (sky130_fd_sc_hd__clkbuf_16)
     4    0.03    0.05    0.12    0.12 ^ clkbuf_0_clk/X (sky130_fd_sc_hd__clkbuf_16)
                                         clknet_0_clk (net)
                  0.05    0.00    0.12 ^ clkbuf_2_2__f_clk/A (sky130_fd_sc_hd__clkbuf_16)
    10    0.03    0.05    0.13    0.25 ^ clkbuf_2_2__f_clk/X (sky130_fd_sc_hd__clkbuf_16)
                                         clknet_2_2__leaf_clk (net)
                  0.05    0.00    0.26 ^ _347_/CLK (sky130_fd_sc_hd__dfrtp_4)
     3    0.02    0.08    0.43    0.68 ^ _347_/Q (sky130_fd_sc_hd__dfrtp_4)
                                         counter.one_second_counter[24] (net)
                  0.08    0.00    0.68 ^ _270_/A (sky130_fd_sc_hd__inv_2)
     3    0.01    0.03    0.04    0.72 v _270_/Y (sky130_fd_sc_hd__inv_2)
                                         _147_ (net)
                  0.03    0.00    0.72 v _271_/A (sky130_fd_sc_hd__xnor2_1)
     1    0.00    0.05    0.13    0.86 ^ _271_/Y (sky130_fd_sc_hd__xnor2_1)
                                         _148_ (net)
                  0.05    0.00    0.86 ^ _272_/B (sky130_fd_sc_hd__nor2_1)
     1    0.00    0.02    0.03    0.89 v _272_/Y (sky130_fd_sc_hd__nor2_1)
                                         _017_ (net)
                  0.02    0.00    0.89 v _347_/D (sky130_fd_sc_hd__dfrtp_4)
                                  0.89   data arrival time

                          0.00    0.00   clock core_clock (rise edge)
                          0.00    0.00   clock source latency
     1    0.01    0.00    0.00    0.00 ^ clk (in)
                                         clk (net)
                  0.00    0.00    0.00 ^ clkbuf_0_clk/A (sky130_fd_sc_hd__clkbuf_16)
     4    0.03    0.05    0.12    0.12 ^ clkbuf_0_clk/X (sky130_fd_sc_hd__clkbuf_16)
                                         clknet_0_clk (net)
                  0.05    0.00    0.12 ^ clkbuf_2_2__f_clk/A (sky130_fd_sc_hd__clkbuf_16)
    10    0.03    0.05    0.13    0.25 ^ clkbuf_2_2__f_clk/X (sky130_fd_sc_hd__clkbuf_16)
                                         clknet_2_2__leaf_clk (net)
                  0.05    0.00    0.26 ^ _347_/CLK (sky130_fd_sc_hd__dfrtp_4)
                          0.00    0.26   clock reconvergence pessimism
                         -0.03    0.22   library hold time
                                  0.22   data required time
-----------------------------------------------------------------------------
                                  0.22   data required time
                                 -0.89   data arrival time
-----------------------------------------------------------------------------
                                  0.67   slack (MET)


Startpoint: _351_ (rising edge-triggered flip-flop clocked by core_clock)
Endpoint: _351_ (rising edge-triggered flip-flop clocked by core_clock)
Path Group: core_clock
Path Type: min

Fanout     Cap    Slew   Delay    Time   Description
-----------------------------------------------------------------------------
                          0.00    0.00   clock core_clock (rise edge)
                          0.00    0.00   clock source latency
     1    0.01    0.00    0.00    0.00 ^ clk (in)
                                         clk (net)
                  0.00    0.00    0.00 ^ clkbuf_0_clk/A (sky130_fd_sc_hd__clkbuf_16)
     4    0.03    0.05    0.12    0.12 ^ clkbuf_0_clk/X (sky130_fd_sc_hd__clkbuf_16)
                                         clknet_0_clk (net)
                  0.05    0.00    0.12 ^ clkbuf_2_0__f_clk/A (sky130_fd_sc_hd__clkbuf_16)
     7    0.02    0.04    0.13    0.25 ^ clkbuf_2_0__f_clk/X (sky130_fd_sc_hd__clkbuf_16)
                                         clknet_2_0__leaf_clk (net)
                  0.04    0.00    0.25 ^ _351_/CLK (sky130_fd_sc_hd__dfrtp_4)
     5    0.02    0.10    0.44    0.69 ^ _351_/Q (sky130_fd_sc_hd__dfrtp_4)
                                         counter.count[1] (net)
                  0.10    0.00    0.69 ^ _165_/B1 (sky130_fd_sc_hd__a21oi_1)
     1    0.01    0.05    0.07    0.76 v _165_/Y (sky130_fd_sc_hd__a21oi_1)
                                         _069_ (net)
                  0.05    0.00    0.76 v _166_/B (sky130_fd_sc_hd__nor2_1)
     1    0.01    0.12    0.12    0.87 ^ _166_/Y (sky130_fd_sc_hd__nor2_1)
                                         _061_ (net)
                  0.12    0.00    0.87 ^ _351_/D (sky130_fd_sc_hd__dfrtp_4)
                                  0.87   data arrival time

                          0.00    0.00   clock core_clock (rise edge)
                          0.00    0.00   clock source latency
     1    0.01    0.00    0.00    0.00 ^ clk (in)
                                         clk (net)
                  0.00    0.00    0.00 ^ clkbuf_0_clk/A (sky130_fd_sc_hd__clkbuf_16)
     4    0.03    0.05    0.12    0.12 ^ clkbuf_0_clk/X (sky130_fd_sc_hd__clkbuf_16)
                                         clknet_0_clk (net)
                  0.05    0.00    0.12 ^ clkbuf_2_0__f_clk/A (sky130_fd_sc_hd__clkbuf_16)
     7    0.02    0.04    0.13    0.25 ^ clkbuf_2_0__f_clk/X (sky130_fd_sc_hd__clkbuf_16)
                                         clknet_2_0__leaf_clk (net)
                  0.04    0.00    0.25 ^ _351_/CLK (sky130_fd_sc_hd__dfrtp_4)
                          0.00    0.25   clock reconvergence pessimism
                         -0.05    0.20   library hold time
                                  0.20   data required time
-----------------------------------------------------------------------------
                                  0.20   data required time
                                 -0.87   data arrival time
-----------------------------------------------------------------------------
                                  0.68   slack (MET)


Startpoint: _348_ (rising edge-triggered flip-flop clocked by core_clock)
Endpoint: _348_ (rising edge-triggered flip-flop clocked by core_clock)
Path Group: core_clock
Path Type: min

Fanout     Cap    Slew   Delay    Time   Description
-----------------------------------------------------------------------------
                          0.00    0.00   clock core_clock (rise edge)
                          0.00    0.00   clock source latency
     1    0.01    0.00    0.00    0.00 ^ clk (in)
                                         clk (net)
                  0.00    0.00    0.00 ^ clkbuf_0_clk/A (sky130_fd_sc_hd__clkbuf_16)
     4    0.03    0.05    0.12    0.12 ^ clkbuf_0_clk/X (sky130_fd_sc_hd__clkbuf_16)
                                         clknet_0_clk (net)
                  0.05    0.00    0.12 ^ clkbuf_2_0__f_clk/A (sky130_fd_sc_hd__clkbuf_16)
     7    0.02    0.04    0.13    0.25 ^ clkbuf_2_0__f_clk/X (sky130_fd_sc_hd__clkbuf_16)
                                         clknet_2_0__leaf_clk (net)
                  0.04    0.00    0.25 ^ _348_/CLK (sky130_fd_sc_hd__dfrtp_2)
     3    0.01    0.07    0.36    0.61 ^ _348_/Q (sky130_fd_sc_hd__dfrtp_2)
                                         counter.one_second_counter[25] (net)
                  0.07    0.00    0.61 ^ _273_/B1 (sky130_fd_sc_hd__a31o_1)
     1    0.00    0.03    0.09    0.69 ^ _273_/X (sky130_fd_sc_hd__a31o_1)
                                         _149_ (net)
                  0.03    0.00    0.69 ^ _275_/B (sky130_fd_sc_hd__and3_1)
     1    0.00    0.05    0.13    0.82 ^ _275_/X (sky130_fd_sc_hd__and3_1)
                                         _151_ (net)
                  0.05    0.00    0.82 ^ _276_/A (sky130_fd_sc_hd__buf_1)
     1    0.00    0.04    0.07    0.90 ^ _276_/X (sky130_fd_sc_hd__buf_1)
                                         _018_ (net)
                  0.04    0.00    0.90 ^ _348_/D (sky130_fd_sc_hd__dfrtp_2)
                                  0.90   data arrival time

                          0.00    0.00   clock core_clock (rise edge)
                          0.00    0.00   clock source latency
     1    0.01    0.00    0.00    0.00 ^ clk (in)
                                         clk (net)
                  0.00    0.00    0.00 ^ clkbuf_0_clk/A (sky130_fd_sc_hd__clkbuf_16)
     4    0.03    0.05    0.12    0.12 ^ clkbuf_0_clk/X (sky130_fd_sc_hd__clkbuf_16)
                                         clknet_0_clk (net)
                  0.05    0.00    0.12 ^ clkbuf_2_0__f_clk/A (sky130_fd_sc_hd__clkbuf_16)
     7    0.02    0.04    0.13    0.25 ^ clkbuf_2_0__f_clk/X (sky130_fd_sc_hd__clkbuf_16)
                                         clknet_2_0__leaf_clk (net)
                  0.04    0.00    0.25 ^ _348_/CLK (sky130_fd_sc_hd__dfrtp_2)
                          0.00    0.25   clock reconvergence pessimism
                         -0.03    0.21   library hold time
                                  0.21   data required time
-----------------------------------------------------------------------------
                                  0.21   data required time
                                 -0.90   data arrival time
-----------------------------------------------------------------------------
                                  0.68   slack (MET)


Startpoint: _349_ (rising edge-triggered flip-flop clocked by core_clock)
Endpoint: _322_ (rising edge-triggered flip-flop clocked by core_clock)
Path Group: core_clock
Path Type: min

Fanout     Cap    Slew   Delay    Time   Description
-----------------------------------------------------------------------------
                          0.00    0.00   clock core_clock (rise edge)
                          0.00    0.00   clock source latency
     1    0.01    0.00    0.00    0.00 ^ clk (in)
                                         clk (net)
                  0.00    0.00    0.00 ^ clkbuf_0_clk/A (sky130_fd_sc_hd__clkbuf_16)
     4    0.03    0.05    0.12    0.12 ^ clkbuf_0_clk/X (sky130_fd_sc_hd__clkbuf_16)
                                         clknet_0_clk (net)
                  0.05    0.00    0.12 ^ clkbuf_2_2__f_clk/A (sky130_fd_sc_hd__clkbuf_16)
    10    0.03    0.05    0.13    0.25 ^ clkbuf_2_2__f_clk/X (sky130_fd_sc_hd__clkbuf_16)
                                         clknet_2_2__leaf_clk (net)
                  0.05    0.00    0.26 ^ _349_/CLK (sky130_fd_sc_hd__dfrtp_1)
     2    0.00    0.06    0.33    0.59 ^ _349_/Q (sky130_fd_sc_hd__dfrtp_1)
                                         counter.one_second_counter[26] (net)
                  0.06    0.00    0.59 ^ _181_/B1_N (sky130_fd_sc_hd__a21bo_4)
    10    0.02    0.06    0.25    0.84 v _181_/X (sky130_fd_sc_hd__a21bo_4)
                                         _083_ (net)
                  0.06    0.00    0.84 v _182_/A (sky130_fd_sc_hd__clkinv_4)
    10    0.02    0.06    0.07    0.91 ^ _182_/Y (sky130_fd_sc_hd__clkinv_4)
                                         _000_ (net)
                  0.06    0.00    0.91 ^ _322_/D (sky130_fd_sc_hd__dfrtp_4)
                                  0.91   data arrival time

                          0.00    0.00   clock core_clock (rise edge)
                          0.00    0.00   clock source latency
     1    0.01    0.00    0.00    0.00 ^ clk (in)
                                         clk (net)
                  0.00    0.00    0.00 ^ clkbuf_0_clk/A (sky130_fd_sc_hd__clkbuf_16)
     4    0.03    0.05    0.12    0.12 ^ clkbuf_0_clk/X (sky130_fd_sc_hd__clkbuf_16)
                                         clknet_0_clk (net)
                  0.05    0.00    0.12 ^ clkbuf_2_0__f_clk/A (sky130_fd_sc_hd__clkbuf_16)
     7    0.02    0.04    0.13    0.25 ^ clkbuf_2_0__f_clk/X (sky130_fd_sc_hd__clkbuf_16)
                                         clknet_2_0__leaf_clk (net)
                  0.04    0.00    0.25 ^ _322_/CLK (sky130_fd_sc_hd__dfrtp_4)
                          0.00    0.25   clock reconvergence pessimism
                         -0.04    0.21   library hold time
                                  0.21   data required time
-----------------------------------------------------------------------------
                                  0.21   data required time
                                 -0.91   data arrival time
-----------------------------------------------------------------------------
                                  0.70   slack (MET)


Startpoint: _337_ (rising edge-triggered flip-flop clocked by core_clock)
Endpoint: _337_ (rising edge-triggered flip-flop clocked by core_clock)
Path Group: core_clock
Path Type: min

Fanout     Cap    Slew   Delay    Time   Description
-----------------------------------------------------------------------------
                          0.00    0.00   clock core_clock (rise edge)
                          0.00    0.00   clock source latency
     1    0.01    0.00    0.00    0.00 ^ clk (in)
                                         clk (net)
                  0.00    0.00    0.00 ^ clkbuf_0_clk/A (sky130_fd_sc_hd__clkbuf_16)
     4    0.03    0.05    0.12    0.12 ^ clkbuf_0_clk/X (sky130_fd_sc_hd__clkbuf_16)
                                         clknet_0_clk (net)
                  0.05    0.00    0.12 ^ clkbuf_2_2__f_clk/A (sky130_fd_sc_hd__clkbuf_16)
    10    0.03    0.05    0.13    0.25 ^ clkbuf_2_2__f_clk/X (sky130_fd_sc_hd__clkbuf_16)
                                         clknet_2_2__leaf_clk (net)
                  0.05    0.00    0.25 ^ _337_/CLK (sky130_fd_sc_hd__dfrtp_2)
     4    0.01    0.06    0.36    0.61 ^ _337_/Q (sky130_fd_sc_hd__dfrtp_2)
                                         counter.one_second_counter[14] (net)
                  0.06    0.00    0.61 ^ _234_/B1 (sky130_fd_sc_hd__a31o_1)
     1    0.00    0.03    0.08    0.69 ^ _234_/X (sky130_fd_sc_hd__a31o_1)
                                         _121_ (net)
                  0.03    0.00    0.69 ^ _236_/B (sky130_fd_sc_hd__and3_1)
     1    0.01    0.09    0.17    0.86 ^ _236_/X (sky130_fd_sc_hd__and3_1)
                                         _123_ (net)
                  0.09    0.00    0.86 ^ _237_/A (sky130_fd_sc_hd__buf_1)
     1    0.00    0.04    0.09    0.95 ^ _237_/X (sky130_fd_sc_hd__buf_1)
                                         _006_ (net)
                  0.04    0.00    0.95 ^ _337_/D (sky130_fd_sc_hd__dfrtp_2)
                                  0.95   data arrival time

                          0.00    0.00   clock core_clock (rise edge)
                          0.00    0.00   clock source latency
     1    0.01    0.00    0.00    0.00 ^ clk (in)
                                         clk (net)
                  0.00    0.00    0.00 ^ clkbuf_0_clk/A (sky130_fd_sc_hd__clkbuf_16)
     4    0.03    0.05    0.12    0.12 ^ clkbuf_0_clk/X (sky130_fd_sc_hd__clkbuf_16)
                                         clknet_0_clk (net)
                  0.05    0.00    0.12 ^ clkbuf_2_2__f_clk/A (sky130_fd_sc_hd__clkbuf_16)
    10    0.03    0.05    0.13    0.25 ^ clkbuf_2_2__f_clk/X (sky130_fd_sc_hd__clkbuf_16)
                                         clknet_2_2__leaf_clk (net)
                  0.05    0.00    0.25 ^ _337_/CLK (sky130_fd_sc_hd__dfrtp_2)
                          0.00    0.25   clock reconvergence pessimism
                         -0.03    0.22   library hold time
                                  0.22   data required time
-----------------------------------------------------------------------------
                                  0.22   data required time
                                 -0.95   data arrival time
-----------------------------------------------------------------------------
                                  0.73   slack (MET)


Startpoint: _327_ (rising edge-triggered flip-flop clocked by core_clock)
Endpoint: _327_ (rising edge-triggered flip-flop clocked by core_clock)
Path Group: core_clock
Path Type: min

Fanout     Cap    Slew   Delay    Time   Description
-----------------------------------------------------------------------------
                          0.00    0.00   clock core_clock (rise edge)
                          0.00    0.00   clock source latency
     1    0.01    0.00    0.00    0.00 ^ clk (in)
                                         clk (net)
                  0.00    0.00    0.00 ^ clkbuf_0_clk/A (sky130_fd_sc_hd__clkbuf_16)
     4    0.03    0.05    0.12    0.12 ^ clkbuf_0_clk/X (sky130_fd_sc_hd__clkbuf_16)
                                         clknet_0_clk (net)
                  0.05    0.00    0.12 ^ clkbuf_2_2__f_clk/A (sky130_fd_sc_hd__clkbuf_16)
    10    0.03    0.05    0.13    0.25 ^ clkbuf_2_2__f_clk/X (sky130_fd_sc_hd__clkbuf_16)
                                         clknet_2_2__leaf_clk (net)
                  0.05    0.00    0.26 ^ _327_/CLK (sky130_fd_sc_hd__dfrtp_2)
     5    0.01    0.08    0.38    0.63 ^ _327_/Q (sky130_fd_sc_hd__dfrtp_2)
                                         counter.one_second_counter[4] (net)
                  0.08    0.00    0.63 ^ _196_/A (sky130_fd_sc_hd__nand2_1)
     1    0.00    0.05    0.06    0.70 v _196_/Y (sky130_fd_sc_hd__nand2_1)
                                         _093_ (net)
                  0.05    0.00    0.70 v _198_/B (sky130_fd_sc_hd__and3_1)
     1    0.00    0.03    0.15    0.85 v _198_/X (sky130_fd_sc_hd__and3_1)
                                         _095_ (net)
                  0.03    0.00    0.85 v _199_/A (sky130_fd_sc_hd__clkbuf_1)
     1    0.01    0.04    0.09    0.94 v _199_/X (sky130_fd_sc_hd__clkbuf_1)
                                         _022_ (net)
                  0.04    0.00    0.94 v _327_/D (sky130_fd_sc_hd__dfrtp_2)
                                  0.94   data arrival time

                          0.00    0.00   clock core_clock (rise edge)
                          0.00    0.00   clock source latency
     1    0.01    0.00    0.00    0.00 ^ clk (in)
                                         clk (net)
                  0.00    0.00    0.00 ^ clkbuf_0_clk/A (sky130_fd_sc_hd__clkbuf_16)
     4    0.03    0.05    0.12    0.12 ^ clkbuf_0_clk/X (sky130_fd_sc_hd__clkbuf_16)
                                         clknet_0_clk (net)
                  0.05    0.00    0.12 ^ clkbuf_2_2__f_clk/A (sky130_fd_sc_hd__clkbuf_16)
    10    0.03    0.05    0.13    0.25 ^ clkbuf_2_2__f_clk/X (sky130_fd_sc_hd__clkbuf_16)
                                         clknet_2_2__leaf_clk (net)
                  0.05    0.00    0.26 ^ _327_/CLK (sky130_fd_sc_hd__dfrtp_2)
                          0.00    0.26   clock reconvergence pessimism
                         -0.04    0.22   library hold time
                                  0.22   data required time
-----------------------------------------------------------------------------
                                  0.22   data required time
                                 -0.94   data arrival time
-----------------------------------------------------------------------------
                                  0.73   slack (MET)


Startpoint: _343_ (rising edge-triggered flip-flop clocked by core_clock)
Endpoint: _343_ (rising edge-triggered flip-flop clocked by core_clock)
Path Group: core_clock
Path Type: min

Fanout     Cap    Slew   Delay    Time   Description
-----------------------------------------------------------------------------
                          0.00    0.00   clock core_clock (rise edge)
                          0.00    0.00   clock source latency
     1    0.01    0.00    0.00    0.00 ^ clk (in)
                                         clk (net)
                  0.00    0.00    0.00 ^ clkbuf_0_clk/A (sky130_fd_sc_hd__clkbuf_16)
     4    0.03    0.05    0.12    0.12 ^ clkbuf_0_clk/X (sky130_fd_sc_hd__clkbuf_16)
                                         clknet_0_clk (net)
                  0.05    0.00    0.12 ^ clkbuf_2_0__f_clk/A (sky130_fd_sc_hd__clkbuf_16)
     7    0.02    0.04    0.13    0.25 ^ clkbuf_2_0__f_clk/X (sky130_fd_sc_hd__clkbuf_16)
                                         clknet_2_0__leaf_clk (net)
                  0.04    0.00    0.25 ^ _343_/CLK (sky130_fd_sc_hd__dfrtp_2)
     4    0.01    0.06    0.35    0.60 ^ _343_/Q (sky130_fd_sc_hd__dfrtp_2)
                                         counter.one_second_counter[20] (net)
                  0.06    0.00    0.60 ^ _258_/A (sky130_fd_sc_hd__nand2_1)
     2    0.01    0.05    0.06    0.66 v _258_/Y (sky130_fd_sc_hd__nand2_1)
                                         _139_ (net)
                  0.05    0.00    0.66 v _259_/C (sky130_fd_sc_hd__and3_1)
     1    0.01    0.06    0.20    0.86 v _259_/X (sky130_fd_sc_hd__and3_1)
                                         _140_ (net)
                  0.06    0.00    0.86 v _260_/A (sky130_fd_sc_hd__clkbuf_1)
     1    0.00    0.03    0.10    0.96 v _260_/X (sky130_fd_sc_hd__clkbuf_1)
                                         _013_ (net)
                  0.03    0.00    0.96 v _343_/D (sky130_fd_sc_hd__dfrtp_2)
                                  0.96   data arrival time

                          0.00    0.00   clock core_clock (rise edge)
                          0.00    0.00   clock source latency
     1    0.01    0.00    0.00    0.00 ^ clk (in)
                                         clk (net)
                  0.00    0.00    0.00 ^ clkbuf_0_clk/A (sky130_fd_sc_hd__clkbuf_16)
     4    0.03    0.05    0.12    0.12 ^ clkbuf_0_clk/X (sky130_fd_sc_hd__clkbuf_16)
                                         clknet_0_clk (net)
                  0.05    0.00    0.12 ^ clkbuf_2_0__f_clk/A (sky130_fd_sc_hd__clkbuf_16)
     7    0.02    0.04    0.13    0.25 ^ clkbuf_2_0__f_clk/X (sky130_fd_sc_hd__clkbuf_16)
                                         clknet_2_0__leaf_clk (net)
                  0.04    0.00    0.25 ^ _343_/CLK (sky130_fd_sc_hd__dfrtp_2)
                          0.00    0.25   clock reconvergence pessimism
                         -0.04    0.21   library hold time
                                  0.21   data required time
-----------------------------------------------------------------------------
                                  0.21   data required time
                                 -0.96   data arrival time
-----------------------------------------------------------------------------
                                  0.75   slack (MET)


Startpoint: _323_ (rising edge-triggered flip-flop clocked by core_clock)
Endpoint: _324_ (rising edge-triggered flip-flop clocked by core_clock)
Path Group: core_clock
Path Type: min

Fanout     Cap    Slew   Delay    Time   Description
-----------------------------------------------------------------------------
                          0.00    0.00   clock core_clock (rise edge)
                          0.00    0.00   clock source latency
     1    0.01    0.00    0.00    0.00 ^ clk (in)
                                         clk (net)
                  0.00    0.00    0.00 ^ clkbuf_0_clk/A (sky130_fd_sc_hd__clkbuf_16)
     4    0.03    0.05    0.12    0.12 ^ clkbuf_0_clk/X (sky130_fd_sc_hd__clkbuf_16)
                                         clknet_0_clk (net)
                  0.05    0.00    0.12 ^ clkbuf_2_3__f_clk/A (sky130_fd_sc_hd__clkbuf_16)
    10    0.02    0.04    0.13    0.25 ^ clkbuf_2_3__f_clk/X (sky130_fd_sc_hd__clkbuf_16)
                                         clknet_2_3__leaf_clk (net)
                  0.04    0.00    0.25 ^ _323_/CLK (sky130_fd_sc_hd__dfrtp_4)
     7    0.02    0.08    0.43    0.67 ^ _323_/Q (sky130_fd_sc_hd__dfrtp_4)
                                         counter.one_second_counter[0] (net)
                  0.08    0.00    0.67 ^ _184_/B (sky130_fd_sc_hd__nand2_1)
     1    0.00    0.04    0.06    0.73 v _184_/Y (sky130_fd_sc_hd__nand2_1)
                                         _084_ (net)
                  0.04    0.00    0.73 v _186_/A (sky130_fd_sc_hd__and3_1)
     1    0.01    0.05    0.16    0.89 v _186_/X (sky130_fd_sc_hd__and3_1)
                                         _086_ (net)
                  0.05    0.00    0.89 v _187_/A (sky130_fd_sc_hd__clkbuf_1)
     1    0.00    0.02    0.09    0.97 v _187_/X (sky130_fd_sc_hd__clkbuf_1)
                                         _012_ (net)
                  0.02    0.00    0.97 v _324_/D (sky130_fd_sc_hd__dfrtp_4)
                                  0.97   data arrival time

                          0.00    0.00   clock core_clock (rise edge)
                          0.00    0.00   clock source latency
     1    0.01    0.00    0.00    0.00 ^ clk (in)
                                         clk (net)
                  0.00    0.00    0.00 ^ clkbuf_0_clk/A (sky130_fd_sc_hd__clkbuf_16)
     4    0.03    0.05    0.12    0.12 ^ clkbuf_0_clk/X (sky130_fd_sc_hd__clkbuf_16)
                                         clknet_0_clk (net)
                  0.05    0.00    0.12 ^ clkbuf_2_1__f_clk/A (sky130_fd_sc_hd__clkbuf_16)
     8    0.03    0.05    0.13    0.25 ^ clkbuf_2_1__f_clk/X (sky130_fd_sc_hd__clkbuf_16)
                                         clknet_2_1__leaf_clk (net)
                  0.05    0.00    0.26 ^ _324_/CLK (sky130_fd_sc_hd__dfrtp_4)
                          0.00    0.26   clock reconvergence pessimism
                         -0.03    0.22   library hold time
                                  0.22   data required time
-----------------------------------------------------------------------------
                                  0.22   data required time
                                 -0.97   data arrival time
-----------------------------------------------------------------------------
                                  0.75   slack (MET)


Startpoint: _334_ (rising edge-triggered flip-flop clocked by core_clock)
Endpoint: _334_ (rising edge-triggered flip-flop clocked by core_clock)
Path Group: core_clock
Path Type: min

Fanout     Cap    Slew   Delay    Time   Description
-----------------------------------------------------------------------------
                          0.00    0.00   clock core_clock (rise edge)
                          0.00    0.00   clock source latency
     1    0.01    0.00    0.00    0.00 ^ clk (in)
                                         clk (net)
                  0.00    0.00    0.00 ^ clkbuf_0_clk/A (sky130_fd_sc_hd__clkbuf_16)
     4    0.03    0.05    0.12    0.12 ^ clkbuf_0_clk/X (sky130_fd_sc_hd__clkbuf_16)
                                         clknet_0_clk (net)
                  0.05    0.00    0.12 ^ clkbuf_2_3__f_clk/A (sky130_fd_sc_hd__clkbuf_16)
    10    0.02    0.04    0.13    0.25 ^ clkbuf_2_3__f_clk/X (sky130_fd_sc_hd__clkbuf_16)
                                         clknet_2_3__leaf_clk (net)
                  0.04    0.00    0.25 ^ _334_/CLK (sky130_fd_sc_hd__dfrtp_2)
     4    0.02    0.11    0.40    0.65 ^ _334_/Q (sky130_fd_sc_hd__dfrtp_2)
                                         counter.one_second_counter[11] (net)
                  0.11    0.00    0.65 ^ _222_/B1 (sky130_fd_sc_hd__a21o_1)
     1    0.00    0.03    0.09    0.73 ^ _222_/X (sky130_fd_sc_hd__a21o_1)
                                         _112_ (net)
                  0.03    0.00    0.73 ^ _225_/B (sky130_fd_sc_hd__and3_1)
     1    0.01    0.07    0.15    0.89 ^ _225_/X (sky130_fd_sc_hd__and3_1)
                                         _115_ (net)
                  0.07    0.00    0.89 ^ _226_/A (sky130_fd_sc_hd__buf_1)
     1    0.00    0.04    0.08    0.97 ^ _226_/X (sky130_fd_sc_hd__buf_1)
                                         _003_ (net)
                  0.04    0.00    0.97 ^ _334_/D (sky130_fd_sc_hd__dfrtp_2)
                                  0.97   data arrival time

                          0.00    0.00   clock core_clock (rise edge)
                          0.00    0.00   clock source latency
     1    0.01    0.00    0.00    0.00 ^ clk (in)
                                         clk (net)
                  0.00    0.00    0.00 ^ clkbuf_0_clk/A (sky130_fd_sc_hd__clkbuf_16)
     4    0.03    0.05    0.12    0.12 ^ clkbuf_0_clk/X (sky130_fd_sc_hd__clkbuf_16)
                                         clknet_0_clk (net)
                  0.05    0.00    0.12 ^ clkbuf_2_3__f_clk/A (sky130_fd_sc_hd__clkbuf_16)
    10    0.02    0.04    0.13    0.25 ^ clkbuf_2_3__f_clk/X (sky130_fd_sc_hd__clkbuf_16)
                                         clknet_2_3__leaf_clk (net)
                  0.04    0.00    0.25 ^ _334_/CLK (sky130_fd_sc_hd__dfrtp_2)
                          0.00    0.25   clock reconvergence pessimism
                         -0.03    0.21   library hold time
                                  0.21   data required time
-----------------------------------------------------------------------------
                                  0.21   data required time
                                 -0.97   data arrival time
-----------------------------------------------------------------------------
                                  0.76   slack (MET)


Startpoint: _336_ (rising edge-triggered flip-flop clocked by core_clock)
Endpoint: _336_ (rising edge-triggered flip-flop clocked by core_clock)
Path Group: core_clock
Path Type: min

Fanout     Cap    Slew   Delay    Time   Description
-----------------------------------------------------------------------------
                          0.00    0.00   clock core_clock (rise edge)
                          0.00    0.00   clock source latency
     1    0.01    0.00    0.00    0.00 ^ clk (in)
                                         clk (net)
                  0.00    0.00    0.00 ^ clkbuf_0_clk/A (sky130_fd_sc_hd__clkbuf_16)
     4    0.03    0.05    0.12    0.12 ^ clkbuf_0_clk/X (sky130_fd_sc_hd__clkbuf_16)
                                         clknet_0_clk (net)
                  0.05    0.00    0.12 ^ clkbuf_2_3__f_clk/A (sky130_fd_sc_hd__clkbuf_16)
    10    0.02    0.04    0.13    0.25 ^ clkbuf_2_3__f_clk/X (sky130_fd_sc_hd__clkbuf_16)
                                         clknet_2_3__leaf_clk (net)
                  0.04    0.00    0.25 ^ _336_/CLK (sky130_fd_sc_hd__dfrtp_4)
     6    0.01    0.07    0.41    0.66 ^ _336_/Q (sky130_fd_sc_hd__dfrtp_4)
                                         counter.one_second_counter[13] (net)
                  0.07    0.00    0.66 ^ _231_/A (sky130_fd_sc_hd__nand2_1)
     1    0.00    0.03    0.04    0.70 v _231_/Y (sky130_fd_sc_hd__nand2_1)
                                         _119_ (net)
                  0.03    0.00    0.70 v _232_/C (sky130_fd_sc_hd__and3_1)
     1    0.00    0.03    0.16    0.86 v _232_/X (sky130_fd_sc_hd__and3_1)
                                         _120_ (net)
                  0.03    0.00    0.86 v _233_/A (sky130_fd_sc_hd__clkbuf_1)
     1    0.01    0.05    0.10    0.96 v _233_/X (sky130_fd_sc_hd__clkbuf_1)
                                         _005_ (net)
                  0.05    0.00    0.96 v _336_/D (sky130_fd_sc_hd__dfrtp_4)
                                  0.96   data arrival time

                          0.00    0.00   clock core_clock (rise edge)
                          0.00    0.00   clock source latency
     1    0.01    0.00    0.00    0.00 ^ clk (in)
                                         clk (net)
                  0.00    0.00    0.00 ^ clkbuf_0_clk/A (sky130_fd_sc_hd__clkbuf_16)
     4    0.03    0.05    0.12    0.12 ^ clkbuf_0_clk/X (sky130_fd_sc_hd__clkbuf_16)
                                         clknet_0_clk (net)
                  0.05    0.00    0.12 ^ clkbuf_2_3__f_clk/A (sky130_fd_sc_hd__clkbuf_16)
    10    0.02    0.04    0.13    0.25 ^ clkbuf_2_3__f_clk/X (sky130_fd_sc_hd__clkbuf_16)
                                         clknet_2_3__leaf_clk (net)
                  0.04    0.00    0.25 ^ _336_/CLK (sky130_fd_sc_hd__dfrtp_4)
                          0.00    0.25   clock reconvergence pessimism
                         -0.04    0.20   library hold time
                                  0.20   data required time
-----------------------------------------------------------------------------
                                  0.20   data required time
                                 -0.96   data arrival time
-----------------------------------------------------------------------------
                                  0.76   slack (MET)


Startpoint: _331_ (rising edge-triggered flip-flop clocked by core_clock)
Endpoint: _331_ (rising edge-triggered flip-flop clocked by core_clock)
Path Group: core_clock
Path Type: min

Fanout     Cap    Slew   Delay    Time   Description
-----------------------------------------------------------------------------
                          0.00    0.00   clock core_clock (rise edge)
                          0.00    0.00   clock source latency
     1    0.01    0.00    0.00    0.00 ^ clk (in)
                                         clk (net)
                  0.00    0.00    0.00 ^ clkbuf_0_clk/A (sky130_fd_sc_hd__clkbuf_16)
     4    0.03    0.05    0.12    0.12 ^ clkbuf_0_clk/X (sky130_fd_sc_hd__clkbuf_16)
                                         clknet_0_clk (net)
                  0.05    0.00    0.12 ^ clkbuf_2_0__f_clk/A (sky130_fd_sc_hd__clkbuf_16)
     7    0.02    0.04    0.13    0.25 ^ clkbuf_2_0__f_clk/X (sky130_fd_sc_hd__clkbuf_16)
                                         clknet_2_0__leaf_clk (net)
                  0.04    0.00    0.25 ^ _331_/CLK (sky130_fd_sc_hd__dfrtp_2)
     5    0.02    0.12    0.41    0.65 ^ _331_/Q (sky130_fd_sc_hd__dfrtp_2)
                                         counter.one_second_counter[8] (net)
                  0.12    0.00    0.65 ^ _210_/A (sky130_fd_sc_hd__nand2_1)
     1    0.00    0.04    0.05    0.71 v _210_/Y (sky130_fd_sc_hd__nand2_1)
                                         _103_ (net)
                  0.04    0.00    0.71 v _211_/C (sky130_fd_sc_hd__and3_1)
     1    0.00    0.03    0.16    0.87 v _211_/X (sky130_fd_sc_hd__and3_1)
                                         _104_ (net)
                  0.03    0.00    0.87 v _212_/A (sky130_fd_sc_hd__clkbuf_1)
     1    0.01    0.05    0.10    0.97 v _212_/X (sky130_fd_sc_hd__clkbuf_1)
                                         _026_ (net)
                  0.05    0.00    0.97 v _331_/D (sky130_fd_sc_hd__dfrtp_2)
                                  0.97   data arrival time

                          0.00    0.00   clock core_clock (rise edge)
                          0.00    0.00   clock source latency
     1    0.01    0.00    0.00    0.00 ^ clk (in)
                                         clk (net)
                  0.00    0.00    0.00 ^ clkbuf_0_clk/A (sky130_fd_sc_hd__clkbuf_16)
     4    0.03    0.05    0.12    0.12 ^ clkbuf_0_clk/X (sky130_fd_sc_hd__clkbuf_16)
                                         clknet_0_clk (net)
                  0.05    0.00    0.12 ^ clkbuf_2_0__f_clk/A (sky130_fd_sc_hd__clkbuf_16)
     7    0.02    0.04    0.13    0.25 ^ clkbuf_2_0__f_clk/X (sky130_fd_sc_hd__clkbuf_16)
                                         clknet_2_0__leaf_clk (net)
                  0.04    0.00    0.25 ^ _331_/CLK (sky130_fd_sc_hd__dfrtp_2)
                          0.00    0.25   clock reconvergence pessimism
                         -0.05    0.20   library hold time
                                  0.20   data required time
-----------------------------------------------------------------------------
                                  0.20   data required time
                                 -0.97   data arrival time
-----------------------------------------------------------------------------
                                  0.77   slack (MET)


Startpoint: _329_ (rising edge-triggered flip-flop clocked by core_clock)
Endpoint: _329_ (rising edge-triggered flip-flop clocked by core_clock)
Path Group: core_clock
Path Type: min

Fanout     Cap    Slew   Delay    Time   Description
-----------------------------------------------------------------------------
                          0.00    0.00   clock core_clock (rise edge)
                          0.00    0.00   clock source latency
     1    0.01    0.00    0.00    0.00 ^ clk (in)
                                         clk (net)
                  0.00    0.00    0.00 ^ clkbuf_0_clk/A (sky130_fd_sc_hd__clkbuf_16)
     4    0.03    0.05    0.12    0.12 ^ clkbuf_0_clk/X (sky130_fd_sc_hd__clkbuf_16)
                                         clknet_0_clk (net)
                  0.05    0.00    0.12 ^ clkbuf_2_3__f_clk/A (sky130_fd_sc_hd__clkbuf_16)
    10    0.02    0.04    0.13    0.25 ^ clkbuf_2_3__f_clk/X (sky130_fd_sc_hd__clkbuf_16)
                                         clknet_2_3__leaf_clk (net)
                  0.04    0.00    0.25 ^ _329_/CLK (sky130_fd_sc_hd__dfrtp_2)
     3    0.01    0.05    0.34    0.59 ^ _329_/Q (sky130_fd_sc_hd__dfrtp_2)
                                         counter.one_second_counter[6] (net)
                  0.05    0.00    0.59 ^ _203_/A (sky130_fd_sc_hd__or2_1)
     1    0.01    0.06    0.11    0.70 ^ _203_/X (sky130_fd_sc_hd__or2_1)
                                         _098_ (net)
                  0.06    0.00    0.70 ^ _205_/B (sky130_fd_sc_hd__and3_1)
     1    0.01    0.07    0.17    0.87 ^ _205_/X (sky130_fd_sc_hd__and3_1)
                                         _100_ (net)
                  0.07    0.00    0.87 ^ _206_/A (sky130_fd_sc_hd__clkbuf_1)
     1    0.01    0.08    0.11    0.98 ^ _206_/X (sky130_fd_sc_hd__clkbuf_1)
                                         _024_ (net)
                  0.08    0.00    0.98 ^ _329_/D (sky130_fd_sc_hd__dfrtp_2)
                                  0.98   data arrival time

                          0.00    0.00   clock core_clock (rise edge)
                          0.00    0.00   clock source latency
     1    0.01    0.00    0.00    0.00 ^ clk (in)
                                         clk (net)
                  0.00    0.00    0.00 ^ clkbuf_0_clk/A (sky130_fd_sc_hd__clkbuf_16)
     4    0.03    0.05    0.12    0.12 ^ clkbuf_0_clk/X (sky130_fd_sc_hd__clkbuf_16)
                                         clknet_0_clk (net)
                  0.05    0.00    0.12 ^ clkbuf_2_3__f_clk/A (sky130_fd_sc_hd__clkbuf_16)
    10    0.02    0.04    0.13    0.25 ^ clkbuf_2_3__f_clk/X (sky130_fd_sc_hd__clkbuf_16)
                                         clknet_2_3__leaf_clk (net)
                  0.04    0.00    0.25 ^ _329_/CLK (sky130_fd_sc_hd__dfrtp_2)
                          0.00    0.25   clock reconvergence pessimism
                         -0.04    0.21   library hold time
                                  0.21   data required time
-----------------------------------------------------------------------------
                                  0.21   data required time
                                 -0.98   data arrival time
-----------------------------------------------------------------------------
                                  0.77   slack (MET)


Startpoint: _325_ (rising edge-triggered flip-flop clocked by core_clock)
Endpoint: _325_ (rising edge-triggered flip-flop clocked by core_clock)
Path Group: core_clock
Path Type: min

Fanout     Cap    Slew   Delay    Time   Description
-----------------------------------------------------------------------------
                          0.00    0.00   clock core_clock (rise edge)
                          0.00    0.00   clock source latency
     1    0.01    0.00    0.00    0.00 ^ clk (in)
                                         clk (net)
                  0.00    0.00    0.00 ^ clkbuf_0_clk/A (sky130_fd_sc_hd__clkbuf_16)
     4    0.03    0.05    0.12    0.12 ^ clkbuf_0_clk/X (sky130_fd_sc_hd__clkbuf_16)
                                         clknet_0_clk (net)
                  0.05    0.00    0.12 ^ clkbuf_2_2__f_clk/A (sky130_fd_sc_hd__clkbuf_16)
    10    0.03    0.05    0.13    0.25 ^ clkbuf_2_2__f_clk/X (sky130_fd_sc_hd__clkbuf_16)
                                         clknet_2_2__leaf_clk (net)
                  0.05    0.00    0.26 ^ _325_/CLK (sky130_fd_sc_hd__dfrtp_2)
     4    0.02    0.11    0.40    0.66 ^ _325_/Q (sky130_fd_sc_hd__dfrtp_2)
                                         counter.one_second_counter[2] (net)
                  0.11    0.00    0.66 ^ _188_/A (sky130_fd_sc_hd__nand3_1)
     1    0.00    0.06    0.08    0.74 v _188_/Y (sky130_fd_sc_hd__nand3_1)
                                         _087_ (net)
                  0.06    0.00    0.74 v _190_/A (sky130_fd_sc_hd__and3_1)
     1    0.01    0.05    0.16    0.90 v _190_/X (sky130_fd_sc_hd__and3_1)
                                         _089_ (net)
                  0.05    0.00    0.90 v _191_/A (sky130_fd_sc_hd__clkbuf_1)
     1    0.01    0.04    0.11    1.01 v _191_/X (sky130_fd_sc_hd__clkbuf_1)
                                         _020_ (net)
                  0.04    0.00    1.01 v _325_/D (sky130_fd_sc_hd__dfrtp_2)
                                  1.01   data arrival time

                          0.00    0.00   clock core_clock (rise edge)
                          0.00    0.00   clock source latency
     1    0.01    0.00    0.00    0.00 ^ clk (in)
                                         clk (net)
                  0.00    0.00    0.00 ^ clkbuf_0_clk/A (sky130_fd_sc_hd__clkbuf_16)
     4    0.03    0.05    0.12    0.12 ^ clkbuf_0_clk/X (sky130_fd_sc_hd__clkbuf_16)
                                         clknet_0_clk (net)
                  0.05    0.00    0.12 ^ clkbuf_2_2__f_clk/A (sky130_fd_sc_hd__clkbuf_16)
    10    0.03    0.05    0.13    0.25 ^ clkbuf_2_2__f_clk/X (sky130_fd_sc_hd__clkbuf_16)
                                         clknet_2_2__leaf_clk (net)
                  0.05    0.00    0.26 ^ _325_/CLK (sky130_fd_sc_hd__dfrtp_2)
                          0.00    0.26   clock reconvergence pessimism
                         -0.04    0.21   library hold time
                                  0.21   data required time
-----------------------------------------------------------------------------
                                  0.21   data required time
                                 -1.01   data arrival time
-----------------------------------------------------------------------------
                                  0.80   slack (MET)


Startpoint: _333_ (rising edge-triggered flip-flop clocked by core_clock)
Endpoint: _333_ (rising edge-triggered flip-flop clocked by core_clock)
Path Group: core_clock
Path Type: min

Fanout     Cap    Slew   Delay    Time   Description
-----------------------------------------------------------------------------
                          0.00    0.00   clock core_clock (rise edge)
                          0.00    0.00   clock source latency
     1    0.01    0.00    0.00    0.00 ^ clk (in)
                                         clk (net)
                  0.00    0.00    0.00 ^ clkbuf_0_clk/A (sky130_fd_sc_hd__clkbuf_16)
     4    0.03    0.05    0.12    0.12 ^ clkbuf_0_clk/X (sky130_fd_sc_hd__clkbuf_16)
                                         clknet_0_clk (net)
                  0.05    0.00    0.12 ^ clkbuf_2_1__f_clk/A (sky130_fd_sc_hd__clkbuf_16)
     8    0.03    0.05    0.13    0.25 ^ clkbuf_2_1__f_clk/X (sky130_fd_sc_hd__clkbuf_16)
                                         clknet_2_1__leaf_clk (net)
                  0.05    0.00    0.26 ^ _333_/CLK (sky130_fd_sc_hd__dfrtp_4)
     6    0.02    0.10    0.45    0.70 ^ _333_/Q (sky130_fd_sc_hd__dfrtp_4)
                                         counter.one_second_counter[10] (net)
                  0.10    0.00    0.70 ^ _219_/A (sky130_fd_sc_hd__nand2_1)
     1    0.00    0.03    0.05    0.75 v _219_/Y (sky130_fd_sc_hd__nand2_1)
                                         _110_ (net)
                  0.03    0.00    0.75 v _220_/C (sky130_fd_sc_hd__and3_1)
     1    0.00    0.03    0.16    0.91 v _220_/X (sky130_fd_sc_hd__and3_1)
                                         _111_ (net)
                  0.03    0.00    0.91 v _221_/A (sky130_fd_sc_hd__buf_1)
     1    0.01    0.05    0.11    1.02 v _221_/X (sky130_fd_sc_hd__buf_1)
                                         _002_ (net)
                  0.05    0.00    1.02 v _333_/D (sky130_fd_sc_hd__dfrtp_4)
                                  1.02   data arrival time

                          0.00    0.00   clock core_clock (rise edge)
                          0.00    0.00   clock source latency
     1    0.01    0.00    0.00    0.00 ^ clk (in)
                                         clk (net)
                  0.00    0.00    0.00 ^ clkbuf_0_clk/A (sky130_fd_sc_hd__clkbuf_16)
     4    0.03    0.05    0.12    0.12 ^ clkbuf_0_clk/X (sky130_fd_sc_hd__clkbuf_16)
                                         clknet_0_clk (net)
                  0.05    0.00    0.12 ^ clkbuf_2_1__f_clk/A (sky130_fd_sc_hd__clkbuf_16)
     8    0.03    0.05    0.13    0.25 ^ clkbuf_2_1__f_clk/X (sky130_fd_sc_hd__clkbuf_16)
                                         clknet_2_1__leaf_clk (net)
                  0.05    0.00    0.26 ^ _333_/CLK (sky130_fd_sc_hd__dfrtp_4)
                          0.00    0.26   clock reconvergence pessimism
                         -0.04    0.21   library hold time
                                  0.21   data required time
-----------------------------------------------------------------------------
                                  0.21   data required time
                                 -1.02   data arrival time
-----------------------------------------------------------------------------
                                  0.81   slack (MET)


Startpoint: _342_ (rising edge-triggered flip-flop clocked by core_clock)
Endpoint: _342_ (rising edge-triggered flip-flop clocked by core_clock)
Path Group: core_clock
Path Type: min

Fanout     Cap    Slew   Delay    Time   Description
-----------------------------------------------------------------------------
                          0.00    0.00   clock core_clock (rise edge)
                          0.00    0.00   clock source latency
     1    0.01    0.00    0.00    0.00 ^ clk (in)
                                         clk (net)
                  0.00    0.00    0.00 ^ clkbuf_0_clk/A (sky130_fd_sc_hd__clkbuf_16)
     4    0.03    0.05    0.12    0.12 ^ clkbuf_0_clk/X (sky130_fd_sc_hd__clkbuf_16)
                                         clknet_0_clk (net)
                  0.05    0.00    0.12 ^ clkbuf_2_0__f_clk/A (sky130_fd_sc_hd__clkbuf_16)
     7    0.02    0.04    0.13    0.25 ^ clkbuf_2_0__f_clk/X (sky130_fd_sc_hd__clkbuf_16)
                                         clknet_2_0__leaf_clk (net)
                  0.04    0.00    0.25 ^ _342_/CLK (sky130_fd_sc_hd__dfrtp_2)
     4    0.02    0.11    0.40    0.65 ^ _342_/Q (sky130_fd_sc_hd__dfrtp_2)
                                         counter.one_second_counter[19] (net)
                  0.11    0.00    0.65 ^ _251_/B1 (sky130_fd_sc_hd__a41o_1)
     1    0.00    0.05    0.11    0.76 ^ _251_/X (sky130_fd_sc_hd__a41o_1)
                                         _133_ (net)
                  0.05    0.00    0.76 ^ _255_/B (sky130_fd_sc_hd__and3_1)
     1    0.00    0.06    0.16    0.92 ^ _255_/X (sky130_fd_sc_hd__and3_1)
                                         _137_ (net)
                  0.06    0.00    0.92 ^ _256_/A (sky130_fd_sc_hd__clkbuf_1)
     1    0.00    0.06    0.10    1.02 ^ _256_/X (sky130_fd_sc_hd__clkbuf_1)
                                         _011_ (net)
                  0.06    0.00    1.02 ^ _342_/D (sky130_fd_sc_hd__dfrtp_2)
                                  1.02   data arrival time

                          0.00    0.00   clock core_clock (rise edge)
                          0.00    0.00   clock source latency
     1    0.01    0.00    0.00    0.00 ^ clk (in)
                                         clk (net)
                  0.00    0.00    0.00 ^ clkbuf_0_clk/A (sky130_fd_sc_hd__clkbuf_16)
     4    0.03    0.05    0.12    0.12 ^ clkbuf_0_clk/X (sky130_fd_sc_hd__clkbuf_16)
                                         clknet_0_clk (net)
                  0.05    0.00    0.12 ^ clkbuf_2_0__f_clk/A (sky130_fd_sc_hd__clkbuf_16)
     7    0.02    0.04    0.13    0.25 ^ clkbuf_2_0__f_clk/X (sky130_fd_sc_hd__clkbuf_16)
                                         clknet_2_0__leaf_clk (net)
                  0.04    0.00    0.25 ^ _342_/CLK (sky130_fd_sc_hd__dfrtp_2)
                          0.00    0.25   clock reconvergence pessimism
                         -0.04    0.21   library hold time
                                  0.21   data required time
-----------------------------------------------------------------------------
                                  0.21   data required time
                                 -1.02   data arrival time
-----------------------------------------------------------------------------
                                  0.81   slack (MET)


Startpoint: _332_ (rising edge-triggered flip-flop clocked by core_clock)
Endpoint: _332_ (rising edge-triggered flip-flop clocked by core_clock)
Path Group: core_clock
Path Type: min

Fanout     Cap    Slew   Delay    Time   Description
-----------------------------------------------------------------------------
                          0.00    0.00   clock core_clock (rise edge)
                          0.00    0.00   clock source latency
     1    0.01    0.00    0.00    0.00 ^ clk (in)
                                         clk (net)
                  0.00    0.00    0.00 ^ clkbuf_0_clk/A (sky130_fd_sc_hd__clkbuf_16)
     4    0.03    0.05    0.12    0.12 ^ clkbuf_0_clk/X (sky130_fd_sc_hd__clkbuf_16)
                                         clknet_0_clk (net)
                  0.05    0.00    0.12 ^ clkbuf_2_3__f_clk/A (sky130_fd_sc_hd__clkbuf_16)
    10    0.02    0.04    0.13    0.25 ^ clkbuf_2_3__f_clk/X (sky130_fd_sc_hd__clkbuf_16)
                                         clknet_2_3__leaf_clk (net)
                  0.04    0.00    0.25 ^ _332_/CLK (sky130_fd_sc_hd__dfrtp_2)
     3    0.01    0.06    0.36    0.60 ^ _332_/Q (sky130_fd_sc_hd__dfrtp_2)
                                         counter.one_second_counter[9] (net)
                  0.06    0.00    0.60 ^ _213_/B1 (sky130_fd_sc_hd__a31o_1)
     1    0.00    0.05    0.10    0.71 ^ _213_/X (sky130_fd_sc_hd__a31o_1)
                                         _105_ (net)
                  0.05    0.00    0.71 ^ _216_/B (sky130_fd_sc_hd__and3_1)
     1    0.01    0.08    0.17    0.88 ^ _216_/X (sky130_fd_sc_hd__and3_1)
                                         _108_ (net)
                  0.08    0.00    0.88 ^ _217_/A (sky130_fd_sc_hd__buf_1)
     1    0.01    0.11    0.14    1.02 ^ _217_/X (sky130_fd_sc_hd__buf_1)
                                         _027_ (net)
                  0.11    0.00    1.02 ^ _332_/D (sky130_fd_sc_hd__dfrtp_2)
                                  1.02   data arrival time

                          0.00    0.00   clock core_clock (rise edge)
                          0.00    0.00   clock source latency
     1    0.01    0.00    0.00    0.00 ^ clk (in)
                                         clk (net)
                  0.00    0.00    0.00 ^ clkbuf_0_clk/A (sky130_fd_sc_hd__clkbuf_16)
     4    0.03    0.05    0.12    0.12 ^ clkbuf_0_clk/X (sky130_fd_sc_hd__clkbuf_16)
                                         clknet_0_clk (net)
                  0.05    0.00    0.12 ^ clkbuf_2_3__f_clk/A (sky130_fd_sc_hd__clkbuf_16)
    10    0.02    0.04    0.13    0.25 ^ clkbuf_2_3__f_clk/X (sky130_fd_sc_hd__clkbuf_16)
                                         clknet_2_3__leaf_clk (net)
                  0.04    0.00    0.25 ^ _332_/CLK (sky130_fd_sc_hd__dfrtp_2)
                          0.00    0.25   clock reconvergence pessimism
                         -0.05    0.20   library hold time
                                  0.20   data required time
-----------------------------------------------------------------------------
                                  0.20   data required time
                                 -1.02   data arrival time
-----------------------------------------------------------------------------
                                  0.82   slack (MET)


Startpoint: _339_ (rising edge-triggered flip-flop clocked by core_clock)
Endpoint: _339_ (rising edge-triggered flip-flop clocked by core_clock)
Path Group: core_clock
Path Type: min

Fanout     Cap    Slew   Delay    Time   Description
-----------------------------------------------------------------------------
                          0.00    0.00   clock core_clock (rise edge)
                          0.00    0.00   clock source latency
     1    0.01    0.00    0.00    0.00 ^ clk (in)
                                         clk (net)
                  0.00    0.00    0.00 ^ clkbuf_0_clk/A (sky130_fd_sc_hd__clkbuf_16)
     4    0.03    0.05    0.12    0.12 ^ clkbuf_0_clk/X (sky130_fd_sc_hd__clkbuf_16)
                                         clknet_0_clk (net)
                  0.05    0.00    0.12 ^ clkbuf_2_3__f_clk/A (sky130_fd_sc_hd__clkbuf_16)
    10    0.02    0.04    0.13    0.25 ^ clkbuf_2_3__f_clk/X (sky130_fd_sc_hd__clkbuf_16)
                                         clknet_2_3__leaf_clk (net)
                  0.04    0.00    0.25 ^ _339_/CLK (sky130_fd_sc_hd__dfrtp_4)
     6    0.02    0.09    0.44    0.69 ^ _339_/Q (sky130_fd_sc_hd__dfrtp_4)
                                         counter.one_second_counter[16] (net)
                  0.09    0.00    0.69 ^ _242_/A (sky130_fd_sc_hd__or2_1)
     1    0.00    0.05    0.11    0.80 ^ _242_/X (sky130_fd_sc_hd__or2_1)
                                         _127_ (net)
                  0.05    0.00    0.80 ^ _244_/B (sky130_fd_sc_hd__and3_1)
     1    0.01    0.07    0.16    0.96 ^ _244_/X (sky130_fd_sc_hd__and3_1)
                                         _129_ (net)
                  0.07    0.00    0.97 ^ _245_/A (sky130_fd_sc_hd__clkbuf_1)
     1    0.00    0.04    0.08    1.05 ^ _245_/X (sky130_fd_sc_hd__clkbuf_1)
                                         _008_ (net)
                  0.04    0.00    1.05 ^ _339_/D (sky130_fd_sc_hd__dfrtp_4)
                                  1.05   data arrival time

                          0.00    0.00   clock core_clock (rise edge)
                          0.00    0.00   clock source latency
     1    0.01    0.00    0.00    0.00 ^ clk (in)
                                         clk (net)
                  0.00    0.00    0.00 ^ clkbuf_0_clk/A (sky130_fd_sc_hd__clkbuf_16)
     4    0.03    0.05    0.12    0.12 ^ clkbuf_0_clk/X (sky130_fd_sc_hd__clkbuf_16)
                                         clknet_0_clk (net)
                  0.05    0.00    0.12 ^ clkbuf_2_3__f_clk/A (sky130_fd_sc_hd__clkbuf_16)
    10    0.02    0.04    0.13    0.25 ^ clkbuf_2_3__f_clk/X (sky130_fd_sc_hd__clkbuf_16)
                                         clknet_2_3__leaf_clk (net)
                  0.04    0.00    0.25 ^ _339_/CLK (sky130_fd_sc_hd__dfrtp_4)
                          0.00    0.25   clock reconvergence pessimism
                         -0.03    0.21   library hold time
                                  0.21   data required time
-----------------------------------------------------------------------------
                                  0.21   data required time
                                 -1.05   data arrival time
-----------------------------------------------------------------------------
                                  0.83   slack (MET)


Startpoint: _326_ (rising edge-triggered flip-flop clocked by core_clock)
Endpoint: _326_ (rising edge-triggered flip-flop clocked by core_clock)
Path Group: core_clock
Path Type: min

Fanout     Cap    Slew   Delay    Time   Description
-----------------------------------------------------------------------------
                          0.00    0.00   clock core_clock (rise edge)
                          0.00    0.00   clock source latency
     1    0.01    0.00    0.00    0.00 ^ clk (in)
                                         clk (net)
                  0.00    0.00    0.00 ^ clkbuf_0_clk/A (sky130_fd_sc_hd__clkbuf_16)
     4    0.03    0.05    0.12    0.12 ^ clkbuf_0_clk/X (sky130_fd_sc_hd__clkbuf_16)
                                         clknet_0_clk (net)
                  0.05    0.00    0.12 ^ clkbuf_2_2__f_clk/A (sky130_fd_sc_hd__clkbuf_16)
    10    0.03    0.05    0.13    0.25 ^ clkbuf_2_2__f_clk/X (sky130_fd_sc_hd__clkbuf_16)
                                         clknet_2_2__leaf_clk (net)
                  0.05    0.00    0.26 ^ _326_/CLK (sky130_fd_sc_hd__dfrtp_1)
     2    0.01    0.13    0.39    0.64 ^ _326_/Q (sky130_fd_sc_hd__dfrtp_1)
                                         counter.one_second_counter[3] (net)
                  0.13    0.00    0.64 ^ _192_/B1 (sky130_fd_sc_hd__a31o_1)
     1    0.00    0.03    0.10    0.75 ^ _192_/X (sky130_fd_sc_hd__a31o_1)
                                         _090_ (net)
                  0.03    0.00    0.75 ^ _193_/C (sky130_fd_sc_hd__and3b_1)
     1    0.01    0.09    0.18    0.93 ^ _193_/X (sky130_fd_sc_hd__and3b_1)
                                         _091_ (net)
                  0.09    0.00    0.93 ^ _194_/A (sky130_fd_sc_hd__buf_1)
     1    0.01    0.12    0.15    1.08 ^ _194_/X (sky130_fd_sc_hd__buf_1)
                                         _021_ (net)
                  0.12    0.00    1.08 ^ _326_/D (sky130_fd_sc_hd__dfrtp_1)
                                  1.08   data arrival time

                          0.00    0.00   clock core_clock (rise edge)
                          0.00    0.00   clock source latency
     1    0.01    0.00    0.00    0.00 ^ clk (in)
                                         clk (net)
                  0.00    0.00    0.00 ^ clkbuf_0_clk/A (sky130_fd_sc_hd__clkbuf_16)
     4    0.03    0.05    0.12    0.12 ^ clkbuf_0_clk/X (sky130_fd_sc_hd__clkbuf_16)
                                         clknet_0_clk (net)
                  0.05    0.00    0.12 ^ clkbuf_2_2__f_clk/A (sky130_fd_sc_hd__clkbuf_16)
    10    0.03    0.05    0.13    0.25 ^ clkbuf_2_2__f_clk/X (sky130_fd_sc_hd__clkbuf_16)
                                         clknet_2_2__leaf_clk (net)
                  0.05    0.00    0.26 ^ _326_/CLK (sky130_fd_sc_hd__dfrtp_1)
                          0.00    0.26   clock reconvergence pessimism
                         -0.05    0.20   library hold time
                                  0.20   data required time
-----------------------------------------------------------------------------
                                  0.20   data required time
                                 -1.08   data arrival time
-----------------------------------------------------------------------------
                                  0.87   slack (MET)



worst slack corner Typical: 0.4993
min_report_end
max_report

===========================================================================
report_checks -path_delay max (Setup)
============================================================================
======================= Typical Corner ===================================

Startpoint: _336_ (rising edge-triggered flip-flop clocked by core_clock)
Endpoint: _332_ (rising edge-triggered flip-flop clocked by core_clock)
Path Group: core_clock
Path Type: max

Fanout     Cap    Slew   Delay    Time   Description
-----------------------------------------------------------------------------
                          0.00    0.00   clock core_clock (rise edge)
                          0.00    0.00   clock source latency
     1    0.01    0.00    0.00    0.00 ^ clk (in)
                                         clk (net)
                  0.00    0.00    0.00 ^ clkbuf_0_clk/A (sky130_fd_sc_hd__clkbuf_16)
     4    0.03    0.05    0.12    0.12 ^ clkbuf_0_clk/X (sky130_fd_sc_hd__clkbuf_16)
                                         clknet_0_clk (net)
                  0.05    0.00    0.12 ^ clkbuf_2_3__f_clk/A (sky130_fd_sc_hd__clkbuf_16)
    10    0.02    0.04    0.13    0.25 ^ clkbuf_2_3__f_clk/X (sky130_fd_sc_hd__clkbuf_16)
                                         clknet_2_3__leaf_clk (net)
                  0.04    0.00    0.25 ^ _336_/CLK (sky130_fd_sc_hd__dfrtp_4)
     6    0.01    0.07    0.48    0.72 v _336_/Q (sky130_fd_sc_hd__dfrtp_4)
                                         counter.one_second_counter[13] (net)
                  0.07    0.00    0.72 v _174_/D (sky130_fd_sc_hd__and4_1)
     2    0.01    0.05    0.22    0.95 v _174_/X (sky130_fd_sc_hd__and4_1)
                                         _076_ (net)
                  0.05    0.00    0.95 v _175_/D (sky130_fd_sc_hd__or4_1)
     1    0.00    0.10    0.42    1.36 v _175_/X (sky130_fd_sc_hd__or4_1)
                                         _077_ (net)
                  0.10    0.00    1.36 v _178_/A3 (sky130_fd_sc_hd__o31a_1)
     1    0.01    0.07    0.28    1.64 v _178_/X (sky130_fd_sc_hd__o31a_1)
                                         _080_ (net)
                  0.07    0.00    1.64 v _180_/A2 (sky130_fd_sc_hd__o211ai_4)
     2    0.01    0.19    0.20    1.85 ^ _180_/Y (sky130_fd_sc_hd__o211ai_4)
                                         _082_ (net)
                  0.19    0.00    1.85 ^ _181_/A2 (sky130_fd_sc_hd__a21bo_4)
    10    0.02    0.10    0.20    2.04 ^ _181_/X (sky130_fd_sc_hd__a21bo_4)
                                         _083_ (net)
                  0.10    0.00    2.04 ^ _195_/A (sky130_fd_sc_hd__buf_2)
    10    0.04    0.18    0.22    2.27 ^ _195_/X (sky130_fd_sc_hd__buf_2)
                                         _092_ (net)
                  0.18    0.00    2.27 ^ _216_/A (sky130_fd_sc_hd__and3_1)
     1    0.01    0.08    0.20    2.47 ^ _216_/X (sky130_fd_sc_hd__and3_1)
                                         _108_ (net)
                  0.08    0.00    2.47 ^ _217_/A (sky130_fd_sc_hd__buf_1)
     1    0.01    0.11    0.14    2.61 ^ _217_/X (sky130_fd_sc_hd__buf_1)
                                         _027_ (net)
                  0.11    0.00    2.61 ^ _332_/D (sky130_fd_sc_hd__dfrtp_2)
                                  2.61   data arrival time

                         10.00   10.00   clock core_clock (rise edge)
                          0.00   10.00   clock source latency
     1    0.01    0.00    0.00   10.00 ^ clk (in)
                                         clk (net)
                  0.00    0.00   10.00 ^ clkbuf_0_clk/A (sky130_fd_sc_hd__clkbuf_16)
     4    0.03    0.05    0.12   10.12 ^ clkbuf_0_clk/X (sky130_fd_sc_hd__clkbuf_16)
                                         clknet_0_clk (net)
                  0.05    0.00   10.12 ^ clkbuf_2_3__f_clk/A (sky130_fd_sc_hd__clkbuf_16)
    10    0.02    0.04    0.13   10.25 ^ clkbuf_2_3__f_clk/X (sky130_fd_sc_hd__clkbuf_16)
                                         clknet_2_3__leaf_clk (net)
                  0.04    0.00   10.25 ^ _332_/CLK (sky130_fd_sc_hd__dfrtp_2)
                          0.00   10.25   clock reconvergence pessimism
                         -0.08   10.17   library setup time
                                 10.17   data required time
-----------------------------------------------------------------------------
                                 10.17   data required time
                                 -2.61   data arrival time
-----------------------------------------------------------------------------
                                  7.56   slack (MET)


Startpoint: _336_ (rising edge-triggered flip-flop clocked by core_clock)
Endpoint: _329_ (rising edge-triggered flip-flop clocked by core_clock)
Path Group: core_clock
Path Type: max

Fanout     Cap    Slew   Delay    Time   Description
-----------------------------------------------------------------------------
                          0.00    0.00   clock core_clock (rise edge)
                          0.00    0.00   clock source latency
     1    0.01    0.00    0.00    0.00 ^ clk (in)
                                         clk (net)
                  0.00    0.00    0.00 ^ clkbuf_0_clk/A (sky130_fd_sc_hd__clkbuf_16)
     4    0.03    0.05    0.12    0.12 ^ clkbuf_0_clk/X (sky130_fd_sc_hd__clkbuf_16)
                                         clknet_0_clk (net)
                  0.05    0.00    0.12 ^ clkbuf_2_3__f_clk/A (sky130_fd_sc_hd__clkbuf_16)
    10    0.02    0.04    0.13    0.25 ^ clkbuf_2_3__f_clk/X (sky130_fd_sc_hd__clkbuf_16)
                                         clknet_2_3__leaf_clk (net)
                  0.04    0.00    0.25 ^ _336_/CLK (sky130_fd_sc_hd__dfrtp_4)
     6    0.01    0.07    0.48    0.72 v _336_/Q (sky130_fd_sc_hd__dfrtp_4)
                                         counter.one_second_counter[13] (net)
                  0.07    0.00    0.72 v _174_/D (sky130_fd_sc_hd__and4_1)
     2    0.01    0.05    0.22    0.95 v _174_/X (sky130_fd_sc_hd__and4_1)
                                         _076_ (net)
                  0.05    0.00    0.95 v _175_/D (sky130_fd_sc_hd__or4_1)
     1    0.00    0.10    0.42    1.36 v _175_/X (sky130_fd_sc_hd__or4_1)
                                         _077_ (net)
                  0.10    0.00    1.36 v _178_/A3 (sky130_fd_sc_hd__o31a_1)
     1    0.01    0.07    0.28    1.64 v _178_/X (sky130_fd_sc_hd__o31a_1)
                                         _080_ (net)
                  0.07    0.00    1.64 v _180_/A2 (sky130_fd_sc_hd__o211ai_4)
     2    0.01    0.19    0.20    1.85 ^ _180_/Y (sky130_fd_sc_hd__o211ai_4)
                                         _082_ (net)
                  0.19    0.00    1.85 ^ _181_/A2 (sky130_fd_sc_hd__a21bo_4)
    10    0.02    0.10    0.20    2.04 ^ _181_/X (sky130_fd_sc_hd__a21bo_4)
                                         _083_ (net)
                  0.10    0.00    2.04 ^ _195_/A (sky130_fd_sc_hd__buf_2)
    10    0.04    0.18    0.22    2.27 ^ _195_/X (sky130_fd_sc_hd__buf_2)
                                         _092_ (net)
                  0.18    0.00    2.27 ^ _205_/A (sky130_fd_sc_hd__and3_1)
     1    0.01    0.07    0.20    2.46 ^ _205_/X (sky130_fd_sc_hd__and3_1)
                                         _100_ (net)
                  0.07    0.00    2.46 ^ _206_/A (sky130_fd_sc_hd__clkbuf_1)
     1    0.01    0.08    0.11    2.58 ^ _206_/X (sky130_fd_sc_hd__clkbuf_1)
                                         _024_ (net)
                  0.08    0.00    2.58 ^ _329_/D (sky130_fd_sc_hd__dfrtp_2)
                                  2.58   data arrival time

                         10.00   10.00   clock core_clock (rise edge)
                          0.00   10.00   clock source latency
     1    0.01    0.00    0.00   10.00 ^ clk (in)
                                         clk (net)
                  0.00    0.00   10.00 ^ clkbuf_0_clk/A (sky130_fd_sc_hd__clkbuf_16)
     4    0.03    0.05    0.12   10.12 ^ clkbuf_0_clk/X (sky130_fd_sc_hd__clkbuf_16)
                                         clknet_0_clk (net)
                  0.05    0.00   10.12 ^ clkbuf_2_3__f_clk/A (sky130_fd_sc_hd__clkbuf_16)
    10    0.02    0.04    0.13   10.25 ^ clkbuf_2_3__f_clk/X (sky130_fd_sc_hd__clkbuf_16)
                                         clknet_2_3__leaf_clk (net)
                  0.04    0.00   10.25 ^ _329_/CLK (sky130_fd_sc_hd__dfrtp_2)
                          0.00   10.25   clock reconvergence pessimism
                         -0.07   10.18   library setup time
                                 10.18   data required time
-----------------------------------------------------------------------------
                                 10.18   data required time
                                 -2.58   data arrival time
-----------------------------------------------------------------------------
                                  7.60   slack (MET)


Startpoint: _336_ (rising edge-triggered flip-flop clocked by core_clock)
Endpoint: _333_ (rising edge-triggered flip-flop clocked by core_clock)
Path Group: core_clock
Path Type: max

Fanout     Cap    Slew   Delay    Time   Description
-----------------------------------------------------------------------------
                          0.00    0.00   clock core_clock (rise edge)
                          0.00    0.00   clock source latency
     1    0.01    0.00    0.00    0.00 ^ clk (in)
                                         clk (net)
                  0.00    0.00    0.00 ^ clkbuf_0_clk/A (sky130_fd_sc_hd__clkbuf_16)
     4    0.03    0.05    0.12    0.12 ^ clkbuf_0_clk/X (sky130_fd_sc_hd__clkbuf_16)
                                         clknet_0_clk (net)
                  0.05    0.00    0.12 ^ clkbuf_2_3__f_clk/A (sky130_fd_sc_hd__clkbuf_16)
    10    0.02    0.04    0.13    0.25 ^ clkbuf_2_3__f_clk/X (sky130_fd_sc_hd__clkbuf_16)
                                         clknet_2_3__leaf_clk (net)
                  0.04    0.00    0.25 ^ _336_/CLK (sky130_fd_sc_hd__dfrtp_4)
     6    0.01    0.07    0.48    0.72 v _336_/Q (sky130_fd_sc_hd__dfrtp_4)
                                         counter.one_second_counter[13] (net)
                  0.07    0.00    0.72 v _174_/D (sky130_fd_sc_hd__and4_1)
     2    0.01    0.05    0.22    0.95 v _174_/X (sky130_fd_sc_hd__and4_1)
                                         _076_ (net)
                  0.05    0.00    0.95 v _175_/D (sky130_fd_sc_hd__or4_1)
     1    0.00    0.10    0.42    1.36 v _175_/X (sky130_fd_sc_hd__or4_1)
                                         _077_ (net)
                  0.10    0.00    1.36 v _178_/A3 (sky130_fd_sc_hd__o31a_1)
     1    0.01    0.07    0.28    1.64 v _178_/X (sky130_fd_sc_hd__o31a_1)
                                         _080_ (net)
                  0.07    0.00    1.64 v _180_/A2 (sky130_fd_sc_hd__o211ai_4)
     2    0.01    0.19    0.20    1.85 ^ _180_/Y (sky130_fd_sc_hd__o211ai_4)
                                         _082_ (net)
                  0.19    0.00    1.85 ^ _181_/A2 (sky130_fd_sc_hd__a21bo_4)
    10    0.02    0.10    0.20    2.04 ^ _181_/X (sky130_fd_sc_hd__a21bo_4)
                                         _083_ (net)
                  0.10    0.00    2.04 ^ _195_/A (sky130_fd_sc_hd__buf_2)
    10    0.04    0.18    0.22    2.27 ^ _195_/X (sky130_fd_sc_hd__buf_2)
                                         _092_ (net)
                  0.18    0.00    2.27 ^ _220_/A (sky130_fd_sc_hd__and3_1)
     1    0.00    0.05    0.17    2.44 ^ _220_/X (sky130_fd_sc_hd__and3_1)
                                         _111_ (net)
                  0.05    0.00    2.44 ^ _221_/A (sky130_fd_sc_hd__buf_1)
     1    0.01    0.10    0.12    2.56 ^ _221_/X (sky130_fd_sc_hd__buf_1)
                                         _002_ (net)
                  0.10    0.00    2.56 ^ _333_/D (sky130_fd_sc_hd__dfrtp_4)
                                  2.56   data arrival time

                         10.00   10.00   clock core_clock (rise edge)
                          0.00   10.00   clock source latency
     1    0.01    0.00    0.00   10.00 ^ clk (in)
                                         clk (net)
                  0.00    0.00   10.00 ^ clkbuf_0_clk/A (sky130_fd_sc_hd__clkbuf_16)
     4    0.03    0.05    0.12   10.12 ^ clkbuf_0_clk/X (sky130_fd_sc_hd__clkbuf_16)
                                         clknet_0_clk (net)
                  0.05    0.00   10.12 ^ clkbuf_2_1__f_clk/A (sky130_fd_sc_hd__clkbuf_16)
     8    0.03    0.05    0.13   10.25 ^ clkbuf_2_1__f_clk/X (sky130_fd_sc_hd__clkbuf_16)
                                         clknet_2_1__leaf_clk (net)
                  0.05    0.00   10.26 ^ _333_/CLK (sky130_fd_sc_hd__dfrtp_4)
                          0.00   10.26   clock reconvergence pessimism
                         -0.08   10.18   library setup time
                                 10.18   data required time
-----------------------------------------------------------------------------
                                 10.18   data required time
                                 -2.56   data arrival time
-----------------------------------------------------------------------------
                                  7.62   slack (MET)


Startpoint: _336_ (rising edge-triggered flip-flop clocked by core_clock)
Endpoint: _336_ (rising edge-triggered flip-flop clocked by core_clock)
Path Group: core_clock
Path Type: max

Fanout     Cap    Slew   Delay    Time   Description
-----------------------------------------------------------------------------
                          0.00    0.00   clock core_clock (rise edge)
                          0.00    0.00   clock source latency
     1    0.01    0.00    0.00    0.00 ^ clk (in)
                                         clk (net)
                  0.00    0.00    0.00 ^ clkbuf_0_clk/A (sky130_fd_sc_hd__clkbuf_16)
     4    0.03    0.05    0.12    0.12 ^ clkbuf_0_clk/X (sky130_fd_sc_hd__clkbuf_16)
                                         clknet_0_clk (net)
                  0.05    0.00    0.12 ^ clkbuf_2_3__f_clk/A (sky130_fd_sc_hd__clkbuf_16)
    10    0.02    0.04    0.13    0.25 ^ clkbuf_2_3__f_clk/X (sky130_fd_sc_hd__clkbuf_16)
                                         clknet_2_3__leaf_clk (net)
                  0.04    0.00    0.25 ^ _336_/CLK (sky130_fd_sc_hd__dfrtp_4)
     6    0.01    0.07    0.48    0.72 v _336_/Q (sky130_fd_sc_hd__dfrtp_4)
                                         counter.one_second_counter[13] (net)
                  0.07    0.00    0.72 v _174_/D (sky130_fd_sc_hd__and4_1)
     2    0.01    0.05    0.22    0.95 v _174_/X (sky130_fd_sc_hd__and4_1)
                                         _076_ (net)
                  0.05    0.00    0.95 v _175_/D (sky130_fd_sc_hd__or4_1)
     1    0.00    0.10    0.42    1.36 v _175_/X (sky130_fd_sc_hd__or4_1)
                                         _077_ (net)
                  0.10    0.00    1.36 v _178_/A3 (sky130_fd_sc_hd__o31a_1)
     1    0.01    0.07    0.28    1.64 v _178_/X (sky130_fd_sc_hd__o31a_1)
                                         _080_ (net)
                  0.07    0.00    1.64 v _180_/A2 (sky130_fd_sc_hd__o211ai_4)
     2    0.01    0.19    0.20    1.85 ^ _180_/Y (sky130_fd_sc_hd__o211ai_4)
                                         _082_ (net)
                  0.19    0.00    1.85 ^ _181_/A2 (sky130_fd_sc_hd__a21bo_4)
    10    0.02    0.10    0.20    2.04 ^ _181_/X (sky130_fd_sc_hd__a21bo_4)
                                         _083_ (net)
                  0.10    0.00    2.04 ^ _195_/A (sky130_fd_sc_hd__buf_2)
    10    0.04    0.18    0.22    2.27 ^ _195_/X (sky130_fd_sc_hd__buf_2)
                                         _092_ (net)
                  0.18    0.00    2.27 ^ _232_/A (sky130_fd_sc_hd__and3_1)
     1    0.00    0.05    0.17    2.44 ^ _232_/X (sky130_fd_sc_hd__and3_1)
                                         _120_ (net)
                  0.05    0.00    2.44 ^ _233_/A (sky130_fd_sc_hd__clkbuf_1)
     1    0.01    0.09    0.11    2.55 ^ _233_/X (sky130_fd_sc_hd__clkbuf_1)
                                         _005_ (net)
                  0.09    0.00    2.55 ^ _336_/D (sky130_fd_sc_hd__dfrtp_4)
                                  2.55   data arrival time

                         10.00   10.00   clock core_clock (rise edge)
                          0.00   10.00   clock source latency
     1    0.01    0.00    0.00   10.00 ^ clk (in)
                                         clk (net)
                  0.00    0.00   10.00 ^ clkbuf_0_clk/A (sky130_fd_sc_hd__clkbuf_16)
     4    0.03    0.05    0.12   10.12 ^ clkbuf_0_clk/X (sky130_fd_sc_hd__clkbuf_16)
                                         clknet_0_clk (net)
                  0.05    0.00   10.12 ^ clkbuf_2_3__f_clk/A (sky130_fd_sc_hd__clkbuf_16)
    10    0.02    0.04    0.13   10.25 ^ clkbuf_2_3__f_clk/X (sky130_fd_sc_hd__clkbuf_16)
                                         clknet_2_3__leaf_clk (net)
                  0.04    0.00   10.25 ^ _336_/CLK (sky130_fd_sc_hd__dfrtp_4)
                          0.00   10.25   clock reconvergence pessimism
                         -0.07   10.17   library setup time
                                 10.17   data required time
-----------------------------------------------------------------------------
                                 10.17   data required time
                                 -2.55   data arrival time
-----------------------------------------------------------------------------
                                  7.62   slack (MET)


Startpoint: _336_ (rising edge-triggered flip-flop clocked by core_clock)
Endpoint: _337_ (rising edge-triggered flip-flop clocked by core_clock)
Path Group: core_clock
Path Type: max

Fanout     Cap    Slew   Delay    Time   Description
-----------------------------------------------------------------------------
                          0.00    0.00   clock core_clock (rise edge)
                          0.00    0.00   clock source latency
     1    0.01    0.00    0.00    0.00 ^ clk (in)
                                         clk (net)
                  0.00    0.00    0.00 ^ clkbuf_0_clk/A (sky130_fd_sc_hd__clkbuf_16)
     4    0.03    0.05    0.12    0.12 ^ clkbuf_0_clk/X (sky130_fd_sc_hd__clkbuf_16)
                                         clknet_0_clk (net)
                  0.05    0.00    0.12 ^ clkbuf_2_3__f_clk/A (sky130_fd_sc_hd__clkbuf_16)
    10    0.02    0.04    0.13    0.25 ^ clkbuf_2_3__f_clk/X (sky130_fd_sc_hd__clkbuf_16)
                                         clknet_2_3__leaf_clk (net)
                  0.04    0.00    0.25 ^ _336_/CLK (sky130_fd_sc_hd__dfrtp_4)
     6    0.01    0.07    0.48    0.72 v _336_/Q (sky130_fd_sc_hd__dfrtp_4)
                                         counter.one_second_counter[13] (net)
                  0.07    0.00    0.72 v _174_/D (sky130_fd_sc_hd__and4_1)
     2    0.01    0.05    0.22    0.95 v _174_/X (sky130_fd_sc_hd__and4_1)
                                         _076_ (net)
                  0.05    0.00    0.95 v _175_/D (sky130_fd_sc_hd__or4_1)
     1    0.00    0.10    0.42    1.36 v _175_/X (sky130_fd_sc_hd__or4_1)
                                         _077_ (net)
                  0.10    0.00    1.36 v _178_/A3 (sky130_fd_sc_hd__o31a_1)
     1    0.01    0.07    0.28    1.64 v _178_/X (sky130_fd_sc_hd__o31a_1)
                                         _080_ (net)
                  0.07    0.00    1.64 v _180_/A2 (sky130_fd_sc_hd__o211ai_4)
     2    0.01    0.19    0.20    1.85 ^ _180_/Y (sky130_fd_sc_hd__o211ai_4)
                                         _082_ (net)
                  0.19    0.00    1.85 ^ _181_/A2 (sky130_fd_sc_hd__a21bo_4)
    10    0.02    0.10    0.20    2.04 ^ _181_/X (sky130_fd_sc_hd__a21bo_4)
                                         _083_ (net)
                  0.10    0.00    2.04 ^ _195_/A (sky130_fd_sc_hd__buf_2)
    10    0.04    0.18    0.22    2.27 ^ _195_/X (sky130_fd_sc_hd__buf_2)
                                         _092_ (net)
                  0.18    0.00    2.27 ^ _236_/A (sky130_fd_sc_hd__and3_1)
     1    0.01    0.09    0.21    2.48 ^ _236_/X (sky130_fd_sc_hd__and3_1)
                                         _123_ (net)
                  0.09    0.00    2.48 ^ _237_/A (sky130_fd_sc_hd__buf_1)
     1    0.00    0.04    0.09    2.56 ^ _237_/X (sky130_fd_sc_hd__buf_1)
                                         _006_ (net)
                  0.04    0.00    2.56 ^ _337_/D (sky130_fd_sc_hd__dfrtp_2)
                                  2.56   data arrival time

                         10.00   10.00   clock core_clock (rise edge)
                          0.00   10.00   clock source latency
     1    0.01    0.00    0.00   10.00 ^ clk (in)
                                         clk (net)
                  0.00    0.00   10.00 ^ clkbuf_0_clk/A (sky130_fd_sc_hd__clkbuf_16)
     4    0.03    0.05    0.12   10.12 ^ clkbuf_0_clk/X (sky130_fd_sc_hd__clkbuf_16)
                                         clknet_0_clk (net)
                  0.05    0.00   10.12 ^ clkbuf_2_2__f_clk/A (sky130_fd_sc_hd__clkbuf_16)
    10    0.03    0.05    0.13   10.25 ^ clkbuf_2_2__f_clk/X (sky130_fd_sc_hd__clkbuf_16)
                                         clknet_2_2__leaf_clk (net)
                  0.05    0.00   10.25 ^ _337_/CLK (sky130_fd_sc_hd__dfrtp_2)
                          0.00   10.25   clock reconvergence pessimism
                         -0.06   10.19   library setup time
                                 10.19   data required time
-----------------------------------------------------------------------------
                                 10.19   data required time
                                 -2.56   data arrival time
-----------------------------------------------------------------------------
                                  7.63   slack (MET)


Startpoint: _336_ (rising edge-triggered flip-flop clocked by core_clock)
Endpoint: _334_ (rising edge-triggered flip-flop clocked by core_clock)
Path Group: core_clock
Path Type: max

Fanout     Cap    Slew   Delay    Time   Description
-----------------------------------------------------------------------------
                          0.00    0.00   clock core_clock (rise edge)
                          0.00    0.00   clock source latency
     1    0.01    0.00    0.00    0.00 ^ clk (in)
                                         clk (net)
                  0.00    0.00    0.00 ^ clkbuf_0_clk/A (sky130_fd_sc_hd__clkbuf_16)
     4    0.03    0.05    0.12    0.12 ^ clkbuf_0_clk/X (sky130_fd_sc_hd__clkbuf_16)
                                         clknet_0_clk (net)
                  0.05    0.00    0.12 ^ clkbuf_2_3__f_clk/A (sky130_fd_sc_hd__clkbuf_16)
    10    0.02    0.04    0.13    0.25 ^ clkbuf_2_3__f_clk/X (sky130_fd_sc_hd__clkbuf_16)
                                         clknet_2_3__leaf_clk (net)
                  0.04    0.00    0.25 ^ _336_/CLK (sky130_fd_sc_hd__dfrtp_4)
     6    0.01    0.07    0.48    0.72 v _336_/Q (sky130_fd_sc_hd__dfrtp_4)
                                         counter.one_second_counter[13] (net)
                  0.07    0.00    0.72 v _174_/D (sky130_fd_sc_hd__and4_1)
     2    0.01    0.05    0.22    0.95 v _174_/X (sky130_fd_sc_hd__and4_1)
                                         _076_ (net)
                  0.05    0.00    0.95 v _175_/D (sky130_fd_sc_hd__or4_1)
     1    0.00    0.10    0.42    1.36 v _175_/X (sky130_fd_sc_hd__or4_1)
                                         _077_ (net)
                  0.10    0.00    1.36 v _178_/A3 (sky130_fd_sc_hd__o31a_1)
     1    0.01    0.07    0.28    1.64 v _178_/X (sky130_fd_sc_hd__o31a_1)
                                         _080_ (net)
                  0.07    0.00    1.64 v _180_/A2 (sky130_fd_sc_hd__o211ai_4)
     2    0.01    0.19    0.20    1.85 ^ _180_/Y (sky130_fd_sc_hd__o211ai_4)
                                         _082_ (net)
                  0.19    0.00    1.85 ^ _181_/A2 (sky130_fd_sc_hd__a21bo_4)
    10    0.02    0.10    0.20    2.04 ^ _181_/X (sky130_fd_sc_hd__a21bo_4)
                                         _083_ (net)
                  0.10    0.00    2.04 ^ _195_/A (sky130_fd_sc_hd__buf_2)
    10    0.04    0.18    0.22    2.27 ^ _195_/X (sky130_fd_sc_hd__buf_2)
                                         _092_ (net)
                  0.18    0.00    2.27 ^ _225_/A (sky130_fd_sc_hd__and3_1)
     1    0.01    0.07    0.19    2.46 ^ _225_/X (sky130_fd_sc_hd__and3_1)
                                         _115_ (net)
                  0.07    0.00    2.46 ^ _226_/A (sky130_fd_sc_hd__buf_1)
     1    0.00    0.04    0.08    2.54 ^ _226_/X (sky130_fd_sc_hd__buf_1)
                                         _003_ (net)
                  0.04    0.00    2.54 ^ _334_/D (sky130_fd_sc_hd__dfrtp_2)
                                  2.54   data arrival time

                         10.00   10.00   clock core_clock (rise edge)
                          0.00   10.00   clock source latency
     1    0.01    0.00    0.00   10.00 ^ clk (in)
                                         clk (net)
                  0.00    0.00   10.00 ^ clkbuf_0_clk/A (sky130_fd_sc_hd__clkbuf_16)
     4    0.03    0.05    0.12   10.12 ^ clkbuf_0_clk/X (sky130_fd_sc_hd__clkbuf_16)
                                         clknet_0_clk (net)
                  0.05    0.00   10.12 ^ clkbuf_2_3__f_clk/A (sky130_fd_sc_hd__clkbuf_16)
    10    0.02    0.04    0.13   10.25 ^ clkbuf_2_3__f_clk/X (sky130_fd_sc_hd__clkbuf_16)
                                         clknet_2_3__leaf_clk (net)
                  0.04    0.00   10.25 ^ _334_/CLK (sky130_fd_sc_hd__dfrtp_2)
                          0.00   10.25   clock reconvergence pessimism
                         -0.06   10.19   library setup time
                                 10.19   data required time
-----------------------------------------------------------------------------
                                 10.19   data required time
                                 -2.54   data arrival time
-----------------------------------------------------------------------------
                                  7.64   slack (MET)


Startpoint: _336_ (rising edge-triggered flip-flop clocked by core_clock)
Endpoint: _327_ (rising edge-triggered flip-flop clocked by core_clock)
Path Group: core_clock
Path Type: max

Fanout     Cap    Slew   Delay    Time   Description
-----------------------------------------------------------------------------
                          0.00    0.00   clock core_clock (rise edge)
                          0.00    0.00   clock source latency
     1    0.01    0.00    0.00    0.00 ^ clk (in)
                                         clk (net)
                  0.00    0.00    0.00 ^ clkbuf_0_clk/A (sky130_fd_sc_hd__clkbuf_16)
     4    0.03    0.05    0.12    0.12 ^ clkbuf_0_clk/X (sky130_fd_sc_hd__clkbuf_16)
                                         clknet_0_clk (net)
                  0.05    0.00    0.12 ^ clkbuf_2_3__f_clk/A (sky130_fd_sc_hd__clkbuf_16)
    10    0.02    0.04    0.13    0.25 ^ clkbuf_2_3__f_clk/X (sky130_fd_sc_hd__clkbuf_16)
                                         clknet_2_3__leaf_clk (net)
                  0.04    0.00    0.25 ^ _336_/CLK (sky130_fd_sc_hd__dfrtp_4)
     6    0.01    0.07    0.48    0.72 v _336_/Q (sky130_fd_sc_hd__dfrtp_4)
                                         counter.one_second_counter[13] (net)
                  0.07    0.00    0.72 v _174_/D (sky130_fd_sc_hd__and4_1)
     2    0.01    0.05    0.22    0.95 v _174_/X (sky130_fd_sc_hd__and4_1)
                                         _076_ (net)
                  0.05    0.00    0.95 v _175_/D (sky130_fd_sc_hd__or4_1)
     1    0.00    0.10    0.42    1.36 v _175_/X (sky130_fd_sc_hd__or4_1)
                                         _077_ (net)
                  0.10    0.00    1.36 v _178_/A3 (sky130_fd_sc_hd__o31a_1)
     1    0.01    0.07    0.28    1.64 v _178_/X (sky130_fd_sc_hd__o31a_1)
                                         _080_ (net)
                  0.07    0.00    1.64 v _180_/A2 (sky130_fd_sc_hd__o211ai_4)
     2    0.01    0.19    0.20    1.85 ^ _180_/Y (sky130_fd_sc_hd__o211ai_4)
                                         _082_ (net)
                  0.19    0.00    1.85 ^ _181_/A2 (sky130_fd_sc_hd__a21bo_4)
    10    0.02    0.10    0.20    2.04 ^ _181_/X (sky130_fd_sc_hd__a21bo_4)
                                         _083_ (net)
                  0.10    0.00    2.04 ^ _195_/A (sky130_fd_sc_hd__buf_2)
    10    0.04    0.18    0.22    2.27 ^ _195_/X (sky130_fd_sc_hd__buf_2)
                                         _092_ (net)
                  0.18    0.00    2.27 ^ _198_/A (sky130_fd_sc_hd__and3_1)
     1    0.00    0.05    0.17    2.44 ^ _198_/X (sky130_fd_sc_hd__and3_1)
                                         _095_ (net)
                  0.05    0.00    2.44 ^ _199_/A (sky130_fd_sc_hd__clkbuf_1)
     1    0.01    0.07    0.10    2.54 ^ _199_/X (sky130_fd_sc_hd__clkbuf_1)
                                         _022_ (net)
                  0.07    0.00    2.54 ^ _327_/D (sky130_fd_sc_hd__dfrtp_2)
                                  2.54   data arrival time

                         10.00   10.00   clock core_clock (rise edge)
                          0.00   10.00   clock source latency
     1    0.01    0.00    0.00   10.00 ^ clk (in)
                                         clk (net)
                  0.00    0.00   10.00 ^ clkbuf_0_clk/A (sky130_fd_sc_hd__clkbuf_16)
     4    0.03    0.05    0.12   10.12 ^ clkbuf_0_clk/X (sky130_fd_sc_hd__clkbuf_16)
                                         clknet_0_clk (net)
                  0.05    0.00   10.12 ^ clkbuf_2_2__f_clk/A (sky130_fd_sc_hd__clkbuf_16)
    10    0.03    0.05    0.13   10.25 ^ clkbuf_2_2__f_clk/X (sky130_fd_sc_hd__clkbuf_16)
                                         clknet_2_2__leaf_clk (net)
                  0.05    0.00   10.26 ^ _327_/CLK (sky130_fd_sc_hd__dfrtp_2)
                          0.00   10.26   clock reconvergence pessimism
                         -0.07   10.19   library setup time
                                 10.19   data required time
-----------------------------------------------------------------------------
                                 10.19   data required time
                                 -2.54   data arrival time
-----------------------------------------------------------------------------
                                  7.65   slack (MET)


Startpoint: _336_ (rising edge-triggered flip-flop clocked by core_clock)
Endpoint: _341_ (rising edge-triggered flip-flop clocked by core_clock)
Path Group: core_clock
Path Type: max

Fanout     Cap    Slew   Delay    Time   Description
-----------------------------------------------------------------------------
                          0.00    0.00   clock core_clock (rise edge)
                          0.00    0.00   clock source latency
     1    0.01    0.00    0.00    0.00 ^ clk (in)
                                         clk (net)
                  0.00    0.00    0.00 ^ clkbuf_0_clk/A (sky130_fd_sc_hd__clkbuf_16)
     4    0.03    0.05    0.12    0.12 ^ clkbuf_0_clk/X (sky130_fd_sc_hd__clkbuf_16)
                                         clknet_0_clk (net)
                  0.05    0.00    0.12 ^ clkbuf_2_3__f_clk/A (sky130_fd_sc_hd__clkbuf_16)
    10    0.02    0.04    0.13    0.25 ^ clkbuf_2_3__f_clk/X (sky130_fd_sc_hd__clkbuf_16)
                                         clknet_2_3__leaf_clk (net)
                  0.04    0.00    0.25 ^ _336_/CLK (sky130_fd_sc_hd__dfrtp_4)
     6    0.01    0.07    0.48    0.72 v _336_/Q (sky130_fd_sc_hd__dfrtp_4)
                                         counter.one_second_counter[13] (net)
                  0.07    0.00    0.72 v _174_/D (sky130_fd_sc_hd__and4_1)
     2    0.01    0.05    0.22    0.95 v _174_/X (sky130_fd_sc_hd__and4_1)
                                         _076_ (net)
                  0.05    0.00    0.95 v _175_/D (sky130_fd_sc_hd__or4_1)
     1    0.00    0.10    0.42    1.36 v _175_/X (sky130_fd_sc_hd__or4_1)
                                         _077_ (net)
                  0.10    0.00    1.36 v _178_/A3 (sky130_fd_sc_hd__o31a_1)
     1    0.01    0.07    0.28    1.64 v _178_/X (sky130_fd_sc_hd__o31a_1)
                                         _080_ (net)
                  0.07    0.00    1.64 v _180_/A2 (sky130_fd_sc_hd__o211ai_4)
     2    0.01    0.19    0.20    1.85 ^ _180_/Y (sky130_fd_sc_hd__o211ai_4)
                                         _082_ (net)
                  0.19    0.00    1.85 ^ _181_/A2 (sky130_fd_sc_hd__a21bo_4)
    10    0.02    0.10    0.20    2.04 ^ _181_/X (sky130_fd_sc_hd__a21bo_4)
                                         _083_ (net)
                  0.10    0.00    2.04 ^ _195_/A (sky130_fd_sc_hd__buf_2)
    10    0.04    0.18    0.22    2.27 ^ _195_/X (sky130_fd_sc_hd__buf_2)
                                         _092_ (net)
                  0.18    0.00    2.27 ^ _250_/C1 (sky130_fd_sc_hd__o221a_1)
     1    0.01    0.08    0.22    2.49 ^ _250_/X (sky130_fd_sc_hd__o221a_1)
                                         _010_ (net)
                  0.08    0.00    2.49 ^ _341_/D (sky130_fd_sc_hd__dfrtp_4)
                                  2.49   data arrival time

                         10.00   10.00   clock core_clock (rise edge)
                          0.00   10.00   clock source latency
     1    0.01    0.00    0.00   10.00 ^ clk (in)
                                         clk (net)
                  0.00    0.00   10.00 ^ clkbuf_0_clk/A (sky130_fd_sc_hd__clkbuf_16)
     4    0.03    0.05    0.12   10.12 ^ clkbuf_0_clk/X (sky130_fd_sc_hd__clkbuf_16)
                                         clknet_0_clk (net)
                  0.05    0.00   10.12 ^ clkbuf_2_3__f_clk/A (sky130_fd_sc_hd__clkbuf_16)
    10    0.02    0.04    0.13   10.25 ^ clkbuf_2_3__f_clk/X (sky130_fd_sc_hd__clkbuf_16)
                                         clknet_2_3__leaf_clk (net)
                  0.04    0.00   10.25 ^ _341_/CLK (sky130_fd_sc_hd__dfrtp_4)
                          0.00   10.25   clock reconvergence pessimism
                         -0.07   10.18   library setup time
                                 10.18   data required time
-----------------------------------------------------------------------------
                                 10.18   data required time
                                 -2.49   data arrival time
-----------------------------------------------------------------------------
                                  7.69   slack (MET)


Startpoint: _336_ (rising edge-triggered flip-flop clocked by core_clock)
Endpoint: _345_ (rising edge-triggered flip-flop clocked by core_clock)
Path Group: core_clock
Path Type: max

Fanout     Cap    Slew   Delay    Time   Description
-----------------------------------------------------------------------------
                          0.00    0.00   clock core_clock (rise edge)
                          0.00    0.00   clock source latency
     1    0.01    0.00    0.00    0.00 ^ clk (in)
                                         clk (net)
                  0.00    0.00    0.00 ^ clkbuf_0_clk/A (sky130_fd_sc_hd__clkbuf_16)
     4    0.03    0.05    0.12    0.12 ^ clkbuf_0_clk/X (sky130_fd_sc_hd__clkbuf_16)
                                         clknet_0_clk (net)
                  0.05    0.00    0.12 ^ clkbuf_2_3__f_clk/A (sky130_fd_sc_hd__clkbuf_16)
    10    0.02    0.04    0.13    0.25 ^ clkbuf_2_3__f_clk/X (sky130_fd_sc_hd__clkbuf_16)
                                         clknet_2_3__leaf_clk (net)
                  0.04    0.00    0.25 ^ _336_/CLK (sky130_fd_sc_hd__dfrtp_4)
     6    0.01    0.07    0.48    0.72 v _336_/Q (sky130_fd_sc_hd__dfrtp_4)
                                         counter.one_second_counter[13] (net)
                  0.07    0.00    0.72 v _174_/D (sky130_fd_sc_hd__and4_1)
     2    0.01    0.05    0.22    0.95 v _174_/X (sky130_fd_sc_hd__and4_1)
                                         _076_ (net)
                  0.05    0.00    0.95 v _175_/D (sky130_fd_sc_hd__or4_1)
     1    0.00    0.10    0.42    1.36 v _175_/X (sky130_fd_sc_hd__or4_1)
                                         _077_ (net)
                  0.10    0.00    1.36 v _178_/A3 (sky130_fd_sc_hd__o31a_1)
     1    0.01    0.07    0.28    1.64 v _178_/X (sky130_fd_sc_hd__o31a_1)
                                         _080_ (net)
                  0.07    0.00    1.64 v _180_/A2 (sky130_fd_sc_hd__o211ai_4)
     2    0.01    0.19    0.20    1.85 ^ _180_/Y (sky130_fd_sc_hd__o211ai_4)
                                         _082_ (net)
                  0.19    0.00    1.85 ^ _181_/A2 (sky130_fd_sc_hd__a21bo_4)
    10    0.02    0.10    0.20    2.04 ^ _181_/X (sky130_fd_sc_hd__a21bo_4)
                                         _083_ (net)
                  0.10    0.00    2.04 ^ _182_/A (sky130_fd_sc_hd__clkinv_4)
    10    0.02    0.06    0.08    2.12 v _182_/Y (sky130_fd_sc_hd__clkinv_4)
                                         _000_ (net)
                  0.06    0.00    2.12 v _266_/A (sky130_fd_sc_hd__nor3_1)
     1    0.01    0.31    0.30    2.43 ^ _266_/Y (sky130_fd_sc_hd__nor3_1)
                                         _015_ (net)
                  0.31    0.00    2.43 ^ _345_/D (sky130_fd_sc_hd__dfrtp_2)
                                  2.43   data arrival time

                         10.00   10.00   clock core_clock (rise edge)
                          0.00   10.00   clock source latency
     1    0.01    0.00    0.00   10.00 ^ clk (in)
                                         clk (net)
                  0.00    0.00   10.00 ^ clkbuf_0_clk/A (sky130_fd_sc_hd__clkbuf_16)
     4    0.03    0.05    0.12   10.12 ^ clkbuf_0_clk/X (sky130_fd_sc_hd__clkbuf_16)
                                         clknet_0_clk (net)
                  0.05    0.00   10.12 ^ clkbuf_2_1__f_clk/A (sky130_fd_sc_hd__clkbuf_16)
     8    0.03    0.05    0.13   10.25 ^ clkbuf_2_1__f_clk/X (sky130_fd_sc_hd__clkbuf_16)
                                         clknet_2_1__leaf_clk (net)
                  0.05    0.00   10.26 ^ _345_/CLK (sky130_fd_sc_hd__dfrtp_2)
                          0.00   10.26   clock reconvergence pessimism
                         -0.12   10.13   library setup time
                                 10.13   data required time
-----------------------------------------------------------------------------
                                 10.13   data required time
                                 -2.43   data arrival time
-----------------------------------------------------------------------------
                                  7.70   slack (MET)


Startpoint: _336_ (rising edge-triggered flip-flop clocked by core_clock)
Endpoint: _349_ (rising edge-triggered flip-flop clocked by core_clock)
Path Group: core_clock
Path Type: max

Fanout     Cap    Slew   Delay    Time   Description
-----------------------------------------------------------------------------
                          0.00    0.00   clock core_clock (rise edge)
                          0.00    0.00   clock source latency
     1    0.01    0.00    0.00    0.00 ^ clk (in)
                                         clk (net)
                  0.00    0.00    0.00 ^ clkbuf_0_clk/A (sky130_fd_sc_hd__clkbuf_16)
     4    0.03    0.05    0.12    0.12 ^ clkbuf_0_clk/X (sky130_fd_sc_hd__clkbuf_16)
                                         clknet_0_clk (net)
                  0.05    0.00    0.12 ^ clkbuf_2_3__f_clk/A (sky130_fd_sc_hd__clkbuf_16)
    10    0.02    0.04    0.13    0.25 ^ clkbuf_2_3__f_clk/X (sky130_fd_sc_hd__clkbuf_16)
                                         clknet_2_3__leaf_clk (net)
                  0.04    0.00    0.25 ^ _336_/CLK (sky130_fd_sc_hd__dfrtp_4)
     6    0.01    0.07    0.48    0.72 v _336_/Q (sky130_fd_sc_hd__dfrtp_4)
                                         counter.one_second_counter[13] (net)
                  0.07    0.00    0.72 v _174_/D (sky130_fd_sc_hd__and4_1)
     2    0.01    0.05    0.22    0.95 v _174_/X (sky130_fd_sc_hd__and4_1)
                                         _076_ (net)
                  0.05    0.00    0.95 v _175_/D (sky130_fd_sc_hd__or4_1)
     1    0.00    0.10    0.42    1.36 v _175_/X (sky130_fd_sc_hd__or4_1)
                                         _077_ (net)
                  0.10    0.00    1.36 v _178_/A3 (sky130_fd_sc_hd__o31a_1)
     1    0.01    0.07    0.28    1.64 v _178_/X (sky130_fd_sc_hd__o31a_1)
                                         _080_ (net)
                  0.07    0.00    1.64 v _180_/A2 (sky130_fd_sc_hd__o211ai_4)
     2    0.01    0.19    0.20    1.85 ^ _180_/Y (sky130_fd_sc_hd__o211ai_4)
                                         _082_ (net)
                  0.19    0.00    1.85 ^ _181_/A2 (sky130_fd_sc_hd__a21bo_4)
    10    0.02    0.10    0.20    2.04 ^ _181_/X (sky130_fd_sc_hd__a21bo_4)
                                         _083_ (net)
                  0.10    0.00    2.04 ^ _195_/A (sky130_fd_sc_hd__buf_2)
    10    0.04    0.18    0.22    2.27 ^ _195_/X (sky130_fd_sc_hd__buf_2)
                                         _092_ (net)
                  0.18    0.00    2.27 ^ _278_/B1 (sky130_fd_sc_hd__o211a_1)
     1    0.01    0.07    0.20    2.46 ^ _278_/X (sky130_fd_sc_hd__o211a_1)
                                         _019_ (net)
                  0.07    0.00    2.46 ^ _349_/D (sky130_fd_sc_hd__dfrtp_1)
                                  2.46   data arrival time

                         10.00   10.00   clock core_clock (rise edge)
                          0.00   10.00   clock source latency
     1    0.01    0.00    0.00   10.00 ^ clk (in)
                                         clk (net)
                  0.00    0.00   10.00 ^ clkbuf_0_clk/A (sky130_fd_sc_hd__clkbuf_16)
     4    0.03    0.05    0.12   10.12 ^ clkbuf_0_clk/X (sky130_fd_sc_hd__clkbuf_16)
                                         clknet_0_clk (net)
                  0.05    0.00   10.12 ^ clkbuf_2_2__f_clk/A (sky130_fd_sc_hd__clkbuf_16)
    10    0.03    0.05    0.13   10.25 ^ clkbuf_2_2__f_clk/X (sky130_fd_sc_hd__clkbuf_16)
                                         clknet_2_2__leaf_clk (net)
                  0.05    0.00   10.26 ^ _349_/CLK (sky130_fd_sc_hd__dfrtp_1)
                          0.00   10.26   clock reconvergence pessimism
                         -0.07   10.19   library setup time
                                 10.19   data required time
-----------------------------------------------------------------------------
                                 10.19   data required time
                                 -2.46   data arrival time
-----------------------------------------------------------------------------
                                  7.72   slack (MET)


Startpoint: _336_ (rising edge-triggered flip-flop clocked by core_clock)
Endpoint: _346_ (rising edge-triggered flip-flop clocked by core_clock)
Path Group: core_clock
Path Type: max

Fanout     Cap    Slew   Delay    Time   Description
-----------------------------------------------------------------------------
                          0.00    0.00   clock core_clock (rise edge)
                          0.00    0.00   clock source latency
     1    0.01    0.00    0.00    0.00 ^ clk (in)
                                         clk (net)
                  0.00    0.00    0.00 ^ clkbuf_0_clk/A (sky130_fd_sc_hd__clkbuf_16)
     4    0.03    0.05    0.12    0.12 ^ clkbuf_0_clk/X (sky130_fd_sc_hd__clkbuf_16)
                                         clknet_0_clk (net)
                  0.05    0.00    0.12 ^ clkbuf_2_3__f_clk/A (sky130_fd_sc_hd__clkbuf_16)
    10    0.02    0.04    0.13    0.25 ^ clkbuf_2_3__f_clk/X (sky130_fd_sc_hd__clkbuf_16)
                                         clknet_2_3__leaf_clk (net)
                  0.04    0.00    0.25 ^ _336_/CLK (sky130_fd_sc_hd__dfrtp_4)
     6    0.01    0.07    0.48    0.72 v _336_/Q (sky130_fd_sc_hd__dfrtp_4)
                                         counter.one_second_counter[13] (net)
                  0.07    0.00    0.72 v _174_/D (sky130_fd_sc_hd__and4_1)
     2    0.01    0.05    0.22    0.95 v _174_/X (sky130_fd_sc_hd__and4_1)
                                         _076_ (net)
                  0.05    0.00    0.95 v _175_/D (sky130_fd_sc_hd__or4_1)
     1    0.00    0.10    0.42    1.36 v _175_/X (sky130_fd_sc_hd__or4_1)
                                         _077_ (net)
                  0.10    0.00    1.36 v _178_/A3 (sky130_fd_sc_hd__o31a_1)
     1    0.01    0.07    0.28    1.64 v _178_/X (sky130_fd_sc_hd__o31a_1)
                                         _080_ (net)
                  0.07    0.00    1.64 v _180_/A2 (sky130_fd_sc_hd__o211ai_4)
     2    0.01    0.19    0.20    1.85 ^ _180_/Y (sky130_fd_sc_hd__o211ai_4)
                                         _082_ (net)
                  0.19    0.00    1.85 ^ _181_/A2 (sky130_fd_sc_hd__a21bo_4)
    10    0.02    0.10    0.20    2.04 ^ _181_/X (sky130_fd_sc_hd__a21bo_4)
                                         _083_ (net)
                  0.10    0.00    2.04 ^ _195_/A (sky130_fd_sc_hd__buf_2)
    10    0.04    0.18    0.22    2.27 ^ _195_/X (sky130_fd_sc_hd__buf_2)
                                         _092_ (net)
                  0.18    0.00    2.27 ^ _269_/C1 (sky130_fd_sc_hd__o211a_1)
     1    0.00    0.04    0.16    2.43 ^ _269_/X (sky130_fd_sc_hd__o211a_1)
                                         _016_ (net)
                  0.04    0.00    2.43 ^ _346_/D (sky130_fd_sc_hd__dfrtp_1)
                                  2.43   data arrival time

                         10.00   10.00   clock core_clock (rise edge)
                          0.00   10.00   clock source latency
     1    0.01    0.00    0.00   10.00 ^ clk (in)
                                         clk (net)
                  0.00    0.00   10.00 ^ clkbuf_0_clk/A (sky130_fd_sc_hd__clkbuf_16)
     4    0.03    0.05    0.12   10.12 ^ clkbuf_0_clk/X (sky130_fd_sc_hd__clkbuf_16)
                                         clknet_0_clk (net)
                  0.05    0.00   10.12 ^ clkbuf_2_1__f_clk/A (sky130_fd_sc_hd__clkbuf_16)
     8    0.03    0.05    0.13   10.25 ^ clkbuf_2_1__f_clk/X (sky130_fd_sc_hd__clkbuf_16)
                                         clknet_2_1__leaf_clk (net)
                  0.05    0.00   10.26 ^ _346_/CLK (sky130_fd_sc_hd__dfrtp_1)
                          0.00   10.26   clock reconvergence pessimism
                         -0.06   10.20   library setup time
                                 10.20   data required time
-----------------------------------------------------------------------------
                                 10.20   data required time
                                 -2.43   data arrival time
-----------------------------------------------------------------------------
                                  7.77   slack (MET)


Startpoint: _336_ (rising edge-triggered flip-flop clocked by core_clock)
Endpoint: _326_ (rising edge-triggered flip-flop clocked by core_clock)
Path Group: core_clock
Path Type: max

Fanout     Cap    Slew   Delay    Time   Description
-----------------------------------------------------------------------------
                          0.00    0.00   clock core_clock (rise edge)
                          0.00    0.00   clock source latency
     1    0.01    0.00    0.00    0.00 ^ clk (in)
                                         clk (net)
                  0.00    0.00    0.00 ^ clkbuf_0_clk/A (sky130_fd_sc_hd__clkbuf_16)
     4    0.03    0.05    0.12    0.12 ^ clkbuf_0_clk/X (sky130_fd_sc_hd__clkbuf_16)
                                         clknet_0_clk (net)
                  0.05    0.00    0.12 ^ clkbuf_2_3__f_clk/A (sky130_fd_sc_hd__clkbuf_16)
    10    0.02    0.04    0.13    0.25 ^ clkbuf_2_3__f_clk/X (sky130_fd_sc_hd__clkbuf_16)
                                         clknet_2_3__leaf_clk (net)
                  0.04    0.00    0.25 ^ _336_/CLK (sky130_fd_sc_hd__dfrtp_4)
     6    0.01    0.07    0.48    0.72 v _336_/Q (sky130_fd_sc_hd__dfrtp_4)
                                         counter.one_second_counter[13] (net)
                  0.07    0.00    0.72 v _174_/D (sky130_fd_sc_hd__and4_1)
     2    0.01    0.05    0.22    0.95 v _174_/X (sky130_fd_sc_hd__and4_1)
                                         _076_ (net)
                  0.05    0.00    0.95 v _175_/D (sky130_fd_sc_hd__or4_1)
     1    0.00    0.10    0.42    1.36 v _175_/X (sky130_fd_sc_hd__or4_1)
                                         _077_ (net)
                  0.10    0.00    1.36 v _178_/A3 (sky130_fd_sc_hd__o31a_1)
     1    0.01    0.07    0.28    1.64 v _178_/X (sky130_fd_sc_hd__o31a_1)
                                         _080_ (net)
                  0.07    0.00    1.64 v _180_/A2 (sky130_fd_sc_hd__o211ai_4)
     2    0.01    0.19    0.20    1.85 ^ _180_/Y (sky130_fd_sc_hd__o211ai_4)
                                         _082_ (net)
                  0.19    0.00    1.85 ^ _181_/A2 (sky130_fd_sc_hd__a21bo_4)
    10    0.02    0.10    0.20    2.04 ^ _181_/X (sky130_fd_sc_hd__a21bo_4)
                                         _083_ (net)
                  0.10    0.00    2.04 ^ _193_/B (sky130_fd_sc_hd__and3b_1)
     1    0.01    0.09    0.19    2.24 ^ _193_/X (sky130_fd_sc_hd__and3b_1)
                                         _091_ (net)
                  0.09    0.00    2.24 ^ _194_/A (sky130_fd_sc_hd__buf_1)
     1    0.01    0.12    0.15    2.39 ^ _194_/X (sky130_fd_sc_hd__buf_1)
                                         _021_ (net)
                  0.12    0.00    2.39 ^ _326_/D (sky130_fd_sc_hd__dfrtp_1)
                                  2.39   data arrival time

                         10.00   10.00   clock core_clock (rise edge)
                          0.00   10.00   clock source latency
     1    0.01    0.00    0.00   10.00 ^ clk (in)
                                         clk (net)
                  0.00    0.00   10.00 ^ clkbuf_0_clk/A (sky130_fd_sc_hd__clkbuf_16)
     4    0.03    0.05    0.12   10.12 ^ clkbuf_0_clk/X (sky130_fd_sc_hd__clkbuf_16)
                                         clknet_0_clk (net)
                  0.05    0.00   10.12 ^ clkbuf_2_2__f_clk/A (sky130_fd_sc_hd__clkbuf_16)
    10    0.03    0.05    0.13   10.25 ^ clkbuf_2_2__f_clk/X (sky130_fd_sc_hd__clkbuf_16)
                                         clknet_2_2__leaf_clk (net)
                  0.05    0.00   10.26 ^ _326_/CLK (sky130_fd_sc_hd__dfrtp_1)
                          0.00   10.26   clock reconvergence pessimism
                         -0.08   10.18   library setup time
                                 10.18   data required time
-----------------------------------------------------------------------------
                                 10.18   data required time
                                 -2.39   data arrival time
-----------------------------------------------------------------------------
                                  7.79   slack (MET)


Startpoint: _336_ (rising edge-triggered flip-flop clocked by core_clock)
Endpoint: _344_ (rising edge-triggered flip-flop clocked by core_clock)
Path Group: core_clock
Path Type: max

Fanout     Cap    Slew   Delay    Time   Description
-----------------------------------------------------------------------------
                          0.00    0.00   clock core_clock (rise edge)
                          0.00    0.00   clock source latency
     1    0.01    0.00    0.00    0.00 ^ clk (in)
                                         clk (net)
                  0.00    0.00    0.00 ^ clkbuf_0_clk/A (sky130_fd_sc_hd__clkbuf_16)
     4    0.03    0.05    0.12    0.12 ^ clkbuf_0_clk/X (sky130_fd_sc_hd__clkbuf_16)
                                         clknet_0_clk (net)
                  0.05    0.00    0.12 ^ clkbuf_2_3__f_clk/A (sky130_fd_sc_hd__clkbuf_16)
    10    0.02    0.04    0.13    0.25 ^ clkbuf_2_3__f_clk/X (sky130_fd_sc_hd__clkbuf_16)
                                         clknet_2_3__leaf_clk (net)
                  0.04    0.00    0.25 ^ _336_/CLK (sky130_fd_sc_hd__dfrtp_4)
     6    0.01    0.07    0.48    0.72 v _336_/Q (sky130_fd_sc_hd__dfrtp_4)
                                         counter.one_second_counter[13] (net)
                  0.07    0.00    0.72 v _174_/D (sky130_fd_sc_hd__and4_1)
     2    0.01    0.05    0.22    0.95 v _174_/X (sky130_fd_sc_hd__and4_1)
                                         _076_ (net)
                  0.05    0.00    0.95 v _175_/D (sky130_fd_sc_hd__or4_1)
     1    0.00    0.10    0.42    1.36 v _175_/X (sky130_fd_sc_hd__or4_1)
                                         _077_ (net)
                  0.10    0.00    1.36 v _178_/A3 (sky130_fd_sc_hd__o31a_1)
     1    0.01    0.07    0.28    1.64 v _178_/X (sky130_fd_sc_hd__o31a_1)
                                         _080_ (net)
                  0.07    0.00    1.64 v _180_/A2 (sky130_fd_sc_hd__o211ai_4)
     2    0.01    0.19    0.20    1.85 ^ _180_/Y (sky130_fd_sc_hd__o211ai_4)
                                         _082_ (net)
                  0.19    0.00    1.85 ^ _181_/A2 (sky130_fd_sc_hd__a21bo_4)
    10    0.02    0.10    0.20    2.04 ^ _181_/X (sky130_fd_sc_hd__a21bo_4)
                                         _083_ (net)
                  0.10    0.00    2.04 ^ _182_/A (sky130_fd_sc_hd__clkinv_4)
    10    0.02    0.06    0.08    2.12 v _182_/Y (sky130_fd_sc_hd__clkinv_4)
                                         _000_ (net)
                  0.06    0.00    2.12 v _263_/C1 (sky130_fd_sc_hd__a211oi_1)
     1    0.00    0.22    0.20    2.33 ^ _263_/Y (sky130_fd_sc_hd__a211oi_1)
                                         _014_ (net)
                  0.22    0.00    2.33 ^ _344_/D (sky130_fd_sc_hd__dfrtp_2)
                                  2.33   data arrival time

                         10.00   10.00   clock core_clock (rise edge)
                          0.00   10.00   clock source latency
     1    0.01    0.00    0.00   10.00 ^ clk (in)
                                         clk (net)
                  0.00    0.00   10.00 ^ clkbuf_0_clk/A (sky130_fd_sc_hd__clkbuf_16)
     4    0.03    0.05    0.12   10.12 ^ clkbuf_0_clk/X (sky130_fd_sc_hd__clkbuf_16)
                                         clknet_0_clk (net)
                  0.05    0.00   10.12 ^ clkbuf_2_1__f_clk/A (sky130_fd_sc_hd__clkbuf_16)
     8    0.03    0.05    0.13   10.25 ^ clkbuf_2_1__f_clk/X (sky130_fd_sc_hd__clkbuf_16)
                                         clknet_2_1__leaf_clk (net)
                  0.05    0.00   10.26 ^ _344_/CLK (sky130_fd_sc_hd__dfrtp_2)
                          0.00   10.26   clock reconvergence pessimism
                         -0.11   10.15   library setup time
                                 10.15   data required time
-----------------------------------------------------------------------------
                                 10.15   data required time
                                 -2.33   data arrival time
-----------------------------------------------------------------------------
                                  7.82   slack (MET)


Startpoint: _336_ (rising edge-triggered flip-flop clocked by core_clock)
Endpoint: _325_ (rising edge-triggered flip-flop clocked by core_clock)
Path Group: core_clock
Path Type: max

Fanout     Cap    Slew   Delay    Time   Description
-----------------------------------------------------------------------------
                          0.00    0.00   clock core_clock (rise edge)
                          0.00    0.00   clock source latency
     1    0.01    0.00    0.00    0.00 ^ clk (in)
                                         clk (net)
                  0.00    0.00    0.00 ^ clkbuf_0_clk/A (sky130_fd_sc_hd__clkbuf_16)
     4    0.03    0.05    0.12    0.12 ^ clkbuf_0_clk/X (sky130_fd_sc_hd__clkbuf_16)
                                         clknet_0_clk (net)
                  0.05    0.00    0.12 ^ clkbuf_2_3__f_clk/A (sky130_fd_sc_hd__clkbuf_16)
    10    0.02    0.04    0.13    0.25 ^ clkbuf_2_3__f_clk/X (sky130_fd_sc_hd__clkbuf_16)
                                         clknet_2_3__leaf_clk (net)
                  0.04    0.00    0.25 ^ _336_/CLK (sky130_fd_sc_hd__dfrtp_4)
     6    0.01    0.07    0.48    0.72 v _336_/Q (sky130_fd_sc_hd__dfrtp_4)
                                         counter.one_second_counter[13] (net)
                  0.07    0.00    0.72 v _174_/D (sky130_fd_sc_hd__and4_1)
     2    0.01    0.05    0.22    0.95 v _174_/X (sky130_fd_sc_hd__and4_1)
                                         _076_ (net)
                  0.05    0.00    0.95 v _175_/D (sky130_fd_sc_hd__or4_1)
     1    0.00    0.10    0.42    1.36 v _175_/X (sky130_fd_sc_hd__or4_1)
                                         _077_ (net)
                  0.10    0.00    1.36 v _178_/A3 (sky130_fd_sc_hd__o31a_1)
     1    0.01    0.07    0.28    1.64 v _178_/X (sky130_fd_sc_hd__o31a_1)
                                         _080_ (net)
                  0.07    0.00    1.64 v _180_/A2 (sky130_fd_sc_hd__o211ai_4)
     2    0.01    0.19    0.20    1.85 ^ _180_/Y (sky130_fd_sc_hd__o211ai_4)
                                         _082_ (net)
                  0.19    0.00    1.85 ^ _181_/A2 (sky130_fd_sc_hd__a21bo_4)
    10    0.02    0.10    0.20    2.04 ^ _181_/X (sky130_fd_sc_hd__a21bo_4)
                                         _083_ (net)
                  0.10    0.00    2.04 ^ _190_/B (sky130_fd_sc_hd__and3_1)
     1    0.01    0.08    0.19    2.23 ^ _190_/X (sky130_fd_sc_hd__and3_1)
                                         _089_ (net)
                  0.08    0.00    2.23 ^ _191_/A (sky130_fd_sc_hd__clkbuf_1)
     1    0.01    0.08    0.12    2.35 ^ _191_/X (sky130_fd_sc_hd__clkbuf_1)
                                         _020_ (net)
                  0.08    0.00    2.35 ^ _325_/D (sky130_fd_sc_hd__dfrtp_2)
                                  2.35   data arrival time

                         10.00   10.00   clock core_clock (rise edge)
                          0.00   10.00   clock source latency
     1    0.01    0.00    0.00   10.00 ^ clk (in)
                                         clk (net)
                  0.00    0.00   10.00 ^ clkbuf_0_clk/A (sky130_fd_sc_hd__clkbuf_16)
     4    0.03    0.05    0.12   10.12 ^ clkbuf_0_clk/X (sky130_fd_sc_hd__clkbuf_16)
                                         clknet_0_clk (net)
                  0.05    0.00   10.12 ^ clkbuf_2_2__f_clk/A (sky130_fd_sc_hd__clkbuf_16)
    10    0.03    0.05    0.13   10.25 ^ clkbuf_2_2__f_clk/X (sky130_fd_sc_hd__clkbuf_16)
                                         clknet_2_2__leaf_clk (net)
                  0.05    0.00   10.26 ^ _325_/CLK (sky130_fd_sc_hd__dfrtp_2)
                          0.00   10.26   clock reconvergence pessimism
                         -0.07   10.18   library setup time
                                 10.18   data required time
-----------------------------------------------------------------------------
                                 10.18   data required time
                                 -2.35   data arrival time
-----------------------------------------------------------------------------
                                  7.83   slack (MET)


Startpoint: _324_ (rising edge-triggered flip-flop clocked by core_clock)
Endpoint: _343_ (rising edge-triggered flip-flop clocked by core_clock)
Path Group: core_clock
Path Type: max

Fanout     Cap    Slew   Delay    Time   Description
-----------------------------------------------------------------------------
                          0.00    0.00   clock core_clock (rise edge)
                          0.00    0.00   clock source latency
     1    0.01    0.00    0.00    0.00 ^ clk (in)
                                         clk (net)
                  0.00    0.00    0.00 ^ clkbuf_0_clk/A (sky130_fd_sc_hd__clkbuf_16)
     4    0.03    0.05    0.12    0.12 ^ clkbuf_0_clk/X (sky130_fd_sc_hd__clkbuf_16)
                                         clknet_0_clk (net)
                  0.05    0.00    0.12 ^ clkbuf_2_1__f_clk/A (sky130_fd_sc_hd__clkbuf_16)
     8    0.03    0.05    0.13    0.25 ^ clkbuf_2_1__f_clk/X (sky130_fd_sc_hd__clkbuf_16)
                                         clknet_2_1__leaf_clk (net)
                  0.05    0.00    0.26 ^ _324_/CLK (sky130_fd_sc_hd__dfrtp_4)
     6    0.03    0.09    0.51    0.76 v _324_/Q (sky130_fd_sc_hd__dfrtp_4)
                                         counter.one_second_counter[1] (net)
                  0.09    0.00    0.77 v _171_/C (sky130_fd_sc_hd__and4_4)
     8    0.01    0.05    0.21    0.98 v _171_/X (sky130_fd_sc_hd__and4_4)
                                         _073_ (net)
                  0.05    0.00    0.98 v _214_/C (sky130_fd_sc_hd__and4_2)
     6    0.01    0.07    0.25    1.23 v _214_/X (sky130_fd_sc_hd__and4_2)
                                         _106_ (net)
                  0.07    0.00    1.23 v _239_/D (sky130_fd_sc_hd__and4_1)
     1    0.00    0.04    0.19    1.42 v _239_/X (sky130_fd_sc_hd__and4_1)
                                         _125_ (net)
                  0.04    0.00    1.42 v _240_/A (sky130_fd_sc_hd__clkbuf_4)
     9    0.02    0.06    0.16    1.58 v _240_/X (sky130_fd_sc_hd__clkbuf_4)
                                         _126_ (net)
                  0.06    0.00    1.58 v _253_/A (sky130_fd_sc_hd__and2_2)
     3    0.01    0.06    0.20    1.79 v _253_/X (sky130_fd_sc_hd__and2_2)
                                         _135_ (net)
                  0.06    0.00    1.79 v _257_/B (sky130_fd_sc_hd__or2_1)
     1    0.00    0.06    0.22    2.01 v _257_/X (sky130_fd_sc_hd__or2_1)
                                         _138_ (net)
                  0.06    0.00    2.01 v _259_/B (sky130_fd_sc_hd__and3_1)
     1    0.01    0.06    0.19    2.20 v _259_/X (sky130_fd_sc_hd__and3_1)
                                         _140_ (net)
                  0.06    0.00    2.20 v _260_/A (sky130_fd_sc_hd__clkbuf_1)
     1    0.00    0.03    0.10    2.30 v _260_/X (sky130_fd_sc_hd__clkbuf_1)
                                         _013_ (net)
                  0.03    0.00    2.30 v _343_/D (sky130_fd_sc_hd__dfrtp_2)
                                  2.30   data arrival time

                         10.00   10.00   clock core_clock (rise edge)
                          0.00   10.00   clock source latency
     1    0.01    0.00    0.00   10.00 ^ clk (in)
                                         clk (net)
                  0.00    0.00   10.00 ^ clkbuf_0_clk/A (sky130_fd_sc_hd__clkbuf_16)
     4    0.03    0.05    0.12   10.12 ^ clkbuf_0_clk/X (sky130_fd_sc_hd__clkbuf_16)
                                         clknet_0_clk (net)
                  0.05    0.00   10.12 ^ clkbuf_2_0__f_clk/A (sky130_fd_sc_hd__clkbuf_16)
     7    0.02    0.04    0.13   10.25 ^ clkbuf_2_0__f_clk/X (sky130_fd_sc_hd__clkbuf_16)
                                         clknet_2_0__leaf_clk (net)
                  0.04    0.00   10.25 ^ _343_/CLK (sky130_fd_sc_hd__dfrtp_2)
                          0.00   10.25   clock reconvergence pessimism
                         -0.11   10.14   library setup time
                                 10.14   data required time
-----------------------------------------------------------------------------
                                 10.14   data required time
                                 -2.30   data arrival time
-----------------------------------------------------------------------------
                                  7.84   slack (MET)


Startpoint: _336_ (rising edge-triggered flip-flop clocked by core_clock)
Endpoint: _330_ (rising edge-triggered flip-flop clocked by core_clock)
Path Group: core_clock
Path Type: max

Fanout     Cap    Slew   Delay    Time   Description
-----------------------------------------------------------------------------
                          0.00    0.00   clock core_clock (rise edge)
                          0.00    0.00   clock source latency
     1    0.01    0.00    0.00    0.00 ^ clk (in)
                                         clk (net)
                  0.00    0.00    0.00 ^ clkbuf_0_clk/A (sky130_fd_sc_hd__clkbuf_16)
     4    0.03    0.05    0.12    0.12 ^ clkbuf_0_clk/X (sky130_fd_sc_hd__clkbuf_16)
                                         clknet_0_clk (net)
                  0.05    0.00    0.12 ^ clkbuf_2_3__f_clk/A (sky130_fd_sc_hd__clkbuf_16)
    10    0.02    0.04    0.13    0.25 ^ clkbuf_2_3__f_clk/X (sky130_fd_sc_hd__clkbuf_16)
                                         clknet_2_3__leaf_clk (net)
                  0.04    0.00    0.25 ^ _336_/CLK (sky130_fd_sc_hd__dfrtp_4)
     6    0.01    0.07    0.48    0.72 v _336_/Q (sky130_fd_sc_hd__dfrtp_4)
                                         counter.one_second_counter[13] (net)
                  0.07    0.00    0.72 v _174_/D (sky130_fd_sc_hd__and4_1)
     2    0.01    0.05    0.22    0.95 v _174_/X (sky130_fd_sc_hd__and4_1)
                                         _076_ (net)
                  0.05    0.00    0.95 v _175_/D (sky130_fd_sc_hd__or4_1)
     1    0.00    0.10    0.42    1.36 v _175_/X (sky130_fd_sc_hd__or4_1)
                                         _077_ (net)
                  0.10    0.00    1.36 v _178_/A3 (sky130_fd_sc_hd__o31a_1)
     1    0.01    0.07    0.28    1.64 v _178_/X (sky130_fd_sc_hd__o31a_1)
                                         _080_ (net)
                  0.07    0.00    1.64 v _180_/A2 (sky130_fd_sc_hd__o211ai_4)
     2    0.01    0.19    0.20    1.85 ^ _180_/Y (sky130_fd_sc_hd__o211ai_4)
                                         _082_ (net)
                  0.19    0.00    1.85 ^ _181_/A2 (sky130_fd_sc_hd__a21bo_4)
    10    0.02    0.10    0.20    2.04 ^ _181_/X (sky130_fd_sc_hd__a21bo_4)
                                         _083_ (net)
                  0.10    0.00    2.04 ^ _182_/A (sky130_fd_sc_hd__clkinv_4)
    10    0.02    0.06    0.08    2.12 v _182_/Y (sky130_fd_sc_hd__clkinv_4)
                                         _000_ (net)
                  0.06    0.00    2.12 v _208_/B1 (sky130_fd_sc_hd__a211oi_1)
     1    0.00    0.16    0.19    2.31 ^ _208_/Y (sky130_fd_sc_hd__a211oi_1)
                                         _025_ (net)
                  0.16    0.00    2.31 ^ _330_/D (sky130_fd_sc_hd__dfrtp_1)
                                  2.31   data arrival time

                         10.00   10.00   clock core_clock (rise edge)
                          0.00   10.00   clock source latency
     1    0.01    0.00    0.00   10.00 ^ clk (in)
                                         clk (net)
                  0.00    0.00   10.00 ^ clkbuf_0_clk/A (sky130_fd_sc_hd__clkbuf_16)
     4    0.03    0.05    0.12   10.12 ^ clkbuf_0_clk/X (sky130_fd_sc_hd__clkbuf_16)
                                         clknet_0_clk (net)
                  0.05    0.00   10.12 ^ clkbuf_2_1__f_clk/A (sky130_fd_sc_hd__clkbuf_16)
     8    0.03    0.05    0.13   10.25 ^ clkbuf_2_1__f_clk/X (sky130_fd_sc_hd__clkbuf_16)
                                         clknet_2_1__leaf_clk (net)
                  0.05    0.00   10.25 ^ _330_/CLK (sky130_fd_sc_hd__dfrtp_1)
                          0.00   10.25   clock reconvergence pessimism
                         -0.09   10.17   library setup time
                                 10.17   data required time
-----------------------------------------------------------------------------
                                 10.17   data required time
                                 -2.31   data arrival time
-----------------------------------------------------------------------------
                                  7.85   slack (MET)


Startpoint: _336_ (rising edge-triggered flip-flop clocked by core_clock)
Endpoint: _331_ (rising edge-triggered flip-flop clocked by core_clock)
Path Group: core_clock
Path Type: max

Fanout     Cap    Slew   Delay    Time   Description
-----------------------------------------------------------------------------
                          0.00    0.00   clock core_clock (rise edge)
                          0.00    0.00   clock source latency
     1    0.01    0.00    0.00    0.00 ^ clk (in)
                                         clk (net)
                  0.00    0.00    0.00 ^ clkbuf_0_clk/A (sky130_fd_sc_hd__clkbuf_16)
     4    0.03    0.05    0.12    0.12 ^ clkbuf_0_clk/X (sky130_fd_sc_hd__clkbuf_16)
                                         clknet_0_clk (net)
                  0.05    0.00    0.12 ^ clkbuf_2_3__f_clk/A (sky130_fd_sc_hd__clkbuf_16)
    10    0.02    0.04    0.13    0.25 ^ clkbuf_2_3__f_clk/X (sky130_fd_sc_hd__clkbuf_16)
                                         clknet_2_3__leaf_clk (net)
                  0.04    0.00    0.25 ^ _336_/CLK (sky130_fd_sc_hd__dfrtp_4)
     6    0.01    0.07    0.48    0.72 v _336_/Q (sky130_fd_sc_hd__dfrtp_4)
                                         counter.one_second_counter[13] (net)
                  0.07    0.00    0.72 v _174_/D (sky130_fd_sc_hd__and4_1)
     2    0.01    0.05    0.22    0.95 v _174_/X (sky130_fd_sc_hd__and4_1)
                                         _076_ (net)
                  0.05    0.00    0.95 v _175_/D (sky130_fd_sc_hd__or4_1)
     1    0.00    0.10    0.42    1.36 v _175_/X (sky130_fd_sc_hd__or4_1)
                                         _077_ (net)
                  0.10    0.00    1.36 v _178_/A3 (sky130_fd_sc_hd__o31a_1)
     1    0.01    0.07    0.28    1.64 v _178_/X (sky130_fd_sc_hd__o31a_1)
                                         _080_ (net)
                  0.07    0.00    1.64 v _180_/A2 (sky130_fd_sc_hd__o211ai_4)
     2    0.01    0.19    0.20    1.85 ^ _180_/Y (sky130_fd_sc_hd__o211ai_4)
                                         _082_ (net)
                  0.19    0.00    1.85 ^ _181_/A2 (sky130_fd_sc_hd__a21bo_4)
    10    0.02    0.10    0.20    2.04 ^ _181_/X (sky130_fd_sc_hd__a21bo_4)
                                         _083_ (net)
                  0.10    0.00    2.04 ^ _211_/B (sky130_fd_sc_hd__and3_1)
     1    0.00    0.05    0.15    2.19 ^ _211_/X (sky130_fd_sc_hd__and3_1)
                                         _104_ (net)
                  0.05    0.00    2.19 ^ _212_/A (sky130_fd_sc_hd__clkbuf_1)
     1    0.01    0.09    0.12    2.31 ^ _212_/X (sky130_fd_sc_hd__clkbuf_1)
                                         _026_ (net)
                  0.09    0.00    2.31 ^ _331_/D (sky130_fd_sc_hd__dfrtp_2)
                                  2.31   data arrival time

                         10.00   10.00   clock core_clock (rise edge)
                          0.00   10.00   clock source latency
     1    0.01    0.00    0.00   10.00 ^ clk (in)
                                         clk (net)
                  0.00    0.00   10.00 ^ clkbuf_0_clk/A (sky130_fd_sc_hd__clkbuf_16)
     4    0.03    0.05    0.12   10.12 ^ clkbuf_0_clk/X (sky130_fd_sc_hd__clkbuf_16)
                                         clknet_0_clk (net)
                  0.05    0.00   10.12 ^ clkbuf_2_0__f_clk/A (sky130_fd_sc_hd__clkbuf_16)
     7    0.02    0.04    0.13   10.25 ^ clkbuf_2_0__f_clk/X (sky130_fd_sc_hd__clkbuf_16)
                                         clknet_2_0__leaf_clk (net)
                  0.04    0.00   10.25 ^ _331_/CLK (sky130_fd_sc_hd__dfrtp_2)
                          0.00   10.25   clock reconvergence pessimism
                         -0.08   10.17   library setup time
                                 10.17   data required time
-----------------------------------------------------------------------------
                                 10.17   data required time
                                 -2.31   data arrival time
-----------------------------------------------------------------------------
                                  7.86   slack (MET)


Startpoint: _336_ (rising edge-triggered flip-flop clocked by core_clock)
Endpoint: _342_ (rising edge-triggered flip-flop clocked by core_clock)
Path Group: core_clock
Path Type: max

Fanout     Cap    Slew   Delay    Time   Description
-----------------------------------------------------------------------------
                          0.00    0.00   clock core_clock (rise edge)
                          0.00    0.00   clock source latency
     1    0.01    0.00    0.00    0.00 ^ clk (in)
                                         clk (net)
                  0.00    0.00    0.00 ^ clkbuf_0_clk/A (sky130_fd_sc_hd__clkbuf_16)
     4    0.03    0.05    0.12    0.12 ^ clkbuf_0_clk/X (sky130_fd_sc_hd__clkbuf_16)
                                         clknet_0_clk (net)
                  0.05    0.00    0.12 ^ clkbuf_2_3__f_clk/A (sky130_fd_sc_hd__clkbuf_16)
    10    0.02    0.04    0.13    0.25 ^ clkbuf_2_3__f_clk/X (sky130_fd_sc_hd__clkbuf_16)
                                         clknet_2_3__leaf_clk (net)
                  0.04    0.00    0.25 ^ _336_/CLK (sky130_fd_sc_hd__dfrtp_4)
     6    0.01    0.07    0.48    0.72 v _336_/Q (sky130_fd_sc_hd__dfrtp_4)
                                         counter.one_second_counter[13] (net)
                  0.07    0.00    0.72 v _174_/D (sky130_fd_sc_hd__and4_1)
     2    0.01    0.05    0.22    0.95 v _174_/X (sky130_fd_sc_hd__and4_1)
                                         _076_ (net)
                  0.05    0.00    0.95 v _175_/D (sky130_fd_sc_hd__or4_1)
     1    0.00    0.10    0.42    1.36 v _175_/X (sky130_fd_sc_hd__or4_1)
                                         _077_ (net)
                  0.10    0.00    1.36 v _178_/A3 (sky130_fd_sc_hd__o31a_1)
     1    0.01    0.07    0.28    1.64 v _178_/X (sky130_fd_sc_hd__o31a_1)
                                         _080_ (net)
                  0.07    0.00    1.64 v _180_/A2 (sky130_fd_sc_hd__o211ai_4)
     2    0.01    0.19    0.20    1.85 ^ _180_/Y (sky130_fd_sc_hd__o211ai_4)
                                         _082_ (net)
                  0.19    0.00    1.85 ^ _181_/A2 (sky130_fd_sc_hd__a21bo_4)
    10    0.02    0.10    0.20    2.04 ^ _181_/X (sky130_fd_sc_hd__a21bo_4)
                                         _083_ (net)
                  0.10    0.00    2.04 ^ _255_/A (sky130_fd_sc_hd__and3_1)
     1    0.00    0.06    0.16    2.21 ^ _255_/X (sky130_fd_sc_hd__and3_1)
                                         _137_ (net)
                  0.06    0.00    2.21 ^ _256_/A (sky130_fd_sc_hd__clkbuf_1)
     1    0.00    0.06    0.10    2.31 ^ _256_/X (sky130_fd_sc_hd__clkbuf_1)
                                         _011_ (net)
                  0.06    0.00    2.31 ^ _342_/D (sky130_fd_sc_hd__dfrtp_2)
                                  2.31   data arrival time

                         10.00   10.00   clock core_clock (rise edge)
                          0.00   10.00   clock source latency
     1    0.01    0.00    0.00   10.00 ^ clk (in)
                                         clk (net)
                  0.00    0.00   10.00 ^ clkbuf_0_clk/A (sky130_fd_sc_hd__clkbuf_16)
     4    0.03    0.05    0.12   10.12 ^ clkbuf_0_clk/X (sky130_fd_sc_hd__clkbuf_16)
                                         clknet_0_clk (net)
                  0.05    0.00   10.12 ^ clkbuf_2_0__f_clk/A (sky130_fd_sc_hd__clkbuf_16)
     7    0.02    0.04    0.13   10.25 ^ clkbuf_2_0__f_clk/X (sky130_fd_sc_hd__clkbuf_16)
                                         clknet_2_0__leaf_clk (net)
                  0.04    0.00   10.25 ^ _342_/CLK (sky130_fd_sc_hd__dfrtp_2)
                          0.00   10.25   clock reconvergence pessimism
                         -0.07   10.18   library setup time
                                 10.18   data required time
-----------------------------------------------------------------------------
                                 10.18   data required time
                                 -2.31   data arrival time
-----------------------------------------------------------------------------
                                  7.87   slack (MET)


Startpoint: _336_ (rising edge-triggered flip-flop clocked by core_clock)
Endpoint: _324_ (rising edge-triggered flip-flop clocked by core_clock)
Path Group: core_clock
Path Type: max

Fanout     Cap    Slew   Delay    Time   Description
-----------------------------------------------------------------------------
                          0.00    0.00   clock core_clock (rise edge)
                          0.00    0.00   clock source latency
     1    0.01    0.00    0.00    0.00 ^ clk (in)
                                         clk (net)
                  0.00    0.00    0.00 ^ clkbuf_0_clk/A (sky130_fd_sc_hd__clkbuf_16)
     4    0.03    0.05    0.12    0.12 ^ clkbuf_0_clk/X (sky130_fd_sc_hd__clkbuf_16)
                                         clknet_0_clk (net)
                  0.05    0.00    0.12 ^ clkbuf_2_3__f_clk/A (sky130_fd_sc_hd__clkbuf_16)
    10    0.02    0.04    0.13    0.25 ^ clkbuf_2_3__f_clk/X (sky130_fd_sc_hd__clkbuf_16)
                                         clknet_2_3__leaf_clk (net)
                  0.04    0.00    0.25 ^ _336_/CLK (sky130_fd_sc_hd__dfrtp_4)
     6    0.01    0.07    0.48    0.72 v _336_/Q (sky130_fd_sc_hd__dfrtp_4)
                                         counter.one_second_counter[13] (net)
                  0.07    0.00    0.72 v _174_/D (sky130_fd_sc_hd__and4_1)
     2    0.01    0.05    0.22    0.95 v _174_/X (sky130_fd_sc_hd__and4_1)
                                         _076_ (net)
                  0.05    0.00    0.95 v _175_/D (sky130_fd_sc_hd__or4_1)
     1    0.00    0.10    0.42    1.36 v _175_/X (sky130_fd_sc_hd__or4_1)
                                         _077_ (net)
                  0.10    0.00    1.36 v _178_/A3 (sky130_fd_sc_hd__o31a_1)
     1    0.01    0.07    0.28    1.64 v _178_/X (sky130_fd_sc_hd__o31a_1)
                                         _080_ (net)
                  0.07    0.00    1.64 v _180_/A2 (sky130_fd_sc_hd__o211ai_4)
     2    0.01    0.19    0.20    1.85 ^ _180_/Y (sky130_fd_sc_hd__o211ai_4)
                                         _082_ (net)
                  0.19    0.00    1.85 ^ _181_/A2 (sky130_fd_sc_hd__a21bo_4)
    10    0.02    0.10    0.20    2.04 ^ _181_/X (sky130_fd_sc_hd__a21bo_4)
                                         _083_ (net)
                  0.10    0.00    2.04 ^ _186_/B (sky130_fd_sc_hd__and3_1)
     1    0.01    0.09    0.19    2.23 ^ _186_/X (sky130_fd_sc_hd__and3_1)
                                         _086_ (net)
                  0.09    0.00    2.23 ^ _187_/A (sky130_fd_sc_hd__clkbuf_1)
     1    0.00    0.04    0.09    2.32 ^ _187_/X (sky130_fd_sc_hd__clkbuf_1)
                                         _012_ (net)
                  0.04    0.00    2.32 ^ _324_/D (sky130_fd_sc_hd__dfrtp_4)
                                  2.32   data arrival time

                         10.00   10.00   clock core_clock (rise edge)
                          0.00   10.00   clock source latency
     1    0.01    0.00    0.00   10.00 ^ clk (in)
                                         clk (net)
                  0.00    0.00   10.00 ^ clkbuf_0_clk/A (sky130_fd_sc_hd__clkbuf_16)
     4    0.03    0.05    0.12   10.12 ^ clkbuf_0_clk/X (sky130_fd_sc_hd__clkbuf_16)
                                         clknet_0_clk (net)
                  0.05    0.00   10.12 ^ clkbuf_2_1__f_clk/A (sky130_fd_sc_hd__clkbuf_16)
     8    0.03    0.05    0.13   10.25 ^ clkbuf_2_1__f_clk/X (sky130_fd_sc_hd__clkbuf_16)
                                         clknet_2_1__leaf_clk (net)
                  0.05    0.00   10.26 ^ _324_/CLK (sky130_fd_sc_hd__dfrtp_4)
                          0.00   10.26   clock reconvergence pessimism
                         -0.06   10.19   library setup time
                                 10.19   data required time
-----------------------------------------------------------------------------
                                 10.19   data required time
                                 -2.32   data arrival time
-----------------------------------------------------------------------------
                                  7.88   slack (MET)


Startpoint: _324_ (rising edge-triggered flip-flop clocked by core_clock)
Endpoint: _348_ (rising edge-triggered flip-flop clocked by core_clock)
Path Group: core_clock
Path Type: max

Fanout     Cap    Slew   Delay    Time   Description
-----------------------------------------------------------------------------
                          0.00    0.00   clock core_clock (rise edge)
                          0.00    0.00   clock source latency
     1    0.01    0.00    0.00    0.00 ^ clk (in)
                                         clk (net)
                  0.00    0.00    0.00 ^ clkbuf_0_clk/A (sky130_fd_sc_hd__clkbuf_16)
     4    0.03    0.05    0.12    0.12 ^ clkbuf_0_clk/X (sky130_fd_sc_hd__clkbuf_16)
                                         clknet_0_clk (net)
                  0.05    0.00    0.12 ^ clkbuf_2_1__f_clk/A (sky130_fd_sc_hd__clkbuf_16)
     8    0.03    0.05    0.13    0.25 ^ clkbuf_2_1__f_clk/X (sky130_fd_sc_hd__clkbuf_16)
                                         clknet_2_1__leaf_clk (net)
                  0.05    0.00    0.26 ^ _324_/CLK (sky130_fd_sc_hd__dfrtp_4)
     6    0.03    0.10    0.45    0.70 ^ _324_/Q (sky130_fd_sc_hd__dfrtp_4)
                                         counter.one_second_counter[1] (net)
                  0.10    0.00    0.71 ^ _171_/C (sky130_fd_sc_hd__and4_4)
     8    0.02    0.08    0.26    0.96 ^ _171_/X (sky130_fd_sc_hd__and4_4)
                                         _073_ (net)
                  0.08    0.00    0.96 ^ _214_/C (sky130_fd_sc_hd__and4_2)
     6    0.01    0.11    0.27    1.24 ^ _214_/X (sky130_fd_sc_hd__and4_2)
                                         _106_ (net)
                  0.11    0.00    1.24 ^ _239_/D (sky130_fd_sc_hd__and4_1)
     1    0.00    0.05    0.19    1.43 ^ _239_/X (sky130_fd_sc_hd__and4_1)
                                         _125_ (net)
                  0.05    0.00    1.43 ^ _240_/A (sky130_fd_sc_hd__clkbuf_4)
     9    0.02    0.08    0.16    1.59 ^ _240_/X (sky130_fd_sc_hd__clkbuf_4)
                                         _126_ (net)
                  0.08    0.00    1.59 ^ _268_/A (sky130_fd_sc_hd__nand2_2)
     4    0.01    0.05    0.07    1.66 v _268_/Y (sky130_fd_sc_hd__nand2_2)
                                         _146_ (net)
                  0.05    0.00    1.66 v _274_/C (sky130_fd_sc_hd__or3_1)
     1    0.01    0.09    0.34    1.99 v _274_/X (sky130_fd_sc_hd__or3_1)
                                         _150_ (net)
                  0.09    0.00    1.99 v _275_/C (sky130_fd_sc_hd__and3_1)
     1    0.00    0.03    0.19    2.18 v _275_/X (sky130_fd_sc_hd__and3_1)
                                         _151_ (net)
                  0.03    0.00    2.18 v _276_/A (sky130_fd_sc_hd__buf_1)
     1    0.00    0.02    0.08    2.26 v _276_/X (sky130_fd_sc_hd__buf_1)
                                         _018_ (net)
                  0.02    0.00    2.26 v _348_/D (sky130_fd_sc_hd__dfrtp_2)
                                  2.26   data arrival time

                         10.00   10.00   clock core_clock (rise edge)
                          0.00   10.00   clock source latency
     1    0.01    0.00    0.00   10.00 ^ clk (in)
                                         clk (net)
                  0.00    0.00   10.00 ^ clkbuf_0_clk/A (sky130_fd_sc_hd__clkbuf_16)
     4    0.03    0.05    0.12   10.12 ^ clkbuf_0_clk/X (sky130_fd_sc_hd__clkbuf_16)
                                         clknet_0_clk (net)
                  0.05    0.00   10.12 ^ clkbuf_2_0__f_clk/A (sky130_fd_sc_hd__clkbuf_16)
     7    0.02    0.04    0.13   10.25 ^ clkbuf_2_0__f_clk/X (sky130_fd_sc_hd__clkbuf_16)
                                         clknet_2_0__leaf_clk (net)
                  0.04    0.00   10.25 ^ _348_/CLK (sky130_fd_sc_hd__dfrtp_2)
                          0.00   10.25   clock reconvergence pessimism
                         -0.11   10.14   library setup time
                                 10.14   data required time
-----------------------------------------------------------------------------
                                 10.14   data required time
                                 -2.26   data arrival time
-----------------------------------------------------------------------------
                                  7.88   slack (MET)


Startpoint: _336_ (rising edge-triggered flip-flop clocked by core_clock)
Endpoint: _339_ (rising edge-triggered flip-flop clocked by core_clock)
Path Group: core_clock
Path Type: max

Fanout     Cap    Slew   Delay    Time   Description
-----------------------------------------------------------------------------
                          0.00    0.00   clock core_clock (rise edge)
                          0.00    0.00   clock source latency
     1    0.01    0.00    0.00    0.00 ^ clk (in)
                                         clk (net)
                  0.00    0.00    0.00 ^ clkbuf_0_clk/A (sky130_fd_sc_hd__clkbuf_16)
     4    0.03    0.05    0.12    0.12 ^ clkbuf_0_clk/X (sky130_fd_sc_hd__clkbuf_16)
                                         clknet_0_clk (net)
                  0.05    0.00    0.12 ^ clkbuf_2_3__f_clk/A (sky130_fd_sc_hd__clkbuf_16)
    10    0.02    0.04    0.13    0.25 ^ clkbuf_2_3__f_clk/X (sky130_fd_sc_hd__clkbuf_16)
                                         clknet_2_3__leaf_clk (net)
                  0.04    0.00    0.25 ^ _336_/CLK (sky130_fd_sc_hd__dfrtp_4)
     6    0.01    0.07    0.48    0.72 v _336_/Q (sky130_fd_sc_hd__dfrtp_4)
                                         counter.one_second_counter[13] (net)
                  0.07    0.00    0.72 v _174_/D (sky130_fd_sc_hd__and4_1)
     2    0.01    0.05    0.22    0.95 v _174_/X (sky130_fd_sc_hd__and4_1)
                                         _076_ (net)
                  0.05    0.00    0.95 v _175_/D (sky130_fd_sc_hd__or4_1)
     1    0.00    0.10    0.42    1.36 v _175_/X (sky130_fd_sc_hd__or4_1)
                                         _077_ (net)
                  0.10    0.00    1.36 v _178_/A3 (sky130_fd_sc_hd__o31a_1)
     1    0.01    0.07    0.28    1.64 v _178_/X (sky130_fd_sc_hd__o31a_1)
                                         _080_ (net)
                  0.07    0.00    1.64 v _180_/A2 (sky130_fd_sc_hd__o211ai_4)
     2    0.01    0.19    0.20    1.85 ^ _180_/Y (sky130_fd_sc_hd__o211ai_4)
                                         _082_ (net)
                  0.19    0.00    1.85 ^ _181_/A2 (sky130_fd_sc_hd__a21bo_4)
    10    0.02    0.10    0.20    2.04 ^ _181_/X (sky130_fd_sc_hd__a21bo_4)
                                         _083_ (net)
                  0.10    0.00    2.04 ^ _244_/A (sky130_fd_sc_hd__and3_1)
     1    0.01    0.07    0.17    2.22 ^ _244_/X (sky130_fd_sc_hd__and3_1)
                                         _129_ (net)
                  0.07    0.00    2.22 ^ _245_/A (sky130_fd_sc_hd__clkbuf_1)
     1    0.00    0.04    0.08    2.30 ^ _245_/X (sky130_fd_sc_hd__clkbuf_1)
                                         _008_ (net)
                  0.04    0.00    2.30 ^ _339_/D (sky130_fd_sc_hd__dfrtp_4)
                                  2.30   data arrival time

                         10.00   10.00   clock core_clock (rise edge)
                          0.00   10.00   clock source latency
     1    0.01    0.00    0.00   10.00 ^ clk (in)
                                         clk (net)
                  0.00    0.00   10.00 ^ clkbuf_0_clk/A (sky130_fd_sc_hd__clkbuf_16)
     4    0.03    0.05    0.12   10.12 ^ clkbuf_0_clk/X (sky130_fd_sc_hd__clkbuf_16)
                                         clknet_0_clk (net)
                  0.05    0.00   10.12 ^ clkbuf_2_3__f_clk/A (sky130_fd_sc_hd__clkbuf_16)
    10    0.02    0.04    0.13   10.25 ^ clkbuf_2_3__f_clk/X (sky130_fd_sc_hd__clkbuf_16)
                                         clknet_2_3__leaf_clk (net)
                  0.04    0.00   10.25 ^ _339_/CLK (sky130_fd_sc_hd__dfrtp_4)
                          0.00   10.25   clock reconvergence pessimism
                         -0.06   10.19   library setup time
                                 10.19   data required time
-----------------------------------------------------------------------------
                                 10.19   data required time
                                 -2.30   data arrival time
-----------------------------------------------------------------------------
                                  7.88   slack (MET)


Startpoint: _336_ (rising edge-triggered flip-flop clocked by core_clock)
Endpoint: _328_ (rising edge-triggered flip-flop clocked by core_clock)
Path Group: core_clock
Path Type: max

Fanout     Cap    Slew   Delay    Time   Description
-----------------------------------------------------------------------------
                          0.00    0.00   clock core_clock (rise edge)
                          0.00    0.00   clock source latency
     1    0.01    0.00    0.00    0.00 ^ clk (in)
                                         clk (net)
                  0.00    0.00    0.00 ^ clkbuf_0_clk/A (sky130_fd_sc_hd__clkbuf_16)
     4    0.03    0.05    0.12    0.12 ^ clkbuf_0_clk/X (sky130_fd_sc_hd__clkbuf_16)
                                         clknet_0_clk (net)
                  0.05    0.00    0.12 ^ clkbuf_2_3__f_clk/A (sky130_fd_sc_hd__clkbuf_16)
    10    0.02    0.04    0.13    0.25 ^ clkbuf_2_3__f_clk/X (sky130_fd_sc_hd__clkbuf_16)
                                         clknet_2_3__leaf_clk (net)
                  0.04    0.00    0.25 ^ _336_/CLK (sky130_fd_sc_hd__dfrtp_4)
     6    0.01    0.07    0.48    0.72 v _336_/Q (sky130_fd_sc_hd__dfrtp_4)
                                         counter.one_second_counter[13] (net)
                  0.07    0.00    0.72 v _174_/D (sky130_fd_sc_hd__and4_1)
     2    0.01    0.05    0.22    0.95 v _174_/X (sky130_fd_sc_hd__and4_1)
                                         _076_ (net)
                  0.05    0.00    0.95 v _175_/D (sky130_fd_sc_hd__or4_1)
     1    0.00    0.10    0.42    1.36 v _175_/X (sky130_fd_sc_hd__or4_1)
                                         _077_ (net)
                  0.10    0.00    1.36 v _178_/A3 (sky130_fd_sc_hd__o31a_1)
     1    0.01    0.07    0.28    1.64 v _178_/X (sky130_fd_sc_hd__o31a_1)
                                         _080_ (net)
                  0.07    0.00    1.64 v _180_/A2 (sky130_fd_sc_hd__o211ai_4)
     2    0.01    0.19    0.20    1.85 ^ _180_/Y (sky130_fd_sc_hd__o211ai_4)
                                         _082_ (net)
                  0.19    0.00    1.85 ^ _181_/A2 (sky130_fd_sc_hd__a21bo_4)
    10    0.02    0.10    0.20    2.04 ^ _181_/X (sky130_fd_sc_hd__a21bo_4)
                                         _083_ (net)
                  0.10    0.00    2.04 ^ _182_/A (sky130_fd_sc_hd__clkinv_4)
    10    0.02    0.06    0.08    2.12 v _182_/Y (sky130_fd_sc_hd__clkinv_4)
                                         _000_ (net)
                  0.06    0.00    2.12 v _202_/A (sky130_fd_sc_hd__nor3_1)
     1    0.00    0.13    0.16    2.29 ^ _202_/Y (sky130_fd_sc_hd__nor3_1)
                                         _023_ (net)
                  0.13    0.00    2.29 ^ _328_/D (sky130_fd_sc_hd__dfrtp_1)
                                  2.29   data arrival time

                         10.00   10.00   clock core_clock (rise edge)
                          0.00   10.00   clock source latency
     1    0.01    0.00    0.00   10.00 ^ clk (in)
                                         clk (net)
                  0.00    0.00   10.00 ^ clkbuf_0_clk/A (sky130_fd_sc_hd__clkbuf_16)
     4    0.03    0.05    0.12   10.12 ^ clkbuf_0_clk/X (sky130_fd_sc_hd__clkbuf_16)
                                         clknet_0_clk (net)
                  0.05    0.00   10.12 ^ clkbuf_2_2__f_clk/A (sky130_fd_sc_hd__clkbuf_16)
    10    0.03    0.05    0.13   10.25 ^ clkbuf_2_2__f_clk/X (sky130_fd_sc_hd__clkbuf_16)
                                         clknet_2_2__leaf_clk (net)
                  0.05    0.00   10.26 ^ _328_/CLK (sky130_fd_sc_hd__dfrtp_1)
                          0.00   10.26   clock reconvergence pessimism
                         -0.08   10.18   library setup time
                                 10.18   data required time
-----------------------------------------------------------------------------
                                 10.18   data required time
                                 -2.29   data arrival time
-----------------------------------------------------------------------------
                                  7.89   slack (MET)


Startpoint: _336_ (rising edge-triggered flip-flop clocked by core_clock)
Endpoint: _335_ (rising edge-triggered flip-flop clocked by core_clock)
Path Group: core_clock
Path Type: max

Fanout     Cap    Slew   Delay    Time   Description
-----------------------------------------------------------------------------
                          0.00    0.00   clock core_clock (rise edge)
                          0.00    0.00   clock source latency
     1    0.01    0.00    0.00    0.00 ^ clk (in)
                                         clk (net)
                  0.00    0.00    0.00 ^ clkbuf_0_clk/A (sky130_fd_sc_hd__clkbuf_16)
     4    0.03    0.05    0.12    0.12 ^ clkbuf_0_clk/X (sky130_fd_sc_hd__clkbuf_16)
                                         clknet_0_clk (net)
                  0.05    0.00    0.12 ^ clkbuf_2_3__f_clk/A (sky130_fd_sc_hd__clkbuf_16)
    10    0.02    0.04    0.13    0.25 ^ clkbuf_2_3__f_clk/X (sky130_fd_sc_hd__clkbuf_16)
                                         clknet_2_3__leaf_clk (net)
                  0.04    0.00    0.25 ^ _336_/CLK (sky130_fd_sc_hd__dfrtp_4)
     6    0.01    0.07    0.48    0.72 v _336_/Q (sky130_fd_sc_hd__dfrtp_4)
                                         counter.one_second_counter[13] (net)
                  0.07    0.00    0.72 v _174_/D (sky130_fd_sc_hd__and4_1)
     2    0.01    0.05    0.22    0.95 v _174_/X (sky130_fd_sc_hd__and4_1)
                                         _076_ (net)
                  0.05    0.00    0.95 v _175_/D (sky130_fd_sc_hd__or4_1)
     1    0.00    0.10    0.42    1.36 v _175_/X (sky130_fd_sc_hd__or4_1)
                                         _077_ (net)
                  0.10    0.00    1.36 v _178_/A3 (sky130_fd_sc_hd__o31a_1)
     1    0.01    0.07    0.28    1.64 v _178_/X (sky130_fd_sc_hd__o31a_1)
                                         _080_ (net)
                  0.07    0.00    1.64 v _180_/A2 (sky130_fd_sc_hd__o211ai_4)
     2    0.01    0.19    0.20    1.85 ^ _180_/Y (sky130_fd_sc_hd__o211ai_4)
                                         _082_ (net)
                  0.19    0.00    1.85 ^ _181_/A2 (sky130_fd_sc_hd__a21bo_4)
    10    0.02    0.10    0.20    2.04 ^ _181_/X (sky130_fd_sc_hd__a21bo_4)
                                         _083_ (net)
                  0.10    0.00    2.04 ^ _182_/A (sky130_fd_sc_hd__clkinv_4)
    10    0.02    0.06    0.08    2.12 v _182_/Y (sky130_fd_sc_hd__clkinv_4)
                                         _000_ (net)
                  0.06    0.00    2.12 v _229_/A (sky130_fd_sc_hd__nor3_1)
     1    0.00    0.13    0.16    2.29 ^ _229_/Y (sky130_fd_sc_hd__nor3_1)
                                         _004_ (net)
                  0.13    0.00    2.29 ^ _335_/D (sky130_fd_sc_hd__dfrtp_1)
                                  2.29   data arrival time

                         10.00   10.00   clock core_clock (rise edge)
                          0.00   10.00   clock source latency
     1    0.01    0.00    0.00   10.00 ^ clk (in)
                                         clk (net)
                  0.00    0.00   10.00 ^ clkbuf_0_clk/A (sky130_fd_sc_hd__clkbuf_16)
     4    0.03    0.05    0.12   10.12 ^ clkbuf_0_clk/X (sky130_fd_sc_hd__clkbuf_16)
                                         clknet_0_clk (net)
                  0.05    0.00   10.12 ^ clkbuf_2_2__f_clk/A (sky130_fd_sc_hd__clkbuf_16)
    10    0.03    0.05    0.13   10.25 ^ clkbuf_2_2__f_clk/X (sky130_fd_sc_hd__clkbuf_16)
                                         clknet_2_2__leaf_clk (net)
                  0.05    0.00   10.26 ^ _335_/CLK (sky130_fd_sc_hd__dfrtp_1)
                          0.00   10.26   clock reconvergence pessimism
                         -0.08   10.18   library setup time
                                 10.18   data required time
-----------------------------------------------------------------------------
                                 10.18   data required time
                                 -2.29   data arrival time
-----------------------------------------------------------------------------
                                  7.89   slack (MET)


Startpoint: _336_ (rising edge-triggered flip-flop clocked by core_clock)
Endpoint: _338_ (rising edge-triggered flip-flop clocked by core_clock)
Path Group: core_clock
Path Type: max

Fanout     Cap    Slew   Delay    Time   Description
-----------------------------------------------------------------------------
                          0.00    0.00   clock core_clock (rise edge)
                          0.00    0.00   clock source latency
     1    0.01    0.00    0.00    0.00 ^ clk (in)
                                         clk (net)
                  0.00    0.00    0.00 ^ clkbuf_0_clk/A (sky130_fd_sc_hd__clkbuf_16)
     4    0.03    0.05    0.12    0.12 ^ clkbuf_0_clk/X (sky130_fd_sc_hd__clkbuf_16)
                                         clknet_0_clk (net)
                  0.05    0.00    0.12 ^ clkbuf_2_3__f_clk/A (sky130_fd_sc_hd__clkbuf_16)
    10    0.02    0.04    0.13    0.25 ^ clkbuf_2_3__f_clk/X (sky130_fd_sc_hd__clkbuf_16)
                                         clknet_2_3__leaf_clk (net)
                  0.04    0.00    0.25 ^ _336_/CLK (sky130_fd_sc_hd__dfrtp_4)
     6    0.01    0.07    0.48    0.72 v _336_/Q (sky130_fd_sc_hd__dfrtp_4)
                                         counter.one_second_counter[13] (net)
                  0.07    0.00    0.72 v _174_/D (sky130_fd_sc_hd__and4_1)
     2    0.01    0.05    0.22    0.95 v _174_/X (sky130_fd_sc_hd__and4_1)
                                         _076_ (net)
                  0.05    0.00    0.95 v _175_/D (sky130_fd_sc_hd__or4_1)
     1    0.00    0.10    0.42    1.36 v _175_/X (sky130_fd_sc_hd__or4_1)
                                         _077_ (net)
                  0.10    0.00    1.36 v _178_/A3 (sky130_fd_sc_hd__o31a_1)
     1    0.01    0.07    0.28    1.64 v _178_/X (sky130_fd_sc_hd__o31a_1)
                                         _080_ (net)
                  0.07    0.00    1.64 v _180_/A2 (sky130_fd_sc_hd__o211ai_4)
     2    0.01    0.19    0.20    1.85 ^ _180_/Y (sky130_fd_sc_hd__o211ai_4)
                                         _082_ (net)
                  0.19    0.00    1.85 ^ _181_/A2 (sky130_fd_sc_hd__a21bo_4)
    10    0.02    0.10    0.20    2.04 ^ _181_/X (sky130_fd_sc_hd__a21bo_4)
                                         _083_ (net)
                  0.10    0.00    2.04 ^ _182_/A (sky130_fd_sc_hd__clkinv_4)
    10    0.02    0.06    0.08    2.12 v _182_/Y (sky130_fd_sc_hd__clkinv_4)
                                         _000_ (net)
                  0.06    0.00    2.12 v _241_/C1 (sky130_fd_sc_hd__a211oi_1)
     1    0.00    0.16    0.15    2.28 ^ _241_/Y (sky130_fd_sc_hd__a211oi_1)
                                         _007_ (net)
                  0.16    0.00    2.28 ^ _338_/D (sky130_fd_sc_hd__dfrtp_1)
                                  2.28   data arrival time

                         10.00   10.00   clock core_clock (rise edge)
                          0.00   10.00   clock source latency
     1    0.01    0.00    0.00   10.00 ^ clk (in)
                                         clk (net)
                  0.00    0.00   10.00 ^ clkbuf_0_clk/A (sky130_fd_sc_hd__clkbuf_16)
     4    0.03    0.05    0.12   10.12 ^ clkbuf_0_clk/X (sky130_fd_sc_hd__clkbuf_16)
                                         clknet_0_clk (net)
                  0.05    0.00   10.12 ^ clkbuf_2_2__f_clk/A (sky130_fd_sc_hd__clkbuf_16)
    10    0.03    0.05    0.13   10.25 ^ clkbuf_2_2__f_clk/X (sky130_fd_sc_hd__clkbuf_16)
                                         clknet_2_2__leaf_clk (net)
                  0.05    0.00   10.25 ^ _338_/CLK (sky130_fd_sc_hd__dfrtp_1)
                          0.00   10.25   clock reconvergence pessimism
                         -0.09   10.17   library setup time
                                 10.17   data required time
-----------------------------------------------------------------------------
                                 10.17   data required time
                                 -2.28   data arrival time
-----------------------------------------------------------------------------
                                  7.89   slack (MET)


Startpoint: _336_ (rising edge-triggered flip-flop clocked by core_clock)
Endpoint: _340_ (rising edge-triggered flip-flop clocked by core_clock)
Path Group: core_clock
Path Type: max

Fanout     Cap    Slew   Delay    Time   Description
-----------------------------------------------------------------------------
                          0.00    0.00   clock core_clock (rise edge)
                          0.00    0.00   clock source latency
     1    0.01    0.00    0.00    0.00 ^ clk (in)
                                         clk (net)
                  0.00    0.00    0.00 ^ clkbuf_0_clk/A (sky130_fd_sc_hd__clkbuf_16)
     4    0.03    0.05    0.12    0.12 ^ clkbuf_0_clk/X (sky130_fd_sc_hd__clkbuf_16)
                                         clknet_0_clk (net)
                  0.05    0.00    0.12 ^ clkbuf_2_3__f_clk/A (sky130_fd_sc_hd__clkbuf_16)
    10    0.02    0.04    0.13    0.25 ^ clkbuf_2_3__f_clk/X (sky130_fd_sc_hd__clkbuf_16)
                                         clknet_2_3__leaf_clk (net)
                  0.04    0.00    0.25 ^ _336_/CLK (sky130_fd_sc_hd__dfrtp_4)
     6    0.01    0.07    0.48    0.72 v _336_/Q (sky130_fd_sc_hd__dfrtp_4)
                                         counter.one_second_counter[13] (net)
                  0.07    0.00    0.72 v _174_/D (sky130_fd_sc_hd__and4_1)
     2    0.01    0.05    0.22    0.95 v _174_/X (sky130_fd_sc_hd__and4_1)
                                         _076_ (net)
                  0.05    0.00    0.95 v _175_/D (sky130_fd_sc_hd__or4_1)
     1    0.00    0.10    0.42    1.36 v _175_/X (sky130_fd_sc_hd__or4_1)
                                         _077_ (net)
                  0.10    0.00    1.36 v _178_/A3 (sky130_fd_sc_hd__o31a_1)
     1    0.01    0.07    0.28    1.64 v _178_/X (sky130_fd_sc_hd__o31a_1)
                                         _080_ (net)
                  0.07    0.00    1.64 v _180_/A2 (sky130_fd_sc_hd__o211ai_4)
     2    0.01    0.19    0.20    1.85 ^ _180_/Y (sky130_fd_sc_hd__o211ai_4)
                                         _082_ (net)
                  0.19    0.00    1.85 ^ _181_/A2 (sky130_fd_sc_hd__a21bo_4)
    10    0.02    0.10    0.20    2.04 ^ _181_/X (sky130_fd_sc_hd__a21bo_4)
                                         _083_ (net)
                  0.10    0.00    2.04 ^ _182_/A (sky130_fd_sc_hd__clkinv_4)
    10    0.02    0.06    0.08    2.12 v _182_/Y (sky130_fd_sc_hd__clkinv_4)
                                         _000_ (net)
                  0.06    0.00    2.12 v _247_/A (sky130_fd_sc_hd__nor2_1)
     1    0.01    0.12    0.13    2.26 ^ _247_/Y (sky130_fd_sc_hd__nor2_1)
                                         _009_ (net)
                  0.12    0.00    2.26 ^ _340_/D (sky130_fd_sc_hd__dfrtp_4)
                                  2.26   data arrival time

                         10.00   10.00   clock core_clock (rise edge)
                          0.00   10.00   clock source latency
     1    0.01    0.00    0.00   10.00 ^ clk (in)
                                         clk (net)
                  0.00    0.00   10.00 ^ clkbuf_0_clk/A (sky130_fd_sc_hd__clkbuf_16)
     4    0.03    0.05    0.12   10.12 ^ clkbuf_0_clk/X (sky130_fd_sc_hd__clkbuf_16)
                                         clknet_0_clk (net)
                  0.05    0.00   10.12 ^ clkbuf_2_3__f_clk/A (sky130_fd_sc_hd__clkbuf_16)
    10    0.02    0.04    0.13   10.25 ^ clkbuf_2_3__f_clk/X (sky130_fd_sc_hd__clkbuf_16)
                                         clknet_2_3__leaf_clk (net)
                  0.04    0.00   10.25 ^ _340_/CLK (sky130_fd_sc_hd__dfrtp_4)
                          0.00   10.25   clock reconvergence pessimism
                         -0.08   10.17   library setup time
                                 10.17   data required time
-----------------------------------------------------------------------------
                                 10.17   data required time
                                 -2.26   data arrival time
-----------------------------------------------------------------------------
                                  7.91   slack (MET)


Startpoint: _336_ (rising edge-triggered flip-flop clocked by core_clock)
Endpoint: _347_ (rising edge-triggered flip-flop clocked by core_clock)
Path Group: core_clock
Path Type: max

Fanout     Cap    Slew   Delay    Time   Description
-----------------------------------------------------------------------------
                          0.00    0.00   clock core_clock (rise edge)
                          0.00    0.00   clock source latency
     1    0.01    0.00    0.00    0.00 ^ clk (in)
                                         clk (net)
                  0.00    0.00    0.00 ^ clkbuf_0_clk/A (sky130_fd_sc_hd__clkbuf_16)
     4    0.03    0.05    0.12    0.12 ^ clkbuf_0_clk/X (sky130_fd_sc_hd__clkbuf_16)
                                         clknet_0_clk (net)
                  0.05    0.00    0.12 ^ clkbuf_2_3__f_clk/A (sky130_fd_sc_hd__clkbuf_16)
    10    0.02    0.04    0.13    0.25 ^ clkbuf_2_3__f_clk/X (sky130_fd_sc_hd__clkbuf_16)
                                         clknet_2_3__leaf_clk (net)
                  0.04    0.00    0.25 ^ _336_/CLK (sky130_fd_sc_hd__dfrtp_4)
     6    0.01    0.07    0.48    0.72 v _336_/Q (sky130_fd_sc_hd__dfrtp_4)
                                         counter.one_second_counter[13] (net)
                  0.07    0.00    0.72 v _174_/D (sky130_fd_sc_hd__and4_1)
     2    0.01    0.05    0.22    0.95 v _174_/X (sky130_fd_sc_hd__and4_1)
                                         _076_ (net)
                  0.05    0.00    0.95 v _175_/D (sky130_fd_sc_hd__or4_1)
     1    0.00    0.10    0.42    1.36 v _175_/X (sky130_fd_sc_hd__or4_1)
                                         _077_ (net)
                  0.10    0.00    1.36 v _178_/A3 (sky130_fd_sc_hd__o31a_1)
     1    0.01    0.07    0.28    1.64 v _178_/X (sky130_fd_sc_hd__o31a_1)
                                         _080_ (net)
                  0.07    0.00    1.64 v _180_/A2 (sky130_fd_sc_hd__o211ai_4)
     2    0.01    0.19    0.20    1.85 ^ _180_/Y (sky130_fd_sc_hd__o211ai_4)
                                         _082_ (net)
                  0.19    0.00    1.85 ^ _181_/A2 (sky130_fd_sc_hd__a21bo_4)
    10    0.02    0.10    0.20    2.04 ^ _181_/X (sky130_fd_sc_hd__a21bo_4)
                                         _083_ (net)
                  0.10    0.00    2.04 ^ _182_/A (sky130_fd_sc_hd__clkinv_4)
    10    0.02    0.06    0.08    2.12 v _182_/Y (sky130_fd_sc_hd__clkinv_4)
                                         _000_ (net)
                  0.06    0.00    2.12 v _272_/A (sky130_fd_sc_hd__nor2_1)
     1    0.00    0.07    0.09    2.22 ^ _272_/Y (sky130_fd_sc_hd__nor2_1)
                                         _017_ (net)
                  0.07    0.00    2.22 ^ _347_/D (sky130_fd_sc_hd__dfrtp_4)
                                  2.22   data arrival time

                         10.00   10.00   clock core_clock (rise edge)
                          0.00   10.00   clock source latency
     1    0.01    0.00    0.00   10.00 ^ clk (in)
                                         clk (net)
                  0.00    0.00   10.00 ^ clkbuf_0_clk/A (sky130_fd_sc_hd__clkbuf_16)
     4    0.03    0.05    0.12   10.12 ^ clkbuf_0_clk/X (sky130_fd_sc_hd__clkbuf_16)
                                         clknet_0_clk (net)
                  0.05    0.00   10.12 ^ clkbuf_2_2__f_clk/A (sky130_fd_sc_hd__clkbuf_16)
    10    0.03    0.05    0.13   10.25 ^ clkbuf_2_2__f_clk/X (sky130_fd_sc_hd__clkbuf_16)
                                         clknet_2_2__leaf_clk (net)
                  0.05    0.00   10.26 ^ _347_/CLK (sky130_fd_sc_hd__dfrtp_4)
                          0.00   10.26   clock reconvergence pessimism
                         -0.07   10.19   library setup time
                                 10.19   data required time
-----------------------------------------------------------------------------
                                 10.19   data required time
                                 -2.22   data arrival time
-----------------------------------------------------------------------------
                                  7.97   slack (MET)


Startpoint: _336_ (rising edge-triggered flip-flop clocked by core_clock)
Endpoint: _323_ (rising edge-triggered flip-flop clocked by core_clock)
Path Group: core_clock
Path Type: max

Fanout     Cap    Slew   Delay    Time   Description
-----------------------------------------------------------------------------
                          0.00    0.00   clock core_clock (rise edge)
                          0.00    0.00   clock source latency
     1    0.01    0.00    0.00    0.00 ^ clk (in)
                                         clk (net)
                  0.00    0.00    0.00 ^ clkbuf_0_clk/A (sky130_fd_sc_hd__clkbuf_16)
     4    0.03    0.05    0.12    0.12 ^ clkbuf_0_clk/X (sky130_fd_sc_hd__clkbuf_16)
                                         clknet_0_clk (net)
                  0.05    0.00    0.12 ^ clkbuf_2_3__f_clk/A (sky130_fd_sc_hd__clkbuf_16)
    10    0.02    0.04    0.13    0.25 ^ clkbuf_2_3__f_clk/X (sky130_fd_sc_hd__clkbuf_16)
                                         clknet_2_3__leaf_clk (net)
                  0.04    0.00    0.25 ^ _336_/CLK (sky130_fd_sc_hd__dfrtp_4)
     6    0.01    0.07    0.48    0.72 v _336_/Q (sky130_fd_sc_hd__dfrtp_4)
                                         counter.one_second_counter[13] (net)
                  0.07    0.00    0.72 v _174_/D (sky130_fd_sc_hd__and4_1)
     2    0.01    0.05    0.22    0.95 v _174_/X (sky130_fd_sc_hd__and4_1)
                                         _076_ (net)
                  0.05    0.00    0.95 v _175_/D (sky130_fd_sc_hd__or4_1)
     1    0.00    0.10    0.42    1.36 v _175_/X (sky130_fd_sc_hd__or4_1)
                                         _077_ (net)
                  0.10    0.00    1.36 v _178_/A3 (sky130_fd_sc_hd__o31a_1)
     1    0.01    0.07    0.28    1.64 v _178_/X (sky130_fd_sc_hd__o31a_1)
                                         _080_ (net)
                  0.07    0.00    1.64 v _180_/A2 (sky130_fd_sc_hd__o211ai_4)
     2    0.01    0.19    0.20    1.85 ^ _180_/Y (sky130_fd_sc_hd__o211ai_4)
                                         _082_ (net)
                  0.19    0.00    1.85 ^ _181_/A2 (sky130_fd_sc_hd__a21bo_4)
    10    0.02    0.10    0.20    2.04 ^ _181_/X (sky130_fd_sc_hd__a21bo_4)
                                         _083_ (net)
                  0.10    0.00    2.04 ^ _182_/A (sky130_fd_sc_hd__clkinv_4)
    10    0.02    0.06    0.08    2.12 v _182_/Y (sky130_fd_sc_hd__clkinv_4)
                                         _000_ (net)
                  0.06    0.00    2.12 v _183_/B (sky130_fd_sc_hd__nor2_1)
     1    0.00    0.07    0.08    2.20 ^ _183_/Y (sky130_fd_sc_hd__nor2_1)
                                         _001_ (net)
                  0.07    0.00    2.20 ^ _323_/D (sky130_fd_sc_hd__dfrtp_4)
                                  2.20   data arrival time

                         10.00   10.00   clock core_clock (rise edge)
                          0.00   10.00   clock source latency
     1    0.01    0.00    0.00   10.00 ^ clk (in)
                                         clk (net)
                  0.00    0.00   10.00 ^ clkbuf_0_clk/A (sky130_fd_sc_hd__clkbuf_16)
     4    0.03    0.05    0.12   10.12 ^ clkbuf_0_clk/X (sky130_fd_sc_hd__clkbuf_16)
                                         clknet_0_clk (net)
                  0.05    0.00   10.12 ^ clkbuf_2_3__f_clk/A (sky130_fd_sc_hd__clkbuf_16)
    10    0.02    0.04    0.13   10.25 ^ clkbuf_2_3__f_clk/X (sky130_fd_sc_hd__clkbuf_16)
                                         clknet_2_3__leaf_clk (net)
                  0.04    0.00   10.25 ^ _323_/CLK (sky130_fd_sc_hd__dfrtp_4)
                          0.00   10.25   clock reconvergence pessimism
                         -0.07   10.18   library setup time
                                 10.18   data required time
-----------------------------------------------------------------------------
                                 10.18   data required time
                                 -2.20   data arrival time
-----------------------------------------------------------------------------
                                  7.98   slack (MET)


Startpoint: _336_ (rising edge-triggered flip-flop clocked by core_clock)
Endpoint: _322_ (rising edge-triggered flip-flop clocked by core_clock)
Path Group: core_clock
Path Type: max

Fanout     Cap    Slew   Delay    Time   Description
-----------------------------------------------------------------------------
                          0.00    0.00   clock core_clock (rise edge)
                          0.00    0.00   clock source latency
     1    0.01    0.00    0.00    0.00 ^ clk (in)
                                         clk (net)
                  0.00    0.00    0.00 ^ clkbuf_0_clk/A (sky130_fd_sc_hd__clkbuf_16)
     4    0.03    0.05    0.12    0.12 ^ clkbuf_0_clk/X (sky130_fd_sc_hd__clkbuf_16)
                                         clknet_0_clk (net)
                  0.05    0.00    0.12 ^ clkbuf_2_3__f_clk/A (sky130_fd_sc_hd__clkbuf_16)
    10    0.02    0.04    0.13    0.25 ^ clkbuf_2_3__f_clk/X (sky130_fd_sc_hd__clkbuf_16)
                                         clknet_2_3__leaf_clk (net)
                  0.04    0.00    0.25 ^ _336_/CLK (sky130_fd_sc_hd__dfrtp_4)
     6    0.01    0.07    0.48    0.72 v _336_/Q (sky130_fd_sc_hd__dfrtp_4)
                                         counter.one_second_counter[13] (net)
                  0.07    0.00    0.72 v _174_/D (sky130_fd_sc_hd__and4_1)
     2    0.01    0.05    0.22    0.95 v _174_/X (sky130_fd_sc_hd__and4_1)
                                         _076_ (net)
                  0.05    0.00    0.95 v _175_/D (sky130_fd_sc_hd__or4_1)
     1    0.00    0.10    0.42    1.36 v _175_/X (sky130_fd_sc_hd__or4_1)
                                         _077_ (net)
                  0.10    0.00    1.36 v _178_/A3 (sky130_fd_sc_hd__o31a_1)
     1    0.01    0.07    0.28    1.64 v _178_/X (sky130_fd_sc_hd__o31a_1)
                                         _080_ (net)
                  0.07    0.00    1.64 v _180_/A2 (sky130_fd_sc_hd__o211ai_4)
     2    0.01    0.19    0.20    1.85 ^ _180_/Y (sky130_fd_sc_hd__o211ai_4)
                                         _082_ (net)
                  0.19    0.00    1.85 ^ _181_/A2 (sky130_fd_sc_hd__a21bo_4)
    10    0.02    0.10    0.20    2.04 ^ _181_/X (sky130_fd_sc_hd__a21bo_4)
                                         _083_ (net)
                  0.10    0.00    2.04 ^ _182_/A (sky130_fd_sc_hd__clkinv_4)
    10    0.02    0.06    0.08    2.12 v _182_/Y (sky130_fd_sc_hd__clkinv_4)
                                         _000_ (net)
                  0.06    0.00    2.12 v _322_/D (sky130_fd_sc_hd__dfrtp_4)
                                  2.12   data arrival time

                         10.00   10.00   clock core_clock (rise edge)
                          0.00   10.00   clock source latency
     1    0.01    0.00    0.00   10.00 ^ clk (in)
                                         clk (net)
                  0.00    0.00   10.00 ^ clkbuf_0_clk/A (sky130_fd_sc_hd__clkbuf_16)
     4    0.03    0.05    0.12   10.12 ^ clkbuf_0_clk/X (sky130_fd_sc_hd__clkbuf_16)
                                         clknet_0_clk (net)
                  0.05    0.00   10.12 ^ clkbuf_2_0__f_clk/A (sky130_fd_sc_hd__clkbuf_16)
     7    0.02    0.04    0.13   10.25 ^ clkbuf_2_0__f_clk/X (sky130_fd_sc_hd__clkbuf_16)
                                         clknet_2_0__leaf_clk (net)
                  0.04    0.00   10.25 ^ _322_/CLK (sky130_fd_sc_hd__dfrtp_4)
                          0.00   10.25   clock reconvergence pessimism
                         -0.12   10.13   library setup time
                                 10.13   data required time
-----------------------------------------------------------------------------
                                 10.13   data required time
                                 -2.12   data arrival time
-----------------------------------------------------------------------------
                                  8.00   slack (MET)


Startpoint: _350_ (rising edge-triggered flip-flop clocked by core_clock)
Endpoint: _353_ (rising edge-triggered flip-flop clocked by core_clock)
Path Group: core_clock
Path Type: max

Fanout     Cap    Slew   Delay    Time   Description
-----------------------------------------------------------------------------
                          0.00    0.00   clock core_clock (rise edge)
                          0.00    0.00   clock source latency
     1    0.01    0.00    0.00    0.00 ^ clk (in)
                                         clk (net)
                  0.00    0.00    0.00 ^ clkbuf_0_clk/A (sky130_fd_sc_hd__clkbuf_16)
     4    0.03    0.05    0.12    0.12 ^ clkbuf_0_clk/X (sky130_fd_sc_hd__clkbuf_16)
                                         clknet_0_clk (net)
                  0.05    0.00    0.12 ^ clkbuf_2_1__f_clk/A (sky130_fd_sc_hd__clkbuf_16)
     8    0.03    0.05    0.13    0.25 ^ clkbuf_2_1__f_clk/X (sky130_fd_sc_hd__clkbuf_16)
                                         clknet_2_1__leaf_clk (net)
                  0.05    0.00    0.26 ^ _350_/CLK (sky130_fd_sc_hd__dfrtp_4)
     7    0.02    0.08    0.49    0.75 v _350_/Q (sky130_fd_sc_hd__dfrtp_4)
                                         counter.count[0] (net)
                  0.08    0.00    0.75 v _158_/C (sky130_fd_sc_hd__and3_1)
     3    0.02    0.10    0.25    1.00 v _158_/X (sky130_fd_sc_hd__and3_1)
                                         _064_ (net)
                  0.10    0.00    1.00 v _159_/B (sky130_fd_sc_hd__and2_1)
     2    0.01    0.07    0.22    1.21 v _159_/X (sky130_fd_sc_hd__and2_1)
                                         _065_ (net)
                  0.07    0.00    1.21 v _160_/B (sky130_fd_sc_hd__xor2_1)
     1    0.00    0.06    0.16    1.37 v _160_/X (sky130_fd_sc_hd__xor2_1)
                                         _063_ (net)
                  0.06    0.00    1.37 v _353_/D (sky130_fd_sc_hd__dfrtp_4)
                                  1.37   data arrival time

                         10.00   10.00   clock core_clock (rise edge)
                          0.00   10.00   clock source latency
     1    0.01    0.00    0.00   10.00 ^ clk (in)
                                         clk (net)
                  0.00    0.00   10.00 ^ clkbuf_0_clk/A (sky130_fd_sc_hd__clkbuf_16)
     4    0.03    0.05    0.12   10.12 ^ clkbuf_0_clk/X (sky130_fd_sc_hd__clkbuf_16)
                                         clknet_0_clk (net)
                  0.05    0.00   10.12 ^ clkbuf_2_3__f_clk/A (sky130_fd_sc_hd__clkbuf_16)
    10    0.02    0.04    0.13   10.25 ^ clkbuf_2_3__f_clk/X (sky130_fd_sc_hd__clkbuf_16)
                                         clknet_2_3__leaf_clk (net)
                  0.04    0.00   10.25 ^ _353_/CLK (sky130_fd_sc_hd__dfrtp_4)
                          0.00   10.25   clock reconvergence pessimism
                         -0.12   10.12   library setup time
                                 10.12   data required time
-----------------------------------------------------------------------------
                                 10.12   data required time
                                 -1.37   data arrival time
-----------------------------------------------------------------------------
                                  8.75   slack (MET)


Startpoint: _350_ (rising edge-triggered flip-flop clocked by core_clock)
Endpoint: _352_ (rising edge-triggered flip-flop clocked by core_clock)
Path Group: core_clock
Path Type: max

Fanout     Cap    Slew   Delay    Time   Description
-----------------------------------------------------------------------------
                          0.00    0.00   clock core_clock (rise edge)
                          0.00    0.00   clock source latency
     1    0.01    0.00    0.00    0.00 ^ clk (in)
                                         clk (net)
                  0.00    0.00    0.00 ^ clkbuf_0_clk/A (sky130_fd_sc_hd__clkbuf_16)
     4    0.03    0.05    0.12    0.12 ^ clkbuf_0_clk/X (sky130_fd_sc_hd__clkbuf_16)
                                         clknet_0_clk (net)
                  0.05    0.00    0.12 ^ clkbuf_2_1__f_clk/A (sky130_fd_sc_hd__clkbuf_16)
     8    0.03    0.05    0.13    0.25 ^ clkbuf_2_1__f_clk/X (sky130_fd_sc_hd__clkbuf_16)
                                         clknet_2_1__leaf_clk (net)
                  0.05    0.00    0.26 ^ _350_/CLK (sky130_fd_sc_hd__dfrtp_4)
     7    0.02    0.08    0.49    0.75 v _350_/Q (sky130_fd_sc_hd__dfrtp_4)
                                         counter.count[0] (net)
                  0.08    0.00    0.75 v _158_/C (sky130_fd_sc_hd__and3_1)
     3    0.02    0.10    0.25    1.00 v _158_/X (sky130_fd_sc_hd__and3_1)
                                         _064_ (net)
                  0.10    0.00    1.00 v _159_/B (sky130_fd_sc_hd__and2_1)
     2    0.01    0.07    0.22    1.21 v _159_/X (sky130_fd_sc_hd__and2_1)
                                         _065_ (net)
                  0.07    0.00    1.21 v _164_/C1 (sky130_fd_sc_hd__a211oi_1)
     1    0.00    0.17    0.17    1.38 ^ _164_/Y (sky130_fd_sc_hd__a211oi_1)
                                         _062_ (net)
                  0.17    0.00    1.38 ^ _352_/D (sky130_fd_sc_hd__dfrtp_4)
                                  1.38   data arrival time

                         10.00   10.00   clock core_clock (rise edge)
                          0.00   10.00   clock source latency
     1    0.01    0.00    0.00   10.00 ^ clk (in)
                                         clk (net)
                  0.00    0.00   10.00 ^ clkbuf_0_clk/A (sky130_fd_sc_hd__clkbuf_16)
     4    0.03    0.05    0.12   10.12 ^ clkbuf_0_clk/X (sky130_fd_sc_hd__clkbuf_16)
                                         clknet_0_clk (net)
                  0.05    0.00   10.12 ^ clkbuf_2_3__f_clk/A (sky130_fd_sc_hd__clkbuf_16)
    10    0.02    0.04    0.13   10.25 ^ clkbuf_2_3__f_clk/X (sky130_fd_sc_hd__clkbuf_16)
                                         clknet_2_3__leaf_clk (net)
                  0.04    0.00   10.25 ^ _352_/CLK (sky130_fd_sc_hd__dfrtp_4)
                          0.00   10.25   clock reconvergence pessimism
                         -0.09   10.15   library setup time
                                 10.15   data required time
-----------------------------------------------------------------------------
                                 10.15   data required time
                                 -1.38   data arrival time
-----------------------------------------------------------------------------
                                  8.77   slack (MET)


Startpoint: _353_ (rising edge-triggered flip-flop clocked by core_clock)
Endpoint: _350_ (rising edge-triggered flip-flop clocked by core_clock)
Path Group: core_clock
Path Type: max

Fanout     Cap    Slew   Delay    Time   Description
-----------------------------------------------------------------------------
                          0.00    0.00   clock core_clock (rise edge)
                          0.00    0.00   clock source latency
     1    0.01    0.00    0.00    0.00 ^ clk (in)
                                         clk (net)
                  0.00    0.00    0.00 ^ clkbuf_0_clk/A (sky130_fd_sc_hd__clkbuf_16)
     4    0.03    0.05    0.12    0.12 ^ clkbuf_0_clk/X (sky130_fd_sc_hd__clkbuf_16)
                                         clknet_0_clk (net)
                  0.05    0.00    0.12 ^ clkbuf_2_3__f_clk/A (sky130_fd_sc_hd__clkbuf_16)
    10    0.02    0.04    0.13    0.25 ^ clkbuf_2_3__f_clk/X (sky130_fd_sc_hd__clkbuf_16)
                                         clknet_2_3__leaf_clk (net)
                  0.04    0.00    0.25 ^ _353_/CLK (sky130_fd_sc_hd__dfrtp_4)
     4    0.02    0.07    0.49    0.74 v _353_/Q (sky130_fd_sc_hd__dfrtp_4)
                                         counter.count[3] (net)
                  0.07    0.00    0.74 v _161_/A (sky130_fd_sc_hd__nor3_2)
     4    0.01    0.24    0.26    1.00 ^ _161_/Y (sky130_fd_sc_hd__nor3_2)
                                         _066_ (net)
                  0.24    0.00    1.00 ^ _162_/B (sky130_fd_sc_hd__and2_1)
     3    0.01    0.09    0.19    1.19 ^ _162_/X (sky130_fd_sc_hd__and2_1)
                                         _067_ (net)
                  0.09    0.00    1.19 ^ _167_/B1 (sky130_fd_sc_hd__a21oi_1)
     1    0.00    0.05    0.05    1.24 v _167_/Y (sky130_fd_sc_hd__a21oi_1)
                                         _070_ (net)
                  0.05    0.00    1.24 v _168_/B1 (sky130_fd_sc_hd__o21a_1)
     1    0.00    0.03    0.10    1.34 v _168_/X (sky130_fd_sc_hd__o21a_1)
                                         _060_ (net)
                  0.03    0.00    1.34 v _350_/D (sky130_fd_sc_hd__dfrtp_4)
                                  1.34   data arrival time

                         10.00   10.00   clock core_clock (rise edge)
                          0.00   10.00   clock source latency
     1    0.01    0.00    0.00   10.00 ^ clk (in)
                                         clk (net)
                  0.00    0.00   10.00 ^ clkbuf_0_clk/A (sky130_fd_sc_hd__clkbuf_16)
     4    0.03    0.05    0.12   10.12 ^ clkbuf_0_clk/X (sky130_fd_sc_hd__clkbuf_16)
                                         clknet_0_clk (net)
                  0.05    0.00   10.12 ^ clkbuf_2_1__f_clk/A (sky130_fd_sc_hd__clkbuf_16)
     8    0.03    0.05    0.13   10.25 ^ clkbuf_2_1__f_clk/X (sky130_fd_sc_hd__clkbuf_16)
                                         clknet_2_1__leaf_clk (net)
                  0.05    0.00   10.26 ^ _350_/CLK (sky130_fd_sc_hd__dfrtp_4)
                          0.00   10.26   clock reconvergence pessimism
                         -0.11   10.15   library setup time
                                 10.15   data required time
-----------------------------------------------------------------------------
                                 10.15   data required time
                                 -1.34   data arrival time
-----------------------------------------------------------------------------
                                  8.81   slack (MET)


Startpoint: _350_ (rising edge-triggered flip-flop clocked by core_clock)
Endpoint: _351_ (rising edge-triggered flip-flop clocked by core_clock)
Path Group: core_clock
Path Type: max

Fanout     Cap    Slew   Delay    Time   Description
-----------------------------------------------------------------------------
                          0.00    0.00   clock core_clock (rise edge)
                          0.00    0.00   clock source latency
     1    0.01    0.00    0.00    0.00 ^ clk (in)
                                         clk (net)
                  0.00    0.00    0.00 ^ clkbuf_0_clk/A (sky130_fd_sc_hd__clkbuf_16)
     4    0.03    0.05    0.12    0.12 ^ clkbuf_0_clk/X (sky130_fd_sc_hd__clkbuf_16)
                                         clknet_0_clk (net)
                  0.05    0.00    0.12 ^ clkbuf_2_1__f_clk/A (sky130_fd_sc_hd__clkbuf_16)
     8    0.03    0.05    0.13    0.25 ^ clkbuf_2_1__f_clk/X (sky130_fd_sc_hd__clkbuf_16)
                                         clknet_2_1__leaf_clk (net)
                  0.05    0.00    0.26 ^ _350_/CLK (sky130_fd_sc_hd__dfrtp_4)
     7    0.02    0.08    0.49    0.75 v _350_/Q (sky130_fd_sc_hd__dfrtp_4)
                                         counter.count[0] (net)
                  0.08    0.00    0.75 v _158_/C (sky130_fd_sc_hd__and3_1)
     3    0.02    0.10    0.25    1.00 v _158_/X (sky130_fd_sc_hd__and3_1)
                                         _064_ (net)
                  0.10    0.00    1.00 v _166_/A (sky130_fd_sc_hd__nor2_1)
     1    0.01    0.12    0.15    1.15 ^ _166_/Y (sky130_fd_sc_hd__nor2_1)
                                         _061_ (net)
                  0.12    0.00    1.15 ^ _351_/D (sky130_fd_sc_hd__dfrtp_4)
                                  1.15   data arrival time

                         10.00   10.00   clock core_clock (rise edge)
                          0.00   10.00   clock source latency
     1    0.01    0.00    0.00   10.00 ^ clk (in)
                                         clk (net)
                  0.00    0.00   10.00 ^ clkbuf_0_clk/A (sky130_fd_sc_hd__clkbuf_16)
     4    0.03    0.05    0.12   10.12 ^ clkbuf_0_clk/X (sky130_fd_sc_hd__clkbuf_16)
                                         clknet_0_clk (net)
                  0.05    0.00   10.12 ^ clkbuf_2_0__f_clk/A (sky130_fd_sc_hd__clkbuf_16)
     7    0.02    0.04    0.13   10.25 ^ clkbuf_2_0__f_clk/X (sky130_fd_sc_hd__clkbuf_16)
                                         clknet_2_0__leaf_clk (net)
                  0.04    0.00   10.25 ^ _351_/CLK (sky130_fd_sc_hd__dfrtp_4)
                          0.00   10.25   clock reconvergence pessimism
                         -0.08   10.17   library setup time
                                 10.17   data required time
-----------------------------------------------------------------------------
                                 10.17   data required time
                                 -1.15   data arrival time
-----------------------------------------------------------------------------
                                  9.02   slack (MET)



worst slack corner Typical: 7.5585
max_report_end
checks_report

===========================================================================
report_checks -unconstrained
===========================================================================
======================= Typical Corner ===================================

Startpoint: _336_ (rising edge-triggered flip-flop clocked by core_clock)
Endpoint: _332_ (rising edge-triggered flip-flop clocked by core_clock)
Path Group: core_clock
Path Type: max

Fanout     Cap    Slew   Delay    Time   Description
-----------------------------------------------------------------------------
                          0.00    0.00   clock core_clock (rise edge)
                          0.00    0.00   clock source latency
     1    0.01    0.00    0.00    0.00 ^ clk (in)
                                         clk (net)
                  0.00    0.00    0.00 ^ clkbuf_0_clk/A (sky130_fd_sc_hd__clkbuf_16)
     4    0.03    0.05    0.12    0.12 ^ clkbuf_0_clk/X (sky130_fd_sc_hd__clkbuf_16)
                                         clknet_0_clk (net)
                  0.05    0.00    0.12 ^ clkbuf_2_3__f_clk/A (sky130_fd_sc_hd__clkbuf_16)
    10    0.02    0.04    0.13    0.25 ^ clkbuf_2_3__f_clk/X (sky130_fd_sc_hd__clkbuf_16)
                                         clknet_2_3__leaf_clk (net)
                  0.04    0.00    0.25 ^ _336_/CLK (sky130_fd_sc_hd__dfrtp_4)
     6    0.01    0.07    0.48    0.72 v _336_/Q (sky130_fd_sc_hd__dfrtp_4)
                                         counter.one_second_counter[13] (net)
                  0.07    0.00    0.72 v _174_/D (sky130_fd_sc_hd__and4_1)
     2    0.01    0.05    0.22    0.95 v _174_/X (sky130_fd_sc_hd__and4_1)
                                         _076_ (net)
                  0.05    0.00    0.95 v _175_/D (sky130_fd_sc_hd__or4_1)
     1    0.00    0.10    0.42    1.36 v _175_/X (sky130_fd_sc_hd__or4_1)
                                         _077_ (net)
                  0.10    0.00    1.36 v _178_/A3 (sky130_fd_sc_hd__o31a_1)
     1    0.01    0.07    0.28    1.64 v _178_/X (sky130_fd_sc_hd__o31a_1)
                                         _080_ (net)
                  0.07    0.00    1.64 v _180_/A2 (sky130_fd_sc_hd__o211ai_4)
     2    0.01    0.19    0.20    1.85 ^ _180_/Y (sky130_fd_sc_hd__o211ai_4)
                                         _082_ (net)
                  0.19    0.00    1.85 ^ _181_/A2 (sky130_fd_sc_hd__a21bo_4)
    10    0.02    0.10    0.20    2.04 ^ _181_/X (sky130_fd_sc_hd__a21bo_4)
                                         _083_ (net)
                  0.10    0.00    2.04 ^ _195_/A (sky130_fd_sc_hd__buf_2)
    10    0.04    0.18    0.22    2.27 ^ _195_/X (sky130_fd_sc_hd__buf_2)
                                         _092_ (net)
                  0.18    0.00    2.27 ^ _216_/A (sky130_fd_sc_hd__and3_1)
     1    0.01    0.08    0.20    2.47 ^ _216_/X (sky130_fd_sc_hd__and3_1)
                                         _108_ (net)
                  0.08    0.00    2.47 ^ _217_/A (sky130_fd_sc_hd__buf_1)
     1    0.01    0.11    0.14    2.61 ^ _217_/X (sky130_fd_sc_hd__buf_1)
                                         _027_ (net)
                  0.11    0.00    2.61 ^ _332_/D (sky130_fd_sc_hd__dfrtp_2)
                                  2.61   data arrival time

                         10.00   10.00   clock core_clock (rise edge)
                          0.00   10.00   clock source latency
     1    0.01    0.00    0.00   10.00 ^ clk (in)
                                         clk (net)
                  0.00    0.00   10.00 ^ clkbuf_0_clk/A (sky130_fd_sc_hd__clkbuf_16)
     4    0.03    0.05    0.12   10.12 ^ clkbuf_0_clk/X (sky130_fd_sc_hd__clkbuf_16)
                                         clknet_0_clk (net)
                  0.05    0.00   10.12 ^ clkbuf_2_3__f_clk/A (sky130_fd_sc_hd__clkbuf_16)
    10    0.02    0.04    0.13   10.25 ^ clkbuf_2_3__f_clk/X (sky130_fd_sc_hd__clkbuf_16)
                                         clknet_2_3__leaf_clk (net)
                  0.04    0.00   10.25 ^ _332_/CLK (sky130_fd_sc_hd__dfrtp_2)
                          0.00   10.25   clock reconvergence pessimism
                         -0.08   10.17   library setup time
                                 10.17   data required time
-----------------------------------------------------------------------------
                                 10.17   data required time
                                 -2.61   data arrival time
-----------------------------------------------------------------------------
                                  7.56   slack (MET)




===========================================================================
report_checks --slack_max -0.01
============================================================================
======================= Typical Corner ===================================

No paths found.


===========================================================================
 report_check_types -max_slew -max_cap -max_fanout -violators
============================================================================
======================= Typical Corner ===================================


max slew violations count Typical: 0
max fanout violations count Typical: 0
max cap violations count Typical: 0

===========================================================================
report_parasitic_annotation -report_unannotated
============================================================================
Found 11 unannotated drivers.
 TopModule_10/LO
 TopModule_11/LO
 TopModule_12/LO
 TopModule_13/LO
 TopModule_14/LO
 TopModule_15/LO
 TopModule_16/LO
 TopModule_9/HI
 clkload0/Y
 clkload1/Y
 clkload2/X
Found 110 partially unannotated drivers.
 clk
 rst
 _161_/Y
 _162_/X
 _167_/Y
 _168_/X
 _171_/X
 _172_/X
 _174_/X
 _175_/X
 _178_/X
 _180_/Y
 _181_/X
 _182_/Y
 _183_/Y
 _185_/X
 _187_/X
 _192_/X
 _197_/X
 _198_/X
 _201_/X
 _202_/Y
 _207_/Y
 _208_/Y
 _209_/X
 _210_/Y
 _211_/X
 _214_/X
 _218_/X
 _219_/Y
 _220_/X
 _222_/X
 _223_/X
 _224_/Y
 _225_/X
 _226_/X
 _229_/Y
 _231_/Y
 _232_/X
 _234_/X
 _235_/Y
 _237_/X
 _239_/X
 _240_/X
 _241_/Y
 _245_/X
 _247_/Y
 _249_/X
 _252_/X
 _253_/X
 _257_/X
 _258_/Y
 _261_/Y
 _267_/X
 _268_/Y
 _269_/X
 _270_/Y
 _271_/Y
 _272_/Y
 _273_/X
 _275_/X
 _276_/X
 _280_/Y
 _282_/X
 _285_/Y
 _289_/Y
 _290_/Y
 _291_/Y
 _292_/Y
 _294_/Y
 _298_/X
 _305_/Y
 _307_/Y
 _308_/Y
 _309_/X
 _310_/Y
 _312_/Y
 _313_/Y
 _315_/Y
 _316_/Y
 _318_/Y
 _323_/Q
 _324_/Q
 _327_/Q
 _329_/Q
 _330_/Q
 _332_/Q
 _335_/Q
 _336_/Q
 _337_/Q
 _338_/Q
 _339_/Q
 _340_/Q
 _341_/Q
 _342_/Q
 _343_/Q
 _344_/Q
 _345_/Q
 _346_/Q
 _347_/Q
 _348_/Q
 _349_/Q
 _350_/Q
 _352_/Q
 _353_/Q
 clkbuf_0_clk/X
 clkbuf_2_0__f_clk/X
 clkbuf_2_2__f_clk/X
 clkbuf_2_3__f_clk/X
 input1/X

===========================================================================
max slew violation count 0
max fanout violation count 0
max cap violation count 0
============================================================================

===========================================================================
check_setup -verbose -unconstrained_endpoints -multiple_clock -no_clock -no_input_delay -loops -generated_clocks
===========================================================================
Warning: There is 1 input port missing set_input_delay.
  rst
Warning: There are 15 unconstrained endpoints.
  an[0]
  an[1]
  an[2]
  an[3]
  an[4]
  an[5]
  an[6]
  an[7]
  seg[0]
  seg[1]
  seg[2]
  seg[3]
  seg[4]
  seg[5]
  seg[6]
checks_report_end
power_report

===========================================================================
 report_power
============================================================================
======================= Typical Corner ===================================

Group                  Internal  Switching    Leakage      Total
                          Power      Power      Power      Power (Watts)
----------------------------------------------------------------
Sequential             1.30e-04   0.00e+00   3.90e-10   1.30e-04  45.1%
Combinational          2.36e-14   6.29e-14   6.00e-10   6.01e-10   0.0%
Clock                  1.19e-04   3.94e-05   2.66e-10   1.58e-04  54.9%
Macro                  0.00e+00   0.00e+00   0.00e+00   0.00e+00   0.0%
Pad                    0.00e+00   0.00e+00   0.00e+00   0.00e+00   0.0%
----------------------------------------------------------------
Total                  2.49e-04   3.94e-05   1.26e-09   2.88e-04 100.0%
                          86.3%      13.7%       0.0%

power_report_end
skew_report

===========================================================================
report_clock_skew
============================================================================
Clock core_clock
   0.25 source latency _343_/CLK ^
  -0.26 target latency _347_/CLK ^
   0.00 CRPR
--------------
  -0.01 setup skew

skew_report_end
summary_report

===========================================================================
report_tns
============================================================================
tns 0.00

===========================================================================
report_wns
============================================================================
wns 0.00

===========================================================================
report_worst_slack -max (Setup)
============================================================================
worst slack 7.56

===========================================================================
report_worst_slack -min (Hold)
============================================================================
worst slack 0.50
summary_report_end
area_report

===========================================================================
report_design_area
============================================================================
Design area 2172 u^2 32% utilization.
area_report_end
check_nonpropagated_clocks
check_nonpropagated_clocks_end
[WARNING] Did not save OpenROAD database!
Writing SDF to '/openlane/designs/zero_to_five_counter/runs/RUN_2025.05.24_22.36.15/results/signoff/TopModule.sdf'…
Writing timing model to '/openlane/designs/zero_to_five_counter/runs/RUN_2025.05.24_22.36.15/results/signoff/TopModule.lib'…
