
===========================================================================
report_checks -path_delay max (Setup)
============================================================================
======================= Typical Corner ===================================

Startpoint: _1307_ (rising edge-triggered flip-flop clocked by core_clock)
Endpoint: _1362_ (rising edge-triggered flip-flop clocked by core_clock)
Path Group: core_clock
Path Type: max

Fanout     Cap    Slew   Delay    Time   Description
-----------------------------------------------------------------------------
                  0.00    0.00    0.00   clock core_clock (rise edge)
                          0.00    0.00   clock network delay (ideal)
                  0.00    0.00    0.00 ^ _1307_/CLK (sky130_fd_sc_hd__dfrtp_4)
     4    0.09    0.17    0.57    0.57 v _1307_/Q (sky130_fd_sc_hd__dfrtp_4)
                                         imem_inst.address[8] (net)
                  0.18    0.03    0.60 v _0967_/B (sky130_fd_sc_hd__or4_4)
     3    0.06    0.16    0.68    1.28 v _0967_/X (sky130_fd_sc_hd__or4_4)
                                         _0178_ (net)
                  0.16    0.01    1.28 v _0969_/C (sky130_fd_sc_hd__or4_4)
     7    0.12    0.24    0.72    2.00 v _0969_/X (sky130_fd_sc_hd__or4_4)
                                         _0180_ (net)
                  0.25    0.02    2.02 v _1000_/B (sky130_fd_sc_hd__or4_4)
     3    0.09    0.20    0.74    2.76 v _1000_/X (sky130_fd_sc_hd__or4_4)
                                         _0211_ (net)
                  0.20    0.01    2.77 v _1013_/A1 (sky130_fd_sc_hd__o31a_4)
     3    0.08    0.14    0.50    3.27 v _1013_/X (sky130_fd_sc_hd__o31a_4)
                                         _0224_ (net)
                  0.15    0.03    3.30 v _1020_/C (sky130_fd_sc_hd__or4_4)
     4    0.07    0.18    0.65    3.95 v _1020_/X (sky130_fd_sc_hd__or4_4)
                                         _0231_ (net)
                  0.18    0.01    3.96 v _1021_/D (sky130_fd_sc_hd__or4_4)
     5    0.11    0.23    0.64    4.60 v _1021_/X (sky130_fd_sc_hd__or4_4)
                                         _0232_ (net)
                  0.23    0.01    4.62 v _1024_/B (sky130_fd_sc_hd__or4b_4)
     1    0.02    0.11    0.62    5.24 v _1024_/X (sky130_fd_sc_hd__or4b_4)
                                         _0235_ (net)
                  0.11    0.00    5.24 v _1025_/A (sky130_fd_sc_hd__buf_8)
     5    0.10    0.08    0.20    5.43 v _1025_/X (sky130_fd_sc_hd__buf_8)
                                         _0236_ (net)
                  0.08    0.01    5.44 v _1031_/A2 (sky130_fd_sc_hd__o21a_4)
     2    0.06    0.10    0.28    5.72 v _1031_/X (sky130_fd_sc_hd__o21a_4)
                                         _0242_ (net)
                  0.11    0.02    5.74 v _1034_/C (sky130_fd_sc_hd__or3_4)
     2    0.06    0.14    0.45    6.19 v _1034_/X (sky130_fd_sc_hd__or3_4)
                                         _0245_ (net)
                  0.14    0.02    6.20 v _1035_/B (sky130_fd_sc_hd__and2_4)
     2    0.04    0.07    0.24    6.44 v _1035_/X (sky130_fd_sc_hd__and2_4)
                                         _0246_ (net)
                  0.07    0.01    6.45 v _1104_/A1 (sky130_fd_sc_hd__a32o_1)
     1    0.02    0.09    0.28    6.73 v _1104_/X (sky130_fd_sc_hd__a32o_1)
                                         _0315_ (net)
                  0.09    0.00    6.73 v _1105_/B1 (sky130_fd_sc_hd__a41o_1)
     1    0.01    0.09    0.27    7.00 v _1105_/X (sky130_fd_sc_hd__a41o_1)
                                         _0316_ (net)
                  0.09    0.00    7.00 v _1107_/A2 (sky130_fd_sc_hd__a21o_4)
     3    0.04    0.08    0.27    7.27 v _1107_/X (sky130_fd_sc_hd__a21o_4)
                                         _0318_ (net)
                  0.08    0.00    7.28 v _1117_/A1 (sky130_fd_sc_hd__a21o_4)
     3    0.05    0.09    0.26    7.54 v _1117_/X (sky130_fd_sc_hd__a21o_4)
                                         _0328_ (net)
                  0.09    0.01    7.55 v _1258_/A1 (sky130_fd_sc_hd__a21oi_4)
     2    0.04    0.29    0.28    7.84 ^ _1258_/Y (sky130_fd_sc_hd__a21oi_4)
                                         _0468_ (net)
                  0.29    0.00    7.84 ^ _1266_/A (sky130_fd_sc_hd__nand2_2)
     1    0.02    0.14    0.16    8.00 v _1266_/Y (sky130_fd_sc_hd__nand2_2)
                                         _0476_ (net)
                  0.14    0.00    8.00 v _1268_/A2 (sky130_fd_sc_hd__a32o_4)
     2    0.04    0.09    0.39    8.40 v _1268_/X (sky130_fd_sc_hd__a32o_4)
                                         _0478_ (net)
                  0.09    0.01    8.40 v _0852_/A1 (sky130_fd_sc_hd__mux2_4)
     1    0.04    0.10    0.34    8.74 v _0852_/X (sky130_fd_sc_hd__mux2_4)
                                         _0617_ (net)
                  0.10    0.01    8.75 v _0853_/A (sky130_fd_sc_hd__clkbuf_4)
     1    0.04    0.09    0.21    8.96 v _0853_/X (sky130_fd_sc_hd__clkbuf_4)
                                         _0111_ (net)
                  0.09    0.01    8.97 v _1362_/D (sky130_fd_sc_hd__dfxtp_1)
                                  8.97   data arrival time

                  0.00   15.00   15.00   clock core_clock (rise edge)
                          0.00   15.00   clock network delay (ideal)
                          0.00   15.00   clock reconvergence pessimism
                                 15.00 ^ _1362_/CLK (sky130_fd_sc_hd__dfxtp_1)
                         -0.14   14.86   library setup time
                                 14.86   data required time
-----------------------------------------------------------------------------
                                 14.86   data required time
                                 -8.97   data arrival time
-----------------------------------------------------------------------------
                                  5.89   slack (MET)


Startpoint: _1307_ (rising edge-triggered flip-flop clocked by core_clock)
Endpoint: _1361_ (rising edge-triggered flip-flop clocked by core_clock)
Path Group: core_clock
Path Type: max

Fanout     Cap    Slew   Delay    Time   Description
-----------------------------------------------------------------------------
                  0.00    0.00    0.00   clock core_clock (rise edge)
                          0.00    0.00   clock network delay (ideal)
                  0.00    0.00    0.00 ^ _1307_/CLK (sky130_fd_sc_hd__dfrtp_4)
     4    0.09    0.17    0.57    0.57 v _1307_/Q (sky130_fd_sc_hd__dfrtp_4)
                                         imem_inst.address[8] (net)
                  0.18    0.03    0.60 v _0967_/B (sky130_fd_sc_hd__or4_4)
     3    0.06    0.16    0.68    1.28 v _0967_/X (sky130_fd_sc_hd__or4_4)
                                         _0178_ (net)
                  0.16    0.01    1.28 v _0969_/C (sky130_fd_sc_hd__or4_4)
     7    0.12    0.24    0.72    2.00 v _0969_/X (sky130_fd_sc_hd__or4_4)
                                         _0180_ (net)
                  0.25    0.02    2.02 v _1000_/B (sky130_fd_sc_hd__or4_4)
     3    0.09    0.20    0.74    2.76 v _1000_/X (sky130_fd_sc_hd__or4_4)
                                         _0211_ (net)
                  0.20    0.01    2.77 v _1013_/A1 (sky130_fd_sc_hd__o31a_4)
     3    0.08    0.14    0.50    3.27 v _1013_/X (sky130_fd_sc_hd__o31a_4)
                                         _0224_ (net)
                  0.15    0.03    3.30 v _1020_/C (sky130_fd_sc_hd__or4_4)
     4    0.07    0.18    0.65    3.95 v _1020_/X (sky130_fd_sc_hd__or4_4)
                                         _0231_ (net)
                  0.18    0.01    3.96 v _1021_/D (sky130_fd_sc_hd__or4_4)
     5    0.11    0.23    0.64    4.60 v _1021_/X (sky130_fd_sc_hd__or4_4)
                                         _0232_ (net)
                  0.23    0.01    4.62 v _1024_/B (sky130_fd_sc_hd__or4b_4)
     1    0.02    0.11    0.62    5.24 v _1024_/X (sky130_fd_sc_hd__or4b_4)
                                         _0235_ (net)
                  0.11    0.00    5.24 v _1025_/A (sky130_fd_sc_hd__buf_8)
     5    0.10    0.08    0.20    5.43 v _1025_/X (sky130_fd_sc_hd__buf_8)
                                         _0236_ (net)
                  0.08    0.01    5.44 v _1031_/A2 (sky130_fd_sc_hd__o21a_4)
     2    0.06    0.10    0.28    5.72 v _1031_/X (sky130_fd_sc_hd__o21a_4)
                                         _0242_ (net)
                  0.11    0.02    5.74 v _1034_/C (sky130_fd_sc_hd__or3_4)
     2    0.06    0.14    0.45    6.19 v _1034_/X (sky130_fd_sc_hd__or3_4)
                                         _0245_ (net)
                  0.14    0.02    6.20 v _1035_/B (sky130_fd_sc_hd__and2_4)
     2    0.04    0.07    0.24    6.44 v _1035_/X (sky130_fd_sc_hd__and2_4)
                                         _0246_ (net)
                  0.07    0.01    6.45 v _1104_/A1 (sky130_fd_sc_hd__a32o_1)
     1    0.02    0.09    0.28    6.73 v _1104_/X (sky130_fd_sc_hd__a32o_1)
                                         _0315_ (net)
                  0.09    0.00    6.73 v _1105_/B1 (sky130_fd_sc_hd__a41o_1)
     1    0.01    0.09    0.27    7.00 v _1105_/X (sky130_fd_sc_hd__a41o_1)
                                         _0316_ (net)
                  0.09    0.00    7.00 v _1107_/A2 (sky130_fd_sc_hd__a21o_4)
     3    0.04    0.08    0.27    7.27 v _1107_/X (sky130_fd_sc_hd__a21o_4)
                                         _0318_ (net)
                  0.08    0.00    7.28 v _1117_/A1 (sky130_fd_sc_hd__a21o_4)
     3    0.05    0.09    0.26    7.54 v _1117_/X (sky130_fd_sc_hd__a21o_4)
                                         _0328_ (net)
                  0.09    0.00    7.55 v _1125_/A (sky130_fd_sc_hd__or2_2)
     1    0.02    0.10    0.37    7.91 v _1125_/X (sky130_fd_sc_hd__or2_2)
                                         _0336_ (net)
                  0.10    0.00    7.92 v _1128_/A3 (sky130_fd_sc_hd__a32o_4)
     2    0.04    0.09    0.39    8.31 v _1128_/X (sky130_fd_sc_hd__a32o_4)
                                         _0339_ (net)
                  0.09    0.00    8.31 v _0850_/A1 (sky130_fd_sc_hd__mux2_1)
     1    0.01    0.08    0.34    8.65 v _0850_/X (sky130_fd_sc_hd__mux2_1)
                                         _0616_ (net)
                  0.08    0.00    8.65 v _0851_/A (sky130_fd_sc_hd__clkbuf_2)
     1    0.02    0.10    0.18    8.82 v _0851_/X (sky130_fd_sc_hd__clkbuf_2)
                                         _0110_ (net)
                  0.10    0.00    8.83 v _1361_/D (sky130_fd_sc_hd__dfxtp_4)
                                  8.83   data arrival time

                  0.00   15.00   15.00   clock core_clock (rise edge)
                          0.00   15.00   clock network delay (ideal)
                          0.00   15.00   clock reconvergence pessimism
                                 15.00 ^ _1361_/CLK (sky130_fd_sc_hd__dfxtp_4)
                         -0.15   14.85   library setup time
                                 14.85   data required time
-----------------------------------------------------------------------------
                                 14.85   data required time
                                 -8.83   data arrival time
-----------------------------------------------------------------------------
                                  6.03   slack (MET)


Startpoint: _1307_ (rising edge-triggered flip-flop clocked by core_clock)
Endpoint: _1360_ (rising edge-triggered flip-flop clocked by core_clock)
Path Group: core_clock
Path Type: max

Fanout     Cap    Slew   Delay    Time   Description
-----------------------------------------------------------------------------
                  0.00    0.00    0.00   clock core_clock (rise edge)
                          0.00    0.00   clock network delay (ideal)
                  0.00    0.00    0.00 ^ _1307_/CLK (sky130_fd_sc_hd__dfrtp_4)
     4    0.09    0.17    0.57    0.57 v _1307_/Q (sky130_fd_sc_hd__dfrtp_4)
                                         imem_inst.address[8] (net)
                  0.18    0.03    0.60 v _0967_/B (sky130_fd_sc_hd__or4_4)
     3    0.06    0.16    0.68    1.28 v _0967_/X (sky130_fd_sc_hd__or4_4)
                                         _0178_ (net)
                  0.16    0.01    1.28 v _0969_/C (sky130_fd_sc_hd__or4_4)
     7    0.12    0.24    0.72    2.00 v _0969_/X (sky130_fd_sc_hd__or4_4)
                                         _0180_ (net)
                  0.25    0.02    2.02 v _1000_/B (sky130_fd_sc_hd__or4_4)
     3    0.09    0.20    0.74    2.76 v _1000_/X (sky130_fd_sc_hd__or4_4)
                                         _0211_ (net)
                  0.20    0.01    2.77 v _1013_/A1 (sky130_fd_sc_hd__o31a_4)
     3    0.08    0.14    0.50    3.27 v _1013_/X (sky130_fd_sc_hd__o31a_4)
                                         _0224_ (net)
                  0.15    0.03    3.30 v _1020_/C (sky130_fd_sc_hd__or4_4)
     4    0.07    0.18    0.65    3.95 v _1020_/X (sky130_fd_sc_hd__or4_4)
                                         _0231_ (net)
                  0.18    0.01    3.96 v _1021_/D (sky130_fd_sc_hd__or4_4)
     5    0.11    0.23    0.64    4.60 v _1021_/X (sky130_fd_sc_hd__or4_4)
                                         _0232_ (net)
                  0.23    0.01    4.62 v _1024_/B (sky130_fd_sc_hd__or4b_4)
     1    0.02    0.11    0.62    5.24 v _1024_/X (sky130_fd_sc_hd__or4b_4)
                                         _0235_ (net)
                  0.11    0.00    5.24 v _1025_/A (sky130_fd_sc_hd__buf_8)
     5    0.10    0.08    0.20    5.43 v _1025_/X (sky130_fd_sc_hd__buf_8)
                                         _0236_ (net)
                  0.08    0.01    5.44 v _1031_/A2 (sky130_fd_sc_hd__o21a_4)
     2    0.06    0.10    0.28    5.72 v _1031_/X (sky130_fd_sc_hd__o21a_4)
                                         _0242_ (net)
                  0.11    0.02    5.74 v _1034_/C (sky130_fd_sc_hd__or3_4)
     2    0.06    0.14    0.45    6.19 v _1034_/X (sky130_fd_sc_hd__or3_4)
                                         _0245_ (net)
                  0.14    0.02    6.20 v _1035_/B (sky130_fd_sc_hd__and2_4)
     2    0.04    0.07    0.24    6.44 v _1035_/X (sky130_fd_sc_hd__and2_4)
                                         _0246_ (net)
                  0.07    0.01    6.45 v _1104_/A1 (sky130_fd_sc_hd__a32o_1)
     1    0.02    0.09    0.28    6.73 v _1104_/X (sky130_fd_sc_hd__a32o_1)
                                         _0315_ (net)
                  0.09    0.00    6.73 v _1105_/B1 (sky130_fd_sc_hd__a41o_1)
     1    0.01    0.09    0.27    7.00 v _1105_/X (sky130_fd_sc_hd__a41o_1)
                                         _0316_ (net)
                  0.09    0.00    7.00 v _1107_/A2 (sky130_fd_sc_hd__a21o_4)
     3    0.04    0.08    0.27    7.27 v _1107_/X (sky130_fd_sc_hd__a21o_4)
                                         _0318_ (net)
                  0.08    0.00    7.28 v _1247_/A (sky130_fd_sc_hd__or2_2)
     1    0.03    0.11    0.38    7.66 v _1247_/X (sky130_fd_sc_hd__or2_2)
                                         _0457_ (net)
                  0.11    0.00    7.66 v _1248_/A3 (sky130_fd_sc_hd__a32o_4)
     2    0.07    0.12    0.44    8.10 v _1248_/X (sky130_fd_sc_hd__a32o_4)
                                         _0458_ (net)
                  0.12    0.01    8.10 v _0848_/A1 (sky130_fd_sc_hd__mux2_8)
     1    0.05    0.09    0.37    8.47 v _0848_/X (sky130_fd_sc_hd__mux2_8)
                                         _0615_ (net)
                  0.09    0.01    8.49 v _0849_/A (sky130_fd_sc_hd__clkbuf_4)
     1    0.05    0.10    0.22    8.71 v _0849_/X (sky130_fd_sc_hd__clkbuf_4)
                                         _0109_ (net)
                  0.10    0.01    8.72 v _1360_/D (sky130_fd_sc_hd__dfxtp_4)
                                  8.72   data arrival time

                  0.00   15.00   15.00   clock core_clock (rise edge)
                          0.00   15.00   clock network delay (ideal)
                          0.00   15.00   clock reconvergence pessimism
                                 15.00 ^ _1360_/CLK (sky130_fd_sc_hd__dfxtp_4)
                         -0.15   14.85   library setup time
                                 14.85   data required time
-----------------------------------------------------------------------------
                                 14.85   data required time
                                 -8.72   data arrival time
-----------------------------------------------------------------------------
                                  6.13   slack (MET)


Startpoint: _1307_ (rising edge-triggered flip-flop clocked by core_clock)
Endpoint: _1358_ (rising edge-triggered flip-flop clocked by core_clock)
Path Group: core_clock
Path Type: max

Fanout     Cap    Slew   Delay    Time   Description
-----------------------------------------------------------------------------
                  0.00    0.00    0.00   clock core_clock (rise edge)
                          0.00    0.00   clock network delay (ideal)
                  0.00    0.00    0.00 ^ _1307_/CLK (sky130_fd_sc_hd__dfrtp_4)
     4    0.09    0.17    0.57    0.57 v _1307_/Q (sky130_fd_sc_hd__dfrtp_4)
                                         imem_inst.address[8] (net)
                  0.18    0.03    0.60 v _0967_/B (sky130_fd_sc_hd__or4_4)
     3    0.06    0.16    0.68    1.28 v _0967_/X (sky130_fd_sc_hd__or4_4)
                                         _0178_ (net)
                  0.16    0.01    1.28 v _0969_/C (sky130_fd_sc_hd__or4_4)
     7    0.12    0.24    0.72    2.00 v _0969_/X (sky130_fd_sc_hd__or4_4)
                                         _0180_ (net)
                  0.25    0.02    2.02 v _1016_/A1 (sky130_fd_sc_hd__o41ai_4)
     3    0.04    0.59    0.69    2.71 ^ _1016_/Y (sky130_fd_sc_hd__o41ai_4)
                                         _0227_ (net)
                  0.59    0.00    2.71 ^ max_cap21/A (sky130_fd_sc_hd__buf_4)
     4    0.05    0.14    0.29    3.01 ^ max_cap21/X (sky130_fd_sc_hd__buf_4)
                                         net21 (net)
                  0.14    0.00    3.01 ^ _1134_/B1_N (sky130_fd_sc_hd__a21boi_4)
     6    0.11    0.75    0.65    3.65 ^ _1134_/Y (sky130_fd_sc_hd__a21boi_4)
                                         _0345_ (net)
                  0.75    0.02    3.67 ^ _1152_/B (sky130_fd_sc_hd__xor2_4)
     2    0.08    0.57    0.51    4.19 ^ _1152_/X (sky130_fd_sc_hd__xor2_4)
                                         _0363_ (net)
                  0.57    0.02    4.21 ^ _1153_/B (sky130_fd_sc_hd__xnor2_4)
     3    0.07    0.24    0.28    4.48 v _1153_/Y (sky130_fd_sc_hd__xnor2_4)
                                         _0364_ (net)
                  0.24    0.01    4.49 v _1156_/A2 (sky130_fd_sc_hd__a21o_4)
     3    0.06    0.10    0.37    4.86 v _1156_/X (sky130_fd_sc_hd__a21o_4)
                                         _0367_ (net)
                  0.10    0.01    4.87 v _1158_/A2 (sky130_fd_sc_hd__a21o_4)
     3    0.06    0.10    0.31    5.18 v _1158_/X (sky130_fd_sc_hd__a21o_4)
                                         _0369_ (net)
                  0.10    0.01    5.18 v _1163_/A1 (sky130_fd_sc_hd__a21o_4)
     3    0.06    0.10    0.29    5.48 v _1163_/X (sky130_fd_sc_hd__a21o_4)
                                         _0374_ (net)
                  0.10    0.02    5.49 v _1168_/A1 (sky130_fd_sc_hd__a21bo_4)
     2    0.05    0.10    0.29    5.79 v _1168_/X (sky130_fd_sc_hd__a21bo_4)
                                         _0379_ (net)
                  0.10    0.01    5.80 v _1170_/A2 (sky130_fd_sc_hd__a21o_4)
     1    0.04    0.09    0.28    6.08 v _1170_/X (sky130_fd_sc_hd__a21o_4)
                                         _0381_ (net)
                  0.09    0.01    6.09 v _1175_/A2 (sky130_fd_sc_hd__a31o_4)
     3    0.05    0.09    0.30    6.40 v _1175_/X (sky130_fd_sc_hd__a31o_4)
                                         _0386_ (net)
                  0.09    0.00    6.40 v _1185_/A1 (sky130_fd_sc_hd__a311oi_4)
     3    0.04    0.51    0.46    6.85 ^ _1185_/Y (sky130_fd_sc_hd__a311oi_4)
                                         _0396_ (net)
                  0.51    0.00    6.86 ^ max_cap14/A (sky130_fd_sc_hd__buf_4)
     1    0.04    0.11    0.26    7.12 ^ max_cap14/X (sky130_fd_sc_hd__buf_4)
                                         net14 (net)
                  0.11    0.01    7.13 ^ _1188_/A (sky130_fd_sc_hd__nor2_4)
     2    0.04    0.16    0.09    7.21 v _1188_/Y (sky130_fd_sc_hd__nor2_4)
                                         _0399_ (net)
                  0.16    0.01    7.22 v _1269_/B (sky130_fd_sc_hd__nor2_4)
     2    0.05    0.30    0.29    7.51 ^ _1269_/Y (sky130_fd_sc_hd__nor2_4)
                                         _0479_ (net)
                  0.30    0.00    7.51 ^ _1271_/B (sky130_fd_sc_hd__nand2_1)
     1    0.01    0.10    0.14    7.65 v _1271_/Y (sky130_fd_sc_hd__nand2_1)
                                         _0481_ (net)
                  0.10    0.00    7.65 v _1272_/A3 (sky130_fd_sc_hd__a32o_2)
     2    0.03    0.10    0.35    8.00 v _1272_/X (sky130_fd_sc_hd__a32o_2)
                                         _0482_ (net)
                  0.10    0.00    8.00 v _0844_/A1 (sky130_fd_sc_hd__mux2_1)
     1    0.01    0.10    0.37    8.37 v _0844_/X (sky130_fd_sc_hd__mux2_1)
                                         _0613_ (net)
                  0.10    0.00    8.37 v _0845_/A (sky130_fd_sc_hd__buf_2)
     1    0.03    0.08    0.20    8.57 v _0845_/X (sky130_fd_sc_hd__buf_2)
                                         _0107_ (net)
                  0.08    0.01    8.57 v _1358_/D (sky130_fd_sc_hd__dfxtp_4)
                                  8.57   data arrival time

                  0.00   15.00   15.00   clock core_clock (rise edge)
                          0.00   15.00   clock network delay (ideal)
                          0.00   15.00   clock reconvergence pessimism
                                 15.00 ^ _1358_/CLK (sky130_fd_sc_hd__dfxtp_4)
                         -0.14   14.86   library setup time
                                 14.86   data required time
-----------------------------------------------------------------------------
                                 14.86   data required time
                                 -8.57   data arrival time
-----------------------------------------------------------------------------
                                  6.29   slack (MET)


Startpoint: _1307_ (rising edge-triggered flip-flop clocked by core_clock)
Endpoint: _1359_ (rising edge-triggered flip-flop clocked by core_clock)
Path Group: core_clock
Path Type: max

Fanout     Cap    Slew   Delay    Time   Description
-----------------------------------------------------------------------------
                  0.00    0.00    0.00   clock core_clock (rise edge)
                          0.00    0.00   clock network delay (ideal)
                  0.00    0.00    0.00 ^ _1307_/CLK (sky130_fd_sc_hd__dfrtp_4)
     4    0.09    0.17    0.57    0.57 v _1307_/Q (sky130_fd_sc_hd__dfrtp_4)
                                         imem_inst.address[8] (net)
                  0.18    0.03    0.60 v _0967_/B (sky130_fd_sc_hd__or4_4)
     3    0.06    0.16    0.68    1.28 v _0967_/X (sky130_fd_sc_hd__or4_4)
                                         _0178_ (net)
                  0.16    0.01    1.28 v _0969_/C (sky130_fd_sc_hd__or4_4)
     7    0.12    0.24    0.72    2.00 v _0969_/X (sky130_fd_sc_hd__or4_4)
                                         _0180_ (net)
                  0.25    0.02    2.02 v _1000_/B (sky130_fd_sc_hd__or4_4)
     3    0.09    0.20    0.74    2.76 v _1000_/X (sky130_fd_sc_hd__or4_4)
                                         _0211_ (net)
                  0.20    0.01    2.77 v _1132_/C1 (sky130_fd_sc_hd__a311o_4)
     2    0.05    0.11    0.45    3.22 v _1132_/X (sky130_fd_sc_hd__a311o_4)
                                         _0343_ (net)
                  0.12    0.01    3.23 v _1136_/A2 (sky130_fd_sc_hd__a2111oi_4)
     3    0.02    0.45    0.53    3.76 ^ _1136_/Y (sky130_fd_sc_hd__a2111oi_4)
                                         _0347_ (net)
                  0.45    0.00    3.76 ^ _1137_/D_N (sky130_fd_sc_hd__or4b_4)
     4    0.10    0.22    0.70    4.46 v _1137_/X (sky130_fd_sc_hd__or4b_4)
                                         _0348_ (net)
                  0.22    0.03    4.48 v _1171_/B (sky130_fd_sc_hd__nor3_4)
     3    0.04    0.43    0.45    4.93 ^ _1171_/Y (sky130_fd_sc_hd__nor3_4)
                                         _0382_ (net)
                  0.43    0.00    4.94 ^ _1176_/A (sky130_fd_sc_hd__nand2_4)
     2    0.04    0.16    0.17    5.11 v _1176_/Y (sky130_fd_sc_hd__nand2_4)
                                         _0387_ (net)
                  0.16    0.00    5.11 v _1177_/A (sky130_fd_sc_hd__or2b_4)
     3    0.08    0.13    0.39    5.50 v _1177_/X (sky130_fd_sc_hd__or2b_4)
                                         _0388_ (net)
                  0.13    0.00    5.50 v _1211_/B (sky130_fd_sc_hd__or2_4)
     2    0.05    0.10    0.33    5.83 v _1211_/X (sky130_fd_sc_hd__or2_4)
                                         _0421_ (net)
                  0.11    0.01    5.84 v _1212_/B1 (sky130_fd_sc_hd__a21oi_4)
     4    0.07    0.49    0.42    6.26 ^ _1212_/Y (sky130_fd_sc_hd__a21oi_4)
                                         _0422_ (net)
                  0.49    0.00    6.26 ^ _1216_/B (sky130_fd_sc_hd__or3_4)
     2    0.06    0.19    0.33    6.60 ^ _1216_/X (sky130_fd_sc_hd__or3_4)
                                         _0426_ (net)
                  0.19    0.01    6.61 ^ _1218_/A (sky130_fd_sc_hd__nand2_8)
     3    0.06    0.10    0.12    6.73 v _1218_/Y (sky130_fd_sc_hd__nand2_8)
                                         _0428_ (net)
                  0.11    0.01    6.74 v _1222_/A1 (sky130_fd_sc_hd__o31ai_4)
     2    0.05    0.61    0.59    7.33 ^ _1222_/Y (sky130_fd_sc_hd__o31ai_4)
                                         _0432_ (net)
                  0.61    0.01    7.34 ^ _1223_/B (sky130_fd_sc_hd__nand2_1)
     1    0.01    0.17    0.22    7.56 v _1223_/Y (sky130_fd_sc_hd__nand2_1)
                                         _0433_ (net)
                  0.17    0.00    7.56 v _1225_/A2 (sky130_fd_sc_hd__a32o_4)
     2    0.03    0.08    0.40    7.96 v _1225_/X (sky130_fd_sc_hd__a32o_4)
                                         _0435_ (net)
                  0.08    0.01    7.96 v _0846_/A1 (sky130_fd_sc_hd__mux2_2)
     1    0.03    0.10    0.35    8.31 v _0846_/X (sky130_fd_sc_hd__mux2_2)
                                         _0614_ (net)
                  0.10    0.00    8.32 v _0847_/A (sky130_fd_sc_hd__clkbuf_4)
     1    0.04    0.09    0.22    8.53 v _0847_/X (sky130_fd_sc_hd__clkbuf_4)
                                         _0108_ (net)
                  0.09    0.01    8.54 v _1359_/D (sky130_fd_sc_hd__dfxtp_4)
                                  8.54   data arrival time

                  0.00   15.00   15.00   clock core_clock (rise edge)
                          0.00   15.00   clock network delay (ideal)
                          0.00   15.00   clock reconvergence pessimism
                                 15.00 ^ _1359_/CLK (sky130_fd_sc_hd__dfxtp_4)
                         -0.14   14.86   library setup time
                                 14.86   data required time
-----------------------------------------------------------------------------
                                 14.86   data required time
                                 -8.54   data arrival time
-----------------------------------------------------------------------------
                                  6.32   slack (MET)


Startpoint: _1302_ (rising edge-triggered flip-flop clocked by core_clock)
Endpoint: _1330_ (rising edge-triggered flip-flop clocked by core_clock)
Path Group: core_clock
Path Type: max

Fanout     Cap    Slew   Delay    Time   Description
-----------------------------------------------------------------------------
                  0.00    0.00    0.00   clock core_clock (rise edge)
                          0.00    0.00   clock network delay (ideal)
                  0.00    0.00    0.00 ^ _1302_/CLK (sky130_fd_sc_hd__dfrtp_4)
     5    0.12    0.35    0.62    0.62 ^ _1302_/Q (sky130_fd_sc_hd__dfrtp_4)
                                         imem_inst.address[3] (net)
                  0.35    0.01    0.63 ^ _0890_/A (sky130_fd_sc_hd__buf_12)
     9    0.16    0.19    0.26    0.89 ^ _0890_/X (sky130_fd_sc_hd__buf_12)
                                         _0131_ (net)
                  0.20    0.02    0.91 ^ _0891_/B (sky130_fd_sc_hd__and3_4)
     3    0.05    0.17    0.32    1.23 ^ _0891_/X (sky130_fd_sc_hd__and3_4)
                                         _0132_ (net)
                  0.17    0.00    1.23 ^ _0892_/B (sky130_fd_sc_hd__and2_4)
     4    0.10    0.28    0.34    1.57 ^ _0892_/X (sky130_fd_sc_hd__and2_4)
                                         _0133_ (net)
                  0.28    0.03    1.60 ^ _0893_/C (sky130_fd_sc_hd__and3_4)
     3    0.08    0.26    0.39    1.99 ^ _0893_/X (sky130_fd_sc_hd__and3_4)
                                         _0134_ (net)
                  0.26    0.01    2.00 ^ _0894_/B (sky130_fd_sc_hd__and2_4)
     4    0.10    0.30    0.38    2.38 ^ _0894_/X (sky130_fd_sc_hd__and2_4)
                                         _0135_ (net)
                  0.30    0.01    2.40 ^ _0895_/C (sky130_fd_sc_hd__and3_4)
     3    0.10    0.30    0.43    2.83 ^ _0895_/X (sky130_fd_sc_hd__and3_4)
                                         _0136_ (net)
                  0.30    0.02    2.85 ^ _0896_/B (sky130_fd_sc_hd__and2_4)
     4    0.08    0.22    0.34    3.19 ^ _0896_/X (sky130_fd_sc_hd__and2_4)
                                         _0137_ (net)
                  0.22    0.01    3.20 ^ _0897_/C (sky130_fd_sc_hd__and3_4)
     3    0.05    0.17    0.33    3.53 ^ _0897_/X (sky130_fd_sc_hd__and3_4)
                                         _0138_ (net)
                  0.17    0.00    3.53 ^ _0898_/B (sky130_fd_sc_hd__and2_4)
     4    0.08    0.24    0.31    3.85 ^ _0898_/X (sky130_fd_sc_hd__and2_4)
                                         _0139_ (net)
                  0.24    0.01    3.86 ^ _0899_/C (sky130_fd_sc_hd__and3_4)
     3    0.07    0.20    0.35    4.21 ^ _0899_/X (sky130_fd_sc_hd__and3_4)
                                         _0140_ (net)
                  0.20    0.01    4.22 ^ _0900_/B (sky130_fd_sc_hd__and2_4)
     4    0.09    0.25    0.33    4.55 ^ _0900_/X (sky130_fd_sc_hd__and2_4)
                                         _0141_ (net)
                  0.26    0.02    4.57 ^ _0901_/C (sky130_fd_sc_hd__and3_4)
     3    0.06    0.18    0.33    4.91 ^ _0901_/X (sky130_fd_sc_hd__and3_4)
                                         _0142_ (net)
                  0.18    0.01    4.92 ^ _0902_/B (sky130_fd_sc_hd__and2_4)
     4    0.09    0.27    0.35    5.27 ^ _0902_/X (sky130_fd_sc_hd__and2_4)
                                         _0143_ (net)
                  0.27    0.01    5.27 ^ _0903_/C (sky130_fd_sc_hd__and3_4)
     3    0.07    0.22    0.37    5.64 ^ _0903_/X (sky130_fd_sc_hd__and3_4)
                                         _0144_ (net)
                  0.22    0.01    5.66 ^ _0904_/B (sky130_fd_sc_hd__and2_4)
     4    0.06    0.18    0.30    5.95 ^ _0904_/X (sky130_fd_sc_hd__and2_4)
                                         _0145_ (net)
                  0.18    0.01    5.96 ^ _0905_/C (sky130_fd_sc_hd__and3_2)
     3    0.03    0.17    0.31    6.27 ^ _0905_/X (sky130_fd_sc_hd__and3_2)
                                         _0146_ (net)
                  0.17    0.00    6.27 ^ _0906_/B (sky130_fd_sc_hd__and2_4)
     4    0.07    0.22    0.30    6.58 ^ _0906_/X (sky130_fd_sc_hd__and2_4)
                                         _0147_ (net)
                  0.22    0.01    6.59 ^ _0907_/C (sky130_fd_sc_hd__and3_4)
     3    0.06    0.19    0.34    6.93 ^ _0907_/X (sky130_fd_sc_hd__and3_4)
                                         _0148_ (net)
                  0.19    0.00    6.93 ^ _0908_/B (sky130_fd_sc_hd__and2_4)
     4    0.09    0.25    0.33    7.26 ^ _0908_/X (sky130_fd_sc_hd__and2_4)
                                         _0149_ (net)
                  0.26    0.02    7.28 ^ _0909_/C (sky130_fd_sc_hd__and3_4)
     2    0.07    0.23    0.37    7.65 ^ _0909_/X (sky130_fd_sc_hd__and3_4)
                                         _0150_ (net)
                  0.23    0.02    7.67 ^ _0910_/B (sky130_fd_sc_hd__xor2_4)
     1    0.03    0.25    0.27    7.94 ^ _0910_/X (sky130_fd_sc_hd__xor2_4)
                                         _0079_ (net)
                  0.25    0.00    7.94 ^ _1330_/D (sky130_fd_sc_hd__dfrtp_4)
                                  7.94   data arrival time

                  0.00   15.00   15.00   clock core_clock (rise edge)
                          0.00   15.00   clock network delay (ideal)
                          0.00   15.00   clock reconvergence pessimism
                                 15.00 ^ _1330_/CLK (sky130_fd_sc_hd__dfrtp_4)
                         -0.12   14.88   library setup time
                                 14.88   data required time
-----------------------------------------------------------------------------
                                 14.88   data required time
                                 -7.94   data arrival time
-----------------------------------------------------------------------------
                                  6.94   slack (MET)


Startpoint: _1302_ (rising edge-triggered flip-flop clocked by core_clock)
Endpoint: _1329_ (rising edge-triggered flip-flop clocked by core_clock)
Path Group: core_clock
Path Type: max

Fanout     Cap    Slew   Delay    Time   Description
-----------------------------------------------------------------------------
                  0.00    0.00    0.00   clock core_clock (rise edge)
                          0.00    0.00   clock network delay (ideal)
                  0.00    0.00    0.00 ^ _1302_/CLK (sky130_fd_sc_hd__dfrtp_4)
     5    0.12    0.35    0.62    0.62 ^ _1302_/Q (sky130_fd_sc_hd__dfrtp_4)
                                         imem_inst.address[3] (net)
                  0.35    0.01    0.63 ^ _0890_/A (sky130_fd_sc_hd__buf_12)
     9    0.16    0.19    0.26    0.89 ^ _0890_/X (sky130_fd_sc_hd__buf_12)
                                         _0131_ (net)
                  0.20    0.02    0.91 ^ _0891_/B (sky130_fd_sc_hd__and3_4)
     3    0.05    0.17    0.32    1.23 ^ _0891_/X (sky130_fd_sc_hd__and3_4)
                                         _0132_ (net)
                  0.17    0.00    1.23 ^ _0892_/B (sky130_fd_sc_hd__and2_4)
     4    0.10    0.28    0.34    1.57 ^ _0892_/X (sky130_fd_sc_hd__and2_4)
                                         _0133_ (net)
                  0.28    0.03    1.60 ^ _0893_/C (sky130_fd_sc_hd__and3_4)
     3    0.08    0.26    0.39    1.99 ^ _0893_/X (sky130_fd_sc_hd__and3_4)
                                         _0134_ (net)
                  0.26    0.01    2.00 ^ _0894_/B (sky130_fd_sc_hd__and2_4)
     4    0.10    0.30    0.38    2.38 ^ _0894_/X (sky130_fd_sc_hd__and2_4)
                                         _0135_ (net)
                  0.30    0.01    2.40 ^ _0895_/C (sky130_fd_sc_hd__and3_4)
     3    0.10    0.30    0.43    2.83 ^ _0895_/X (sky130_fd_sc_hd__and3_4)
                                         _0136_ (net)
                  0.30    0.02    2.85 ^ _0896_/B (sky130_fd_sc_hd__and2_4)
     4    0.08    0.22    0.34    3.19 ^ _0896_/X (sky130_fd_sc_hd__and2_4)
                                         _0137_ (net)
                  0.22    0.01    3.20 ^ _0897_/C (sky130_fd_sc_hd__and3_4)
     3    0.05    0.17    0.33    3.53 ^ _0897_/X (sky130_fd_sc_hd__and3_4)
                                         _0138_ (net)
                  0.17    0.00    3.53 ^ _0898_/B (sky130_fd_sc_hd__and2_4)
     4    0.08    0.24    0.31    3.85 ^ _0898_/X (sky130_fd_sc_hd__and2_4)
                                         _0139_ (net)
                  0.24    0.01    3.86 ^ _0899_/C (sky130_fd_sc_hd__and3_4)
     3    0.07    0.20    0.35    4.21 ^ _0899_/X (sky130_fd_sc_hd__and3_4)
                                         _0140_ (net)
                  0.20    0.01    4.22 ^ _0900_/B (sky130_fd_sc_hd__and2_4)
     4    0.09    0.25    0.33    4.55 ^ _0900_/X (sky130_fd_sc_hd__and2_4)
                                         _0141_ (net)
                  0.26    0.02    4.57 ^ _0901_/C (sky130_fd_sc_hd__and3_4)
     3    0.06    0.18    0.33    4.91 ^ _0901_/X (sky130_fd_sc_hd__and3_4)
                                         _0142_ (net)
                  0.18    0.01    4.92 ^ _0902_/B (sky130_fd_sc_hd__and2_4)
     4    0.09    0.27    0.35    5.27 ^ _0902_/X (sky130_fd_sc_hd__and2_4)
                                         _0143_ (net)
                  0.27    0.01    5.27 ^ _0903_/C (sky130_fd_sc_hd__and3_4)
     3    0.07    0.22    0.37    5.64 ^ _0903_/X (sky130_fd_sc_hd__and3_4)
                                         _0144_ (net)
                  0.22    0.01    5.66 ^ _0904_/B (sky130_fd_sc_hd__and2_4)
     4    0.06    0.18    0.30    5.95 ^ _0904_/X (sky130_fd_sc_hd__and2_4)
                                         _0145_ (net)
                  0.18    0.01    5.96 ^ _0905_/C (sky130_fd_sc_hd__and3_2)
     3    0.03    0.17    0.31    6.27 ^ _0905_/X (sky130_fd_sc_hd__and3_2)
                                         _0146_ (net)
                  0.17    0.00    6.27 ^ _0906_/B (sky130_fd_sc_hd__and2_4)
     4    0.07    0.22    0.30    6.58 ^ _0906_/X (sky130_fd_sc_hd__and2_4)
                                         _0147_ (net)
                  0.22    0.01    6.59 ^ _0907_/C (sky130_fd_sc_hd__and3_4)
     3    0.06    0.19    0.34    6.93 ^ _0907_/X (sky130_fd_sc_hd__and3_4)
                                         _0148_ (net)
                  0.19    0.00    6.93 ^ _0908_/B (sky130_fd_sc_hd__and2_4)
     4    0.09    0.25    0.33    7.26 ^ _0908_/X (sky130_fd_sc_hd__and2_4)
                                         _0149_ (net)
                  0.26    0.02    7.28 ^ _0909_/C (sky130_fd_sc_hd__and3_4)
     2    0.07    0.23    0.37    7.65 ^ _0909_/X (sky130_fd_sc_hd__and3_4)
                                         _0150_ (net)
                  0.23    0.01    7.66 ^ _0912_/A (sky130_fd_sc_hd__nor2_2)
     1    0.02    0.09    0.13    7.78 v _0912_/Y (sky130_fd_sc_hd__nor2_2)
                                         _0078_ (net)
                  0.09    0.00    7.79 v _1329_/D (sky130_fd_sc_hd__dfrtp_4)
                                  7.79   data arrival time

                  0.00   15.00   15.00   clock core_clock (rise edge)
                          0.00   15.00   clock network delay (ideal)
                          0.00   15.00   clock reconvergence pessimism
                                 15.00 ^ _1329_/CLK (sky130_fd_sc_hd__dfrtp_4)
                         -0.14   14.86   library setup time
                                 14.86   data required time
-----------------------------------------------------------------------------
                                 14.86   data required time
                                 -7.79   data arrival time
-----------------------------------------------------------------------------
                                  7.07   slack (MET)


Startpoint: _1307_ (rising edge-triggered flip-flop clocked by core_clock)
Endpoint: _1357_ (rising edge-triggered flip-flop clocked by core_clock)
Path Group: core_clock
Path Type: max

Fanout     Cap    Slew   Delay    Time   Description
-----------------------------------------------------------------------------
                  0.00    0.00    0.00   clock core_clock (rise edge)
                          0.00    0.00   clock network delay (ideal)
                  0.00    0.00    0.00 ^ _1307_/CLK (sky130_fd_sc_hd__dfrtp_4)
     4    0.09    0.17    0.57    0.57 v _1307_/Q (sky130_fd_sc_hd__dfrtp_4)
                                         imem_inst.address[8] (net)
                  0.18    0.03    0.60 v _0967_/B (sky130_fd_sc_hd__or4_4)
     3    0.06    0.16    0.68    1.28 v _0967_/X (sky130_fd_sc_hd__or4_4)
                                         _0178_ (net)
                  0.16    0.01    1.28 v _0969_/C (sky130_fd_sc_hd__or4_4)
     7    0.12    0.24    0.72    2.00 v _0969_/X (sky130_fd_sc_hd__or4_4)
                                         _0180_ (net)
                  0.25    0.02    2.02 v _1000_/B (sky130_fd_sc_hd__or4_4)
     3    0.09    0.20    0.74    2.76 v _1000_/X (sky130_fd_sc_hd__or4_4)
                                         _0211_ (net)
                  0.20    0.01    2.77 v _1013_/A1 (sky130_fd_sc_hd__o31a_4)
     3    0.08    0.14    0.50    3.27 v _1013_/X (sky130_fd_sc_hd__o31a_4)
                                         _0224_ (net)
                  0.15    0.03    3.30 v _1020_/C (sky130_fd_sc_hd__or4_4)
     4    0.07    0.18    0.65    3.95 v _1020_/X (sky130_fd_sc_hd__or4_4)
                                         _0231_ (net)
                  0.18    0.01    3.96 v _1021_/D (sky130_fd_sc_hd__or4_4)
     5    0.11    0.23    0.64    4.60 v _1021_/X (sky130_fd_sc_hd__or4_4)
                                         _0232_ (net)
                  0.23    0.01    4.62 v _1024_/B (sky130_fd_sc_hd__or4b_4)
     1    0.02    0.11    0.62    5.24 v _1024_/X (sky130_fd_sc_hd__or4b_4)
                                         _0235_ (net)
                  0.11    0.00    5.24 v _1025_/A (sky130_fd_sc_hd__buf_8)
     5    0.10    0.08    0.20    5.43 v _1025_/X (sky130_fd_sc_hd__buf_8)
                                         _0236_ (net)
                  0.08    0.01    5.44 v _1039_/A (sky130_fd_sc_hd__clkinv_4)
     2    0.05    0.10    0.11    5.55 ^ _1039_/Y (sky130_fd_sc_hd__clkinv_4)
                                         _0250_ (net)
                  0.10    0.00    5.56 ^ _1043_/A1 (sky130_fd_sc_hd__o21a_4)
     2    0.05    0.16    0.23    5.79 ^ _1043_/X (sky130_fd_sc_hd__o21a_4)
                                         _0254_ (net)
                  0.17    0.01    5.80 ^ _1045_/A_N (sky130_fd_sc_hd__and2b_4)
     2    0.08    0.11    0.29    6.09 v _1045_/X (sky130_fd_sc_hd__and2b_4)
                                         _0256_ (net)
                  0.11    0.00    6.09 v _1053_/A (sky130_fd_sc_hd__and2_2)
     2    0.03    0.09    0.25    6.34 v _1053_/X (sky130_fd_sc_hd__and2_2)
                                         _0264_ (net)
                  0.09    0.00    6.34 v _0838_/A1 (sky130_fd_sc_hd__a21o_2)
     2    0.04    0.11    0.28    6.63 v _0838_/X (sky130_fd_sc_hd__a21o_2)
                                         _0608_ (net)
                  0.11    0.00    6.63 v _0840_/A2 (sky130_fd_sc_hd__a21o_2)
     1    0.03    0.10    0.30    6.93 v _0840_/X (sky130_fd_sc_hd__a21o_2)
                                         _0610_ (net)
                  0.10    0.00    6.93 v _0841_/A2 (sky130_fd_sc_hd__o21ai_4)
     1    0.04    0.30    0.29    7.22 ^ _0841_/Y (sky130_fd_sc_hd__o21ai_4)
                                         _0611_ (net)
                  0.30    0.01    7.22 ^ _0842_/A1 (sky130_fd_sc_hd__mux2_8)
     1    0.05    0.11    0.28    7.51 ^ _0842_/X (sky130_fd_sc_hd__mux2_8)
                                         _0612_ (net)
                  0.11    0.01    7.52 ^ _0843_/A (sky130_fd_sc_hd__clkbuf_4)
     1    0.04    0.13    0.22    7.74 ^ _0843_/X (sky130_fd_sc_hd__clkbuf_4)
                                         _0106_ (net)
                  0.13    0.01    7.75 ^ _1357_/D (sky130_fd_sc_hd__dfxtp_4)
                                  7.75   data arrival time

                  0.00   15.00   15.00   clock core_clock (rise edge)
                          0.00   15.00   clock network delay (ideal)
                          0.00   15.00   clock reconvergence pessimism
                                 15.00 ^ _1357_/CLK (sky130_fd_sc_hd__dfxtp_4)
                         -0.09   14.91   library setup time
                                 14.91   data required time
-----------------------------------------------------------------------------
                                 14.91   data required time
                                 -7.75   data arrival time
-----------------------------------------------------------------------------
                                  7.17   slack (MET)


Startpoint: _1302_ (rising edge-triggered flip-flop clocked by core_clock)
Endpoint: _1328_ (rising edge-triggered flip-flop clocked by core_clock)
Path Group: core_clock
Path Type: max

Fanout     Cap    Slew   Delay    Time   Description
-----------------------------------------------------------------------------
                  0.00    0.00    0.00   clock core_clock (rise edge)
                          0.00    0.00   clock network delay (ideal)
                  0.00    0.00    0.00 ^ _1302_/CLK (sky130_fd_sc_hd__dfrtp_4)
     5    0.12    0.35    0.62    0.62 ^ _1302_/Q (sky130_fd_sc_hd__dfrtp_4)
                                         imem_inst.address[3] (net)
                  0.35    0.01    0.63 ^ _0890_/A (sky130_fd_sc_hd__buf_12)
     9    0.16    0.19    0.26    0.89 ^ _0890_/X (sky130_fd_sc_hd__buf_12)
                                         _0131_ (net)
                  0.20    0.02    0.91 ^ _0891_/B (sky130_fd_sc_hd__and3_4)
     3    0.05    0.17    0.32    1.23 ^ _0891_/X (sky130_fd_sc_hd__and3_4)
                                         _0132_ (net)
                  0.17    0.00    1.23 ^ _0892_/B (sky130_fd_sc_hd__and2_4)
     4    0.10    0.28    0.34    1.57 ^ _0892_/X (sky130_fd_sc_hd__and2_4)
                                         _0133_ (net)
                  0.28    0.03    1.60 ^ _0893_/C (sky130_fd_sc_hd__and3_4)
     3    0.08    0.26    0.39    1.99 ^ _0893_/X (sky130_fd_sc_hd__and3_4)
                                         _0134_ (net)
                  0.26    0.01    2.00 ^ _0894_/B (sky130_fd_sc_hd__and2_4)
     4    0.10    0.30    0.38    2.38 ^ _0894_/X (sky130_fd_sc_hd__and2_4)
                                         _0135_ (net)
                  0.30    0.01    2.40 ^ _0895_/C (sky130_fd_sc_hd__and3_4)
     3    0.10    0.30    0.43    2.83 ^ _0895_/X (sky130_fd_sc_hd__and3_4)
                                         _0136_ (net)
                  0.30    0.02    2.85 ^ _0896_/B (sky130_fd_sc_hd__and2_4)
     4    0.08    0.22    0.34    3.19 ^ _0896_/X (sky130_fd_sc_hd__and2_4)
                                         _0137_ (net)
                  0.22    0.01    3.20 ^ _0897_/C (sky130_fd_sc_hd__and3_4)
     3    0.05    0.17    0.33    3.53 ^ _0897_/X (sky130_fd_sc_hd__and3_4)
                                         _0138_ (net)
                  0.17    0.00    3.53 ^ _0898_/B (sky130_fd_sc_hd__and2_4)
     4    0.08    0.24    0.31    3.85 ^ _0898_/X (sky130_fd_sc_hd__and2_4)
                                         _0139_ (net)
                  0.24    0.01    3.86 ^ _0899_/C (sky130_fd_sc_hd__and3_4)
     3    0.07    0.20    0.35    4.21 ^ _0899_/X (sky130_fd_sc_hd__and3_4)
                                         _0140_ (net)
                  0.20    0.01    4.22 ^ _0900_/B (sky130_fd_sc_hd__and2_4)
     4    0.09    0.25    0.33    4.55 ^ _0900_/X (sky130_fd_sc_hd__and2_4)
                                         _0141_ (net)
                  0.26    0.02    4.57 ^ _0901_/C (sky130_fd_sc_hd__and3_4)
     3    0.06    0.18    0.33    4.91 ^ _0901_/X (sky130_fd_sc_hd__and3_4)
                                         _0142_ (net)
                  0.18    0.01    4.92 ^ _0902_/B (sky130_fd_sc_hd__and2_4)
     4    0.09    0.27    0.35    5.27 ^ _0902_/X (sky130_fd_sc_hd__and2_4)
                                         _0143_ (net)
                  0.27    0.01    5.27 ^ _0903_/C (sky130_fd_sc_hd__and3_4)
     3    0.07    0.22    0.37    5.64 ^ _0903_/X (sky130_fd_sc_hd__and3_4)
                                         _0144_ (net)
                  0.22    0.01    5.66 ^ _0904_/B (sky130_fd_sc_hd__and2_4)
     4    0.06    0.18    0.30    5.95 ^ _0904_/X (sky130_fd_sc_hd__and2_4)
                                         _0145_ (net)
                  0.18    0.01    5.96 ^ _0905_/C (sky130_fd_sc_hd__and3_2)
     3    0.03    0.17    0.31    6.27 ^ _0905_/X (sky130_fd_sc_hd__and3_2)
                                         _0146_ (net)
                  0.17    0.00    6.27 ^ _0906_/B (sky130_fd_sc_hd__and2_4)
     4    0.07    0.22    0.30    6.58 ^ _0906_/X (sky130_fd_sc_hd__and2_4)
                                         _0147_ (net)
                  0.22    0.01    6.59 ^ _0907_/C (sky130_fd_sc_hd__and3_4)
     3    0.06    0.19    0.34    6.93 ^ _0907_/X (sky130_fd_sc_hd__and3_4)
                                         _0148_ (net)
                  0.19    0.00    6.93 ^ _0908_/B (sky130_fd_sc_hd__and2_4)
     4    0.09    0.25    0.33    7.26 ^ _0908_/X (sky130_fd_sc_hd__and2_4)
                                         _0149_ (net)
                  0.25    0.01    7.27 ^ _0913_/B (sky130_fd_sc_hd__xor2_2)
     1    0.02    0.25    0.27    7.54 ^ _0913_/X (sky130_fd_sc_hd__xor2_2)
                                         _0077_ (net)
                  0.25    0.00    7.54 ^ _1328_/D (sky130_fd_sc_hd__dfrtp_4)
                                  7.54   data arrival time

                  0.00   15.00   15.00   clock core_clock (rise edge)
                          0.00   15.00   clock network delay (ideal)
                          0.00   15.00   clock reconvergence pessimism
                                 15.00 ^ _1328_/CLK (sky130_fd_sc_hd__dfrtp_4)
                         -0.12   14.88   library setup time
                                 14.88   data required time
-----------------------------------------------------------------------------
                                 14.88   data required time
                                 -7.54   data arrival time
-----------------------------------------------------------------------------
                                  7.34   slack (MET)


Startpoint: _1307_ (rising edge-triggered flip-flop clocked by core_clock)
Endpoint: _1356_ (rising edge-triggered flip-flop clocked by core_clock)
Path Group: core_clock
Path Type: max

Fanout     Cap    Slew   Delay    Time   Description
-----------------------------------------------------------------------------
                  0.00    0.00    0.00   clock core_clock (rise edge)
                          0.00    0.00   clock network delay (ideal)
                  0.00    0.00    0.00 ^ _1307_/CLK (sky130_fd_sc_hd__dfrtp_4)
     4    0.09    0.17    0.57    0.57 v _1307_/Q (sky130_fd_sc_hd__dfrtp_4)
                                         imem_inst.address[8] (net)
                  0.18    0.03    0.60 v _0967_/B (sky130_fd_sc_hd__or4_4)
     3    0.06    0.16    0.68    1.28 v _0967_/X (sky130_fd_sc_hd__or4_4)
                                         _0178_ (net)
                  0.16    0.01    1.28 v _0969_/C (sky130_fd_sc_hd__or4_4)
     7    0.12    0.24    0.72    2.00 v _0969_/X (sky130_fd_sc_hd__or4_4)
                                         _0180_ (net)
                  0.25    0.02    2.02 v _1000_/B (sky130_fd_sc_hd__or4_4)
     3    0.09    0.20    0.74    2.76 v _1000_/X (sky130_fd_sc_hd__or4_4)
                                         _0211_ (net)
                  0.20    0.01    2.77 v _1013_/A1 (sky130_fd_sc_hd__o31a_4)
     3    0.08    0.14    0.50    3.27 v _1013_/X (sky130_fd_sc_hd__o31a_4)
                                         _0224_ (net)
                  0.15    0.03    3.30 v _1020_/C (sky130_fd_sc_hd__or4_4)
     4    0.07    0.18    0.65    3.95 v _1020_/X (sky130_fd_sc_hd__or4_4)
                                         _0231_ (net)
                  0.19    0.02    3.97 v _1055_/C (sky130_fd_sc_hd__or3_4)
     2    0.03    0.11    0.44    4.41 v _1055_/X (sky130_fd_sc_hd__or3_4)
                                         _0266_ (net)
                  0.11    0.00    4.41 v _1062_/B1 (sky130_fd_sc_hd__o21a_4)
     3    0.06    0.09    0.20    4.61 v _1062_/X (sky130_fd_sc_hd__o21a_4)
                                         _0273_ (net)
                  0.09    0.01    4.62 v _1063_/B (sky130_fd_sc_hd__xnor2_4)
     2    0.08    0.26    0.26    4.88 v _1063_/Y (sky130_fd_sc_hd__xnor2_4)
                                         _0274_ (net)
                  0.26    0.00    4.89 v _1092_/A1 (sky130_fd_sc_hd__o311a_4)
     1    0.03    0.09    0.50    5.38 v _1092_/X (sky130_fd_sc_hd__o311a_4)
                                         _0303_ (net)
                  0.09    0.01    5.39 v _1094_/A2 (sky130_fd_sc_hd__o21a_4)
     2    0.05    0.09    0.27    5.66 v _1094_/X (sky130_fd_sc_hd__o21a_4)
                                         _0305_ (net)
                  0.09    0.01    5.67 v _1101_/A1 (sky130_fd_sc_hd__o21ai_4)
     5    0.06    0.42    0.39    6.06 ^ _1101_/Y (sky130_fd_sc_hd__o21ai_4)
                                         _0312_ (net)
                  0.42    0.01    6.07 ^ _1249_/A2 (sky130_fd_sc_hd__a21oi_4)
     1    0.06    0.16    0.20    6.27 v _1249_/Y (sky130_fd_sc_hd__a21oi_4)
                                         _0459_ (net)
                  0.17    0.02    6.29 v _1250_/B (sky130_fd_sc_hd__xnor2_4)
     1    0.05    0.16    0.24    6.53 v _1250_/Y (sky130_fd_sc_hd__xnor2_4)
                                         _0460_ (net)
                  0.16    0.01    6.54 v _1251_/B2 (sky130_fd_sc_hd__a22o_4)
     2    0.04    0.09    0.32    6.87 v _1251_/X (sky130_fd_sc_hd__a22o_4)
                                         _0461_ (net)
                  0.09    0.00    6.87 v _0836_/A1 (sky130_fd_sc_hd__mux2_1)
     1    0.01    0.08    0.34    7.21 v _0836_/X (sky130_fd_sc_hd__mux2_1)
                                         _0607_ (net)
                  0.08    0.00    7.21 v _0837_/A (sky130_fd_sc_hd__clkbuf_4)
     1    0.04    0.10    0.21    7.42 v _0837_/X (sky130_fd_sc_hd__clkbuf_4)
                                         _0105_ (net)
                  0.10    0.01    7.43 v _1356_/D (sky130_fd_sc_hd__dfxtp_4)
                                  7.43   data arrival time

                  0.00   15.00   15.00   clock core_clock (rise edge)
                          0.00   15.00   clock network delay (ideal)
                          0.00   15.00   clock reconvergence pessimism
                                 15.00 ^ _1356_/CLK (sky130_fd_sc_hd__dfxtp_4)
                         -0.15   14.85   library setup time
                                 14.85   data required time
-----------------------------------------------------------------------------
                                 14.85   data required time
                                 -7.43   data arrival time
-----------------------------------------------------------------------------
                                  7.42   slack (MET)


Startpoint: _1302_ (rising edge-triggered flip-flop clocked by core_clock)
Endpoint: _1327_ (rising edge-triggered flip-flop clocked by core_clock)
Path Group: core_clock
Path Type: max

Fanout     Cap    Slew   Delay    Time   Description
-----------------------------------------------------------------------------
                  0.00    0.00    0.00   clock core_clock (rise edge)
                          0.00    0.00   clock network delay (ideal)
                  0.00    0.00    0.00 ^ _1302_/CLK (sky130_fd_sc_hd__dfrtp_4)
     5    0.12    0.35    0.62    0.62 ^ _1302_/Q (sky130_fd_sc_hd__dfrtp_4)
                                         imem_inst.address[3] (net)
                  0.35    0.01    0.63 ^ _0890_/A (sky130_fd_sc_hd__buf_12)
     9    0.16    0.19    0.26    0.89 ^ _0890_/X (sky130_fd_sc_hd__buf_12)
                                         _0131_ (net)
                  0.20    0.02    0.91 ^ _0891_/B (sky130_fd_sc_hd__and3_4)
     3    0.05    0.17    0.32    1.23 ^ _0891_/X (sky130_fd_sc_hd__and3_4)
                                         _0132_ (net)
                  0.17    0.00    1.23 ^ _0892_/B (sky130_fd_sc_hd__and2_4)
     4    0.10    0.28    0.34    1.57 ^ _0892_/X (sky130_fd_sc_hd__and2_4)
                                         _0133_ (net)
                  0.28    0.03    1.60 ^ _0893_/C (sky130_fd_sc_hd__and3_4)
     3    0.08    0.26    0.39    1.99 ^ _0893_/X (sky130_fd_sc_hd__and3_4)
                                         _0134_ (net)
                  0.26    0.01    2.00 ^ _0894_/B (sky130_fd_sc_hd__and2_4)
     4    0.10    0.30    0.38    2.38 ^ _0894_/X (sky130_fd_sc_hd__and2_4)
                                         _0135_ (net)
                  0.30    0.01    2.40 ^ _0895_/C (sky130_fd_sc_hd__and3_4)
     3    0.10    0.30    0.43    2.83 ^ _0895_/X (sky130_fd_sc_hd__and3_4)
                                         _0136_ (net)
                  0.30    0.02    2.85 ^ _0896_/B (sky130_fd_sc_hd__and2_4)
     4    0.08    0.22    0.34    3.19 ^ _0896_/X (sky130_fd_sc_hd__and2_4)
                                         _0137_ (net)
                  0.22    0.01    3.20 ^ _0897_/C (sky130_fd_sc_hd__and3_4)
     3    0.05    0.17    0.33    3.53 ^ _0897_/X (sky130_fd_sc_hd__and3_4)
                                         _0138_ (net)
                  0.17    0.00    3.53 ^ _0898_/B (sky130_fd_sc_hd__and2_4)
     4    0.08    0.24    0.31    3.85 ^ _0898_/X (sky130_fd_sc_hd__and2_4)
                                         _0139_ (net)
                  0.24    0.01    3.86 ^ _0899_/C (sky130_fd_sc_hd__and3_4)
     3    0.07    0.20    0.35    4.21 ^ _0899_/X (sky130_fd_sc_hd__and3_4)
                                         _0140_ (net)
                  0.20    0.01    4.22 ^ _0900_/B (sky130_fd_sc_hd__and2_4)
     4    0.09    0.25    0.33    4.55 ^ _0900_/X (sky130_fd_sc_hd__and2_4)
                                         _0141_ (net)
                  0.26    0.02    4.57 ^ _0901_/C (sky130_fd_sc_hd__and3_4)
     3    0.06    0.18    0.33    4.91 ^ _0901_/X (sky130_fd_sc_hd__and3_4)
                                         _0142_ (net)
                  0.18    0.01    4.92 ^ _0902_/B (sky130_fd_sc_hd__and2_4)
     4    0.09    0.27    0.35    5.27 ^ _0902_/X (sky130_fd_sc_hd__and2_4)
                                         _0143_ (net)
                  0.27    0.01    5.27 ^ _0903_/C (sky130_fd_sc_hd__and3_4)
     3    0.07    0.22    0.37    5.64 ^ _0903_/X (sky130_fd_sc_hd__and3_4)
                                         _0144_ (net)
                  0.22    0.01    5.66 ^ _0904_/B (sky130_fd_sc_hd__and2_4)
     4    0.06    0.18    0.30    5.95 ^ _0904_/X (sky130_fd_sc_hd__and2_4)
                                         _0145_ (net)
                  0.18    0.01    5.96 ^ _0905_/C (sky130_fd_sc_hd__and3_2)
     3    0.03    0.17    0.31    6.27 ^ _0905_/X (sky130_fd_sc_hd__and3_2)
                                         _0146_ (net)
                  0.17    0.00    6.27 ^ _0906_/B (sky130_fd_sc_hd__and2_4)
     4    0.07    0.22    0.30    6.58 ^ _0906_/X (sky130_fd_sc_hd__and2_4)
                                         _0147_ (net)
                  0.22    0.01    6.59 ^ _0907_/C (sky130_fd_sc_hd__and3_4)
     3    0.06    0.19    0.34    6.93 ^ _0907_/X (sky130_fd_sc_hd__and3_4)
                                         _0148_ (net)
                  0.19    0.00    6.93 ^ _0908_/B (sky130_fd_sc_hd__and2_4)
     4    0.09    0.25    0.33    7.26 ^ _0908_/X (sky130_fd_sc_hd__and2_4)
                                         _0149_ (net)
                  0.26    0.03    7.28 ^ _0915_/A (sky130_fd_sc_hd__nor2_4)
     1    0.04    0.10    0.13    7.41 v _0915_/Y (sky130_fd_sc_hd__nor2_4)
                                         _0076_ (net)
                  0.10    0.01    7.42 v _1327_/D (sky130_fd_sc_hd__dfrtp_4)
                                  7.42   data arrival time

                  0.00   15.00   15.00   clock core_clock (rise edge)
                          0.00   15.00   clock network delay (ideal)
                          0.00   15.00   clock reconvergence pessimism
                                 15.00 ^ _1327_/CLK (sky130_fd_sc_hd__dfrtp_4)
                         -0.15   14.85   library setup time
                                 14.85   data required time
-----------------------------------------------------------------------------
                                 14.85   data required time
                                 -7.42   data arrival time
-----------------------------------------------------------------------------
                                  7.43   slack (MET)


Startpoint: _1307_ (rising edge-triggered flip-flop clocked by core_clock)
Endpoint: _1355_ (rising edge-triggered flip-flop clocked by core_clock)
Path Group: core_clock
Path Type: max

Fanout     Cap    Slew   Delay    Time   Description
-----------------------------------------------------------------------------
                  0.00    0.00    0.00   clock core_clock (rise edge)
                          0.00    0.00   clock network delay (ideal)
                  0.00    0.00    0.00 ^ _1307_/CLK (sky130_fd_sc_hd__dfrtp_4)
     4    0.09    0.17    0.57    0.57 v _1307_/Q (sky130_fd_sc_hd__dfrtp_4)
                                         imem_inst.address[8] (net)
                  0.18    0.03    0.60 v _0967_/B (sky130_fd_sc_hd__or4_4)
     3    0.06    0.16    0.68    1.28 v _0967_/X (sky130_fd_sc_hd__or4_4)
                                         _0178_ (net)
                  0.16    0.01    1.28 v _0969_/C (sky130_fd_sc_hd__or4_4)
     7    0.12    0.24    0.72    2.00 v _0969_/X (sky130_fd_sc_hd__or4_4)
                                         _0180_ (net)
                  0.25    0.02    2.02 v _1000_/B (sky130_fd_sc_hd__or4_4)
     3    0.09    0.20    0.74    2.76 v _1000_/X (sky130_fd_sc_hd__or4_4)
                                         _0211_ (net)
                  0.20    0.01    2.77 v _1013_/A1 (sky130_fd_sc_hd__o31a_4)
     3    0.08    0.14    0.50    3.27 v _1013_/X (sky130_fd_sc_hd__o31a_4)
                                         _0224_ (net)
                  0.15    0.03    3.30 v _1020_/C (sky130_fd_sc_hd__or4_4)
     4    0.07    0.18    0.65    3.95 v _1020_/X (sky130_fd_sc_hd__or4_4)
                                         _0231_ (net)
                  0.19    0.02    3.97 v _1055_/C (sky130_fd_sc_hd__or3_4)
     2    0.03    0.11    0.44    4.41 v _1055_/X (sky130_fd_sc_hd__or3_4)
                                         _0266_ (net)
                  0.11    0.00    4.41 v _1062_/B1 (sky130_fd_sc_hd__o21a_4)
     3    0.06    0.09    0.20    4.61 v _1062_/X (sky130_fd_sc_hd__o21a_4)
                                         _0273_ (net)
                  0.09    0.01    4.62 v _1063_/B (sky130_fd_sc_hd__xnor2_4)
     2    0.08    0.26    0.26    4.88 v _1063_/Y (sky130_fd_sc_hd__xnor2_4)
                                         _0274_ (net)
                  0.26    0.00    4.89 v _1092_/A1 (sky130_fd_sc_hd__o311a_4)
     1    0.03    0.09    0.50    5.38 v _1092_/X (sky130_fd_sc_hd__o311a_4)
                                         _0303_ (net)
                  0.09    0.01    5.39 v _1094_/A2 (sky130_fd_sc_hd__o21a_4)
     2    0.05    0.09    0.27    5.66 v _1094_/X (sky130_fd_sc_hd__o21a_4)
                                         _0305_ (net)
                  0.09    0.01    5.67 v _1101_/A1 (sky130_fd_sc_hd__o21ai_4)
     5    0.06    0.42    0.39    6.06 ^ _1101_/Y (sky130_fd_sc_hd__o21ai_4)
                                         _0312_ (net)
                  0.42    0.00    6.06 ^ _0831_/B (sky130_fd_sc_hd__nand2_1)
     1    0.01    0.15    0.20    6.26 v _0831_/Y (sky130_fd_sc_hd__nand2_1)
                                         _0603_ (net)
                  0.15    0.00    6.27 v _0833_/A2 (sky130_fd_sc_hd__a32o_1)
     1    0.01    0.08    0.33    6.60 v _0833_/X (sky130_fd_sc_hd__a32o_1)
                                         _0605_ (net)
                  0.08    0.00    6.60 v _0834_/A1 (sky130_fd_sc_hd__mux2_8)
     1    0.05    0.09    0.36    6.96 v _0834_/X (sky130_fd_sc_hd__mux2_8)
                                         _0606_ (net)
                  0.09    0.01    6.97 v _0835_/A (sky130_fd_sc_hd__clkbuf_4)
     1    0.04    0.08    0.21    7.17 v _0835_/X (sky130_fd_sc_hd__clkbuf_4)
                                         _0104_ (net)
                  0.09    0.01    7.18 v _1355_/D (sky130_fd_sc_hd__dfxtp_4)
                                  7.18   data arrival time

                  0.00   15.00   15.00   clock core_clock (rise edge)
                          0.00   15.00   clock network delay (ideal)
                          0.00   15.00   clock reconvergence pessimism
                                 15.00 ^ _1355_/CLK (sky130_fd_sc_hd__dfxtp_4)
                         -0.14   14.86   library setup time
                                 14.86   data required time
-----------------------------------------------------------------------------
                                 14.86   data required time
                                 -7.18   data arrival time
-----------------------------------------------------------------------------
                                  7.68   slack (MET)


Startpoint: _1302_ (rising edge-triggered flip-flop clocked by core_clock)
Endpoint: _1326_ (rising edge-triggered flip-flop clocked by core_clock)
Path Group: core_clock
Path Type: max

Fanout     Cap    Slew   Delay    Time   Description
-----------------------------------------------------------------------------
                  0.00    0.00    0.00   clock core_clock (rise edge)
                          0.00    0.00   clock network delay (ideal)
                  0.00    0.00    0.00 ^ _1302_/CLK (sky130_fd_sc_hd__dfrtp_4)
     5    0.12    0.35    0.62    0.62 ^ _1302_/Q (sky130_fd_sc_hd__dfrtp_4)
                                         imem_inst.address[3] (net)
                  0.35    0.01    0.63 ^ _0890_/A (sky130_fd_sc_hd__buf_12)
     9    0.16    0.19    0.26    0.89 ^ _0890_/X (sky130_fd_sc_hd__buf_12)
                                         _0131_ (net)
                  0.20    0.02    0.91 ^ _0891_/B (sky130_fd_sc_hd__and3_4)
     3    0.05    0.17    0.32    1.23 ^ _0891_/X (sky130_fd_sc_hd__and3_4)
                                         _0132_ (net)
                  0.17    0.00    1.23 ^ _0892_/B (sky130_fd_sc_hd__and2_4)
     4    0.10    0.28    0.34    1.57 ^ _0892_/X (sky130_fd_sc_hd__and2_4)
                                         _0133_ (net)
                  0.28    0.03    1.60 ^ _0893_/C (sky130_fd_sc_hd__and3_4)
     3    0.08    0.26    0.39    1.99 ^ _0893_/X (sky130_fd_sc_hd__and3_4)
                                         _0134_ (net)
                  0.26    0.01    2.00 ^ _0894_/B (sky130_fd_sc_hd__and2_4)
     4    0.10    0.30    0.38    2.38 ^ _0894_/X (sky130_fd_sc_hd__and2_4)
                                         _0135_ (net)
                  0.30    0.01    2.40 ^ _0895_/C (sky130_fd_sc_hd__and3_4)
     3    0.10    0.30    0.43    2.83 ^ _0895_/X (sky130_fd_sc_hd__and3_4)
                                         _0136_ (net)
                  0.30    0.02    2.85 ^ _0896_/B (sky130_fd_sc_hd__and2_4)
     4    0.08    0.22    0.34    3.19 ^ _0896_/X (sky130_fd_sc_hd__and2_4)
                                         _0137_ (net)
                  0.22    0.01    3.20 ^ _0897_/C (sky130_fd_sc_hd__and3_4)
     3    0.05    0.17    0.33    3.53 ^ _0897_/X (sky130_fd_sc_hd__and3_4)
                                         _0138_ (net)
                  0.17    0.00    3.53 ^ _0898_/B (sky130_fd_sc_hd__and2_4)
     4    0.08    0.24    0.31    3.85 ^ _0898_/X (sky130_fd_sc_hd__and2_4)
                                         _0139_ (net)
                  0.24    0.01    3.86 ^ _0899_/C (sky130_fd_sc_hd__and3_4)
     3    0.07    0.20    0.35    4.21 ^ _0899_/X (sky130_fd_sc_hd__and3_4)
                                         _0140_ (net)
                  0.20    0.01    4.22 ^ _0900_/B (sky130_fd_sc_hd__and2_4)
     4    0.09    0.25    0.33    4.55 ^ _0900_/X (sky130_fd_sc_hd__and2_4)
                                         _0141_ (net)
                  0.26    0.02    4.57 ^ _0901_/C (sky130_fd_sc_hd__and3_4)
     3    0.06    0.18    0.33    4.91 ^ _0901_/X (sky130_fd_sc_hd__and3_4)
                                         _0142_ (net)
                  0.18    0.01    4.92 ^ _0902_/B (sky130_fd_sc_hd__and2_4)
     4    0.09    0.27    0.35    5.27 ^ _0902_/X (sky130_fd_sc_hd__and2_4)
                                         _0143_ (net)
                  0.27    0.01    5.27 ^ _0903_/C (sky130_fd_sc_hd__and3_4)
     3    0.07    0.22    0.37    5.64 ^ _0903_/X (sky130_fd_sc_hd__and3_4)
                                         _0144_ (net)
                  0.22    0.01    5.66 ^ _0904_/B (sky130_fd_sc_hd__and2_4)
     4    0.06    0.18    0.30    5.95 ^ _0904_/X (sky130_fd_sc_hd__and2_4)
                                         _0145_ (net)
                  0.18    0.01    5.96 ^ _0905_/C (sky130_fd_sc_hd__and3_2)
     3    0.03    0.17    0.31    6.27 ^ _0905_/X (sky130_fd_sc_hd__and3_2)
                                         _0146_ (net)
                  0.17    0.00    6.27 ^ _0906_/B (sky130_fd_sc_hd__and2_4)
     4    0.07    0.22    0.30    6.58 ^ _0906_/X (sky130_fd_sc_hd__and2_4)
                                         _0147_ (net)
                  0.22    0.01    6.59 ^ _0907_/C (sky130_fd_sc_hd__and3_4)
     3    0.06    0.19    0.34    6.93 ^ _0907_/X (sky130_fd_sc_hd__and3_4)
                                         _0148_ (net)
                  0.19    0.00    6.93 ^ _0917_/A (sky130_fd_sc_hd__nor2_4)
     1    0.03    0.08    0.10    7.03 v _0917_/Y (sky130_fd_sc_hd__nor2_4)
                                         _0075_ (net)
                  0.08    0.01    7.04 v _1326_/D (sky130_fd_sc_hd__dfrtp_4)
                                  7.04   data arrival time

                  0.00   15.00   15.00   clock core_clock (rise edge)
                          0.00   15.00   clock network delay (ideal)
                          0.00   15.00   clock reconvergence pessimism
                                 15.00 ^ _1326_/CLK (sky130_fd_sc_hd__dfrtp_4)
                         -0.14   14.86   library setup time
                                 14.86   data required time
-----------------------------------------------------------------------------
                                 14.86   data required time
                                 -7.04   data arrival time
-----------------------------------------------------------------------------
                                  7.82   slack (MET)


Startpoint: _1307_ (rising edge-triggered flip-flop clocked by core_clock)
Endpoint: _1354_ (rising edge-triggered flip-flop clocked by core_clock)
Path Group: core_clock
Path Type: max

Fanout     Cap    Slew   Delay    Time   Description
-----------------------------------------------------------------------------
                  0.00    0.00    0.00   clock core_clock (rise edge)
                          0.00    0.00   clock network delay (ideal)
                  0.00    0.00    0.00 ^ _1307_/CLK (sky130_fd_sc_hd__dfrtp_4)
     4    0.09    0.17    0.57    0.57 v _1307_/Q (sky130_fd_sc_hd__dfrtp_4)
                                         imem_inst.address[8] (net)
                  0.18    0.03    0.60 v _0967_/B (sky130_fd_sc_hd__or4_4)
     3    0.06    0.16    0.68    1.28 v _0967_/X (sky130_fd_sc_hd__or4_4)
                                         _0178_ (net)
                  0.16    0.01    1.28 v _0969_/C (sky130_fd_sc_hd__or4_4)
     7    0.12    0.24    0.72    2.00 v _0969_/X (sky130_fd_sc_hd__or4_4)
                                         _0180_ (net)
                  0.25    0.02    2.02 v _1000_/B (sky130_fd_sc_hd__or4_4)
     3    0.09    0.20    0.74    2.76 v _1000_/X (sky130_fd_sc_hd__or4_4)
                                         _0211_ (net)
                  0.20    0.01    2.77 v _1013_/A1 (sky130_fd_sc_hd__o31a_4)
     3    0.08    0.14    0.50    3.27 v _1013_/X (sky130_fd_sc_hd__o31a_4)
                                         _0224_ (net)
                  0.15    0.03    3.30 v _1020_/C (sky130_fd_sc_hd__or4_4)
     4    0.07    0.18    0.65    3.95 v _1020_/X (sky130_fd_sc_hd__or4_4)
                                         _0231_ (net)
                  0.19    0.02    3.97 v _1055_/C (sky130_fd_sc_hd__or3_4)
     2    0.03    0.11    0.44    4.41 v _1055_/X (sky130_fd_sc_hd__or3_4)
                                         _0266_ (net)
                  0.11    0.00    4.41 v _1062_/B1 (sky130_fd_sc_hd__o21a_4)
     3    0.06    0.09    0.20    4.61 v _1062_/X (sky130_fd_sc_hd__o21a_4)
                                         _0273_ (net)
                  0.09    0.01    4.62 v _1063_/B (sky130_fd_sc_hd__xnor2_4)
     2    0.08    0.26    0.26    4.88 v _1063_/Y (sky130_fd_sc_hd__xnor2_4)
                                         _0274_ (net)
                  0.26    0.00    4.89 v _1092_/A1 (sky130_fd_sc_hd__o311a_4)
     1    0.03    0.09    0.50    5.38 v _1092_/X (sky130_fd_sc_hd__o311a_4)
                                         _0303_ (net)
                  0.09    0.01    5.39 v _1094_/A2 (sky130_fd_sc_hd__o21a_4)
     2    0.05    0.09    0.27    5.66 v _1094_/X (sky130_fd_sc_hd__o21a_4)
                                         _0305_ (net)
                  0.09    0.01    5.67 v _0646_/A (sky130_fd_sc_hd__xnor2_2)
     1    0.01    0.20    0.23    5.90 ^ _0646_/Y (sky130_fd_sc_hd__xnor2_2)
                                         _0502_ (net)
                  0.20    0.00    5.90 ^ _0647_/B (sky130_fd_sc_hd__nor2_2)
     1    0.02    0.07    0.10    6.00 v _0647_/Y (sky130_fd_sc_hd__nor2_2)
                                         _0503_ (net)
                  0.07    0.00    6.00 v _0648_/B1 (sky130_fd_sc_hd__a41o_2)
     2    0.03    0.10    0.31    6.31 v _0648_/X (sky130_fd_sc_hd__a41o_2)
                                         _0504_ (net)
                  0.10    0.00    6.31 v _0829_/A1 (sky130_fd_sc_hd__mux2_2)
     1    0.02    0.08    0.33    6.64 v _0829_/X (sky130_fd_sc_hd__mux2_2)
                                         _0602_ (net)
                  0.08    0.00    6.65 v _0830_/A (sky130_fd_sc_hd__clkbuf_4)
     1    0.04    0.09    0.21    6.85 v _0830_/X (sky130_fd_sc_hd__clkbuf_4)
                                         _0103_ (net)
                  0.10    0.01    6.86 v _1354_/D (sky130_fd_sc_hd__dfxtp_4)
                                  6.86   data arrival time

                  0.00   15.00   15.00   clock core_clock (rise edge)
                          0.00   15.00   clock network delay (ideal)
                          0.00   15.00   clock reconvergence pessimism
                                 15.00 ^ _1354_/CLK (sky130_fd_sc_hd__dfxtp_4)
                         -0.14   14.86   library setup time
                                 14.86   data required time
-----------------------------------------------------------------------------
                                 14.86   data required time
                                 -6.86   data arrival time
-----------------------------------------------------------------------------
                                  7.99   slack (MET)


Startpoint: _1302_ (rising edge-triggered flip-flop clocked by core_clock)
Endpoint: _1325_ (rising edge-triggered flip-flop clocked by core_clock)
Path Group: core_clock
Path Type: max

Fanout     Cap    Slew   Delay    Time   Description
-----------------------------------------------------------------------------
                  0.00    0.00    0.00   clock core_clock (rise edge)
                          0.00    0.00   clock network delay (ideal)
                  0.00    0.00    0.00 ^ _1302_/CLK (sky130_fd_sc_hd__dfrtp_4)
     5    0.12    0.35    0.62    0.62 ^ _1302_/Q (sky130_fd_sc_hd__dfrtp_4)
                                         imem_inst.address[3] (net)
                  0.35    0.01    0.63 ^ _0890_/A (sky130_fd_sc_hd__buf_12)
     9    0.16    0.19    0.26    0.89 ^ _0890_/X (sky130_fd_sc_hd__buf_12)
                                         _0131_ (net)
                  0.20    0.02    0.91 ^ _0891_/B (sky130_fd_sc_hd__and3_4)
     3    0.05    0.17    0.32    1.23 ^ _0891_/X (sky130_fd_sc_hd__and3_4)
                                         _0132_ (net)
                  0.17    0.00    1.23 ^ _0892_/B (sky130_fd_sc_hd__and2_4)
     4    0.10    0.28    0.34    1.57 ^ _0892_/X (sky130_fd_sc_hd__and2_4)
                                         _0133_ (net)
                  0.28    0.03    1.60 ^ _0893_/C (sky130_fd_sc_hd__and3_4)
     3    0.08    0.26    0.39    1.99 ^ _0893_/X (sky130_fd_sc_hd__and3_4)
                                         _0134_ (net)
                  0.26    0.01    2.00 ^ _0894_/B (sky130_fd_sc_hd__and2_4)
     4    0.10    0.30    0.38    2.38 ^ _0894_/X (sky130_fd_sc_hd__and2_4)
                                         _0135_ (net)
                  0.30    0.01    2.40 ^ _0895_/C (sky130_fd_sc_hd__and3_4)
     3    0.10    0.30    0.43    2.83 ^ _0895_/X (sky130_fd_sc_hd__and3_4)
                                         _0136_ (net)
                  0.30    0.02    2.85 ^ _0896_/B (sky130_fd_sc_hd__and2_4)
     4    0.08    0.22    0.34    3.19 ^ _0896_/X (sky130_fd_sc_hd__and2_4)
                                         _0137_ (net)
                  0.22    0.01    3.20 ^ _0897_/C (sky130_fd_sc_hd__and3_4)
     3    0.05    0.17    0.33    3.53 ^ _0897_/X (sky130_fd_sc_hd__and3_4)
                                         _0138_ (net)
                  0.17    0.00    3.53 ^ _0898_/B (sky130_fd_sc_hd__and2_4)
     4    0.08    0.24    0.31    3.85 ^ _0898_/X (sky130_fd_sc_hd__and2_4)
                                         _0139_ (net)
                  0.24    0.01    3.86 ^ _0899_/C (sky130_fd_sc_hd__and3_4)
     3    0.07    0.20    0.35    4.21 ^ _0899_/X (sky130_fd_sc_hd__and3_4)
                                         _0140_ (net)
                  0.20    0.01    4.22 ^ _0900_/B (sky130_fd_sc_hd__and2_4)
     4    0.09    0.25    0.33    4.55 ^ _0900_/X (sky130_fd_sc_hd__and2_4)
                                         _0141_ (net)
                  0.26    0.02    4.57 ^ _0901_/C (sky130_fd_sc_hd__and3_4)
     3    0.06    0.18    0.33    4.91 ^ _0901_/X (sky130_fd_sc_hd__and3_4)
                                         _0142_ (net)
                  0.18    0.01    4.92 ^ _0902_/B (sky130_fd_sc_hd__and2_4)
     4    0.09    0.27    0.35    5.27 ^ _0902_/X (sky130_fd_sc_hd__and2_4)
                                         _0143_ (net)
                  0.27    0.01    5.27 ^ _0903_/C (sky130_fd_sc_hd__and3_4)
     3    0.07    0.22    0.37    5.64 ^ _0903_/X (sky130_fd_sc_hd__and3_4)
                                         _0144_ (net)
                  0.22    0.01    5.66 ^ _0904_/B (sky130_fd_sc_hd__and2_4)
     4    0.06    0.18    0.30    5.95 ^ _0904_/X (sky130_fd_sc_hd__and2_4)
                                         _0145_ (net)
                  0.18    0.01    5.96 ^ _0905_/C (sky130_fd_sc_hd__and3_2)
     3    0.03    0.17    0.31    6.27 ^ _0905_/X (sky130_fd_sc_hd__and3_2)
                                         _0146_ (net)
                  0.17    0.00    6.27 ^ _0906_/B (sky130_fd_sc_hd__and2_4)
     4    0.07    0.22    0.30    6.58 ^ _0906_/X (sky130_fd_sc_hd__and2_4)
                                         _0147_ (net)
                  0.22    0.01    6.59 ^ _0918_/B (sky130_fd_sc_hd__xor2_4)
     1    0.03    0.26    0.28    6.87 ^ _0918_/X (sky130_fd_sc_hd__xor2_4)
                                         _0074_ (net)
                  0.26    0.01    6.87 ^ _1325_/D (sky130_fd_sc_hd__dfrtp_4)
                                  6.87   data arrival time

                  0.00   15.00   15.00   clock core_clock (rise edge)
                          0.00   15.00   clock network delay (ideal)
                          0.00   15.00   clock reconvergence pessimism
                                 15.00 ^ _1325_/CLK (sky130_fd_sc_hd__dfrtp_4)
                         -0.12   14.88   library setup time
                                 14.88   data required time
-----------------------------------------------------------------------------
                                 14.88   data required time
                                 -6.87   data arrival time
-----------------------------------------------------------------------------
                                  8.00   slack (MET)


Startpoint: _1307_ (rising edge-triggered flip-flop clocked by core_clock)
Endpoint: _1353_ (rising edge-triggered flip-flop clocked by core_clock)
Path Group: core_clock
Path Type: max

Fanout     Cap    Slew   Delay    Time   Description
-----------------------------------------------------------------------------
                  0.00    0.00    0.00   clock core_clock (rise edge)
                          0.00    0.00   clock network delay (ideal)
                  0.00    0.00    0.00 ^ _1307_/CLK (sky130_fd_sc_hd__dfrtp_4)
     4    0.09    0.17    0.57    0.57 v _1307_/Q (sky130_fd_sc_hd__dfrtp_4)
                                         imem_inst.address[8] (net)
                  0.18    0.03    0.60 v _0967_/B (sky130_fd_sc_hd__or4_4)
     3    0.06    0.16    0.68    1.28 v _0967_/X (sky130_fd_sc_hd__or4_4)
                                         _0178_ (net)
                  0.16    0.01    1.28 v _0969_/C (sky130_fd_sc_hd__or4_4)
     7    0.12    0.24    0.72    2.00 v _0969_/X (sky130_fd_sc_hd__or4_4)
                                         _0180_ (net)
                  0.25    0.02    2.02 v _1016_/A1 (sky130_fd_sc_hd__o41ai_4)
     3    0.04    0.59    0.69    2.71 ^ _1016_/Y (sky130_fd_sc_hd__o41ai_4)
                                         _0227_ (net)
                  0.59    0.00    2.71 ^ max_cap21/A (sky130_fd_sc_hd__buf_4)
     4    0.05    0.14    0.29    3.01 ^ max_cap21/X (sky130_fd_sc_hd__buf_4)
                                         net21 (net)
                  0.14    0.00    3.01 ^ _1134_/B1_N (sky130_fd_sc_hd__a21boi_4)
     6    0.11    0.75    0.65    3.65 ^ _1134_/Y (sky130_fd_sc_hd__a21boi_4)
                                         _0345_ (net)
                  0.75    0.02    3.67 ^ _1152_/B (sky130_fd_sc_hd__xor2_4)
     2    0.08    0.32    0.36    4.03 v _1152_/X (sky130_fd_sc_hd__xor2_4)
                                         _0363_ (net)
                  0.33    0.02    4.05 v _1153_/B (sky130_fd_sc_hd__xnor2_4)
     3    0.07    0.56    0.56    4.61 ^ _1153_/Y (sky130_fd_sc_hd__xnor2_4)
                                         _0364_ (net)
                  0.56    0.01    4.62 ^ _1156_/A2 (sky130_fd_sc_hd__a21o_4)
     3    0.07    0.19    0.32    4.94 ^ _1156_/X (sky130_fd_sc_hd__a21o_4)
                                         _0367_ (net)
                  0.19    0.01    4.95 ^ _1158_/A2 (sky130_fd_sc_hd__a21o_4)
     3    0.06    0.18    0.26    5.21 ^ _1158_/X (sky130_fd_sc_hd__a21o_4)
                                         _0369_ (net)
                  0.18    0.01    5.22 ^ _1163_/A1 (sky130_fd_sc_hd__a21o_4)
     3    0.06    0.18    0.25    5.47 ^ _1163_/X (sky130_fd_sc_hd__a21o_4)
                                         _0374_ (net)
                  0.18    0.02    5.48 ^ _1168_/A1 (sky130_fd_sc_hd__a21bo_4)
     2    0.06    0.19    0.26    5.74 ^ _1168_/X (sky130_fd_sc_hd__a21bo_4)
                                         _0379_ (net)
                  0.19    0.01    5.75 ^ _1192_/B (sky130_fd_sc_hd__nand2_4)
     2    0.05    0.12    0.14    5.89 v _1192_/Y (sky130_fd_sc_hd__nand2_4)
                                         _0403_ (net)
                  0.12    0.00    5.90 v _1195_/A1 (sky130_fd_sc_hd__a21o_4)
     1    0.04    0.07    0.27    6.17 v _1195_/X (sky130_fd_sc_hd__a21o_4)
                                         _0406_ (net)
                  0.08    0.01    6.18 v _1198_/A2 (sky130_fd_sc_hd__o21ai_4)
     2    0.04    0.30    0.28    6.46 ^ _1198_/Y (sky130_fd_sc_hd__o21ai_4)
                                         _0409_ (net)
                  0.30    0.01    6.46 ^ _0827_/A1 (sky130_fd_sc_hd__mux2_1)
     1    0.01    0.09    0.23    6.69 ^ _0827_/X (sky130_fd_sc_hd__mux2_1)
                                         _0601_ (net)
                  0.09    0.00    6.69 ^ _0828_/A (sky130_fd_sc_hd__buf_1)
     1    0.01    0.14    0.16    6.85 ^ _0828_/X (sky130_fd_sc_hd__buf_1)
                                         _0102_ (net)
                  0.14    0.00    6.85 ^ _1353_/D (sky130_fd_sc_hd__dfxtp_4)
                                  6.85   data arrival time

                  0.00   15.00   15.00   clock core_clock (rise edge)
                          0.00   15.00   clock network delay (ideal)
                          0.00   15.00   clock reconvergence pessimism
                                 15.00 ^ _1353_/CLK (sky130_fd_sc_hd__dfxtp_4)
                         -0.09   14.91   library setup time
                                 14.91   data required time
-----------------------------------------------------------------------------
                                 14.91   data required time
                                 -6.85   data arrival time
-----------------------------------------------------------------------------
                                  8.06   slack (MET)


Startpoint: _1302_ (rising edge-triggered flip-flop clocked by core_clock)
Endpoint: _1324_ (rising edge-triggered flip-flop clocked by core_clock)
Path Group: core_clock
Path Type: max

Fanout     Cap    Slew   Delay    Time   Description
-----------------------------------------------------------------------------
                  0.00    0.00    0.00   clock core_clock (rise edge)
                          0.00    0.00   clock network delay (ideal)
                  0.00    0.00    0.00 ^ _1302_/CLK (sky130_fd_sc_hd__dfrtp_4)
     5    0.12    0.35    0.62    0.62 ^ _1302_/Q (sky130_fd_sc_hd__dfrtp_4)
                                         imem_inst.address[3] (net)
                  0.35    0.01    0.63 ^ _0890_/A (sky130_fd_sc_hd__buf_12)
     9    0.16    0.19    0.26    0.89 ^ _0890_/X (sky130_fd_sc_hd__buf_12)
                                         _0131_ (net)
                  0.20    0.02    0.91 ^ _0891_/B (sky130_fd_sc_hd__and3_4)
     3    0.05    0.17    0.32    1.23 ^ _0891_/X (sky130_fd_sc_hd__and3_4)
                                         _0132_ (net)
                  0.17    0.00    1.23 ^ _0892_/B (sky130_fd_sc_hd__and2_4)
     4    0.10    0.28    0.34    1.57 ^ _0892_/X (sky130_fd_sc_hd__and2_4)
                                         _0133_ (net)
                  0.28    0.03    1.60 ^ _0893_/C (sky130_fd_sc_hd__and3_4)
     3    0.08    0.26    0.39    1.99 ^ _0893_/X (sky130_fd_sc_hd__and3_4)
                                         _0134_ (net)
                  0.26    0.01    2.00 ^ _0894_/B (sky130_fd_sc_hd__and2_4)
     4    0.10    0.30    0.38    2.38 ^ _0894_/X (sky130_fd_sc_hd__and2_4)
                                         _0135_ (net)
                  0.30    0.01    2.40 ^ _0895_/C (sky130_fd_sc_hd__and3_4)
     3    0.10    0.30    0.43    2.83 ^ _0895_/X (sky130_fd_sc_hd__and3_4)
                                         _0136_ (net)
                  0.30    0.02    2.85 ^ _0896_/B (sky130_fd_sc_hd__and2_4)
     4    0.08    0.22    0.34    3.19 ^ _0896_/X (sky130_fd_sc_hd__and2_4)
                                         _0137_ (net)
                  0.22    0.01    3.20 ^ _0897_/C (sky130_fd_sc_hd__and3_4)
     3    0.05    0.17    0.33    3.53 ^ _0897_/X (sky130_fd_sc_hd__and3_4)
                                         _0138_ (net)
                  0.17    0.00    3.53 ^ _0898_/B (sky130_fd_sc_hd__and2_4)
     4    0.08    0.24    0.31    3.85 ^ _0898_/X (sky130_fd_sc_hd__and2_4)
                                         _0139_ (net)
                  0.24    0.01    3.86 ^ _0899_/C (sky130_fd_sc_hd__and3_4)
     3    0.07    0.20    0.35    4.21 ^ _0899_/X (sky130_fd_sc_hd__and3_4)
                                         _0140_ (net)
                  0.20    0.01    4.22 ^ _0900_/B (sky130_fd_sc_hd__and2_4)
     4    0.09    0.25    0.33    4.55 ^ _0900_/X (sky130_fd_sc_hd__and2_4)
                                         _0141_ (net)
                  0.26    0.02    4.57 ^ _0901_/C (sky130_fd_sc_hd__and3_4)
     3    0.06    0.18    0.33    4.91 ^ _0901_/X (sky130_fd_sc_hd__and3_4)
                                         _0142_ (net)
                  0.18    0.01    4.92 ^ _0902_/B (sky130_fd_sc_hd__and2_4)
     4    0.09    0.27    0.35    5.27 ^ _0902_/X (sky130_fd_sc_hd__and2_4)
                                         _0143_ (net)
                  0.27    0.01    5.27 ^ _0903_/C (sky130_fd_sc_hd__and3_4)
     3    0.07    0.22    0.37    5.64 ^ _0903_/X (sky130_fd_sc_hd__and3_4)
                                         _0144_ (net)
                  0.22    0.01    5.66 ^ _0904_/B (sky130_fd_sc_hd__and2_4)
     4    0.06    0.18    0.30    5.95 ^ _0904_/X (sky130_fd_sc_hd__and2_4)
                                         _0145_ (net)
                  0.18    0.01    5.96 ^ _0905_/C (sky130_fd_sc_hd__and3_2)
     3    0.03    0.17    0.31    6.27 ^ _0905_/X (sky130_fd_sc_hd__and3_2)
                                         _0146_ (net)
                  0.17    0.00    6.27 ^ _0906_/B (sky130_fd_sc_hd__and2_4)
     4    0.07    0.22    0.30    6.58 ^ _0906_/X (sky130_fd_sc_hd__and2_4)
                                         _0147_ (net)
                  0.22    0.00    6.58 ^ _0920_/A (sky130_fd_sc_hd__nor2_1)
     1    0.01    0.10    0.13    6.71 v _0920_/Y (sky130_fd_sc_hd__nor2_1)
                                         _0073_ (net)
                  0.10    0.00    6.71 v _1324_/D (sky130_fd_sc_hd__dfrtp_4)
                                  6.71   data arrival time

                  0.00   15.00   15.00   clock core_clock (rise edge)
                          0.00   15.00   clock network delay (ideal)
                          0.00   15.00   clock reconvergence pessimism
                                 15.00 ^ _1324_/CLK (sky130_fd_sc_hd__dfrtp_4)
                         -0.15   14.85   library setup time
                                 14.85   data required time
-----------------------------------------------------------------------------
                                 14.85   data required time
                                 -6.71   data arrival time
-----------------------------------------------------------------------------
                                  8.14   slack (MET)


Startpoint: _1307_ (rising edge-triggered flip-flop clocked by core_clock)
Endpoint: _1351_ (rising edge-triggered flip-flop clocked by core_clock)
Path Group: core_clock
Path Type: max

Fanout     Cap    Slew   Delay    Time   Description
-----------------------------------------------------------------------------
                  0.00    0.00    0.00   clock core_clock (rise edge)
                          0.00    0.00   clock network delay (ideal)
                  0.00    0.00    0.00 ^ _1307_/CLK (sky130_fd_sc_hd__dfrtp_4)
     4    0.09    0.17    0.57    0.57 v _1307_/Q (sky130_fd_sc_hd__dfrtp_4)
                                         imem_inst.address[8] (net)
                  0.18    0.03    0.60 v _0967_/B (sky130_fd_sc_hd__or4_4)
     3    0.06    0.16    0.68    1.28 v _0967_/X (sky130_fd_sc_hd__or4_4)
                                         _0178_ (net)
                  0.16    0.01    1.28 v _0969_/C (sky130_fd_sc_hd__or4_4)
     7    0.12    0.24    0.72    2.00 v _0969_/X (sky130_fd_sc_hd__or4_4)
                                         _0180_ (net)
                  0.25    0.02    2.02 v _1016_/A1 (sky130_fd_sc_hd__o41ai_4)
     3    0.04    0.59    0.69    2.71 ^ _1016_/Y (sky130_fd_sc_hd__o41ai_4)
                                         _0227_ (net)
                  0.59    0.00    2.71 ^ max_cap21/A (sky130_fd_sc_hd__buf_4)
     4    0.05    0.14    0.29    3.01 ^ max_cap21/X (sky130_fd_sc_hd__buf_4)
                                         net21 (net)
                  0.14    0.00    3.01 ^ _1134_/B1_N (sky130_fd_sc_hd__a21boi_4)
     6    0.11    0.75    0.65    3.65 ^ _1134_/Y (sky130_fd_sc_hd__a21boi_4)
                                         _0345_ (net)
                  0.75    0.02    3.67 ^ _1152_/B (sky130_fd_sc_hd__xor2_4)
     2    0.08    0.57    0.51    4.19 ^ _1152_/X (sky130_fd_sc_hd__xor2_4)
                                         _0363_ (net)
                  0.57    0.02    4.21 ^ _1153_/B (sky130_fd_sc_hd__xnor2_4)
     3    0.07    0.24    0.28    4.48 v _1153_/Y (sky130_fd_sc_hd__xnor2_4)
                                         _0364_ (net)
                  0.24    0.01    4.49 v _1156_/A2 (sky130_fd_sc_hd__a21o_4)
     3    0.06    0.10    0.37    4.86 v _1156_/X (sky130_fd_sc_hd__a21o_4)
                                         _0367_ (net)
                  0.10    0.01    4.87 v _1158_/A2 (sky130_fd_sc_hd__a21o_4)
     3    0.06    0.10    0.31    5.18 v _1158_/X (sky130_fd_sc_hd__a21o_4)
                                         _0369_ (net)
                  0.10    0.01    5.18 v _1163_/A1 (sky130_fd_sc_hd__a21o_4)
     3    0.06    0.10    0.29    5.48 v _1163_/X (sky130_fd_sc_hd__a21o_4)
                                         _0374_ (net)
                  0.10    0.01    5.49 v _1231_/A (sky130_fd_sc_hd__or2_2)
     1    0.02    0.10    0.37    5.86 v _1231_/X (sky130_fd_sc_hd__or2_2)
                                         _0441_ (net)
                  0.10    0.00    5.86 v _1235_/A3 (sky130_fd_sc_hd__a31o_4)
     2    0.05    0.09    0.32    6.19 v _1235_/X (sky130_fd_sc_hd__a31o_4)
                                         _0445_ (net)
                  0.09    0.01    6.19 v _0823_/A1 (sky130_fd_sc_hd__mux2_2)
     1    0.02    0.08    0.33    6.52 v _0823_/X (sky130_fd_sc_hd__mux2_2)
                                         _0599_ (net)
                  0.08    0.00    6.52 v _0824_/A (sky130_fd_sc_hd__buf_2)
     1    0.03    0.08    0.19    6.71 v _0824_/X (sky130_fd_sc_hd__buf_2)
                                         _0100_ (net)
                  0.08    0.01    6.71 v _1351_/D (sky130_fd_sc_hd__dfxtp_4)
                                  6.71   data arrival time

                  0.00   15.00   15.00   clock core_clock (rise edge)
                          0.00   15.00   clock network delay (ideal)
                          0.00   15.00   clock reconvergence pessimism
                                 15.00 ^ _1351_/CLK (sky130_fd_sc_hd__dfxtp_4)
                         -0.14   14.86   library setup time
                                 14.86   data required time
-----------------------------------------------------------------------------
                                 14.86   data required time
                                 -6.71   data arrival time
-----------------------------------------------------------------------------
                                  8.15   slack (MET)


Startpoint: _1302_ (rising edge-triggered flip-flop clocked by core_clock)
Endpoint: _1323_ (rising edge-triggered flip-flop clocked by core_clock)
Path Group: core_clock
Path Type: max

Fanout     Cap    Slew   Delay    Time   Description
-----------------------------------------------------------------------------
                  0.00    0.00    0.00   clock core_clock (rise edge)
                          0.00    0.00   clock network delay (ideal)
                  0.00    0.00    0.00 ^ _1302_/CLK (sky130_fd_sc_hd__dfrtp_4)
     5    0.12    0.35    0.62    0.62 ^ _1302_/Q (sky130_fd_sc_hd__dfrtp_4)
                                         imem_inst.address[3] (net)
                  0.35    0.01    0.63 ^ _0890_/A (sky130_fd_sc_hd__buf_12)
     9    0.16    0.19    0.26    0.89 ^ _0890_/X (sky130_fd_sc_hd__buf_12)
                                         _0131_ (net)
                  0.20    0.02    0.91 ^ _0891_/B (sky130_fd_sc_hd__and3_4)
     3    0.05    0.17    0.32    1.23 ^ _0891_/X (sky130_fd_sc_hd__and3_4)
                                         _0132_ (net)
                  0.17    0.00    1.23 ^ _0892_/B (sky130_fd_sc_hd__and2_4)
     4    0.10    0.28    0.34    1.57 ^ _0892_/X (sky130_fd_sc_hd__and2_4)
                                         _0133_ (net)
                  0.28    0.03    1.60 ^ _0893_/C (sky130_fd_sc_hd__and3_4)
     3    0.08    0.26    0.39    1.99 ^ _0893_/X (sky130_fd_sc_hd__and3_4)
                                         _0134_ (net)
                  0.26    0.01    2.00 ^ _0894_/B (sky130_fd_sc_hd__and2_4)
     4    0.10    0.30    0.38    2.38 ^ _0894_/X (sky130_fd_sc_hd__and2_4)
                                         _0135_ (net)
                  0.30    0.01    2.40 ^ _0895_/C (sky130_fd_sc_hd__and3_4)
     3    0.10    0.30    0.43    2.83 ^ _0895_/X (sky130_fd_sc_hd__and3_4)
                                         _0136_ (net)
                  0.30    0.02    2.85 ^ _0896_/B (sky130_fd_sc_hd__and2_4)
     4    0.08    0.22    0.34    3.19 ^ _0896_/X (sky130_fd_sc_hd__and2_4)
                                         _0137_ (net)
                  0.22    0.01    3.20 ^ _0897_/C (sky130_fd_sc_hd__and3_4)
     3    0.05    0.17    0.33    3.53 ^ _0897_/X (sky130_fd_sc_hd__and3_4)
                                         _0138_ (net)
                  0.17    0.00    3.53 ^ _0898_/B (sky130_fd_sc_hd__and2_4)
     4    0.08    0.24    0.31    3.85 ^ _0898_/X (sky130_fd_sc_hd__and2_4)
                                         _0139_ (net)
                  0.24    0.01    3.86 ^ _0899_/C (sky130_fd_sc_hd__and3_4)
     3    0.07    0.20    0.35    4.21 ^ _0899_/X (sky130_fd_sc_hd__and3_4)
                                         _0140_ (net)
                  0.20    0.01    4.22 ^ _0900_/B (sky130_fd_sc_hd__and2_4)
     4    0.09    0.25    0.33    4.55 ^ _0900_/X (sky130_fd_sc_hd__and2_4)
                                         _0141_ (net)
                  0.26    0.02    4.57 ^ _0901_/C (sky130_fd_sc_hd__and3_4)
     3    0.06    0.18    0.33    4.91 ^ _0901_/X (sky130_fd_sc_hd__and3_4)
                                         _0142_ (net)
                  0.18    0.01    4.92 ^ _0902_/B (sky130_fd_sc_hd__and2_4)
     4    0.09    0.27    0.35    5.27 ^ _0902_/X (sky130_fd_sc_hd__and2_4)
                                         _0143_ (net)
                  0.27    0.01    5.27 ^ _0903_/C (sky130_fd_sc_hd__and3_4)
     3    0.07    0.22    0.37    5.64 ^ _0903_/X (sky130_fd_sc_hd__and3_4)
                                         _0144_ (net)
                  0.22    0.01    5.66 ^ _0904_/B (sky130_fd_sc_hd__and2_4)
     4    0.06    0.18    0.30    5.95 ^ _0904_/X (sky130_fd_sc_hd__and2_4)
                                         _0145_ (net)
                  0.18    0.01    5.96 ^ _0905_/C (sky130_fd_sc_hd__and3_2)
     3    0.03    0.17    0.31    6.27 ^ _0905_/X (sky130_fd_sc_hd__and3_2)
                                         _0146_ (net)
                  0.17    0.00    6.27 ^ _0922_/A (sky130_fd_sc_hd__nor2_2)
     1    0.02    0.09    0.11    6.38 v _0922_/Y (sky130_fd_sc_hd__nor2_2)
                                         _0072_ (net)
                  0.09    0.00    6.38 v _1323_/D (sky130_fd_sc_hd__dfrtp_4)
                                  6.38   data arrival time

                  0.00   15.00   15.00   clock core_clock (rise edge)
                          0.00   15.00   clock network delay (ideal)
                          0.00   15.00   clock reconvergence pessimism
                                 15.00 ^ _1323_/CLK (sky130_fd_sc_hd__dfrtp_4)
                         -0.14   14.86   library setup time
                                 14.86   data required time
-----------------------------------------------------------------------------
                                 14.86   data required time
                                 -6.38   data arrival time
-----------------------------------------------------------------------------
                                  8.47   slack (MET)


Startpoint: _1302_ (rising edge-triggered flip-flop clocked by core_clock)
Endpoint: _1322_ (rising edge-triggered flip-flop clocked by core_clock)
Path Group: core_clock
Path Type: max

Fanout     Cap    Slew   Delay    Time   Description
-----------------------------------------------------------------------------
                  0.00    0.00    0.00   clock core_clock (rise edge)
                          0.00    0.00   clock network delay (ideal)
                  0.00    0.00    0.00 ^ _1302_/CLK (sky130_fd_sc_hd__dfrtp_4)
     5    0.12    0.35    0.62    0.62 ^ _1302_/Q (sky130_fd_sc_hd__dfrtp_4)
                                         imem_inst.address[3] (net)
                  0.35    0.01    0.63 ^ _0890_/A (sky130_fd_sc_hd__buf_12)
     9    0.16    0.19    0.26    0.89 ^ _0890_/X (sky130_fd_sc_hd__buf_12)
                                         _0131_ (net)
                  0.20    0.02    0.91 ^ _0891_/B (sky130_fd_sc_hd__and3_4)
     3    0.05    0.17    0.32    1.23 ^ _0891_/X (sky130_fd_sc_hd__and3_4)
                                         _0132_ (net)
                  0.17    0.00    1.23 ^ _0892_/B (sky130_fd_sc_hd__and2_4)
     4    0.10    0.28    0.34    1.57 ^ _0892_/X (sky130_fd_sc_hd__and2_4)
                                         _0133_ (net)
                  0.28    0.03    1.60 ^ _0893_/C (sky130_fd_sc_hd__and3_4)
     3    0.08    0.26    0.39    1.99 ^ _0893_/X (sky130_fd_sc_hd__and3_4)
                                         _0134_ (net)
                  0.26    0.01    2.00 ^ _0894_/B (sky130_fd_sc_hd__and2_4)
     4    0.10    0.30    0.38    2.38 ^ _0894_/X (sky130_fd_sc_hd__and2_4)
                                         _0135_ (net)
                  0.30    0.01    2.40 ^ _0895_/C (sky130_fd_sc_hd__and3_4)
     3    0.10    0.30    0.43    2.83 ^ _0895_/X (sky130_fd_sc_hd__and3_4)
                                         _0136_ (net)
                  0.30    0.02    2.85 ^ _0896_/B (sky130_fd_sc_hd__and2_4)
     4    0.08    0.22    0.34    3.19 ^ _0896_/X (sky130_fd_sc_hd__and2_4)
                                         _0137_ (net)
                  0.22    0.01    3.20 ^ _0897_/C (sky130_fd_sc_hd__and3_4)
     3    0.05    0.17    0.33    3.53 ^ _0897_/X (sky130_fd_sc_hd__and3_4)
                                         _0138_ (net)
                  0.17    0.00    3.53 ^ _0898_/B (sky130_fd_sc_hd__and2_4)
     4    0.08    0.24    0.31    3.85 ^ _0898_/X (sky130_fd_sc_hd__and2_4)
                                         _0139_ (net)
                  0.24    0.01    3.86 ^ _0899_/C (sky130_fd_sc_hd__and3_4)
     3    0.07    0.20    0.35    4.21 ^ _0899_/X (sky130_fd_sc_hd__and3_4)
                                         _0140_ (net)
                  0.20    0.01    4.22 ^ _0900_/B (sky130_fd_sc_hd__and2_4)
     4    0.09    0.25    0.33    4.55 ^ _0900_/X (sky130_fd_sc_hd__and2_4)
                                         _0141_ (net)
                  0.26    0.02    4.57 ^ _0901_/C (sky130_fd_sc_hd__and3_4)
     3    0.06    0.18    0.33    4.91 ^ _0901_/X (sky130_fd_sc_hd__and3_4)
                                         _0142_ (net)
                  0.18    0.01    4.92 ^ _0902_/B (sky130_fd_sc_hd__and2_4)
     4    0.09    0.27    0.35    5.27 ^ _0902_/X (sky130_fd_sc_hd__and2_4)
                                         _0143_ (net)
                  0.27    0.01    5.27 ^ _0903_/C (sky130_fd_sc_hd__and3_4)
     3    0.07    0.22    0.37    5.64 ^ _0903_/X (sky130_fd_sc_hd__and3_4)
                                         _0144_ (net)
                  0.22    0.01    5.66 ^ _0904_/B (sky130_fd_sc_hd__and2_4)
     4    0.06    0.18    0.30    5.95 ^ _0904_/X (sky130_fd_sc_hd__and2_4)
                                         _0145_ (net)
                  0.18    0.00    5.96 ^ _0923_/B (sky130_fd_sc_hd__xor2_4)
     1    0.03    0.25    0.27    6.23 ^ _0923_/X (sky130_fd_sc_hd__xor2_4)
                                         _0071_ (net)
                  0.25    0.01    6.23 ^ _1322_/D (sky130_fd_sc_hd__dfrtp_4)
                                  6.23   data arrival time

                  0.00   15.00   15.00   clock core_clock (rise edge)
                          0.00   15.00   clock network delay (ideal)
                          0.00   15.00   clock reconvergence pessimism
                                 15.00 ^ _1322_/CLK (sky130_fd_sc_hd__dfrtp_4)
                         -0.12   14.88   library setup time
                                 14.88   data required time
-----------------------------------------------------------------------------
                                 14.88   data required time
                                 -6.23   data arrival time
-----------------------------------------------------------------------------
                                  8.65   slack (MET)


Startpoint: _1307_ (rising edge-triggered flip-flop clocked by core_clock)
Endpoint: _1350_ (rising edge-triggered flip-flop clocked by core_clock)
Path Group: core_clock
Path Type: max

Fanout     Cap    Slew   Delay    Time   Description
-----------------------------------------------------------------------------
                  0.00    0.00    0.00   clock core_clock (rise edge)
                          0.00    0.00   clock network delay (ideal)
                  0.00    0.00    0.00 ^ _1307_/CLK (sky130_fd_sc_hd__dfrtp_4)
     4    0.09    0.17    0.57    0.57 v _1307_/Q (sky130_fd_sc_hd__dfrtp_4)
                                         imem_inst.address[8] (net)
                  0.18    0.03    0.60 v _0967_/B (sky130_fd_sc_hd__or4_4)
     3    0.06    0.16    0.68    1.28 v _0967_/X (sky130_fd_sc_hd__or4_4)
                                         _0178_ (net)
                  0.16    0.01    1.28 v _0969_/C (sky130_fd_sc_hd__or4_4)
     7    0.12    0.24    0.72    2.00 v _0969_/X (sky130_fd_sc_hd__or4_4)
                                         _0180_ (net)
                  0.25    0.02    2.02 v _1016_/A1 (sky130_fd_sc_hd__o41ai_4)
     3    0.04    0.59    0.69    2.71 ^ _1016_/Y (sky130_fd_sc_hd__o41ai_4)
                                         _0227_ (net)
                  0.59    0.00    2.71 ^ max_cap21/A (sky130_fd_sc_hd__buf_4)
     4    0.05    0.14    0.29    3.01 ^ max_cap21/X (sky130_fd_sc_hd__buf_4)
                                         net21 (net)
                  0.14    0.00    3.01 ^ _1134_/B1_N (sky130_fd_sc_hd__a21boi_4)
     6    0.11    0.75    0.65    3.65 ^ _1134_/Y (sky130_fd_sc_hd__a21boi_4)
                                         _0345_ (net)
                  0.75    0.02    3.67 ^ _1152_/B (sky130_fd_sc_hd__xor2_4)
     2    0.08    0.57    0.51    4.19 ^ _1152_/X (sky130_fd_sc_hd__xor2_4)
                                         _0363_ (net)
                  0.57    0.02    4.21 ^ _1153_/B (sky130_fd_sc_hd__xnor2_4)
     3    0.07    0.24    0.28    4.48 v _1153_/Y (sky130_fd_sc_hd__xnor2_4)
                                         _0364_ (net)
                  0.24    0.01    4.49 v _1156_/A2 (sky130_fd_sc_hd__a21o_4)
     3    0.06    0.10    0.37    4.86 v _1156_/X (sky130_fd_sc_hd__a21o_4)
                                         _0367_ (net)
                  0.10    0.01    4.87 v _1158_/A2 (sky130_fd_sc_hd__a21o_4)
     3    0.06    0.10    0.31    5.18 v _1158_/X (sky130_fd_sc_hd__a21o_4)
                                         _0369_ (net)
                  0.10    0.01    5.18 v _0653_/A1 (sky130_fd_sc_hd__a21o_1)
     1    0.01    0.07    0.21    5.39 v _0653_/X (sky130_fd_sc_hd__a21o_1)
                                         _0509_ (net)
                  0.07    0.00    5.39 v _0657_/A2 (sky130_fd_sc_hd__o21ai_4)
     2    0.07    0.49    0.40    5.80 ^ _0657_/Y (sky130_fd_sc_hd__o21ai_4)
                                         _0513_ (net)
                  0.49    0.00    5.80 ^ _0821_/A1 (sky130_fd_sc_hd__mux2_1)
     1    0.01    0.08    0.23    6.03 ^ _0821_/X (sky130_fd_sc_hd__mux2_1)
                                         _0598_ (net)
                  0.08    0.00    6.03 ^ _0822_/A (sky130_fd_sc_hd__buf_4)
     1    0.05    0.14    0.19    6.22 ^ _0822_/X (sky130_fd_sc_hd__buf_4)
                                         _0099_ (net)
                  0.14    0.01    6.23 ^ _1350_/D (sky130_fd_sc_hd__dfxtp_4)
                                  6.23   data arrival time

                  0.00   15.00   15.00   clock core_clock (rise edge)
                          0.00   15.00   clock network delay (ideal)
                          0.00   15.00   clock reconvergence pessimism
                                 15.00 ^ _1350_/CLK (sky130_fd_sc_hd__dfxtp_4)
                         -0.09   14.91   library setup time
                                 14.91   data required time
-----------------------------------------------------------------------------
                                 14.91   data required time
                                 -6.23   data arrival time
-----------------------------------------------------------------------------
                                  8.68   slack (MET)


Startpoint: _1302_ (rising edge-triggered flip-flop clocked by core_clock)
Endpoint: _1321_ (rising edge-triggered flip-flop clocked by core_clock)
Path Group: core_clock
Path Type: max

Fanout     Cap    Slew   Delay    Time   Description
-----------------------------------------------------------------------------
                  0.00    0.00    0.00   clock core_clock (rise edge)
                          0.00    0.00   clock network delay (ideal)
                  0.00    0.00    0.00 ^ _1302_/CLK (sky130_fd_sc_hd__dfrtp_4)
     5    0.12    0.35    0.62    0.62 ^ _1302_/Q (sky130_fd_sc_hd__dfrtp_4)
                                         imem_inst.address[3] (net)
                  0.35    0.01    0.63 ^ _0890_/A (sky130_fd_sc_hd__buf_12)
     9    0.16    0.19    0.26    0.89 ^ _0890_/X (sky130_fd_sc_hd__buf_12)
                                         _0131_ (net)
                  0.20    0.02    0.91 ^ _0891_/B (sky130_fd_sc_hd__and3_4)
     3    0.05    0.17    0.32    1.23 ^ _0891_/X (sky130_fd_sc_hd__and3_4)
                                         _0132_ (net)
                  0.17    0.00    1.23 ^ _0892_/B (sky130_fd_sc_hd__and2_4)
     4    0.10    0.28    0.34    1.57 ^ _0892_/X (sky130_fd_sc_hd__and2_4)
                                         _0133_ (net)
                  0.28    0.03    1.60 ^ _0893_/C (sky130_fd_sc_hd__and3_4)
     3    0.08    0.26    0.39    1.99 ^ _0893_/X (sky130_fd_sc_hd__and3_4)
                                         _0134_ (net)
                  0.26    0.01    2.00 ^ _0894_/B (sky130_fd_sc_hd__and2_4)
     4    0.10    0.30    0.38    2.38 ^ _0894_/X (sky130_fd_sc_hd__and2_4)
                                         _0135_ (net)
                  0.30    0.01    2.40 ^ _0895_/C (sky130_fd_sc_hd__and3_4)
     3    0.10    0.30    0.43    2.83 ^ _0895_/X (sky130_fd_sc_hd__and3_4)
                                         _0136_ (net)
                  0.30    0.02    2.85 ^ _0896_/B (sky130_fd_sc_hd__and2_4)
     4    0.08    0.22    0.34    3.19 ^ _0896_/X (sky130_fd_sc_hd__and2_4)
                                         _0137_ (net)
                  0.22    0.01    3.20 ^ _0897_/C (sky130_fd_sc_hd__and3_4)
     3    0.05    0.17    0.33    3.53 ^ _0897_/X (sky130_fd_sc_hd__and3_4)
                                         _0138_ (net)
                  0.17    0.00    3.53 ^ _0898_/B (sky130_fd_sc_hd__and2_4)
     4    0.08    0.24    0.31    3.85 ^ _0898_/X (sky130_fd_sc_hd__and2_4)
                                         _0139_ (net)
                  0.24    0.01    3.86 ^ _0899_/C (sky130_fd_sc_hd__and3_4)
     3    0.07    0.20    0.35    4.21 ^ _0899_/X (sky130_fd_sc_hd__and3_4)
                                         _0140_ (net)
                  0.20    0.01    4.22 ^ _0900_/B (sky130_fd_sc_hd__and2_4)
     4    0.09    0.25    0.33    4.55 ^ _0900_/X (sky130_fd_sc_hd__and2_4)
                                         _0141_ (net)
                  0.26    0.02    4.57 ^ _0901_/C (sky130_fd_sc_hd__and3_4)
     3    0.06    0.18    0.33    4.91 ^ _0901_/X (sky130_fd_sc_hd__and3_4)
                                         _0142_ (net)
                  0.18    0.01    4.92 ^ _0902_/B (sky130_fd_sc_hd__and2_4)
     4    0.09    0.27    0.35    5.27 ^ _0902_/X (sky130_fd_sc_hd__and2_4)
                                         _0143_ (net)
                  0.27    0.01    5.27 ^ _0903_/C (sky130_fd_sc_hd__and3_4)
     3    0.07    0.22    0.37    5.64 ^ _0903_/X (sky130_fd_sc_hd__and3_4)
                                         _0144_ (net)
                  0.22    0.01    5.66 ^ _0904_/B (sky130_fd_sc_hd__and2_4)
     4    0.06    0.18    0.30    5.95 ^ _0904_/X (sky130_fd_sc_hd__and2_4)
                                         _0145_ (net)
                  0.18    0.00    5.96 ^ _0925_/A (sky130_fd_sc_hd__nor2_4)
     1    0.05    0.09    0.11    6.07 v _0925_/Y (sky130_fd_sc_hd__nor2_4)
                                         _0070_ (net)
                  0.09    0.01    6.08 v _1321_/D (sky130_fd_sc_hd__dfrtp_4)
                                  6.08   data arrival time

                  0.00   15.00   15.00   clock core_clock (rise edge)
                          0.00   15.00   clock network delay (ideal)
                          0.00   15.00   clock reconvergence pessimism
                                 15.00 ^ _1321_/CLK (sky130_fd_sc_hd__dfrtp_4)
                         -0.15   14.85   library setup time
                                 14.85   data required time
-----------------------------------------------------------------------------
                                 14.85   data required time
                                 -6.08   data arrival time
-----------------------------------------------------------------------------
                                  8.77   slack (MET)


Startpoint: _1307_ (rising edge-triggered flip-flop clocked by core_clock)
Endpoint: _1352_ (rising edge-triggered flip-flop clocked by core_clock)
Path Group: core_clock
Path Type: max

Fanout     Cap    Slew   Delay    Time   Description
-----------------------------------------------------------------------------
                  0.00    0.00    0.00   clock core_clock (rise edge)
                          0.00    0.00   clock network delay (ideal)
                  0.00    0.00    0.00 ^ _1307_/CLK (sky130_fd_sc_hd__dfrtp_4)
     4    0.09    0.17    0.57    0.57 v _1307_/Q (sky130_fd_sc_hd__dfrtp_4)
                                         imem_inst.address[8] (net)
                  0.18    0.03    0.60 v _0967_/B (sky130_fd_sc_hd__or4_4)
     3    0.06    0.16    0.68    1.28 v _0967_/X (sky130_fd_sc_hd__or4_4)
                                         _0178_ (net)
                  0.16    0.01    1.28 v _0969_/C (sky130_fd_sc_hd__or4_4)
     7    0.12    0.24    0.72    2.00 v _0969_/X (sky130_fd_sc_hd__or4_4)
                                         _0180_ (net)
                  0.25    0.02    2.02 v _0986_/A (sky130_fd_sc_hd__or4_4)
     2    0.05    0.16    0.70    2.72 v _0986_/X (sky130_fd_sc_hd__or4_4)
                                         _0197_ (net)
                  0.16    0.01    2.73 v _0987_/A_N (sky130_fd_sc_hd__and3b_2)
     1    0.02    0.13    0.34    3.08 ^ _0987_/X (sky130_fd_sc_hd__and3b_2)
                                         _0198_ (net)
                  0.13    0.00    3.08 ^ _0988_/A (sky130_fd_sc_hd__buf_12)
    10    0.14    0.17    0.21    3.29 ^ _0988_/X (sky130_fd_sc_hd__buf_12)
                                         _0199_ (net)
                  0.17    0.01    3.30 ^ _1013_/B1 (sky130_fd_sc_hd__o31a_4)
     3    0.08    0.24    0.31    3.61 ^ _1013_/X (sky130_fd_sc_hd__o31a_4)
                                         _0224_ (net)
                  0.24    0.01    3.62 ^ _1065_/B (sky130_fd_sc_hd__or3_4)
     3    0.06    0.18    0.28    3.90 ^ _1065_/X (sky130_fd_sc_hd__or3_4)
                                         _0276_ (net)
                  0.18    0.02    3.92 ^ _1081_/B (sky130_fd_sc_hd__xor2_4)
     2    0.06    0.46    0.42    4.34 ^ _1081_/X (sky130_fd_sc_hd__xor2_4)
                                         _0292_ (net)
                  0.46    0.01    4.35 ^ _1082_/B (sky130_fd_sc_hd__nand2_8)
     1    0.05    0.17    0.14    4.49 v _1082_/Y (sky130_fd_sc_hd__nand2_8)
                                         _0293_ (net)
                  0.18    0.02    4.50 v _1084_/A2 (sky130_fd_sc_hd__a21oi_4)
     2    0.07    0.51    0.49    4.99 ^ _1084_/Y (sky130_fd_sc_hd__a21oi_4)
                                         _0295_ (net)
                  0.51    0.02    5.01 ^ _1242_/A1 (sky130_fd_sc_hd__o21a_4)
     1    0.04    0.12    0.27    5.28 ^ _1242_/X (sky130_fd_sc_hd__o21a_4)
                                         _0452_ (net)
                  0.12    0.01    5.29 ^ _1243_/B (sky130_fd_sc_hd__xnor2_4)
     1    0.04    0.16    0.13    5.41 v _1243_/Y (sky130_fd_sc_hd__xnor2_4)
                                         _0453_ (net)
                  0.16    0.01    5.42 v _1244_/B1 (sky130_fd_sc_hd__o2bb2a_4)
     2    0.06    0.11    0.33    5.75 v _1244_/X (sky130_fd_sc_hd__o2bb2a_4)
                                         _0454_ (net)
                  0.11    0.02    5.77 v _0826_/A2 (sky130_fd_sc_hd__a21oi_4)
     1    0.04    0.30    0.31    6.08 ^ _0826_/Y (sky130_fd_sc_hd__a21oi_4)
                                         _0101_ (net)
                  0.30    0.01    6.09 ^ _1352_/D (sky130_fd_sc_hd__dfxtp_4)
                                  6.09   data arrival time

                  0.00   15.00   15.00   clock core_clock (rise edge)
                          0.00   15.00   clock network delay (ideal)
                          0.00   15.00   clock reconvergence pessimism
                                 15.00 ^ _1352_/CLK (sky130_fd_sc_hd__dfxtp_4)
                         -0.13   14.87   library setup time
                                 14.87   data required time
-----------------------------------------------------------------------------
                                 14.87   data required time
                                 -6.09   data arrival time
-----------------------------------------------------------------------------
                                  8.78   slack (MET)


Startpoint: _1307_ (rising edge-triggered flip-flop clocked by core_clock)
Endpoint: _1349_ (rising edge-triggered flip-flop clocked by core_clock)
Path Group: core_clock
Path Type: max

Fanout     Cap    Slew   Delay    Time   Description
-----------------------------------------------------------------------------
                  0.00    0.00    0.00   clock core_clock (rise edge)
                          0.00    0.00   clock network delay (ideal)
                  0.00    0.00    0.00 ^ _1307_/CLK (sky130_fd_sc_hd__dfrtp_4)
     4    0.09    0.17    0.57    0.57 v _1307_/Q (sky130_fd_sc_hd__dfrtp_4)
                                         imem_inst.address[8] (net)
                  0.18    0.03    0.60 v _0967_/B (sky130_fd_sc_hd__or4_4)
     3    0.06    0.16    0.68    1.28 v _0967_/X (sky130_fd_sc_hd__or4_4)
                                         _0178_ (net)
                  0.16    0.01    1.28 v _0969_/C (sky130_fd_sc_hd__or4_4)
     7    0.12    0.24    0.72    2.00 v _0969_/X (sky130_fd_sc_hd__or4_4)
                                         _0180_ (net)
                  0.25    0.02    2.02 v _1016_/A1 (sky130_fd_sc_hd__o41ai_4)
     3    0.04    0.59    0.69    2.71 ^ _1016_/Y (sky130_fd_sc_hd__o41ai_4)
                                         _0227_ (net)
                  0.59    0.00    2.71 ^ max_cap21/A (sky130_fd_sc_hd__buf_4)
     4    0.05    0.14    0.29    3.01 ^ max_cap21/X (sky130_fd_sc_hd__buf_4)
                                         net21 (net)
                  0.14    0.00    3.01 ^ _1134_/B1_N (sky130_fd_sc_hd__a21boi_4)
     6    0.11    0.75    0.65    3.65 ^ _1134_/Y (sky130_fd_sc_hd__a21boi_4)
                                         _0345_ (net)
                  0.75    0.02    3.67 ^ _1152_/B (sky130_fd_sc_hd__xor2_4)
     2    0.08    0.32    0.36    4.03 v _1152_/X (sky130_fd_sc_hd__xor2_4)
                                         _0363_ (net)
                  0.33    0.02    4.05 v _1153_/B (sky130_fd_sc_hd__xnor2_4)
     3    0.07    0.56    0.56    4.61 ^ _1153_/Y (sky130_fd_sc_hd__xnor2_4)
                                         _0364_ (net)
                  0.56    0.01    4.62 ^ _1156_/A2 (sky130_fd_sc_hd__a21o_4)
     3    0.07    0.19    0.32    4.94 ^ _1156_/X (sky130_fd_sc_hd__a21o_4)
                                         _0367_ (net)
                  0.19    0.01    4.95 ^ _1205_/A2 (sky130_fd_sc_hd__a21o_2)
     1    0.04    0.18    0.27    5.21 ^ _1205_/X (sky130_fd_sc_hd__a21o_2)
                                         _0415_ (net)
                  0.18    0.01    5.22 ^ _1208_/A2 (sky130_fd_sc_hd__o21ai_4)
     2    0.04    0.12    0.14    5.36 v _1208_/Y (sky130_fd_sc_hd__o21ai_4)
                                         _0418_ (net)
                  0.13    0.01    5.36 v _0819_/A1 (sky130_fd_sc_hd__mux2_1)
     1    0.00    0.06    0.33    5.69 v _0819_/X (sky130_fd_sc_hd__mux2_1)
                                         _0597_ (net)
                  0.06    0.00    5.69 v _0820_/A (sky130_fd_sc_hd__buf_1)
     1    0.01    0.07    0.13    5.83 v _0820_/X (sky130_fd_sc_hd__buf_1)
                                         _0098_ (net)
                  0.07    0.00    5.83 v _1349_/D (sky130_fd_sc_hd__dfxtp_4)
                                  5.83   data arrival time

                  0.00   15.00   15.00   clock core_clock (rise edge)
                          0.00   15.00   clock network delay (ideal)
                          0.00   15.00   clock reconvergence pessimism
                                 15.00 ^ _1349_/CLK (sky130_fd_sc_hd__dfxtp_4)
                         -0.13   14.87   library setup time
                                 14.87   data required time
-----------------------------------------------------------------------------
                                 14.87   data required time
                                 -5.83   data arrival time
-----------------------------------------------------------------------------
                                  9.04   slack (MET)


Startpoint: _1302_ (rising edge-triggered flip-flop clocked by core_clock)
Endpoint: _1320_ (rising edge-triggered flip-flop clocked by core_clock)
Path Group: core_clock
Path Type: max

Fanout     Cap    Slew   Delay    Time   Description
-----------------------------------------------------------------------------
                  0.00    0.00    0.00   clock core_clock (rise edge)
                          0.00    0.00   clock network delay (ideal)
                  0.00    0.00    0.00 ^ _1302_/CLK (sky130_fd_sc_hd__dfrtp_4)
     5    0.12    0.35    0.62    0.62 ^ _1302_/Q (sky130_fd_sc_hd__dfrtp_4)
                                         imem_inst.address[3] (net)
                  0.35    0.01    0.63 ^ _0890_/A (sky130_fd_sc_hd__buf_12)
     9    0.16    0.19    0.26    0.89 ^ _0890_/X (sky130_fd_sc_hd__buf_12)
                                         _0131_ (net)
                  0.20    0.02    0.91 ^ _0891_/B (sky130_fd_sc_hd__and3_4)
     3    0.05    0.17    0.32    1.23 ^ _0891_/X (sky130_fd_sc_hd__and3_4)
                                         _0132_ (net)
                  0.17    0.00    1.23 ^ _0892_/B (sky130_fd_sc_hd__and2_4)
     4    0.10    0.28    0.34    1.57 ^ _0892_/X (sky130_fd_sc_hd__and2_4)
                                         _0133_ (net)
                  0.28    0.03    1.60 ^ _0893_/C (sky130_fd_sc_hd__and3_4)
     3    0.08    0.26    0.39    1.99 ^ _0893_/X (sky130_fd_sc_hd__and3_4)
                                         _0134_ (net)
                  0.26    0.01    2.00 ^ _0894_/B (sky130_fd_sc_hd__and2_4)
     4    0.10    0.30    0.38    2.38 ^ _0894_/X (sky130_fd_sc_hd__and2_4)
                                         _0135_ (net)
                  0.30    0.01    2.40 ^ _0895_/C (sky130_fd_sc_hd__and3_4)
     3    0.10    0.30    0.43    2.83 ^ _0895_/X (sky130_fd_sc_hd__and3_4)
                                         _0136_ (net)
                  0.30    0.02    2.85 ^ _0896_/B (sky130_fd_sc_hd__and2_4)
     4    0.08    0.22    0.34    3.19 ^ _0896_/X (sky130_fd_sc_hd__and2_4)
                                         _0137_ (net)
                  0.22    0.01    3.20 ^ _0897_/C (sky130_fd_sc_hd__and3_4)
     3    0.05    0.17    0.33    3.53 ^ _0897_/X (sky130_fd_sc_hd__and3_4)
                                         _0138_ (net)
                  0.17    0.00    3.53 ^ _0898_/B (sky130_fd_sc_hd__and2_4)
     4    0.08    0.24    0.31    3.85 ^ _0898_/X (sky130_fd_sc_hd__and2_4)
                                         _0139_ (net)
                  0.24    0.01    3.86 ^ _0899_/C (sky130_fd_sc_hd__and3_4)
     3    0.07    0.20    0.35    4.21 ^ _0899_/X (sky130_fd_sc_hd__and3_4)
                                         _0140_ (net)
                  0.20    0.01    4.22 ^ _0900_/B (sky130_fd_sc_hd__and2_4)
     4    0.09    0.25    0.33    4.55 ^ _0900_/X (sky130_fd_sc_hd__and2_4)
                                         _0141_ (net)
                  0.26    0.02    4.57 ^ _0901_/C (sky130_fd_sc_hd__and3_4)
     3    0.06    0.18    0.33    4.91 ^ _0901_/X (sky130_fd_sc_hd__and3_4)
                                         _0142_ (net)
                  0.18    0.01    4.92 ^ _0902_/B (sky130_fd_sc_hd__and2_4)
     4    0.09    0.27    0.35    5.27 ^ _0902_/X (sky130_fd_sc_hd__and2_4)
                                         _0143_ (net)
                  0.27    0.01    5.28 ^ _0926_/A2 (sky130_fd_sc_hd__a21oi_4)
     1    0.07    0.18    0.20    5.48 v _0926_/Y (sky130_fd_sc_hd__a21oi_4)
                                         _0157_ (net)
                  0.19    0.03    5.51 v _0927_/B (sky130_fd_sc_hd__nor2_4)
     1    0.05    0.30    0.30    5.81 ^ _0927_/Y (sky130_fd_sc_hd__nor2_4)
                                         _0069_ (net)
                  0.31    0.01    5.82 ^ _1320_/D (sky130_fd_sc_hd__dfrtp_4)
                                  5.82   data arrival time

                  0.00   15.00   15.00   clock core_clock (rise edge)
                          0.00   15.00   clock network delay (ideal)
                          0.00   15.00   clock reconvergence pessimism
                                 15.00 ^ _1320_/CLK (sky130_fd_sc_hd__dfrtp_4)
                         -0.13   14.87   library setup time
                                 14.87   data required time
-----------------------------------------------------------------------------
                                 14.87   data required time
                                 -5.82   data arrival time
-----------------------------------------------------------------------------
                                  9.05   slack (MET)


Startpoint: _1307_ (rising edge-triggered flip-flop clocked by core_clock)
Endpoint: _1348_ (rising edge-triggered flip-flop clocked by core_clock)
Path Group: core_clock
Path Type: max

Fanout     Cap    Slew   Delay    Time   Description
-----------------------------------------------------------------------------
                  0.00    0.00    0.00   clock core_clock (rise edge)
                          0.00    0.00   clock network delay (ideal)
                  0.00    0.00    0.00 ^ _1307_/CLK (sky130_fd_sc_hd__dfrtp_4)
     4    0.09    0.17    0.57    0.57 v _1307_/Q (sky130_fd_sc_hd__dfrtp_4)
                                         imem_inst.address[8] (net)
                  0.18    0.03    0.60 v _0967_/B (sky130_fd_sc_hd__or4_4)
     3    0.06    0.16    0.68    1.28 v _0967_/X (sky130_fd_sc_hd__or4_4)
                                         _0178_ (net)
                  0.16    0.01    1.28 v _0969_/C (sky130_fd_sc_hd__or4_4)
     7    0.12    0.24    0.72    2.00 v _0969_/X (sky130_fd_sc_hd__or4_4)
                                         _0180_ (net)
                  0.25    0.02    2.02 v _1016_/A1 (sky130_fd_sc_hd__o41ai_4)
     3    0.04    0.59    0.69    2.71 ^ _1016_/Y (sky130_fd_sc_hd__o41ai_4)
                                         _0227_ (net)
                  0.59    0.00    2.71 ^ max_cap21/A (sky130_fd_sc_hd__buf_4)
     4    0.05    0.14    0.29    3.01 ^ max_cap21/X (sky130_fd_sc_hd__buf_4)
                                         net21 (net)
                  0.14    0.00    3.01 ^ _1134_/B1_N (sky130_fd_sc_hd__a21boi_4)
     6    0.11    0.75    0.65    3.65 ^ _1134_/Y (sky130_fd_sc_hd__a21boi_4)
                                         _0345_ (net)
                  0.75    0.02    3.67 ^ _1152_/B (sky130_fd_sc_hd__xor2_4)
     2    0.08    0.32    0.36    4.03 v _1152_/X (sky130_fd_sc_hd__xor2_4)
                                         _0363_ (net)
                  0.33    0.02    4.05 v _1153_/B (sky130_fd_sc_hd__xnor2_4)
     3    0.07    0.56    0.56    4.61 ^ _1153_/Y (sky130_fd_sc_hd__xnor2_4)
                                         _0364_ (net)
                  0.56    0.02    4.62 ^ _1253_/A2 (sky130_fd_sc_hd__a21oi_4)
     1    0.03    0.14    0.18    4.80 v _1253_/Y (sky130_fd_sc_hd__a21oi_4)
                                         _0463_ (net)
                  0.14    0.01    4.81 v _1254_/B1 (sky130_fd_sc_hd__o21a_4)
     2    0.04    0.08    0.20    5.01 v _1254_/X (sky130_fd_sc_hd__o21a_4)
                                         _0464_ (net)
                  0.08    0.00    5.02 v _0817_/A1 (sky130_fd_sc_hd__mux2_4)
     1    0.04    0.11    0.34    5.36 v _0817_/X (sky130_fd_sc_hd__mux2_4)
                                         _0596_ (net)
                  0.11    0.01    5.37 v _0818_/A (sky130_fd_sc_hd__clkbuf_4)
     1    0.04    0.08    0.21    5.58 v _0818_/X (sky130_fd_sc_hd__clkbuf_4)
                                         _0097_ (net)
                  0.08    0.01    5.59 v _1348_/D (sky130_fd_sc_hd__dfxtp_4)
                                  5.59   data arrival time

                  0.00   15.00   15.00   clock core_clock (rise edge)
                          0.00   15.00   clock network delay (ideal)
                          0.00   15.00   clock reconvergence pessimism
                                 15.00 ^ _1348_/CLK (sky130_fd_sc_hd__dfxtp_4)
                         -0.14   14.86   library setup time
                                 14.86   data required time
-----------------------------------------------------------------------------
                                 14.86   data required time
                                 -5.59   data arrival time
-----------------------------------------------------------------------------
                                  9.27   slack (MET)


Startpoint: _1302_ (rising edge-triggered flip-flop clocked by core_clock)
Endpoint: _1319_ (rising edge-triggered flip-flop clocked by core_clock)
Path Group: core_clock
Path Type: max

Fanout     Cap    Slew   Delay    Time   Description
-----------------------------------------------------------------------------
                  0.00    0.00    0.00   clock core_clock (rise edge)
                          0.00    0.00   clock network delay (ideal)
                  0.00    0.00    0.00 ^ _1302_/CLK (sky130_fd_sc_hd__dfrtp_4)
     5    0.12    0.35    0.62    0.62 ^ _1302_/Q (sky130_fd_sc_hd__dfrtp_4)
                                         imem_inst.address[3] (net)
                  0.35    0.01    0.63 ^ _0890_/A (sky130_fd_sc_hd__buf_12)
     9    0.16    0.19    0.26    0.89 ^ _0890_/X (sky130_fd_sc_hd__buf_12)
                                         _0131_ (net)
                  0.20    0.02    0.91 ^ _0891_/B (sky130_fd_sc_hd__and3_4)
     3    0.05    0.17    0.32    1.23 ^ _0891_/X (sky130_fd_sc_hd__and3_4)
                                         _0132_ (net)
                  0.17    0.00    1.23 ^ _0892_/B (sky130_fd_sc_hd__and2_4)
     4    0.10    0.28    0.34    1.57 ^ _0892_/X (sky130_fd_sc_hd__and2_4)
                                         _0133_ (net)
                  0.28    0.03    1.60 ^ _0893_/C (sky130_fd_sc_hd__and3_4)
     3    0.08    0.26    0.39    1.99 ^ _0893_/X (sky130_fd_sc_hd__and3_4)
                                         _0134_ (net)
                  0.26    0.01    2.00 ^ _0894_/B (sky130_fd_sc_hd__and2_4)
     4    0.10    0.30    0.38    2.38 ^ _0894_/X (sky130_fd_sc_hd__and2_4)
                                         _0135_ (net)
                  0.30    0.01    2.40 ^ _0895_/C (sky130_fd_sc_hd__and3_4)
     3    0.10    0.30    0.43    2.83 ^ _0895_/X (sky130_fd_sc_hd__and3_4)
                                         _0136_ (net)
                  0.30    0.02    2.85 ^ _0896_/B (sky130_fd_sc_hd__and2_4)
     4    0.08    0.22    0.34    3.19 ^ _0896_/X (sky130_fd_sc_hd__and2_4)
                                         _0137_ (net)
                  0.22    0.01    3.20 ^ _0897_/C (sky130_fd_sc_hd__and3_4)
     3    0.05    0.17    0.33    3.53 ^ _0897_/X (sky130_fd_sc_hd__and3_4)
                                         _0138_ (net)
                  0.17    0.00    3.53 ^ _0898_/B (sky130_fd_sc_hd__and2_4)
     4    0.08    0.24    0.31    3.85 ^ _0898_/X (sky130_fd_sc_hd__and2_4)
                                         _0139_ (net)
                  0.24    0.01    3.86 ^ _0899_/C (sky130_fd_sc_hd__and3_4)
     3    0.07    0.20    0.35    4.21 ^ _0899_/X (sky130_fd_sc_hd__and3_4)
                                         _0140_ (net)
                  0.20    0.01    4.22 ^ _0900_/B (sky130_fd_sc_hd__and2_4)
     4    0.09    0.25    0.33    4.55 ^ _0900_/X (sky130_fd_sc_hd__and2_4)
                                         _0141_ (net)
                  0.26    0.02    4.57 ^ _0901_/C (sky130_fd_sc_hd__and3_4)
     3    0.06    0.18    0.33    4.91 ^ _0901_/X (sky130_fd_sc_hd__and3_4)
                                         _0142_ (net)
                  0.18    0.01    4.92 ^ _0902_/B (sky130_fd_sc_hd__and2_4)
     4    0.09    0.27    0.35    5.27 ^ _0902_/X (sky130_fd_sc_hd__and2_4)
                                         _0143_ (net)
                  0.27    0.01    5.27 ^ _0928_/B (sky130_fd_sc_hd__xor2_2)
     1    0.01    0.18    0.22    5.49 ^ _0928_/X (sky130_fd_sc_hd__xor2_2)
                                         _0068_ (net)
                  0.18    0.00    5.49 ^ _1319_/D (sky130_fd_sc_hd__dfrtp_4)
                                  5.49   data arrival time

                  0.00   15.00   15.00   clock core_clock (rise edge)
                          0.00   15.00   clock network delay (ideal)
                          0.00   15.00   clock reconvergence pessimism
                                 15.00 ^ _1319_/CLK (sky130_fd_sc_hd__dfrtp_4)
                         -0.10   14.90   library setup time
                                 14.90   data required time
-----------------------------------------------------------------------------
                                 14.90   data required time
                                 -5.49   data arrival time
-----------------------------------------------------------------------------
                                  9.40   slack (MET)


Startpoint: _1302_ (rising edge-triggered flip-flop clocked by core_clock)
Endpoint: _1318_ (rising edge-triggered flip-flop clocked by core_clock)
Path Group: core_clock
Path Type: max

Fanout     Cap    Slew   Delay    Time   Description
-----------------------------------------------------------------------------
                  0.00    0.00    0.00   clock core_clock (rise edge)
                          0.00    0.00   clock network delay (ideal)
                  0.00    0.00    0.00 ^ _1302_/CLK (sky130_fd_sc_hd__dfrtp_4)
     5    0.12    0.35    0.62    0.62 ^ _1302_/Q (sky130_fd_sc_hd__dfrtp_4)
                                         imem_inst.address[3] (net)
                  0.35    0.01    0.63 ^ _0890_/A (sky130_fd_sc_hd__buf_12)
     9    0.16    0.19    0.26    0.89 ^ _0890_/X (sky130_fd_sc_hd__buf_12)
                                         _0131_ (net)
                  0.20    0.02    0.91 ^ _0891_/B (sky130_fd_sc_hd__and3_4)
     3    0.05    0.17    0.32    1.23 ^ _0891_/X (sky130_fd_sc_hd__and3_4)
                                         _0132_ (net)
                  0.17    0.00    1.23 ^ _0892_/B (sky130_fd_sc_hd__and2_4)
     4    0.10    0.28    0.34    1.57 ^ _0892_/X (sky130_fd_sc_hd__and2_4)
                                         _0133_ (net)
                  0.28    0.03    1.60 ^ _0893_/C (sky130_fd_sc_hd__and3_4)
     3    0.08    0.26    0.39    1.99 ^ _0893_/X (sky130_fd_sc_hd__and3_4)
                                         _0134_ (net)
                  0.26    0.01    2.00 ^ _0894_/B (sky130_fd_sc_hd__and2_4)
     4    0.10    0.30    0.38    2.38 ^ _0894_/X (sky130_fd_sc_hd__and2_4)
                                         _0135_ (net)
                  0.30    0.01    2.40 ^ _0895_/C (sky130_fd_sc_hd__and3_4)
     3    0.10    0.30    0.43    2.83 ^ _0895_/X (sky130_fd_sc_hd__and3_4)
                                         _0136_ (net)
                  0.30    0.02    2.85 ^ _0896_/B (sky130_fd_sc_hd__and2_4)
     4    0.08    0.22    0.34    3.19 ^ _0896_/X (sky130_fd_sc_hd__and2_4)
                                         _0137_ (net)
                  0.22    0.01    3.20 ^ _0897_/C (sky130_fd_sc_hd__and3_4)
     3    0.05    0.17    0.33    3.53 ^ _0897_/X (sky130_fd_sc_hd__and3_4)
                                         _0138_ (net)
                  0.17    0.00    3.53 ^ _0898_/B (sky130_fd_sc_hd__and2_4)
     4    0.08    0.24    0.31    3.85 ^ _0898_/X (sky130_fd_sc_hd__and2_4)
                                         _0139_ (net)
                  0.24    0.01    3.86 ^ _0899_/C (sky130_fd_sc_hd__and3_4)
     3    0.07    0.20    0.35    4.21 ^ _0899_/X (sky130_fd_sc_hd__and3_4)
                                         _0140_ (net)
                  0.20    0.01    4.22 ^ _0900_/B (sky130_fd_sc_hd__and2_4)
     4    0.09    0.25    0.33    4.55 ^ _0900_/X (sky130_fd_sc_hd__and2_4)
                                         _0141_ (net)
                  0.26    0.02    4.57 ^ _0901_/C (sky130_fd_sc_hd__and3_4)
     3    0.06    0.18    0.33    4.91 ^ _0901_/X (sky130_fd_sc_hd__and3_4)
                                         _0142_ (net)
                  0.18    0.01    4.92 ^ _0902_/B (sky130_fd_sc_hd__and2_4)
     4    0.09    0.27    0.35    5.27 ^ _0902_/X (sky130_fd_sc_hd__and2_4)
                                         _0143_ (net)
                  0.27    0.01    5.27 ^ _0930_/A (sky130_fd_sc_hd__nor2_8)
     1    0.06    0.09    0.11    5.39 v _0930_/Y (sky130_fd_sc_hd__nor2_8)
                                         _0067_ (net)
                  0.10    0.02    5.41 v _1318_/D (sky130_fd_sc_hd__dfrtp_4)
                                  5.41   data arrival time

                  0.00   15.00   15.00   clock core_clock (rise edge)
                          0.00   15.00   clock network delay (ideal)
                          0.00   15.00   clock reconvergence pessimism
                                 15.00 ^ _1318_/CLK (sky130_fd_sc_hd__dfrtp_4)
                         -0.15   14.85   library setup time
                                 14.85   data required time
-----------------------------------------------------------------------------
                                 14.85   data required time
                                 -5.41   data arrival time
-----------------------------------------------------------------------------
                                  9.45   slack (MET)


Startpoint: _1307_ (rising edge-triggered flip-flop clocked by core_clock)
Endpoint: _1347_ (rising edge-triggered flip-flop clocked by core_clock)
Path Group: core_clock
Path Type: max

Fanout     Cap    Slew   Delay    Time   Description
-----------------------------------------------------------------------------
                  0.00    0.00    0.00   clock core_clock (rise edge)
                          0.00    0.00   clock network delay (ideal)
                  0.00    0.00    0.00 ^ _1307_/CLK (sky130_fd_sc_hd__dfrtp_4)
     4    0.09    0.17    0.57    0.57 v _1307_/Q (sky130_fd_sc_hd__dfrtp_4)
                                         imem_inst.address[8] (net)
                  0.18    0.03    0.60 v _0967_/B (sky130_fd_sc_hd__or4_4)
     3    0.06    0.16    0.68    1.28 v _0967_/X (sky130_fd_sc_hd__or4_4)
                                         _0178_ (net)
                  0.16    0.01    1.28 v _0969_/C (sky130_fd_sc_hd__or4_4)
     7    0.12    0.24    0.72    2.00 v _0969_/X (sky130_fd_sc_hd__or4_4)
                                         _0180_ (net)
                  0.25    0.02    2.02 v _1016_/A1 (sky130_fd_sc_hd__o41ai_4)
     3    0.04    0.59    0.69    2.71 ^ _1016_/Y (sky130_fd_sc_hd__o41ai_4)
                                         _0227_ (net)
                  0.59    0.00    2.71 ^ max_cap21/A (sky130_fd_sc_hd__buf_4)
     4    0.05    0.14    0.29    3.01 ^ max_cap21/X (sky130_fd_sc_hd__buf_4)
                                         net21 (net)
                  0.14    0.00    3.01 ^ _1134_/B1_N (sky130_fd_sc_hd__a21boi_4)
     6    0.11    0.75    0.65    3.65 ^ _1134_/Y (sky130_fd_sc_hd__a21boi_4)
                                         _0345_ (net)
                  0.75    0.02    3.67 ^ _1150_/A (sky130_fd_sc_hd__inv_2)
     3    0.04    0.21    0.24    3.92 v _1150_/Y (sky130_fd_sc_hd__inv_2)
                                         _0361_ (net)
                  0.21    0.01    3.92 v _1151_/A (sky130_fd_sc_hd__or2_4)
     4    0.09    0.15    0.42    4.34 v _1151_/X (sky130_fd_sc_hd__or2_4)
                                         _0362_ (net)
                  0.15    0.02    4.36 v _1238_/A1 (sky130_fd_sc_hd__a21oi_4)
     3    0.07    0.53    0.48    4.84 ^ _1238_/Y (sky130_fd_sc_hd__a21oi_4)
                                         _0448_ (net)
                  0.53    0.01    4.85 ^ _0815_/A1 (sky130_fd_sc_hd__mux2_2)
     1    0.03    0.15    0.35    5.21 ^ _0815_/X (sky130_fd_sc_hd__mux2_2)
                                         _0595_ (net)
                  0.15    0.00    5.21 ^ _0816_/A (sky130_fd_sc_hd__clkbuf_2)
     1    0.02    0.11    0.19    5.40 ^ _0816_/X (sky130_fd_sc_hd__clkbuf_2)
                                         _0096_ (net)
                  0.11    0.00    5.40 ^ _1347_/D (sky130_fd_sc_hd__dfxtp_4)
                                  5.40   data arrival time

                  0.00   15.00   15.00   clock core_clock (rise edge)
                          0.00   15.00   clock network delay (ideal)
                          0.00   15.00   clock reconvergence pessimism
                                 15.00 ^ _1347_/CLK (sky130_fd_sc_hd__dfxtp_4)
                         -0.08   14.92   library setup time
                                 14.92   data required time
-----------------------------------------------------------------------------
                                 14.92   data required time
                                 -5.40   data arrival time
-----------------------------------------------------------------------------
                                  9.51   slack (MET)


Startpoint: _1302_ (rising edge-triggered flip-flop clocked by core_clock)
Endpoint: _1317_ (rising edge-triggered flip-flop clocked by core_clock)
Path Group: core_clock
Path Type: max

Fanout     Cap    Slew   Delay    Time   Description
-----------------------------------------------------------------------------
                  0.00    0.00    0.00   clock core_clock (rise edge)
                          0.00    0.00   clock network delay (ideal)
                  0.00    0.00    0.00 ^ _1302_/CLK (sky130_fd_sc_hd__dfrtp_4)
     5    0.12    0.35    0.62    0.62 ^ _1302_/Q (sky130_fd_sc_hd__dfrtp_4)
                                         imem_inst.address[3] (net)
                  0.35    0.01    0.63 ^ _0890_/A (sky130_fd_sc_hd__buf_12)
     9    0.16    0.19    0.26    0.89 ^ _0890_/X (sky130_fd_sc_hd__buf_12)
                                         _0131_ (net)
                  0.20    0.02    0.91 ^ _0891_/B (sky130_fd_sc_hd__and3_4)
     3    0.05    0.17    0.32    1.23 ^ _0891_/X (sky130_fd_sc_hd__and3_4)
                                         _0132_ (net)
                  0.17    0.00    1.23 ^ _0892_/B (sky130_fd_sc_hd__and2_4)
     4    0.10    0.28    0.34    1.57 ^ _0892_/X (sky130_fd_sc_hd__and2_4)
                                         _0133_ (net)
                  0.28    0.03    1.60 ^ _0893_/C (sky130_fd_sc_hd__and3_4)
     3    0.08    0.26    0.39    1.99 ^ _0893_/X (sky130_fd_sc_hd__and3_4)
                                         _0134_ (net)
                  0.26    0.01    2.00 ^ _0894_/B (sky130_fd_sc_hd__and2_4)
     4    0.10    0.30    0.38    2.38 ^ _0894_/X (sky130_fd_sc_hd__and2_4)
                                         _0135_ (net)
                  0.30    0.01    2.40 ^ _0895_/C (sky130_fd_sc_hd__and3_4)
     3    0.10    0.30    0.43    2.83 ^ _0895_/X (sky130_fd_sc_hd__and3_4)
                                         _0136_ (net)
                  0.30    0.02    2.85 ^ _0896_/B (sky130_fd_sc_hd__and2_4)
     4    0.08    0.22    0.34    3.19 ^ _0896_/X (sky130_fd_sc_hd__and2_4)
                                         _0137_ (net)
                  0.22    0.01    3.20 ^ _0897_/C (sky130_fd_sc_hd__and3_4)
     3    0.05    0.17    0.33    3.53 ^ _0897_/X (sky130_fd_sc_hd__and3_4)
                                         _0138_ (net)
                  0.17    0.00    3.53 ^ _0898_/B (sky130_fd_sc_hd__and2_4)
     4    0.08    0.24    0.31    3.85 ^ _0898_/X (sky130_fd_sc_hd__and2_4)
                                         _0139_ (net)
                  0.24    0.01    3.86 ^ _0899_/C (sky130_fd_sc_hd__and3_4)
     3    0.07    0.20    0.35    4.21 ^ _0899_/X (sky130_fd_sc_hd__and3_4)
                                         _0140_ (net)
                  0.20    0.01    4.22 ^ _0900_/B (sky130_fd_sc_hd__and2_4)
     4    0.09    0.25    0.33    4.55 ^ _0900_/X (sky130_fd_sc_hd__and2_4)
                                         _0141_ (net)
                  0.26    0.02    4.57 ^ _0901_/C (sky130_fd_sc_hd__and3_4)
     3    0.06    0.18    0.33    4.91 ^ _0901_/X (sky130_fd_sc_hd__and3_4)
                                         _0142_ (net)
                  0.18    0.01    4.92 ^ _0932_/A (sky130_fd_sc_hd__nor2_4)
     1    0.03    0.07    0.10    5.02 v _0932_/Y (sky130_fd_sc_hd__nor2_4)
                                         _0066_ (net)
                  0.07    0.01    5.02 v _1317_/D (sky130_fd_sc_hd__dfrtp_4)
                                  5.02   data arrival time

                  0.00   15.00   15.00   clock core_clock (rise edge)
                          0.00   15.00   clock network delay (ideal)
                          0.00   15.00   clock reconvergence pessimism
                                 15.00 ^ _1317_/CLK (sky130_fd_sc_hd__dfrtp_4)
                         -0.14   14.86   library setup time
                                 14.86   data required time
-----------------------------------------------------------------------------
                                 14.86   data required time
                                 -5.02   data arrival time
-----------------------------------------------------------------------------
                                  9.84   slack (MET)


Startpoint: _1302_ (rising edge-triggered flip-flop clocked by core_clock)
Endpoint: _1316_ (rising edge-triggered flip-flop clocked by core_clock)
Path Group: core_clock
Path Type: max

Fanout     Cap    Slew   Delay    Time   Description
-----------------------------------------------------------------------------
                  0.00    0.00    0.00   clock core_clock (rise edge)
                          0.00    0.00   clock network delay (ideal)
                  0.00    0.00    0.00 ^ _1302_/CLK (sky130_fd_sc_hd__dfrtp_4)
     5    0.12    0.35    0.62    0.62 ^ _1302_/Q (sky130_fd_sc_hd__dfrtp_4)
                                         imem_inst.address[3] (net)
                  0.35    0.01    0.63 ^ _0890_/A (sky130_fd_sc_hd__buf_12)
     9    0.16    0.19    0.26    0.89 ^ _0890_/X (sky130_fd_sc_hd__buf_12)
                                         _0131_ (net)
                  0.20    0.02    0.91 ^ _0891_/B (sky130_fd_sc_hd__and3_4)
     3    0.05    0.17    0.32    1.23 ^ _0891_/X (sky130_fd_sc_hd__and3_4)
                                         _0132_ (net)
                  0.17    0.00    1.23 ^ _0892_/B (sky130_fd_sc_hd__and2_4)
     4    0.10    0.28    0.34    1.57 ^ _0892_/X (sky130_fd_sc_hd__and2_4)
                                         _0133_ (net)
                  0.28    0.03    1.60 ^ _0893_/C (sky130_fd_sc_hd__and3_4)
     3    0.08    0.26    0.39    1.99 ^ _0893_/X (sky130_fd_sc_hd__and3_4)
                                         _0134_ (net)
                  0.26    0.01    2.00 ^ _0894_/B (sky130_fd_sc_hd__and2_4)
     4    0.10    0.30    0.38    2.38 ^ _0894_/X (sky130_fd_sc_hd__and2_4)
                                         _0135_ (net)
                  0.30    0.01    2.40 ^ _0895_/C (sky130_fd_sc_hd__and3_4)
     3    0.10    0.30    0.43    2.83 ^ _0895_/X (sky130_fd_sc_hd__and3_4)
                                         _0136_ (net)
                  0.30    0.02    2.85 ^ _0896_/B (sky130_fd_sc_hd__and2_4)
     4    0.08    0.22    0.34    3.19 ^ _0896_/X (sky130_fd_sc_hd__and2_4)
                                         _0137_ (net)
                  0.22    0.01    3.20 ^ _0897_/C (sky130_fd_sc_hd__and3_4)
     3    0.05    0.17    0.33    3.53 ^ _0897_/X (sky130_fd_sc_hd__and3_4)
                                         _0138_ (net)
                  0.17    0.00    3.53 ^ _0898_/B (sky130_fd_sc_hd__and2_4)
     4    0.08    0.24    0.31    3.85 ^ _0898_/X (sky130_fd_sc_hd__and2_4)
                                         _0139_ (net)
                  0.24    0.01    3.86 ^ _0899_/C (sky130_fd_sc_hd__and3_4)
     3    0.07    0.20    0.35    4.21 ^ _0899_/X (sky130_fd_sc_hd__and3_4)
                                         _0140_ (net)
                  0.20    0.01    4.22 ^ _0900_/B (sky130_fd_sc_hd__and2_4)
     4    0.09    0.25    0.33    4.55 ^ _0900_/X (sky130_fd_sc_hd__and2_4)
                                         _0141_ (net)
                  0.26    0.02    4.57 ^ _0933_/B (sky130_fd_sc_hd__xor2_4)
     1    0.05    0.36    0.35    4.93 ^ _0933_/X (sky130_fd_sc_hd__xor2_4)
                                         _0065_ (net)
                  0.36    0.01    4.94 ^ _1316_/D (sky130_fd_sc_hd__dfrtp_4)
                                  4.94   data arrival time

                  0.00   15.00   15.00   clock core_clock (rise edge)
                          0.00   15.00   clock network delay (ideal)
                          0.00   15.00   clock reconvergence pessimism
                                 15.00 ^ _1316_/CLK (sky130_fd_sc_hd__dfrtp_4)
                         -0.14   14.86   library setup time
                                 14.86   data required time
-----------------------------------------------------------------------------
                                 14.86   data required time
                                 -4.94   data arrival time
-----------------------------------------------------------------------------
                                  9.92   slack (MET)


Startpoint: _1302_ (rising edge-triggered flip-flop clocked by core_clock)
Endpoint: _1315_ (rising edge-triggered flip-flop clocked by core_clock)
Path Group: core_clock
Path Type: max

Fanout     Cap    Slew   Delay    Time   Description
-----------------------------------------------------------------------------
                  0.00    0.00    0.00   clock core_clock (rise edge)
                          0.00    0.00   clock network delay (ideal)
                  0.00    0.00    0.00 ^ _1302_/CLK (sky130_fd_sc_hd__dfrtp_4)
     5    0.12    0.35    0.62    0.62 ^ _1302_/Q (sky130_fd_sc_hd__dfrtp_4)
                                         imem_inst.address[3] (net)
                  0.35    0.01    0.63 ^ _0890_/A (sky130_fd_sc_hd__buf_12)
     9    0.16    0.19    0.26    0.89 ^ _0890_/X (sky130_fd_sc_hd__buf_12)
                                         _0131_ (net)
                  0.20    0.02    0.91 ^ _0891_/B (sky130_fd_sc_hd__and3_4)
     3    0.05    0.17    0.32    1.23 ^ _0891_/X (sky130_fd_sc_hd__and3_4)
                                         _0132_ (net)
                  0.17    0.00    1.23 ^ _0892_/B (sky130_fd_sc_hd__and2_4)
     4    0.10    0.28    0.34    1.57 ^ _0892_/X (sky130_fd_sc_hd__and2_4)
                                         _0133_ (net)
                  0.28    0.03    1.60 ^ _0893_/C (sky130_fd_sc_hd__and3_4)
     3    0.08    0.26    0.39    1.99 ^ _0893_/X (sky130_fd_sc_hd__and3_4)
                                         _0134_ (net)
                  0.26    0.01    2.00 ^ _0894_/B (sky130_fd_sc_hd__and2_4)
     4    0.10    0.30    0.38    2.38 ^ _0894_/X (sky130_fd_sc_hd__and2_4)
                                         _0135_ (net)
                  0.30    0.01    2.40 ^ _0895_/C (sky130_fd_sc_hd__and3_4)
     3    0.10    0.30    0.43    2.83 ^ _0895_/X (sky130_fd_sc_hd__and3_4)
                                         _0136_ (net)
                  0.30    0.02    2.85 ^ _0896_/B (sky130_fd_sc_hd__and2_4)
     4    0.08    0.22    0.34    3.19 ^ _0896_/X (sky130_fd_sc_hd__and2_4)
                                         _0137_ (net)
                  0.22    0.01    3.20 ^ _0897_/C (sky130_fd_sc_hd__and3_4)
     3    0.05    0.17    0.33    3.53 ^ _0897_/X (sky130_fd_sc_hd__and3_4)
                                         _0138_ (net)
                  0.17    0.00    3.53 ^ _0898_/B (sky130_fd_sc_hd__and2_4)
     4    0.08    0.24    0.31    3.85 ^ _0898_/X (sky130_fd_sc_hd__and2_4)
                                         _0139_ (net)
                  0.24    0.01    3.86 ^ _0899_/C (sky130_fd_sc_hd__and3_4)
     3    0.07    0.20    0.35    4.21 ^ _0899_/X (sky130_fd_sc_hd__and3_4)
                                         _0140_ (net)
                  0.20    0.01    4.22 ^ _0900_/B (sky130_fd_sc_hd__and2_4)
     4    0.09    0.25    0.33    4.55 ^ _0900_/X (sky130_fd_sc_hd__and2_4)
                                         _0141_ (net)
                  0.25    0.01    4.56 ^ _0935_/A (sky130_fd_sc_hd__nor2_4)
     1    0.05    0.11    0.13    4.69 v _0935_/Y (sky130_fd_sc_hd__nor2_4)
                                         _0064_ (net)
                  0.11    0.01    4.71 v _1315_/D (sky130_fd_sc_hd__dfrtp_4)
                                  4.71   data arrival time

                  0.00   15.00   15.00   clock core_clock (rise edge)
                          0.00   15.00   clock network delay (ideal)
                          0.00   15.00   clock reconvergence pessimism
                                 15.00 ^ _1315_/CLK (sky130_fd_sc_hd__dfrtp_4)
                         -0.16   14.84   library setup time
                                 14.84   data required time
-----------------------------------------------------------------------------
                                 14.84   data required time
                                 -4.71   data arrival time
-----------------------------------------------------------------------------
                                 10.14   slack (MET)


Startpoint: _1302_ (rising edge-triggered flip-flop clocked by core_clock)
Endpoint: _1314_ (rising edge-triggered flip-flop clocked by core_clock)
Path Group: core_clock
Path Type: max

Fanout     Cap    Slew   Delay    Time   Description
-----------------------------------------------------------------------------
                  0.00    0.00    0.00   clock core_clock (rise edge)
                          0.00    0.00   clock network delay (ideal)
                  0.00    0.00    0.00 ^ _1302_/CLK (sky130_fd_sc_hd__dfrtp_4)
     5    0.12    0.35    0.62    0.62 ^ _1302_/Q (sky130_fd_sc_hd__dfrtp_4)
                                         imem_inst.address[3] (net)
                  0.35    0.01    0.63 ^ _0890_/A (sky130_fd_sc_hd__buf_12)
     9    0.16    0.19    0.26    0.89 ^ _0890_/X (sky130_fd_sc_hd__buf_12)
                                         _0131_ (net)
                  0.20    0.02    0.91 ^ _0891_/B (sky130_fd_sc_hd__and3_4)
     3    0.05    0.17    0.32    1.23 ^ _0891_/X (sky130_fd_sc_hd__and3_4)
                                         _0132_ (net)
                  0.17    0.00    1.23 ^ _0892_/B (sky130_fd_sc_hd__and2_4)
     4    0.10    0.28    0.34    1.57 ^ _0892_/X (sky130_fd_sc_hd__and2_4)
                                         _0133_ (net)
                  0.28    0.03    1.60 ^ _0893_/C (sky130_fd_sc_hd__and3_4)
     3    0.08    0.26    0.39    1.99 ^ _0893_/X (sky130_fd_sc_hd__and3_4)
                                         _0134_ (net)
                  0.26    0.01    2.00 ^ _0894_/B (sky130_fd_sc_hd__and2_4)
     4    0.10    0.30    0.38    2.38 ^ _0894_/X (sky130_fd_sc_hd__and2_4)
                                         _0135_ (net)
                  0.30    0.01    2.40 ^ _0895_/C (sky130_fd_sc_hd__and3_4)
     3    0.10    0.30    0.43    2.83 ^ _0895_/X (sky130_fd_sc_hd__and3_4)
                                         _0136_ (net)
                  0.30    0.02    2.85 ^ _0896_/B (sky130_fd_sc_hd__and2_4)
     4    0.08    0.22    0.34    3.19 ^ _0896_/X (sky130_fd_sc_hd__and2_4)
                                         _0137_ (net)
                  0.22    0.01    3.20 ^ _0897_/C (sky130_fd_sc_hd__and3_4)
     3    0.05    0.17    0.33    3.53 ^ _0897_/X (sky130_fd_sc_hd__and3_4)
                                         _0138_ (net)
                  0.17    0.00    3.53 ^ _0898_/B (sky130_fd_sc_hd__and2_4)
     4    0.08    0.24    0.31    3.85 ^ _0898_/X (sky130_fd_sc_hd__and2_4)
                                         _0139_ (net)
                  0.24    0.01    3.86 ^ _0899_/C (sky130_fd_sc_hd__and3_4)
     3    0.07    0.20    0.35    4.21 ^ _0899_/X (sky130_fd_sc_hd__and3_4)
                                         _0140_ (net)
                  0.20    0.00    4.22 ^ _0937_/A (sky130_fd_sc_hd__nor2_2)
     1    0.02    0.10    0.12    4.33 v _0937_/Y (sky130_fd_sc_hd__nor2_2)
                                         _0063_ (net)
                  0.10    0.00    4.34 v _1314_/D (sky130_fd_sc_hd__dfrtp_4)
                                  4.34   data arrival time

                  0.00   15.00   15.00   clock core_clock (rise edge)
                          0.00   15.00   clock network delay (ideal)
                          0.00   15.00   clock reconvergence pessimism
                                 15.00 ^ _1314_/CLK (sky130_fd_sc_hd__dfrtp_4)
                         -0.15   14.85   library setup time
                                 14.85   data required time
-----------------------------------------------------------------------------
                                 14.85   data required time
                                 -4.34   data arrival time
-----------------------------------------------------------------------------
                                 10.52   slack (MET)


Startpoint: _1282_ (rising edge-triggered flip-flop clocked by core_clock)
Endpoint: _1300_ (rising edge-triggered flip-flop clocked by core_clock)
Path Group: core_clock
Path Type: max

Fanout     Cap    Slew   Delay    Time   Description
-----------------------------------------------------------------------------
                  0.00    0.00    0.00   clock core_clock (rise edge)
                          0.00    0.00   clock network delay (ideal)
                  0.00    0.00    0.00 ^ _1282_/CLK (sky130_fd_sc_hd__dfxtp_4)
     4    0.08    0.23    0.47    0.47 ^ _1282_/Q (sky130_fd_sc_hd__dfxtp_4)
                                         display_inst.counter[1] (net)
                  0.23    0.01    0.47 ^ _0699_/B (sky130_fd_sc_hd__and3_4)
     4    0.09    0.28    0.40    0.87 ^ _0699_/X (sky130_fd_sc_hd__and3_4)
                                         _0543_ (net)
                  0.29    0.02    0.89 ^ _0702_/B (sky130_fd_sc_hd__and2_4)
     3    0.07    0.20    0.32    1.21 ^ _0702_/X (sky130_fd_sc_hd__and2_4)
                                         _0545_ (net)
                  0.20    0.01    1.22 ^ _0706_/C (sky130_fd_sc_hd__and3_4)
     3    0.06    0.18    0.33    1.55 ^ _0706_/X (sky130_fd_sc_hd__and3_4)
                                         _0547_ (net)
                  0.18    0.00    1.55 ^ _0710_/B (sky130_fd_sc_hd__and2_4)
     5    0.11    0.33    0.38    1.93 ^ _0710_/X (sky130_fd_sc_hd__and2_4)
                                         _0550_ (net)
                  0.33    0.02    1.95 ^ _0715_/C (sky130_fd_sc_hd__and3_4)
     4    0.08    0.24    0.39    2.34 ^ _0715_/X (sky130_fd_sc_hd__and3_4)
                                         _0553_ (net)
                  0.24    0.02    2.36 ^ _0723_/C (sky130_fd_sc_hd__and3_4)
     2    0.04    0.14    0.30    2.66 ^ _0723_/X (sky130_fd_sc_hd__and3_4)
                                         _0558_ (net)
                  0.14    0.01    2.67 ^ _0729_/D (sky130_fd_sc_hd__and4_4)
     3    0.06    0.19    0.37    3.04 ^ _0729_/X (sky130_fd_sc_hd__and4_4)
                                         _0562_ (net)
                  0.19    0.00    3.04 ^ _0735_/C (sky130_fd_sc_hd__and3_4)
     3    0.06    0.18    0.32    3.36 ^ _0735_/X (sky130_fd_sc_hd__and3_4)
                                         _0566_ (net)
                  0.18    0.02    3.38 ^ _0742_/C (sky130_fd_sc_hd__and3_4)
     2    0.07    0.21    0.34    3.72 ^ _0742_/X (sky130_fd_sc_hd__and3_4)
                                         _0570_ (net)
                  0.21    0.01    3.74 ^ _0744_/B (sky130_fd_sc_hd__and2_4)
     1    0.05    0.15    0.27    4.00 ^ _0744_/X (sky130_fd_sc_hd__and2_4)
                                         _0571_ (net)
                  0.15    0.01    4.02 ^ _0745_/B (sky130_fd_sc_hd__xor2_2)
     1    0.02    0.25    0.26    4.28 ^ _0745_/X (sky130_fd_sc_hd__xor2_2)
                                         _0049_ (net)
                  0.25    0.00    4.28 ^ _1300_/D (sky130_fd_sc_hd__dfxtp_4)
                                  4.28   data arrival time

                  0.00   15.00   15.00   clock core_clock (rise edge)
                          0.00   15.00   clock network delay (ideal)
                          0.00   15.00   clock reconvergence pessimism
                                 15.00 ^ _1300_/CLK (sky130_fd_sc_hd__dfxtp_4)
                         -0.12   14.88   library setup time
                                 14.88   data required time
-----------------------------------------------------------------------------
                                 14.88   data required time
                                 -4.28   data arrival time
-----------------------------------------------------------------------------
                                 10.61   slack (MET)


Startpoint: _1282_ (rising edge-triggered flip-flop clocked by core_clock)
Endpoint: _1296_ (rising edge-triggered flip-flop clocked by core_clock)
Path Group: core_clock
Path Type: max

Fanout     Cap    Slew   Delay    Time   Description
-----------------------------------------------------------------------------
                  0.00    0.00    0.00   clock core_clock (rise edge)
                          0.00    0.00   clock network delay (ideal)
                  0.00    0.00    0.00 ^ _1282_/CLK (sky130_fd_sc_hd__dfxtp_4)
     4    0.08    0.23    0.47    0.47 ^ _1282_/Q (sky130_fd_sc_hd__dfxtp_4)
                                         display_inst.counter[1] (net)
                  0.23    0.01    0.47 ^ _0699_/B (sky130_fd_sc_hd__and3_4)
     4    0.09    0.28    0.40    0.87 ^ _0699_/X (sky130_fd_sc_hd__and3_4)
                                         _0543_ (net)
                  0.29    0.02    0.89 ^ _0702_/B (sky130_fd_sc_hd__and2_4)
     3    0.07    0.20    0.32    1.21 ^ _0702_/X (sky130_fd_sc_hd__and2_4)
                                         _0545_ (net)
                  0.20    0.01    1.22 ^ _0706_/C (sky130_fd_sc_hd__and3_4)
     3    0.06    0.18    0.33    1.55 ^ _0706_/X (sky130_fd_sc_hd__and3_4)
                                         _0547_ (net)
                  0.18    0.00    1.55 ^ _0710_/B (sky130_fd_sc_hd__and2_4)
     5    0.11    0.33    0.38    1.93 ^ _0710_/X (sky130_fd_sc_hd__and2_4)
                                         _0550_ (net)
                  0.33    0.02    1.95 ^ _0715_/C (sky130_fd_sc_hd__and3_4)
     4    0.08    0.24    0.39    2.34 ^ _0715_/X (sky130_fd_sc_hd__and3_4)
                                         _0553_ (net)
                  0.24    0.01    2.35 ^ _0718_/B (sky130_fd_sc_hd__and2_4)
     4    0.08    0.24    0.34    2.69 ^ _0718_/X (sky130_fd_sc_hd__and2_4)
                                         _0555_ (net)
                  0.24    0.00    2.69 ^ _0725_/C (sky130_fd_sc_hd__and3_4)
     4    0.08    0.24    0.38    3.07 ^ _0725_/X (sky130_fd_sc_hd__and3_4)
                                         _0560_ (net)
                  0.24    0.01    3.08 ^ _0732_/D (sky130_fd_sc_hd__and4_4)
     3    0.06    0.20    0.38    3.47 ^ _0732_/X (sky130_fd_sc_hd__and4_4)
                                         _0564_ (net)
                  0.20    0.01    3.48 ^ _0734_/B (sky130_fd_sc_hd__or2_4)
     1    0.03    0.10    0.20    3.68 ^ _0734_/X (sky130_fd_sc_hd__or2_4)
                                         _0565_ (net)
                  0.10    0.00    3.69 ^ _0737_/B (sky130_fd_sc_hd__and3_4)
     1    0.05    0.15    0.28    3.97 ^ _0737_/X (sky130_fd_sc_hd__and3_4)
                                         _0568_ (net)
                  0.16    0.01    3.98 ^ _0738_/A (sky130_fd_sc_hd__buf_2)
     1    0.03    0.13    0.21    4.19 ^ _0738_/X (sky130_fd_sc_hd__buf_2)
                                         _0045_ (net)
                  0.13    0.00    4.19 ^ _1296_/D (sky130_fd_sc_hd__dfxtp_4)
                                  4.19   data arrival time

                  0.00   15.00   15.00   clock core_clock (rise edge)
                          0.00   15.00   clock network delay (ideal)
                          0.00   15.00   clock reconvergence pessimism
                                 15.00 ^ _1296_/CLK (sky130_fd_sc_hd__dfxtp_4)
                         -0.09   14.91   library setup time
                                 14.91   data required time
-----------------------------------------------------------------------------
                                 14.91   data required time
                                 -4.19   data arrival time
-----------------------------------------------------------------------------
                                 10.72   slack (MET)


Startpoint: _1307_ (rising edge-triggered flip-flop clocked by core_clock)
Endpoint: _1334_ (rising edge-triggered flip-flop clocked by core_clock)
Path Group: core_clock
Path Type: max

Fanout     Cap    Slew   Delay    Time   Description
-----------------------------------------------------------------------------
                  0.00    0.00    0.00   clock core_clock (rise edge)
                          0.00    0.00   clock network delay (ideal)
                  0.00    0.00    0.00 ^ _1307_/CLK (sky130_fd_sc_hd__dfrtp_4)
     4    0.09    0.17    0.57    0.57 v _1307_/Q (sky130_fd_sc_hd__dfrtp_4)
                                         imem_inst.address[8] (net)
                  0.18    0.03    0.60 v _0967_/B (sky130_fd_sc_hd__or4_4)
     3    0.06    0.16    0.68    1.28 v _0967_/X (sky130_fd_sc_hd__or4_4)
                                         _0178_ (net)
                  0.16    0.01    1.28 v _0969_/C (sky130_fd_sc_hd__or4_4)
     7    0.12    0.24    0.72    2.00 v _0969_/X (sky130_fd_sc_hd__or4_4)
                                         _0180_ (net)
                  0.24    0.00    2.01 v _0976_/A (sky130_fd_sc_hd__or3_4)
     1    0.04    0.12    0.53    2.54 v _0976_/X (sky130_fd_sc_hd__or3_4)
                                         _0187_ (net)
                  0.12    0.01    2.55 v _0977_/A (sky130_fd_sc_hd__buf_12)
     8    0.16    0.09    0.21    2.75 v _0977_/X (sky130_fd_sc_hd__buf_12)
                                         _0188_ (net)
                  0.11    0.03    2.78 v _0779_/B (sky130_fd_sc_hd__or3b_4)
     7    0.11    0.21    0.57    3.35 v _0779_/X (sky130_fd_sc_hd__or3b_4)
                                         _0575_ (net)
                  0.22    0.01    3.36 v _0780_/A (sky130_fd_sc_hd__buf_6)
    10    0.08    0.08    0.24    3.60 v _0780_/X (sky130_fd_sc_hd__buf_6)
                                         _0576_ (net)
                  0.09    0.02    3.62 v _0787_/B_N (sky130_fd_sc_hd__or2b_4)
     1    0.05    0.16    0.31    3.93 ^ _0787_/X (sky130_fd_sc_hd__or2b_4)
                                         _0580_ (net)
                  0.16    0.01    3.94 ^ _0788_/A (sky130_fd_sc_hd__buf_2)
     1    0.03    0.14    0.22    4.16 ^ _0788_/X (sky130_fd_sc_hd__buf_2)
                                         _0083_ (net)
                  0.14    0.00    4.16 ^ _1334_/D (sky130_fd_sc_hd__dfxtp_4)
                                  4.16   data arrival time

                  0.00   15.00   15.00   clock core_clock (rise edge)
                          0.00   15.00   clock network delay (ideal)
                          0.00   15.00   clock reconvergence pessimism
                                 15.00 ^ _1334_/CLK (sky130_fd_sc_hd__dfxtp_4)
                         -0.09   14.91   library setup time
                                 14.91   data required time
-----------------------------------------------------------------------------
                                 14.91   data required time
                                 -4.16   data arrival time
-----------------------------------------------------------------------------
                                 10.75   slack (MET)


Startpoint: _1302_ (rising edge-triggered flip-flop clocked by core_clock)
Endpoint: _1313_ (rising edge-triggered flip-flop clocked by core_clock)
Path Group: core_clock
Path Type: max

Fanout     Cap    Slew   Delay    Time   Description
-----------------------------------------------------------------------------
                  0.00    0.00    0.00   clock core_clock (rise edge)
                          0.00    0.00   clock network delay (ideal)
                  0.00    0.00    0.00 ^ _1302_/CLK (sky130_fd_sc_hd__dfrtp_4)
     5    0.12    0.35    0.62    0.62 ^ _1302_/Q (sky130_fd_sc_hd__dfrtp_4)
                                         imem_inst.address[3] (net)
                  0.35    0.01    0.63 ^ _0890_/A (sky130_fd_sc_hd__buf_12)
     9    0.16    0.19    0.26    0.89 ^ _0890_/X (sky130_fd_sc_hd__buf_12)
                                         _0131_ (net)
                  0.20    0.02    0.91 ^ _0891_/B (sky130_fd_sc_hd__and3_4)
     3    0.05    0.17    0.32    1.23 ^ _0891_/X (sky130_fd_sc_hd__and3_4)
                                         _0132_ (net)
                  0.17    0.00    1.23 ^ _0892_/B (sky130_fd_sc_hd__and2_4)
     4    0.10    0.28    0.34    1.57 ^ _0892_/X (sky130_fd_sc_hd__and2_4)
                                         _0133_ (net)
                  0.28    0.03    1.60 ^ _0893_/C (sky130_fd_sc_hd__and3_4)
     3    0.08    0.26    0.39    1.99 ^ _0893_/X (sky130_fd_sc_hd__and3_4)
                                         _0134_ (net)
                  0.26    0.01    2.00 ^ _0894_/B (sky130_fd_sc_hd__and2_4)
     4    0.10    0.30    0.38    2.38 ^ _0894_/X (sky130_fd_sc_hd__and2_4)
                                         _0135_ (net)
                  0.30    0.01    2.40 ^ _0895_/C (sky130_fd_sc_hd__and3_4)
     3    0.10    0.30    0.43    2.83 ^ _0895_/X (sky130_fd_sc_hd__and3_4)
                                         _0136_ (net)
                  0.30    0.02    2.85 ^ _0896_/B (sky130_fd_sc_hd__and2_4)
     4    0.08    0.22    0.34    3.19 ^ _0896_/X (sky130_fd_sc_hd__and2_4)
                                         _0137_ (net)
                  0.22    0.01    3.20 ^ _0897_/C (sky130_fd_sc_hd__and3_4)
     3    0.05    0.17    0.33    3.53 ^ _0897_/X (sky130_fd_sc_hd__and3_4)
                                         _0138_ (net)
                  0.17    0.00    3.53 ^ _0898_/B (sky130_fd_sc_hd__and2_4)
     4    0.08    0.24    0.31    3.85 ^ _0898_/X (sky130_fd_sc_hd__and2_4)
                                         _0139_ (net)
                  0.24    0.02    3.87 ^ _0938_/B (sky130_fd_sc_hd__xor2_1)
     1    0.01    0.24    0.27    4.13 ^ _0938_/X (sky130_fd_sc_hd__xor2_1)
                                         _0062_ (net)
                  0.24    0.00    4.13 ^ _1313_/D (sky130_fd_sc_hd__dfrtp_4)
                                  4.13   data arrival time

                  0.00   15.00   15.00   clock core_clock (rise edge)
                          0.00   15.00   clock network delay (ideal)
                          0.00   15.00   clock reconvergence pessimism
                                 15.00 ^ _1313_/CLK (sky130_fd_sc_hd__dfrtp_4)
                         -0.12   14.88   library setup time
                                 14.88   data required time
-----------------------------------------------------------------------------
                                 14.88   data required time
                                 -4.13   data arrival time
-----------------------------------------------------------------------------
                                 10.75   slack (MET)


Startpoint: _1307_ (rising edge-triggered flip-flop clocked by core_clock)
Endpoint: _1333_ (rising edge-triggered flip-flop clocked by core_clock)
Path Group: core_clock
Path Type: max

Fanout     Cap    Slew   Delay    Time   Description
-----------------------------------------------------------------------------
                  0.00    0.00    0.00   clock core_clock (rise edge)
                          0.00    0.00   clock network delay (ideal)
                  0.00    0.00    0.00 ^ _1307_/CLK (sky130_fd_sc_hd__dfrtp_4)
     4    0.09    0.17    0.57    0.57 v _1307_/Q (sky130_fd_sc_hd__dfrtp_4)
                                         imem_inst.address[8] (net)
                  0.18    0.03    0.60 v _0967_/B (sky130_fd_sc_hd__or4_4)
     3    0.06    0.16    0.68    1.28 v _0967_/X (sky130_fd_sc_hd__or4_4)
                                         _0178_ (net)
                  0.16    0.01    1.28 v _0969_/C (sky130_fd_sc_hd__or4_4)
     7    0.12    0.24    0.72    2.00 v _0969_/X (sky130_fd_sc_hd__or4_4)
                                         _0180_ (net)
                  0.24    0.00    2.01 v _0976_/A (sky130_fd_sc_hd__or3_4)
     1    0.04    0.12    0.53    2.54 v _0976_/X (sky130_fd_sc_hd__or3_4)
                                         _0187_ (net)
                  0.12    0.01    2.55 v _0977_/A (sky130_fd_sc_hd__buf_12)
     8    0.16    0.09    0.21    2.75 v _0977_/X (sky130_fd_sc_hd__buf_12)
                                         _0188_ (net)
                  0.11    0.03    2.78 v _0779_/B (sky130_fd_sc_hd__or3b_4)
     7    0.11    0.21    0.57    3.35 v _0779_/X (sky130_fd_sc_hd__or3b_4)
                                         _0575_ (net)
                  0.22    0.01    3.36 v _0780_/A (sky130_fd_sc_hd__buf_6)
    10    0.08    0.08    0.24    3.60 v _0780_/X (sky130_fd_sc_hd__buf_6)
                                         _0576_ (net)
                  0.09    0.02    3.62 v _0785_/B (sky130_fd_sc_hd__and2_2)
     1    0.02    0.08    0.26    3.88 v _0785_/X (sky130_fd_sc_hd__and2_2)
                                         _0579_ (net)
                  0.08    0.00    3.88 v _0786_/A (sky130_fd_sc_hd__clkbuf_4)
     1    0.04    0.09    0.20    4.09 v _0786_/X (sky130_fd_sc_hd__clkbuf_4)
                                         _0082_ (net)
                  0.09    0.01    4.09 v _1333_/D (sky130_fd_sc_hd__dfxtp_4)
                                  4.09   data arrival time

                  0.00   15.00   15.00   clock core_clock (rise edge)
                          0.00   15.00   clock network delay (ideal)
                          0.00   15.00   clock reconvergence pessimism
                                 15.00 ^ _1333_/CLK (sky130_fd_sc_hd__dfxtp_4)
                         -0.14   14.86   library setup time
                                 14.86   data required time
-----------------------------------------------------------------------------
                                 14.86   data required time
                                 -4.09   data arrival time
-----------------------------------------------------------------------------
                                 10.76   slack (MET)


Startpoint: _1307_ (rising edge-triggered flip-flop clocked by core_clock)
Endpoint: _1336_ (rising edge-triggered flip-flop clocked by core_clock)
Path Group: core_clock
Path Type: max

Fanout     Cap    Slew   Delay    Time   Description
-----------------------------------------------------------------------------
                  0.00    0.00    0.00   clock core_clock (rise edge)
                          0.00    0.00   clock network delay (ideal)
                  0.00    0.00    0.00 ^ _1307_/CLK (sky130_fd_sc_hd__dfrtp_4)
     4    0.09    0.17    0.57    0.57 v _1307_/Q (sky130_fd_sc_hd__dfrtp_4)
                                         imem_inst.address[8] (net)
                  0.18    0.03    0.60 v _0967_/B (sky130_fd_sc_hd__or4_4)
     3    0.06    0.16    0.68    1.28 v _0967_/X (sky130_fd_sc_hd__or4_4)
                                         _0178_ (net)
                  0.16    0.01    1.28 v _0969_/C (sky130_fd_sc_hd__or4_4)
     7    0.12    0.24    0.72    2.00 v _0969_/X (sky130_fd_sc_hd__or4_4)
                                         _0180_ (net)
                  0.24    0.00    2.01 v _0976_/A (sky130_fd_sc_hd__or3_4)
     1    0.04    0.12    0.53    2.54 v _0976_/X (sky130_fd_sc_hd__or3_4)
                                         _0187_ (net)
                  0.12    0.01    2.55 v _0977_/A (sky130_fd_sc_hd__buf_12)
     8    0.16    0.09    0.21    2.75 v _0977_/X (sky130_fd_sc_hd__buf_12)
                                         _0188_ (net)
                  0.11    0.03    2.78 v _0779_/B (sky130_fd_sc_hd__or3b_4)
     7    0.11    0.21    0.57    3.35 v _0779_/X (sky130_fd_sc_hd__or3b_4)
                                         _0575_ (net)
                  0.22    0.01    3.36 v _0780_/A (sky130_fd_sc_hd__buf_6)
    10    0.08    0.08    0.24    3.60 v _0780_/X (sky130_fd_sc_hd__buf_6)
                                         _0576_ (net)
                  0.08    0.01    3.61 v _0791_/B (sky130_fd_sc_hd__and2_2)
     1    0.03    0.09    0.26    3.88 v _0791_/X (sky130_fd_sc_hd__and2_2)
                                         _0582_ (net)
                  0.09    0.00    3.88 v _0792_/A (sky130_fd_sc_hd__buf_2)
     1    0.03    0.07    0.19    4.07 v _0792_/X (sky130_fd_sc_hd__buf_2)
                                         _0085_ (net)
                  0.07    0.00    4.07 v _1336_/D (sky130_fd_sc_hd__dfxtp_4)
                                  4.07   data arrival time

                  0.00   15.00   15.00   clock core_clock (rise edge)
                          0.00   15.00   clock network delay (ideal)
                          0.00   15.00   clock reconvergence pessimism
                                 15.00 ^ _1336_/CLK (sky130_fd_sc_hd__dfxtp_4)
                         -0.13   14.87   library setup time
                                 14.87   data required time
-----------------------------------------------------------------------------
                                 14.87   data required time
                                 -4.07   data arrival time
-----------------------------------------------------------------------------
                                 10.79   slack (MET)


Startpoint: _1282_ (rising edge-triggered flip-flop clocked by core_clock)
Endpoint: _1299_ (rising edge-triggered flip-flop clocked by core_clock)
Path Group: core_clock
Path Type: max

Fanout     Cap    Slew   Delay    Time   Description
-----------------------------------------------------------------------------
                  0.00    0.00    0.00   clock core_clock (rise edge)
                          0.00    0.00   clock network delay (ideal)
                  0.00    0.00    0.00 ^ _1282_/CLK (sky130_fd_sc_hd__dfxtp_4)
     4    0.08    0.23    0.47    0.47 ^ _1282_/Q (sky130_fd_sc_hd__dfxtp_4)
                                         display_inst.counter[1] (net)
                  0.23    0.01    0.47 ^ _0699_/B (sky130_fd_sc_hd__and3_4)
     4    0.09    0.28    0.40    0.87 ^ _0699_/X (sky130_fd_sc_hd__and3_4)
                                         _0543_ (net)
                  0.29    0.02    0.89 ^ _0702_/B (sky130_fd_sc_hd__and2_4)
     3    0.07    0.20    0.32    1.21 ^ _0702_/X (sky130_fd_sc_hd__and2_4)
                                         _0545_ (net)
                  0.20    0.01    1.22 ^ _0706_/C (sky130_fd_sc_hd__and3_4)
     3    0.06    0.18    0.33    1.55 ^ _0706_/X (sky130_fd_sc_hd__and3_4)
                                         _0547_ (net)
                  0.18    0.00    1.55 ^ _0710_/B (sky130_fd_sc_hd__and2_4)
     5    0.11    0.33    0.38    1.93 ^ _0710_/X (sky130_fd_sc_hd__and2_4)
                                         _0550_ (net)
                  0.33    0.02    1.95 ^ _0715_/C (sky130_fd_sc_hd__and3_4)
     4    0.08    0.24    0.39    2.34 ^ _0715_/X (sky130_fd_sc_hd__and3_4)
                                         _0553_ (net)
                  0.24    0.02    2.36 ^ _0723_/C (sky130_fd_sc_hd__and3_4)
     2    0.04    0.14    0.30    2.66 ^ _0723_/X (sky130_fd_sc_hd__and3_4)
                                         _0558_ (net)
                  0.14    0.01    2.67 ^ _0729_/D (sky130_fd_sc_hd__and4_4)
     3    0.06    0.19    0.37    3.04 ^ _0729_/X (sky130_fd_sc_hd__and4_4)
                                         _0562_ (net)
                  0.19    0.00    3.04 ^ _0735_/C (sky130_fd_sc_hd__and3_4)
     3    0.06    0.18    0.32    3.36 ^ _0735_/X (sky130_fd_sc_hd__and3_4)
                                         _0566_ (net)
                  0.18    0.02    3.38 ^ _0742_/C (sky130_fd_sc_hd__and3_4)
     2    0.07    0.21    0.34    3.72 ^ _0742_/X (sky130_fd_sc_hd__and3_4)
                                         _0570_ (net)
                  0.21    0.01    3.74 ^ _0743_/B (sky130_fd_sc_hd__xor2_4)
     1    0.04    0.31    0.31    4.05 ^ _0743_/X (sky130_fd_sc_hd__xor2_4)
                                         _0048_ (net)
                  0.31    0.01    4.06 ^ _1299_/D (sky130_fd_sc_hd__dfxtp_4)
                                  4.06   data arrival time

                  0.00   15.00   15.00   clock core_clock (rise edge)
                          0.00   15.00   clock network delay (ideal)
                          0.00   15.00   clock reconvergence pessimism
                                 15.00 ^ _1299_/CLK (sky130_fd_sc_hd__dfxtp_4)
                         -0.13   14.87   library setup time
                                 14.87   data required time
-----------------------------------------------------------------------------
                                 14.87   data required time
                                 -4.06   data arrival time
-----------------------------------------------------------------------------
                                 10.81   slack (MET)


Startpoint: _1307_ (rising edge-triggered flip-flop clocked by core_clock)
Endpoint: _1335_ (rising edge-triggered flip-flop clocked by core_clock)
Path Group: core_clock
Path Type: max

Fanout     Cap    Slew   Delay    Time   Description
-----------------------------------------------------------------------------
                  0.00    0.00    0.00   clock core_clock (rise edge)
                          0.00    0.00   clock network delay (ideal)
                  0.00    0.00    0.00 ^ _1307_/CLK (sky130_fd_sc_hd__dfrtp_4)
     4    0.09    0.17    0.57    0.57 v _1307_/Q (sky130_fd_sc_hd__dfrtp_4)
                                         imem_inst.address[8] (net)
                  0.18    0.03    0.60 v _0967_/B (sky130_fd_sc_hd__or4_4)
     3    0.06    0.16    0.68    1.28 v _0967_/X (sky130_fd_sc_hd__or4_4)
                                         _0178_ (net)
                  0.16    0.01    1.28 v _0969_/C (sky130_fd_sc_hd__or4_4)
     7    0.12    0.24    0.72    2.00 v _0969_/X (sky130_fd_sc_hd__or4_4)
                                         _0180_ (net)
                  0.24    0.00    2.01 v _0976_/A (sky130_fd_sc_hd__or3_4)
     1    0.04    0.12    0.53    2.54 v _0976_/X (sky130_fd_sc_hd__or3_4)
                                         _0187_ (net)
                  0.12    0.01    2.55 v _0977_/A (sky130_fd_sc_hd__buf_12)
     8    0.16    0.09    0.21    2.75 v _0977_/X (sky130_fd_sc_hd__buf_12)
                                         _0188_ (net)
                  0.11    0.03    2.78 v _0779_/B (sky130_fd_sc_hd__or3b_4)
     7    0.11    0.21    0.57    3.35 v _0779_/X (sky130_fd_sc_hd__or3b_4)
                                         _0575_ (net)
                  0.22    0.01    3.36 v _0780_/A (sky130_fd_sc_hd__buf_6)
    10    0.08    0.08    0.24    3.60 v _0780_/X (sky130_fd_sc_hd__buf_6)
                                         _0576_ (net)
                  0.08    0.02    3.62 v _0789_/B (sky130_fd_sc_hd__and2_2)
     1    0.03    0.10    0.27    3.89 v _0789_/X (sky130_fd_sc_hd__and2_2)
                                         _0581_ (net)
                  0.10    0.01    3.90 v _0790_/A (sky130_fd_sc_hd__buf_1)
     1    0.01    0.08    0.15    4.05 v _0790_/X (sky130_fd_sc_hd__buf_1)
                                         _0084_ (net)
                  0.08    0.00    4.05 v _1335_/D (sky130_fd_sc_hd__dfxtp_4)
                                  4.05   data arrival time

                  0.00   15.00   15.00   clock core_clock (rise edge)
                          0.00   15.00   clock network delay (ideal)
                          0.00   15.00   clock reconvergence pessimism
                                 15.00 ^ _1335_/CLK (sky130_fd_sc_hd__dfxtp_4)
                         -0.14   14.86   library setup time
                                 14.86   data required time
-----------------------------------------------------------------------------
                                 14.86   data required time
                                 -4.05   data arrival time
-----------------------------------------------------------------------------
                                 10.81   slack (MET)


Startpoint: _1307_ (rising edge-triggered flip-flop clocked by core_clock)
Endpoint: _1338_ (rising edge-triggered flip-flop clocked by core_clock)
Path Group: core_clock
Path Type: max

Fanout     Cap    Slew   Delay    Time   Description
-----------------------------------------------------------------------------
                  0.00    0.00    0.00   clock core_clock (rise edge)
                          0.00    0.00   clock network delay (ideal)
                  0.00    0.00    0.00 ^ _1307_/CLK (sky130_fd_sc_hd__dfrtp_4)
     4    0.09    0.17    0.57    0.57 v _1307_/Q (sky130_fd_sc_hd__dfrtp_4)
                                         imem_inst.address[8] (net)
                  0.18    0.03    0.60 v _0967_/B (sky130_fd_sc_hd__or4_4)
     3    0.06    0.16    0.68    1.28 v _0967_/X (sky130_fd_sc_hd__or4_4)
                                         _0178_ (net)
                  0.16    0.01    1.28 v _0969_/C (sky130_fd_sc_hd__or4_4)
     7    0.12    0.24    0.72    2.00 v _0969_/X (sky130_fd_sc_hd__or4_4)
                                         _0180_ (net)
                  0.24    0.00    2.01 v _0976_/A (sky130_fd_sc_hd__or3_4)
     1    0.04    0.12    0.53    2.54 v _0976_/X (sky130_fd_sc_hd__or3_4)
                                         _0187_ (net)
                  0.12    0.01    2.55 v _0977_/A (sky130_fd_sc_hd__buf_12)
     8    0.16    0.09    0.21    2.75 v _0977_/X (sky130_fd_sc_hd__buf_12)
                                         _0188_ (net)
                  0.11    0.03    2.78 v _0779_/B (sky130_fd_sc_hd__or3b_4)
     7    0.11    0.21    0.57    3.35 v _0779_/X (sky130_fd_sc_hd__or3b_4)
                                         _0575_ (net)
                  0.22    0.01    3.36 v _0780_/A (sky130_fd_sc_hd__buf_6)
    10    0.08    0.08    0.24    3.60 v _0780_/X (sky130_fd_sc_hd__buf_6)
                                         _0576_ (net)
                  0.09    0.02    3.62 v _0795_/B (sky130_fd_sc_hd__and2_2)
     1    0.02    0.08    0.26    3.88 v _0795_/X (sky130_fd_sc_hd__and2_2)
                                         _0584_ (net)
                  0.08    0.00    3.88 v _0796_/A (sky130_fd_sc_hd__clkbuf_2)
     1    0.02    0.08    0.16    4.04 v _0796_/X (sky130_fd_sc_hd__clkbuf_2)
                                         _0087_ (net)
                  0.08    0.00    4.04 v _1338_/D (sky130_fd_sc_hd__dfxtp_2)
                                  4.04   data arrival time

                  0.00   15.00   15.00   clock core_clock (rise edge)
                          0.00   15.00   clock network delay (ideal)
                          0.00   15.00   clock reconvergence pessimism
                                 15.00 ^ _1338_/CLK (sky130_fd_sc_hd__dfxtp_2)
                         -0.14   14.86   library setup time
                                 14.86   data required time
-----------------------------------------------------------------------------
                                 14.86   data required time
                                 -4.04   data arrival time
-----------------------------------------------------------------------------
                                 10.82   slack (MET)


Startpoint: _1282_ (rising edge-triggered flip-flop clocked by core_clock)
Endpoint: _1298_ (rising edge-triggered flip-flop clocked by core_clock)
Path Group: core_clock
Path Type: max

Fanout     Cap    Slew   Delay    Time   Description
-----------------------------------------------------------------------------
                  0.00    0.00    0.00   clock core_clock (rise edge)
                          0.00    0.00   clock network delay (ideal)
                  0.00    0.00    0.00 ^ _1282_/CLK (sky130_fd_sc_hd__dfxtp_4)
     4    0.08    0.23    0.47    0.47 ^ _1282_/Q (sky130_fd_sc_hd__dfxtp_4)
                                         display_inst.counter[1] (net)
                  0.23    0.01    0.47 ^ _0699_/B (sky130_fd_sc_hd__and3_4)
     4    0.09    0.28    0.40    0.87 ^ _0699_/X (sky130_fd_sc_hd__and3_4)
                                         _0543_ (net)
                  0.29    0.02    0.89 ^ _0702_/B (sky130_fd_sc_hd__and2_4)
     3    0.07    0.20    0.32    1.21 ^ _0702_/X (sky130_fd_sc_hd__and2_4)
                                         _0545_ (net)
                  0.20    0.01    1.22 ^ _0706_/C (sky130_fd_sc_hd__and3_4)
     3    0.06    0.18    0.33    1.55 ^ _0706_/X (sky130_fd_sc_hd__and3_4)
                                         _0547_ (net)
                  0.18    0.00    1.55 ^ _0710_/B (sky130_fd_sc_hd__and2_4)
     5    0.11    0.33    0.38    1.93 ^ _0710_/X (sky130_fd_sc_hd__and2_4)
                                         _0550_ (net)
                  0.33    0.02    1.95 ^ _0715_/C (sky130_fd_sc_hd__and3_4)
     4    0.08    0.24    0.39    2.34 ^ _0715_/X (sky130_fd_sc_hd__and3_4)
                                         _0553_ (net)
                  0.24    0.01    2.35 ^ _0718_/B (sky130_fd_sc_hd__and2_4)
     4    0.08    0.24    0.34    2.69 ^ _0718_/X (sky130_fd_sc_hd__and2_4)
                                         _0555_ (net)
                  0.24    0.00    2.69 ^ _0725_/C (sky130_fd_sc_hd__and3_4)
     4    0.08    0.24    0.38    3.07 ^ _0725_/X (sky130_fd_sc_hd__and3_4)
                                         _0560_ (net)
                  0.24    0.01    3.08 ^ _0732_/D (sky130_fd_sc_hd__and4_4)
     3    0.06    0.20    0.38    3.47 ^ _0732_/X (sky130_fd_sc_hd__and4_4)
                                         _0564_ (net)
                  0.20    0.01    3.48 ^ _0739_/C (sky130_fd_sc_hd__nand3_4)
     2    0.06    0.21    0.21    3.69 v _0739_/Y (sky130_fd_sc_hd__nand3_4)
                                         _0569_ (net)
                  0.22    0.02    3.70 v _0741_/B (sky130_fd_sc_hd__xnor2_2)
     1    0.02    0.28    0.31    4.02 ^ _0741_/Y (sky130_fd_sc_hd__xnor2_2)
                                         _0047_ (net)
                  0.28    0.00    4.02 ^ _1298_/D (sky130_fd_sc_hd__dfxtp_4)
                                  4.02   data arrival time

                  0.00   15.00   15.00   clock core_clock (rise edge)
                          0.00   15.00   clock network delay (ideal)
                          0.00   15.00   clock reconvergence pessimism
                                 15.00 ^ _1298_/CLK (sky130_fd_sc_hd__dfxtp_4)
                         -0.12   14.88   library setup time
                                 14.88   data required time
-----------------------------------------------------------------------------
                                 14.88   data required time
                                 -4.02   data arrival time
-----------------------------------------------------------------------------
                                 10.86   slack (MET)


Startpoint: _1302_ (rising edge-triggered flip-flop clocked by core_clock)
Endpoint: _1312_ (rising edge-triggered flip-flop clocked by core_clock)
Path Group: core_clock
Path Type: max

Fanout     Cap    Slew   Delay    Time   Description
-----------------------------------------------------------------------------
                  0.00    0.00    0.00   clock core_clock (rise edge)
                          0.00    0.00   clock network delay (ideal)
                  0.00    0.00    0.00 ^ _1302_/CLK (sky130_fd_sc_hd__dfrtp_4)
     5    0.12    0.35    0.62    0.62 ^ _1302_/Q (sky130_fd_sc_hd__dfrtp_4)
                                         imem_inst.address[3] (net)
                  0.35    0.01    0.63 ^ _0890_/A (sky130_fd_sc_hd__buf_12)
     9    0.16    0.19    0.26    0.89 ^ _0890_/X (sky130_fd_sc_hd__buf_12)
                                         _0131_ (net)
                  0.20    0.02    0.91 ^ _0891_/B (sky130_fd_sc_hd__and3_4)
     3    0.05    0.17    0.32    1.23 ^ _0891_/X (sky130_fd_sc_hd__and3_4)
                                         _0132_ (net)
                  0.17    0.00    1.23 ^ _0892_/B (sky130_fd_sc_hd__and2_4)
     4    0.10    0.28    0.34    1.57 ^ _0892_/X (sky130_fd_sc_hd__and2_4)
                                         _0133_ (net)
                  0.28    0.03    1.60 ^ _0893_/C (sky130_fd_sc_hd__and3_4)
     3    0.08    0.26    0.39    1.99 ^ _0893_/X (sky130_fd_sc_hd__and3_4)
                                         _0134_ (net)
                  0.26    0.01    2.00 ^ _0894_/B (sky130_fd_sc_hd__and2_4)
     4    0.10    0.30    0.38    2.38 ^ _0894_/X (sky130_fd_sc_hd__and2_4)
                                         _0135_ (net)
                  0.30    0.01    2.40 ^ _0895_/C (sky130_fd_sc_hd__and3_4)
     3    0.10    0.30    0.43    2.83 ^ _0895_/X (sky130_fd_sc_hd__and3_4)
                                         _0136_ (net)
                  0.30    0.02    2.85 ^ _0896_/B (sky130_fd_sc_hd__and2_4)
     4    0.08    0.22    0.34    3.19 ^ _0896_/X (sky130_fd_sc_hd__and2_4)
                                         _0137_ (net)
                  0.22    0.01    3.20 ^ _0897_/C (sky130_fd_sc_hd__and3_4)
     3    0.05    0.17    0.33    3.53 ^ _0897_/X (sky130_fd_sc_hd__and3_4)
                                         _0138_ (net)
                  0.17    0.00    3.53 ^ _0898_/B (sky130_fd_sc_hd__and2_4)
     4    0.08    0.24    0.31    3.85 ^ _0898_/X (sky130_fd_sc_hd__and2_4)
                                         _0139_ (net)
                  0.24    0.02    3.86 ^ _0940_/A (sky130_fd_sc_hd__nor2_2)
     1    0.02    0.10    0.12    3.99 v _0940_/Y (sky130_fd_sc_hd__nor2_2)
                                         _0061_ (net)
                  0.10    0.00    3.99 v _1312_/D (sky130_fd_sc_hd__dfrtp_4)
                                  3.99   data arrival time

                  0.00   15.00   15.00   clock core_clock (rise edge)
                          0.00   15.00   clock network delay (ideal)
                          0.00   15.00   clock reconvergence pessimism
                                 15.00 ^ _1312_/CLK (sky130_fd_sc_hd__dfrtp_4)
                         -0.15   14.85   library setup time
                                 14.85   data required time
-----------------------------------------------------------------------------
                                 14.85   data required time
                                 -3.99   data arrival time
-----------------------------------------------------------------------------
                                 10.86   slack (MET)


Startpoint: _1307_ (rising edge-triggered flip-flop clocked by core_clock)
Endpoint: _1339_ (rising edge-triggered flip-flop clocked by core_clock)
Path Group: core_clock
Path Type: max

Fanout     Cap    Slew   Delay    Time   Description
-----------------------------------------------------------------------------
                  0.00    0.00    0.00   clock core_clock (rise edge)
                          0.00    0.00   clock network delay (ideal)
                  0.00    0.00    0.00 ^ _1307_/CLK (sky130_fd_sc_hd__dfrtp_4)
     4    0.09    0.17    0.57    0.57 v _1307_/Q (sky130_fd_sc_hd__dfrtp_4)
                                         imem_inst.address[8] (net)
                  0.18    0.03    0.60 v _0967_/B (sky130_fd_sc_hd__or4_4)
     3    0.06    0.16    0.68    1.28 v _0967_/X (sky130_fd_sc_hd__or4_4)
                                         _0178_ (net)
                  0.16    0.01    1.28 v _0969_/C (sky130_fd_sc_hd__or4_4)
     7    0.12    0.24    0.72    2.00 v _0969_/X (sky130_fd_sc_hd__or4_4)
                                         _0180_ (net)
                  0.24    0.00    2.01 v _0976_/A (sky130_fd_sc_hd__or3_4)
     1    0.04    0.12    0.53    2.54 v _0976_/X (sky130_fd_sc_hd__or3_4)
                                         _0187_ (net)
                  0.12    0.01    2.55 v _0977_/A (sky130_fd_sc_hd__buf_12)
     8    0.16    0.09    0.21    2.75 v _0977_/X (sky130_fd_sc_hd__buf_12)
                                         _0188_ (net)
                  0.11    0.03    2.78 v _0779_/B (sky130_fd_sc_hd__or3b_4)
     7    0.11    0.21    0.57    3.35 v _0779_/X (sky130_fd_sc_hd__or3b_4)
                                         _0575_ (net)
                  0.22    0.01    3.36 v _0780_/A (sky130_fd_sc_hd__buf_6)
    10    0.08    0.08    0.24    3.60 v _0780_/X (sky130_fd_sc_hd__buf_6)
                                         _0576_ (net)
                  0.08    0.00    3.60 v _0797_/B (sky130_fd_sc_hd__and2_4)
     1    0.04    0.07    0.21    3.81 v _0797_/X (sky130_fd_sc_hd__and2_4)
                                         _0585_ (net)
                  0.08    0.01    3.82 v _0798_/A (sky130_fd_sc_hd__clkbuf_2)
     1    0.02    0.08    0.16    3.99 v _0798_/X (sky130_fd_sc_hd__clkbuf_2)
                                         _0088_ (net)
                  0.08    0.00    3.99 v _1339_/D (sky130_fd_sc_hd__dfxtp_4)
                                  3.99   data arrival time

                  0.00   15.00   15.00   clock core_clock (rise edge)
                          0.00   15.00   clock network delay (ideal)
                          0.00   15.00   clock reconvergence pessimism
                                 15.00 ^ _1339_/CLK (sky130_fd_sc_hd__dfxtp_4)
                         -0.14   14.86   library setup time
                                 14.86   data required time
-----------------------------------------------------------------------------
                                 14.86   data required time
                                 -3.99   data arrival time
-----------------------------------------------------------------------------
                                 10.87   slack (MET)


Startpoint: _1307_ (rising edge-triggered flip-flop clocked by core_clock)
Endpoint: _1332_ (rising edge-triggered flip-flop clocked by core_clock)
Path Group: core_clock
Path Type: max

Fanout     Cap    Slew   Delay    Time   Description
-----------------------------------------------------------------------------
                  0.00    0.00    0.00   clock core_clock (rise edge)
                          0.00    0.00   clock network delay (ideal)
                  0.00    0.00    0.00 ^ _1307_/CLK (sky130_fd_sc_hd__dfrtp_4)
     4    0.09    0.17    0.57    0.57 v _1307_/Q (sky130_fd_sc_hd__dfrtp_4)
                                         imem_inst.address[8] (net)
                  0.18    0.03    0.60 v _0967_/B (sky130_fd_sc_hd__or4_4)
     3    0.06    0.16    0.68    1.28 v _0967_/X (sky130_fd_sc_hd__or4_4)
                                         _0178_ (net)
                  0.16    0.01    1.28 v _0969_/C (sky130_fd_sc_hd__or4_4)
     7    0.12    0.24    0.72    2.00 v _0969_/X (sky130_fd_sc_hd__or4_4)
                                         _0180_ (net)
                  0.24    0.00    2.01 v _0976_/A (sky130_fd_sc_hd__or3_4)
     1    0.04    0.12    0.53    2.54 v _0976_/X (sky130_fd_sc_hd__or3_4)
                                         _0187_ (net)
                  0.12    0.01    2.55 v _0977_/A (sky130_fd_sc_hd__buf_12)
     8    0.16    0.09    0.21    2.75 v _0977_/X (sky130_fd_sc_hd__buf_12)
                                         _0188_ (net)
                  0.11    0.03    2.78 v _0779_/B (sky130_fd_sc_hd__or3b_4)
     7    0.11    0.21    0.57    3.35 v _0779_/X (sky130_fd_sc_hd__or3b_4)
                                         _0575_ (net)
                  0.22    0.01    3.36 v _0780_/A (sky130_fd_sc_hd__buf_6)
    10    0.08    0.08    0.24    3.60 v _0780_/X (sky130_fd_sc_hd__buf_6)
                                         _0576_ (net)
                  0.08    0.02    3.62 v _0783_/B_N (sky130_fd_sc_hd__or2b_2)
     1    0.02    0.10    0.23    3.84 ^ _0783_/X (sky130_fd_sc_hd__or2b_2)
                                         _0578_ (net)
                  0.10    0.00    3.85 ^ _0784_/A (sky130_fd_sc_hd__clkbuf_2)
     1    0.02    0.12    0.18    4.02 ^ _0784_/X (sky130_fd_sc_hd__clkbuf_2)
                                         _0081_ (net)
                  0.12    0.00    4.03 ^ _1332_/D (sky130_fd_sc_hd__dfxtp_4)
                                  4.03   data arrival time

                  0.00   15.00   15.00   clock core_clock (rise edge)
                          0.00   15.00   clock network delay (ideal)
                          0.00   15.00   clock reconvergence pessimism
                                 15.00 ^ _1332_/CLK (sky130_fd_sc_hd__dfxtp_4)
                         -0.08   14.92   library setup time
                                 14.92   data required time
-----------------------------------------------------------------------------
                                 14.92   data required time
                                 -4.03   data arrival time
-----------------------------------------------------------------------------
                                 10.89   slack (MET)


Startpoint: _1307_ (rising edge-triggered flip-flop clocked by core_clock)
Endpoint: _1337_ (rising edge-triggered flip-flop clocked by core_clock)
Path Group: core_clock
Path Type: max

Fanout     Cap    Slew   Delay    Time   Description
-----------------------------------------------------------------------------
                  0.00    0.00    0.00   clock core_clock (rise edge)
                          0.00    0.00   clock network delay (ideal)
                  0.00    0.00    0.00 ^ _1307_/CLK (sky130_fd_sc_hd__dfrtp_4)
     4    0.09    0.17    0.57    0.57 v _1307_/Q (sky130_fd_sc_hd__dfrtp_4)
                                         imem_inst.address[8] (net)
                  0.18    0.03    0.60 v _0967_/B (sky130_fd_sc_hd__or4_4)
     3    0.06    0.16    0.68    1.28 v _0967_/X (sky130_fd_sc_hd__or4_4)
                                         _0178_ (net)
                  0.16    0.01    1.28 v _0969_/C (sky130_fd_sc_hd__or4_4)
     7    0.12    0.24    0.72    2.00 v _0969_/X (sky130_fd_sc_hd__or4_4)
                                         _0180_ (net)
                  0.24    0.00    2.01 v _0976_/A (sky130_fd_sc_hd__or3_4)
     1    0.04    0.12    0.53    2.54 v _0976_/X (sky130_fd_sc_hd__or3_4)
                                         _0187_ (net)
                  0.12    0.01    2.55 v _0977_/A (sky130_fd_sc_hd__buf_12)
     8    0.16    0.09    0.21    2.75 v _0977_/X (sky130_fd_sc_hd__buf_12)
                                         _0188_ (net)
                  0.11    0.03    2.78 v _0779_/B (sky130_fd_sc_hd__or3b_4)
     7    0.11    0.21    0.57    3.35 v _0779_/X (sky130_fd_sc_hd__or3b_4)
                                         _0575_ (net)
                  0.22    0.01    3.36 v _0780_/A (sky130_fd_sc_hd__buf_6)
    10    0.08    0.08    0.24    3.60 v _0780_/X (sky130_fd_sc_hd__buf_6)
                                         _0576_ (net)
                  0.09    0.02    3.62 v _0793_/B (sky130_fd_sc_hd__and2_1)
     1    0.01    0.06    0.19    3.81 v _0793_/X (sky130_fd_sc_hd__and2_1)
                                         _0583_ (net)
                  0.06    0.00    3.81 v _0794_/A (sky130_fd_sc_hd__clkbuf_2)
     1    0.02    0.08    0.15    3.96 v _0794_/X (sky130_fd_sc_hd__clkbuf_2)
                                         _0086_ (net)
                  0.08    0.00    3.97 v _1337_/D (sky130_fd_sc_hd__dfxtp_2)
                                  3.97   data arrival time

                  0.00   15.00   15.00   clock core_clock (rise edge)
                          0.00   15.00   clock network delay (ideal)
                          0.00   15.00   clock reconvergence pessimism
                                 15.00 ^ _1337_/CLK (sky130_fd_sc_hd__dfxtp_2)
                         -0.14   14.86   library setup time
                                 14.86   data required time
-----------------------------------------------------------------------------
                                 14.86   data required time
                                 -3.97   data arrival time
-----------------------------------------------------------------------------
                                 10.89   slack (MET)


Startpoint: _1282_ (rising edge-triggered flip-flop clocked by core_clock)
Endpoint: _1297_ (rising edge-triggered flip-flop clocked by core_clock)
Path Group: core_clock
Path Type: max

Fanout     Cap    Slew   Delay    Time   Description
-----------------------------------------------------------------------------
                  0.00    0.00    0.00   clock core_clock (rise edge)
                          0.00    0.00   clock network delay (ideal)
                  0.00    0.00    0.00 ^ _1282_/CLK (sky130_fd_sc_hd__dfxtp_4)
     4    0.08    0.23    0.47    0.47 ^ _1282_/Q (sky130_fd_sc_hd__dfxtp_4)
                                         display_inst.counter[1] (net)
                  0.23    0.01    0.47 ^ _0699_/B (sky130_fd_sc_hd__and3_4)
     4    0.09    0.28    0.40    0.87 ^ _0699_/X (sky130_fd_sc_hd__and3_4)
                                         _0543_ (net)
                  0.29    0.02    0.89 ^ _0702_/B (sky130_fd_sc_hd__and2_4)
     3    0.07    0.20    0.32    1.21 ^ _0702_/X (sky130_fd_sc_hd__and2_4)
                                         _0545_ (net)
                  0.20    0.01    1.22 ^ _0706_/C (sky130_fd_sc_hd__and3_4)
     3    0.06    0.18    0.33    1.55 ^ _0706_/X (sky130_fd_sc_hd__and3_4)
                                         _0547_ (net)
                  0.18    0.00    1.55 ^ _0710_/B (sky130_fd_sc_hd__and2_4)
     5    0.11    0.33    0.38    1.93 ^ _0710_/X (sky130_fd_sc_hd__and2_4)
                                         _0550_ (net)
                  0.33    0.02    1.95 ^ _0715_/C (sky130_fd_sc_hd__and3_4)
     4    0.08    0.24    0.39    2.34 ^ _0715_/X (sky130_fd_sc_hd__and3_4)
                                         _0553_ (net)
                  0.24    0.01    2.35 ^ _0718_/B (sky130_fd_sc_hd__and2_4)
     4    0.08    0.24    0.34    2.69 ^ _0718_/X (sky130_fd_sc_hd__and2_4)
                                         _0555_ (net)
                  0.24    0.00    2.69 ^ _0725_/C (sky130_fd_sc_hd__and3_4)
     4    0.08    0.24    0.38    3.07 ^ _0725_/X (sky130_fd_sc_hd__and3_4)
                                         _0560_ (net)
                  0.24    0.01    3.08 ^ _0732_/D (sky130_fd_sc_hd__and4_4)
     3    0.06    0.20    0.38    3.47 ^ _0732_/X (sky130_fd_sc_hd__and4_4)
                                         _0564_ (net)
                  0.20    0.01    3.48 ^ _0739_/C (sky130_fd_sc_hd__nand3_4)
     2    0.06    0.21    0.21    3.69 v _0739_/Y (sky130_fd_sc_hd__nand3_4)
                                         _0569_ (net)
                  0.22    0.01    3.70 v _0740_/B1 (sky130_fd_sc_hd__o211a_1)
     1    0.02    0.10    0.26    3.95 v _0740_/X (sky130_fd_sc_hd__o211a_1)
                                         _0046_ (net)
                  0.10    0.00    3.96 v _1297_/D (sky130_fd_sc_hd__dfxtp_4)
                                  3.96   data arrival time

                  0.00   15.00   15.00   clock core_clock (rise edge)
                          0.00   15.00   clock network delay (ideal)
                          0.00   15.00   clock reconvergence pessimism
                                 15.00 ^ _1297_/CLK (sky130_fd_sc_hd__dfxtp_4)
                         -0.15   14.85   library setup time
                                 14.85   data required time
-----------------------------------------------------------------------------
                                 14.85   data required time
                                 -3.96   data arrival time
-----------------------------------------------------------------------------
                                 10.90   slack (MET)


Startpoint: _1307_ (rising edge-triggered flip-flop clocked by core_clock)
Endpoint: _1331_ (rising edge-triggered flip-flop clocked by core_clock)
Path Group: core_clock
Path Type: max

Fanout     Cap    Slew   Delay    Time   Description
-----------------------------------------------------------------------------
                  0.00    0.00    0.00   clock core_clock (rise edge)
                          0.00    0.00   clock network delay (ideal)
                  0.00    0.00    0.00 ^ _1307_/CLK (sky130_fd_sc_hd__dfrtp_4)
     4    0.09    0.17    0.57    0.57 v _1307_/Q (sky130_fd_sc_hd__dfrtp_4)
                                         imem_inst.address[8] (net)
                  0.18    0.03    0.60 v _0967_/B (sky130_fd_sc_hd__or4_4)
     3    0.06    0.16    0.68    1.28 v _0967_/X (sky130_fd_sc_hd__or4_4)
                                         _0178_ (net)
                  0.16    0.01    1.28 v _0969_/C (sky130_fd_sc_hd__or4_4)
     7    0.12    0.24    0.72    2.00 v _0969_/X (sky130_fd_sc_hd__or4_4)
                                         _0180_ (net)
                  0.24    0.00    2.01 v _0976_/A (sky130_fd_sc_hd__or3_4)
     1    0.04    0.12    0.53    2.54 v _0976_/X (sky130_fd_sc_hd__or3_4)
                                         _0187_ (net)
                  0.12    0.01    2.55 v _0977_/A (sky130_fd_sc_hd__buf_12)
     8    0.16    0.09    0.21    2.75 v _0977_/X (sky130_fd_sc_hd__buf_12)
                                         _0188_ (net)
                  0.11    0.03    2.78 v _0779_/B (sky130_fd_sc_hd__or3b_4)
     7    0.11    0.21    0.57    3.35 v _0779_/X (sky130_fd_sc_hd__or3b_4)
                                         _0575_ (net)
                  0.22    0.01    3.36 v _0780_/A (sky130_fd_sc_hd__buf_6)
    10    0.08    0.08    0.24    3.60 v _0780_/X (sky130_fd_sc_hd__buf_6)
                                         _0576_ (net)
                  0.09    0.02    3.62 v _0781_/B (sky130_fd_sc_hd__and2_1)
     1    0.01    0.07    0.21    3.83 v _0781_/X (sky130_fd_sc_hd__and2_1)
                                         _0577_ (net)
                  0.07    0.00    3.83 v _0782_/A (sky130_fd_sc_hd__buf_1)
     1    0.01    0.07    0.14    3.97 v _0782_/X (sky130_fd_sc_hd__buf_1)
                                         _0080_ (net)
                  0.07    0.00    3.97 v _1331_/D (sky130_fd_sc_hd__dfxtp_4)
                                  3.97   data arrival time

                  0.00   15.00   15.00   clock core_clock (rise edge)
                          0.00   15.00   clock network delay (ideal)
                          0.00   15.00   clock reconvergence pessimism
                                 15.00 ^ _1331_/CLK (sky130_fd_sc_hd__dfxtp_4)
                         -0.13   14.87   library setup time
                                 14.87   data required time
-----------------------------------------------------------------------------
                                 14.87   data required time
                                 -3.97   data arrival time
-----------------------------------------------------------------------------
                                 10.90   slack (MET)


Startpoint: _1307_ (rising edge-triggered flip-flop clocked by core_clock)
Endpoint: _1340_ (rising edge-triggered flip-flop clocked by core_clock)
Path Group: core_clock
Path Type: max

Fanout     Cap    Slew   Delay    Time   Description
-----------------------------------------------------------------------------
                  0.00    0.00    0.00   clock core_clock (rise edge)
                          0.00    0.00   clock network delay (ideal)
                  0.00    0.00    0.00 ^ _1307_/CLK (sky130_fd_sc_hd__dfrtp_4)
     4    0.09    0.17    0.57    0.57 v _1307_/Q (sky130_fd_sc_hd__dfrtp_4)
                                         imem_inst.address[8] (net)
                  0.18    0.03    0.60 v _0967_/B (sky130_fd_sc_hd__or4_4)
     3    0.06    0.16    0.68    1.28 v _0967_/X (sky130_fd_sc_hd__or4_4)
                                         _0178_ (net)
                  0.16    0.01    1.28 v _0969_/C (sky130_fd_sc_hd__or4_4)
     7    0.12    0.24    0.72    2.00 v _0969_/X (sky130_fd_sc_hd__or4_4)
                                         _0180_ (net)
                  0.24    0.00    2.01 v _0976_/A (sky130_fd_sc_hd__or3_4)
     1    0.04    0.12    0.53    2.54 v _0976_/X (sky130_fd_sc_hd__or3_4)
                                         _0187_ (net)
                  0.12    0.01    2.55 v _0977_/A (sky130_fd_sc_hd__buf_12)
     8    0.16    0.09    0.21    2.75 v _0977_/X (sky130_fd_sc_hd__buf_12)
                                         _0188_ (net)
                  0.11    0.03    2.78 v _0779_/B (sky130_fd_sc_hd__or3b_4)
     7    0.11    0.21    0.57    3.35 v _0779_/X (sky130_fd_sc_hd__or3b_4)
                                         _0575_ (net)
                  0.22    0.01    3.36 v _0780_/A (sky130_fd_sc_hd__buf_6)
    10    0.08    0.08    0.24    3.60 v _0780_/X (sky130_fd_sc_hd__buf_6)
                                         _0576_ (net)
                  0.08    0.00    3.60 v _0799_/B (sky130_fd_sc_hd__and2_4)
     1    0.04    0.07    0.21    3.82 v _0799_/X (sky130_fd_sc_hd__and2_4)
                                         _0586_ (net)
                  0.07    0.01    3.83 v _0800_/A (sky130_fd_sc_hd__buf_1)
     1    0.01    0.05    0.12    3.95 v _0800_/X (sky130_fd_sc_hd__buf_1)
                                         _0089_ (net)
                  0.05    0.00    3.95 v _1340_/D (sky130_fd_sc_hd__dfxtp_4)
                                  3.95   data arrival time

                  0.00   15.00   15.00   clock core_clock (rise edge)
                          0.00   15.00   clock network delay (ideal)
                          0.00   15.00   clock reconvergence pessimism
                                 15.00 ^ _1340_/CLK (sky130_fd_sc_hd__dfxtp_4)
                         -0.13   14.87   library setup time
                                 14.87   data required time
-----------------------------------------------------------------------------
                                 14.87   data required time
                                 -3.95   data arrival time
-----------------------------------------------------------------------------
                                 10.93   slack (MET)


Startpoint: _1307_ (rising edge-triggered flip-flop clocked by core_clock)
Endpoint: _1341_ (rising edge-triggered flip-flop clocked by core_clock)
Path Group: core_clock
Path Type: max

Fanout     Cap    Slew   Delay    Time   Description
-----------------------------------------------------------------------------
                  0.00    0.00    0.00   clock core_clock (rise edge)
                          0.00    0.00   clock network delay (ideal)
                  0.00    0.00    0.00 ^ _1307_/CLK (sky130_fd_sc_hd__dfrtp_4)
     4    0.09    0.17    0.57    0.57 v _1307_/Q (sky130_fd_sc_hd__dfrtp_4)
                                         imem_inst.address[8] (net)
                  0.18    0.03    0.60 v _0967_/B (sky130_fd_sc_hd__or4_4)
     3    0.06    0.16    0.68    1.28 v _0967_/X (sky130_fd_sc_hd__or4_4)
                                         _0178_ (net)
                  0.16    0.01    1.28 v _0969_/C (sky130_fd_sc_hd__or4_4)
     7    0.12    0.24    0.72    2.00 v _0969_/X (sky130_fd_sc_hd__or4_4)
                                         _0180_ (net)
                  0.24    0.00    2.01 v _0976_/A (sky130_fd_sc_hd__or3_4)
     1    0.04    0.12    0.53    2.54 v _0976_/X (sky130_fd_sc_hd__or3_4)
                                         _0187_ (net)
                  0.12    0.01    2.55 v _0977_/A (sky130_fd_sc_hd__buf_12)
     8    0.16    0.09    0.21    2.75 v _0977_/X (sky130_fd_sc_hd__buf_12)
                                         _0188_ (net)
                  0.11    0.03    2.78 v _0779_/B (sky130_fd_sc_hd__or3b_4)
     7    0.11    0.21    0.57    3.35 v _0779_/X (sky130_fd_sc_hd__or3b_4)
                                         _0575_ (net)
                  0.21    0.01    3.36 v _0801_/B (sky130_fd_sc_hd__and2_2)
     1    0.03    0.09    0.33    3.69 v _0801_/X (sky130_fd_sc_hd__and2_2)
                                         _0587_ (net)
                  0.09    0.00    3.70 v _0802_/A (sky130_fd_sc_hd__buf_2)
     1    0.03    0.09    0.20    3.89 v _0802_/X (sky130_fd_sc_hd__buf_2)
                                         _0090_ (net)
                  0.09    0.01    3.90 v _1341_/D (sky130_fd_sc_hd__dfxtp_4)
                                  3.90   data arrival time

                  0.00   15.00   15.00   clock core_clock (rise edge)
                          0.00   15.00   clock network delay (ideal)
                          0.00   15.00   clock reconvergence pessimism
                                 15.00 ^ _1341_/CLK (sky130_fd_sc_hd__dfxtp_4)
                         -0.14   14.86   library setup time
                                 14.86   data required time
-----------------------------------------------------------------------------
                                 14.86   data required time
                                 -3.90   data arrival time
-----------------------------------------------------------------------------
                                 10.96   slack (MET)


Startpoint: _1307_ (rising edge-triggered flip-flop clocked by core_clock)
Endpoint: _1346_ (rising edge-triggered flip-flop clocked by core_clock)
Path Group: core_clock
Path Type: max

Fanout     Cap    Slew   Delay    Time   Description
-----------------------------------------------------------------------------
                  0.00    0.00    0.00   clock core_clock (rise edge)
                          0.00    0.00   clock network delay (ideal)
                  0.00    0.00    0.00 ^ _1307_/CLK (sky130_fd_sc_hd__dfrtp_4)
     4    0.09    0.17    0.57    0.57 v _1307_/Q (sky130_fd_sc_hd__dfrtp_4)
                                         imem_inst.address[8] (net)
                  0.18    0.03    0.60 v _0967_/B (sky130_fd_sc_hd__or4_4)
     3    0.06    0.16    0.68    1.28 v _0967_/X (sky130_fd_sc_hd__or4_4)
                                         _0178_ (net)
                  0.16    0.01    1.28 v _0969_/C (sky130_fd_sc_hd__or4_4)
     7    0.12    0.24    0.72    2.00 v _0969_/X (sky130_fd_sc_hd__or4_4)
                                         _0180_ (net)
                  0.24    0.00    2.01 v _0976_/A (sky130_fd_sc_hd__or3_4)
     1    0.04    0.12    0.53    2.54 v _0976_/X (sky130_fd_sc_hd__or3_4)
                                         _0187_ (net)
                  0.12    0.01    2.55 v _0977_/A (sky130_fd_sc_hd__buf_12)
     8    0.16    0.09    0.21    2.75 v _0977_/X (sky130_fd_sc_hd__buf_12)
                                         _0188_ (net)
                  0.11    0.03    2.78 v _0779_/B (sky130_fd_sc_hd__or3b_4)
     7    0.11    0.21    0.57    3.35 v _0779_/X (sky130_fd_sc_hd__or3b_4)
                                         _0575_ (net)
                  0.21    0.00    3.35 v _0811_/B (sky130_fd_sc_hd__and2_2)
     1    0.02    0.08    0.32    3.67 v _0811_/X (sky130_fd_sc_hd__and2_2)
                                         _0592_ (net)
                  0.08    0.00    3.67 v _0812_/A (sky130_fd_sc_hd__dlymetal6s2s_1)
     1    0.02    0.09    0.20    3.87 v _0812_/X (sky130_fd_sc_hd__dlymetal6s2s_1)
                                         _0095_ (net)
                  0.09    0.00    3.87 v _1346_/D (sky130_fd_sc_hd__dfxtp_4)
                                  3.87   data arrival time

                  0.00   15.00   15.00   clock core_clock (rise edge)
                          0.00   15.00   clock network delay (ideal)
                          0.00   15.00   clock reconvergence pessimism
                                 15.00 ^ _1346_/CLK (sky130_fd_sc_hd__dfxtp_4)
                         -0.14   14.86   library setup time
                                 14.86   data required time
-----------------------------------------------------------------------------
                                 14.86   data required time
                                 -3.87   data arrival time
-----------------------------------------------------------------------------
                                 10.99   slack (MET)


Startpoint: _1307_ (rising edge-triggered flip-flop clocked by core_clock)
Endpoint: _1344_ (rising edge-triggered flip-flop clocked by core_clock)
Path Group: core_clock
Path Type: max

Fanout     Cap    Slew   Delay    Time   Description
-----------------------------------------------------------------------------
                  0.00    0.00    0.00   clock core_clock (rise edge)
                          0.00    0.00   clock network delay (ideal)
                  0.00    0.00    0.00 ^ _1307_/CLK (sky130_fd_sc_hd__dfrtp_4)
     4    0.09    0.17    0.57    0.57 v _1307_/Q (sky130_fd_sc_hd__dfrtp_4)
                                         imem_inst.address[8] (net)
                  0.18    0.03    0.60 v _0967_/B (sky130_fd_sc_hd__or4_4)
     3    0.06    0.16    0.68    1.28 v _0967_/X (sky130_fd_sc_hd__or4_4)
                                         _0178_ (net)
                  0.16    0.01    1.28 v _0969_/C (sky130_fd_sc_hd__or4_4)
     7    0.12    0.24    0.72    2.00 v _0969_/X (sky130_fd_sc_hd__or4_4)
                                         _0180_ (net)
                  0.24    0.00    2.01 v _0976_/A (sky130_fd_sc_hd__or3_4)
     1    0.04    0.12    0.53    2.54 v _0976_/X (sky130_fd_sc_hd__or3_4)
                                         _0187_ (net)
                  0.12    0.01    2.55 v _0977_/A (sky130_fd_sc_hd__buf_12)
     8    0.16    0.09    0.21    2.75 v _0977_/X (sky130_fd_sc_hd__buf_12)
                                         _0188_ (net)
                  0.11    0.03    2.78 v _0779_/B (sky130_fd_sc_hd__or3b_4)
     7    0.11    0.21    0.57    3.35 v _0779_/X (sky130_fd_sc_hd__or3b_4)
                                         _0575_ (net)
                  0.22    0.02    3.37 v _0807_/B (sky130_fd_sc_hd__and2_4)
     1    0.04    0.07    0.28    3.64 v _0807_/X (sky130_fd_sc_hd__and2_4)
                                         _0590_ (net)
                  0.08    0.01    3.66 v _0808_/A (sky130_fd_sc_hd__clkbuf_4)
     1    0.04    0.09    0.20    3.86 v _0808_/X (sky130_fd_sc_hd__clkbuf_4)
                                         _0093_ (net)
                  0.09    0.01    3.87 v _1344_/D (sky130_fd_sc_hd__dfxtp_4)
                                  3.87   data arrival time

                  0.00   15.00   15.00   clock core_clock (rise edge)
                          0.00   15.00   clock network delay (ideal)
                          0.00   15.00   clock reconvergence pessimism
                                 15.00 ^ _1344_/CLK (sky130_fd_sc_hd__dfxtp_4)
                         -0.14   14.86   library setup time
                                 14.86   data required time
-----------------------------------------------------------------------------
                                 14.86   data required time
                                 -3.87   data arrival time
-----------------------------------------------------------------------------
                                 10.99   slack (MET)


Startpoint: _1307_ (rising edge-triggered flip-flop clocked by core_clock)
Endpoint: _1343_ (rising edge-triggered flip-flop clocked by core_clock)
Path Group: core_clock
Path Type: max

Fanout     Cap    Slew   Delay    Time   Description
-----------------------------------------------------------------------------
                  0.00    0.00    0.00   clock core_clock (rise edge)
                          0.00    0.00   clock network delay (ideal)
                  0.00    0.00    0.00 ^ _1307_/CLK (sky130_fd_sc_hd__dfrtp_4)
     4    0.09    0.17    0.57    0.57 v _1307_/Q (sky130_fd_sc_hd__dfrtp_4)
                                         imem_inst.address[8] (net)
                  0.18    0.03    0.60 v _0967_/B (sky130_fd_sc_hd__or4_4)
     3    0.06    0.16    0.68    1.28 v _0967_/X (sky130_fd_sc_hd__or4_4)
                                         _0178_ (net)
                  0.16    0.01    1.28 v _0969_/C (sky130_fd_sc_hd__or4_4)
     7    0.12    0.24    0.72    2.00 v _0969_/X (sky130_fd_sc_hd__or4_4)
                                         _0180_ (net)
                  0.24    0.00    2.01 v _0976_/A (sky130_fd_sc_hd__or3_4)
     1    0.04    0.12    0.53    2.54 v _0976_/X (sky130_fd_sc_hd__or3_4)
                                         _0187_ (net)
                  0.12    0.01    2.55 v _0977_/A (sky130_fd_sc_hd__buf_12)
     8    0.16    0.09    0.21    2.75 v _0977_/X (sky130_fd_sc_hd__buf_12)
                                         _0188_ (net)
                  0.11    0.03    2.78 v _0779_/B (sky130_fd_sc_hd__or3b_4)
     7    0.11    0.21    0.57    3.35 v _0779_/X (sky130_fd_sc_hd__or3b_4)
                                         _0575_ (net)
                  0.21    0.01    3.35 v _0805_/B (sky130_fd_sc_hd__and2_4)
     1    0.05    0.08    0.28    3.64 v _0805_/X (sky130_fd_sc_hd__and2_4)
                                         _0589_ (net)
                  0.08    0.01    3.65 v _0806_/A (sky130_fd_sc_hd__clkbuf_2)
     1    0.02    0.10    0.18    3.83 v _0806_/X (sky130_fd_sc_hd__clkbuf_2)
                                         _0092_ (net)
                  0.10    0.00    3.83 v _1343_/D (sky130_fd_sc_hd__dfxtp_4)
                                  3.83   data arrival time

                  0.00   15.00   15.00   clock core_clock (rise edge)
                          0.00   15.00   clock network delay (ideal)
                          0.00   15.00   clock reconvergence pessimism
                                 15.00 ^ _1343_/CLK (sky130_fd_sc_hd__dfxtp_4)
                         -0.15   14.85   library setup time
                                 14.85   data required time
-----------------------------------------------------------------------------
                                 14.85   data required time
                                 -3.83   data arrival time
-----------------------------------------------------------------------------
                                 11.02   slack (MET)


Startpoint: _1307_ (rising edge-triggered flip-flop clocked by core_clock)
Endpoint: _1345_ (rising edge-triggered flip-flop clocked by core_clock)
Path Group: core_clock
Path Type: max

Fanout     Cap    Slew   Delay    Time   Description
-----------------------------------------------------------------------------
                  0.00    0.00    0.00   clock core_clock (rise edge)
                          0.00    0.00   clock network delay (ideal)
                  0.00    0.00    0.00 ^ _1307_/CLK (sky130_fd_sc_hd__dfrtp_4)
     4    0.09    0.17    0.57    0.57 v _1307_/Q (sky130_fd_sc_hd__dfrtp_4)
                                         imem_inst.address[8] (net)
                  0.18    0.03    0.60 v _0967_/B (sky130_fd_sc_hd__or4_4)
     3    0.06    0.16    0.68    1.28 v _0967_/X (sky130_fd_sc_hd__or4_4)
                                         _0178_ (net)
                  0.16    0.01    1.28 v _0969_/C (sky130_fd_sc_hd__or4_4)
     7    0.12    0.24    0.72    2.00 v _0969_/X (sky130_fd_sc_hd__or4_4)
                                         _0180_ (net)
                  0.24    0.00    2.01 v _0976_/A (sky130_fd_sc_hd__or3_4)
     1    0.04    0.12    0.53    2.54 v _0976_/X (sky130_fd_sc_hd__or3_4)
                                         _0187_ (net)
                  0.12    0.01    2.55 v _0977_/A (sky130_fd_sc_hd__buf_12)
     8    0.16    0.09    0.21    2.75 v _0977_/X (sky130_fd_sc_hd__buf_12)
                                         _0188_ (net)
                  0.11    0.03    2.78 v _0779_/B (sky130_fd_sc_hd__or3b_4)
     7    0.11    0.21    0.57    3.35 v _0779_/X (sky130_fd_sc_hd__or3b_4)
                                         _0575_ (net)
                  0.21    0.01    3.36 v _0809_/B (sky130_fd_sc_hd__and2_1)
     1    0.02    0.10    0.29    3.65 v _0809_/X (sky130_fd_sc_hd__and2_1)
                                         _0591_ (net)
                  0.10    0.00    3.65 v _0810_/A (sky130_fd_sc_hd__clkbuf_2)
     1    0.02    0.09    0.18    3.83 v _0810_/X (sky130_fd_sc_hd__clkbuf_2)
                                         _0094_ (net)
                  0.09    0.00    3.83 v _1345_/D (sky130_fd_sc_hd__dfxtp_4)
                                  3.83   data arrival time

                  0.00   15.00   15.00   clock core_clock (rise edge)
                          0.00   15.00   clock network delay (ideal)
                          0.00   15.00   clock reconvergence pessimism
                                 15.00 ^ _1345_/CLK (sky130_fd_sc_hd__dfxtp_4)
                         -0.14   14.86   library setup time
                                 14.86   data required time
-----------------------------------------------------------------------------
                                 14.86   data required time
                                 -3.83   data arrival time
-----------------------------------------------------------------------------
                                 11.02   slack (MET)


Startpoint: _1307_ (rising edge-triggered flip-flop clocked by core_clock)
Endpoint: _1342_ (rising edge-triggered flip-flop clocked by core_clock)
Path Group: core_clock
Path Type: max

Fanout     Cap    Slew   Delay    Time   Description
-----------------------------------------------------------------------------
                  0.00    0.00    0.00   clock core_clock (rise edge)
                          0.00    0.00   clock network delay (ideal)
                  0.00    0.00    0.00 ^ _1307_/CLK (sky130_fd_sc_hd__dfrtp_4)
     4    0.09    0.17    0.57    0.57 v _1307_/Q (sky130_fd_sc_hd__dfrtp_4)
                                         imem_inst.address[8] (net)
                  0.18    0.03    0.60 v _0967_/B (sky130_fd_sc_hd__or4_4)
     3    0.06    0.16    0.68    1.28 v _0967_/X (sky130_fd_sc_hd__or4_4)
                                         _0178_ (net)
                  0.16    0.01    1.28 v _0969_/C (sky130_fd_sc_hd__or4_4)
     7    0.12    0.24    0.72    2.00 v _0969_/X (sky130_fd_sc_hd__or4_4)
                                         _0180_ (net)
                  0.24    0.00    2.01 v _0976_/A (sky130_fd_sc_hd__or3_4)
     1    0.04    0.12    0.53    2.54 v _0976_/X (sky130_fd_sc_hd__or3_4)
                                         _0187_ (net)
                  0.12    0.01    2.55 v _0977_/A (sky130_fd_sc_hd__buf_12)
     8    0.16    0.09    0.21    2.75 v _0977_/X (sky130_fd_sc_hd__buf_12)
                                         _0188_ (net)
                  0.11    0.03    2.78 v _0779_/B (sky130_fd_sc_hd__or3b_4)
     7    0.11    0.21    0.57    3.35 v _0779_/X (sky130_fd_sc_hd__or3b_4)
                                         _0575_ (net)
                  0.21    0.00    3.35 v _0803_/B (sky130_fd_sc_hd__and2_4)
     1    0.04    0.07    0.27    3.63 v _0803_/X (sky130_fd_sc_hd__and2_4)
                                         _0588_ (net)
                  0.07    0.01    3.63 v _0804_/A (sky130_fd_sc_hd__buf_2)
     1    0.03    0.07    0.17    3.81 v _0804_/X (sky130_fd_sc_hd__buf_2)
                                         _0091_ (net)
                  0.07    0.00    3.81 v _1342_/D (sky130_fd_sc_hd__dfxtp_4)
                                  3.81   data arrival time

                  0.00   15.00   15.00   clock core_clock (rise edge)
                          0.00   15.00   clock network delay (ideal)
                          0.00   15.00   clock reconvergence pessimism
                                 15.00 ^ _1342_/CLK (sky130_fd_sc_hd__dfxtp_4)
                         -0.13   14.87   library setup time
                                 14.87   data required time
-----------------------------------------------------------------------------
                                 14.87   data required time
                                 -3.81   data arrival time
-----------------------------------------------------------------------------
                                 11.05   slack (MET)


Startpoint: _1302_ (rising edge-triggered flip-flop clocked by core_clock)
Endpoint: _1311_ (rising edge-triggered flip-flop clocked by core_clock)
Path Group: core_clock
Path Type: max

Fanout     Cap    Slew   Delay    Time   Description
-----------------------------------------------------------------------------
                  0.00    0.00    0.00   clock core_clock (rise edge)
                          0.00    0.00   clock network delay (ideal)
                  0.00    0.00    0.00 ^ _1302_/CLK (sky130_fd_sc_hd__dfrtp_4)
     5    0.12    0.35    0.62    0.62 ^ _1302_/Q (sky130_fd_sc_hd__dfrtp_4)
                                         imem_inst.address[3] (net)
                  0.35    0.01    0.63 ^ _0890_/A (sky130_fd_sc_hd__buf_12)
     9    0.16    0.19    0.26    0.89 ^ _0890_/X (sky130_fd_sc_hd__buf_12)
                                         _0131_ (net)
                  0.20    0.02    0.91 ^ _0891_/B (sky130_fd_sc_hd__and3_4)
     3    0.05    0.17    0.32    1.23 ^ _0891_/X (sky130_fd_sc_hd__and3_4)
                                         _0132_ (net)
                  0.17    0.00    1.23 ^ _0892_/B (sky130_fd_sc_hd__and2_4)
     4    0.10    0.28    0.34    1.57 ^ _0892_/X (sky130_fd_sc_hd__and2_4)
                                         _0133_ (net)
                  0.28    0.03    1.60 ^ _0893_/C (sky130_fd_sc_hd__and3_4)
     3    0.08    0.26    0.39    1.99 ^ _0893_/X (sky130_fd_sc_hd__and3_4)
                                         _0134_ (net)
                  0.26    0.01    2.00 ^ _0894_/B (sky130_fd_sc_hd__and2_4)
     4    0.10    0.30    0.38    2.38 ^ _0894_/X (sky130_fd_sc_hd__and2_4)
                                         _0135_ (net)
                  0.30    0.01    2.40 ^ _0895_/C (sky130_fd_sc_hd__and3_4)
     3    0.10    0.30    0.43    2.83 ^ _0895_/X (sky130_fd_sc_hd__and3_4)
                                         _0136_ (net)
                  0.30    0.02    2.85 ^ _0896_/B (sky130_fd_sc_hd__and2_4)
     4    0.08    0.22    0.34    3.19 ^ _0896_/X (sky130_fd_sc_hd__and2_4)
                                         _0137_ (net)
                  0.22    0.01    3.20 ^ _0897_/C (sky130_fd_sc_hd__and3_4)
     3    0.05    0.17    0.33    3.53 ^ _0897_/X (sky130_fd_sc_hd__and3_4)
                                         _0138_ (net)
                  0.17    0.00    3.54 ^ _0942_/A (sky130_fd_sc_hd__nor2_1)
     1    0.01    0.08    0.10    3.64 v _0942_/Y (sky130_fd_sc_hd__nor2_1)
                                         _0060_ (net)
                  0.08    0.00    3.64 v _1311_/D (sky130_fd_sc_hd__dfrtp_4)
                                  3.64   data arrival time

                  0.00   15.00   15.00   clock core_clock (rise edge)
                          0.00   15.00   clock network delay (ideal)
                          0.00   15.00   clock reconvergence pessimism
                                 15.00 ^ _1311_/CLK (sky130_fd_sc_hd__dfrtp_4)
                         -0.14   14.86   library setup time
                                 14.86   data required time
-----------------------------------------------------------------------------
                                 14.86   data required time
                                 -3.64   data arrival time
-----------------------------------------------------------------------------
                                 11.22   slack (MET)


Startpoint: _1282_ (rising edge-triggered flip-flop clocked by core_clock)
Endpoint: _1295_ (rising edge-triggered flip-flop clocked by core_clock)
Path Group: core_clock
Path Type: max

Fanout     Cap    Slew   Delay    Time   Description
-----------------------------------------------------------------------------
                  0.00    0.00    0.00   clock core_clock (rise edge)
                          0.00    0.00   clock network delay (ideal)
                  0.00    0.00    0.00 ^ _1282_/CLK (sky130_fd_sc_hd__dfxtp_4)
     4    0.08    0.23    0.47    0.47 ^ _1282_/Q (sky130_fd_sc_hd__dfxtp_4)
                                         display_inst.counter[1] (net)
                  0.23    0.01    0.47 ^ _0699_/B (sky130_fd_sc_hd__and3_4)
     4    0.09    0.28    0.40    0.87 ^ _0699_/X (sky130_fd_sc_hd__and3_4)
                                         _0543_ (net)
                  0.29    0.02    0.89 ^ _0702_/B (sky130_fd_sc_hd__and2_4)
     3    0.07    0.20    0.32    1.21 ^ _0702_/X (sky130_fd_sc_hd__and2_4)
                                         _0545_ (net)
                  0.20    0.01    1.22 ^ _0706_/C (sky130_fd_sc_hd__and3_4)
     3    0.06    0.18    0.33    1.55 ^ _0706_/X (sky130_fd_sc_hd__and3_4)
                                         _0547_ (net)
                  0.18    0.00    1.55 ^ _0710_/B (sky130_fd_sc_hd__and2_4)
     5    0.11    0.33    0.38    1.93 ^ _0710_/X (sky130_fd_sc_hd__and2_4)
                                         _0550_ (net)
                  0.33    0.02    1.95 ^ _0715_/C (sky130_fd_sc_hd__and3_4)
     4    0.08    0.24    0.39    2.34 ^ _0715_/X (sky130_fd_sc_hd__and3_4)
                                         _0553_ (net)
                  0.24    0.01    2.35 ^ _0718_/B (sky130_fd_sc_hd__and2_4)
     4    0.08    0.24    0.34    2.69 ^ _0718_/X (sky130_fd_sc_hd__and2_4)
                                         _0555_ (net)
                  0.24    0.00    2.69 ^ _0725_/C (sky130_fd_sc_hd__and3_4)
     4    0.08    0.24    0.38    3.07 ^ _0725_/X (sky130_fd_sc_hd__and3_4)
                                         _0560_ (net)
                  0.24    0.01    3.08 ^ _0732_/D (sky130_fd_sc_hd__and4_4)
     3    0.06    0.20    0.38    3.47 ^ _0732_/X (sky130_fd_sc_hd__and4_4)
                                         _0564_ (net)
                  0.20    0.01    3.48 ^ _0733_/B (sky130_fd_sc_hd__nor2_1)
     1    0.01    0.09    0.11    3.59 v _0733_/Y (sky130_fd_sc_hd__nor2_1)
                                         _0044_ (net)
                  0.09    0.00    3.59 v _1295_/D (sky130_fd_sc_hd__dfxtp_4)
                                  3.59   data arrival time

                  0.00   15.00   15.00   clock core_clock (rise edge)
                          0.00   15.00   clock network delay (ideal)
                          0.00   15.00   clock reconvergence pessimism
                                 15.00 ^ _1295_/CLK (sky130_fd_sc_hd__dfxtp_4)
                         -0.14   14.86   library setup time
                                 14.86   data required time
-----------------------------------------------------------------------------
                                 14.86   data required time
                                 -3.59   data arrival time
-----------------------------------------------------------------------------
                                 11.27   slack (MET)


Startpoint: _1307_ (rising edge-triggered flip-flop clocked by core_clock)
Endpoint: _1371_ (rising edge-triggered flip-flop clocked by core_clock)
Path Group: core_clock
Path Type: max

Fanout     Cap    Slew   Delay    Time   Description
-----------------------------------------------------------------------------
                  0.00    0.00    0.00   clock core_clock (rise edge)
                          0.00    0.00   clock network delay (ideal)
                  0.00    0.00    0.00 ^ _1307_/CLK (sky130_fd_sc_hd__dfrtp_4)
     4    0.09    0.17    0.57    0.57 v _1307_/Q (sky130_fd_sc_hd__dfrtp_4)
                                         imem_inst.address[8] (net)
                  0.18    0.03    0.60 v _0967_/B (sky130_fd_sc_hd__or4_4)
     3    0.06    0.16    0.68    1.28 v _0967_/X (sky130_fd_sc_hd__or4_4)
                                         _0178_ (net)
                  0.16    0.01    1.28 v _0969_/C (sky130_fd_sc_hd__or4_4)
     7    0.12    0.24    0.72    2.00 v _0969_/X (sky130_fd_sc_hd__or4_4)
                                         _0180_ (net)
                  0.24    0.01    2.01 v _1133_/A (sky130_fd_sc_hd__or4_4)
     5    0.11    0.23    0.78    2.79 v _1133_/X (sky130_fd_sc_hd__or4_4)
                                         _0344_ (net)
                  0.23    0.02    2.82 v _0854_/A (sky130_fd_sc_hd__buf_12)
    10    0.13    0.08    0.25    3.06 v _0854_/X (sky130_fd_sc_hd__buf_12)
                                         _0618_ (net)
                  0.09    0.01    3.08 v _0870_/B (sky130_fd_sc_hd__and2_2)
     1    0.03    0.10    0.27    3.35 v _0870_/X (sky130_fd_sc_hd__and2_2)
                                         _0626_ (net)
                  0.10    0.01    3.35 v _0871_/A (sky130_fd_sc_hd__clkbuf_4)
     1    0.04    0.09    0.21    3.57 v _0871_/X (sky130_fd_sc_hd__clkbuf_4)
                                         _0120_ (net)
                  0.09    0.01    3.57 v _1371_/D (sky130_fd_sc_hd__dfxtp_2)
                                  3.57   data arrival time

                  0.00   15.00   15.00   clock core_clock (rise edge)
                          0.00   15.00   clock network delay (ideal)
                          0.00   15.00   clock reconvergence pessimism
                                 15.00 ^ _1371_/CLK (sky130_fd_sc_hd__dfxtp_2)
                         -0.14   14.86   library setup time
                                 14.86   data required time
-----------------------------------------------------------------------------
                                 14.86   data required time
                                 -3.57   data arrival time
-----------------------------------------------------------------------------
                                 11.28   slack (MET)


Startpoint: _1307_ (rising edge-triggered flip-flop clocked by core_clock)
Endpoint: _1374_ (rising edge-triggered flip-flop clocked by core_clock)
Path Group: core_clock
Path Type: max

Fanout     Cap    Slew   Delay    Time   Description
-----------------------------------------------------------------------------
                  0.00    0.00    0.00   clock core_clock (rise edge)
                          0.00    0.00   clock network delay (ideal)
                  0.00    0.00    0.00 ^ _1307_/CLK (sky130_fd_sc_hd__dfrtp_4)
     4    0.09    0.17    0.57    0.57 v _1307_/Q (sky130_fd_sc_hd__dfrtp_4)
                                         imem_inst.address[8] (net)
                  0.18    0.03    0.60 v _0967_/B (sky130_fd_sc_hd__or4_4)
     3    0.06    0.16    0.68    1.28 v _0967_/X (sky130_fd_sc_hd__or4_4)
                                         _0178_ (net)
                  0.16    0.01    1.28 v _0969_/C (sky130_fd_sc_hd__or4_4)
     7    0.12    0.24    0.72    2.00 v _0969_/X (sky130_fd_sc_hd__or4_4)
                                         _0180_ (net)
                  0.24    0.01    2.01 v _1133_/A (sky130_fd_sc_hd__or4_4)
     5    0.11    0.23    0.78    2.79 v _1133_/X (sky130_fd_sc_hd__or4_4)
                                         _0344_ (net)
                  0.23    0.02    2.82 v _0854_/A (sky130_fd_sc_hd__buf_12)
    10    0.13    0.08    0.25    3.06 v _0854_/X (sky130_fd_sc_hd__buf_12)
                                         _0618_ (net)
                  0.09    0.02    3.09 v _0876_/B (sky130_fd_sc_hd__and2_2)
     1    0.03    0.09    0.27    3.35 v _0876_/X (sky130_fd_sc_hd__and2_2)
                                         _0629_ (net)
                  0.09    0.00    3.35 v _0877_/A (sky130_fd_sc_hd__buf_2)
     1    0.03    0.09    0.19    3.55 v _0877_/X (sky130_fd_sc_hd__buf_2)
                                         _0123_ (net)
                  0.09    0.01    3.55 v _1374_/D (sky130_fd_sc_hd__dfxtp_4)
                                  3.55   data arrival time

                  0.00   15.00   15.00   clock core_clock (rise edge)
                          0.00   15.00   clock network delay (ideal)
                          0.00   15.00   clock reconvergence pessimism
                                 15.00 ^ _1374_/CLK (sky130_fd_sc_hd__dfxtp_4)
                         -0.14   14.86   library setup time
                                 14.86   data required time
-----------------------------------------------------------------------------
                                 14.86   data required time
                                 -3.55   data arrival time
-----------------------------------------------------------------------------
                                 11.30   slack (MET)


Startpoint: _1307_ (rising edge-triggered flip-flop clocked by core_clock)
Endpoint: _1367_ (rising edge-triggered flip-flop clocked by core_clock)
Path Group: core_clock
Path Type: max

Fanout     Cap    Slew   Delay    Time   Description
-----------------------------------------------------------------------------
                  0.00    0.00    0.00   clock core_clock (rise edge)
                          0.00    0.00   clock network delay (ideal)
                  0.00    0.00    0.00 ^ _1307_/CLK (sky130_fd_sc_hd__dfrtp_4)
     4    0.09    0.17    0.57    0.57 v _1307_/Q (sky130_fd_sc_hd__dfrtp_4)
                                         imem_inst.address[8] (net)
                  0.18    0.03    0.60 v _0967_/B (sky130_fd_sc_hd__or4_4)
     3    0.06    0.16    0.68    1.28 v _0967_/X (sky130_fd_sc_hd__or4_4)
                                         _0178_ (net)
                  0.16    0.01    1.28 v _0969_/C (sky130_fd_sc_hd__or4_4)
     7    0.12    0.24    0.72    2.00 v _0969_/X (sky130_fd_sc_hd__or4_4)
                                         _0180_ (net)
                  0.24    0.01    2.01 v _1133_/A (sky130_fd_sc_hd__or4_4)
     5    0.11    0.23    0.78    2.79 v _1133_/X (sky130_fd_sc_hd__or4_4)
                                         _0344_ (net)
                  0.23    0.02    2.82 v _0854_/A (sky130_fd_sc_hd__buf_12)
    10    0.13    0.08    0.25    3.06 v _0854_/X (sky130_fd_sc_hd__buf_12)
                                         _0618_ (net)
                  0.09    0.03    3.09 v _0862_/B (sky130_fd_sc_hd__and2_2)
     1    0.03    0.09    0.27    3.36 v _0862_/X (sky130_fd_sc_hd__and2_2)
                                         _0622_ (net)
                  0.10    0.01    3.37 v _0863_/A (sky130_fd_sc_hd__clkbuf_2)
     1    0.02    0.08    0.17    3.54 v _0863_/X (sky130_fd_sc_hd__clkbuf_2)
                                         _0116_ (net)
                  0.08    0.00    3.54 v _1367_/D (sky130_fd_sc_hd__dfxtp_4)
                                  3.54   data arrival time

                  0.00   15.00   15.00   clock core_clock (rise edge)
                          0.00   15.00   clock network delay (ideal)
                          0.00   15.00   clock reconvergence pessimism
                                 15.00 ^ _1367_/CLK (sky130_fd_sc_hd__dfxtp_4)
                         -0.14   14.86   library setup time
                                 14.86   data required time
-----------------------------------------------------------------------------
                                 14.86   data required time
                                 -3.54   data arrival time
-----------------------------------------------------------------------------
                                 11.32   slack (MET)


Startpoint: _1307_ (rising edge-triggered flip-flop clocked by core_clock)
Endpoint: _1369_ (rising edge-triggered flip-flop clocked by core_clock)
Path Group: core_clock
Path Type: max

Fanout     Cap    Slew   Delay    Time   Description
-----------------------------------------------------------------------------
                  0.00    0.00    0.00   clock core_clock (rise edge)
                          0.00    0.00   clock network delay (ideal)
                  0.00    0.00    0.00 ^ _1307_/CLK (sky130_fd_sc_hd__dfrtp_4)
     4    0.09    0.17    0.57    0.57 v _1307_/Q (sky130_fd_sc_hd__dfrtp_4)
                                         imem_inst.address[8] (net)
                  0.18    0.03    0.60 v _0967_/B (sky130_fd_sc_hd__or4_4)
     3    0.06    0.16    0.68    1.28 v _0967_/X (sky130_fd_sc_hd__or4_4)
                                         _0178_ (net)
                  0.16    0.01    1.28 v _0969_/C (sky130_fd_sc_hd__or4_4)
     7    0.12    0.24    0.72    2.00 v _0969_/X (sky130_fd_sc_hd__or4_4)
                                         _0180_ (net)
                  0.24    0.01    2.01 v _1133_/A (sky130_fd_sc_hd__or4_4)
     5    0.11    0.23    0.78    2.79 v _1133_/X (sky130_fd_sc_hd__or4_4)
                                         _0344_ (net)
                  0.23    0.02    2.82 v _0854_/A (sky130_fd_sc_hd__buf_12)
    10    0.13    0.08    0.25    3.06 v _0854_/X (sky130_fd_sc_hd__buf_12)
                                         _0618_ (net)
                  0.08    0.01    3.07 v _0866_/B (sky130_fd_sc_hd__and2_2)
     1    0.02    0.07    0.25    3.32 v _0866_/X (sky130_fd_sc_hd__and2_2)
                                         _0624_ (net)
                  0.07    0.00    3.32 v _0867_/A (sky130_fd_sc_hd__dlymetal6s2s_1)
     1    0.02    0.10    0.20    3.52 v _0867_/X (sky130_fd_sc_hd__dlymetal6s2s_1)
                                         _0118_ (net)
                  0.10    0.00    3.53 v _1369_/D (sky130_fd_sc_hd__dfxtp_4)
                                  3.53   data arrival time

                  0.00   15.00   15.00   clock core_clock (rise edge)
                          0.00   15.00   clock network delay (ideal)
                          0.00   15.00   clock reconvergence pessimism
                                 15.00 ^ _1369_/CLK (sky130_fd_sc_hd__dfxtp_4)
                         -0.14   14.86   library setup time
                                 14.86   data required time
-----------------------------------------------------------------------------
                                 14.86   data required time
                                 -3.53   data arrival time
-----------------------------------------------------------------------------
                                 11.33   slack (MET)


Startpoint: _1307_ (rising edge-triggered flip-flop clocked by core_clock)
Endpoint: _1373_ (rising edge-triggered flip-flop clocked by core_clock)
Path Group: core_clock
Path Type: max

Fanout     Cap    Slew   Delay    Time   Description
-----------------------------------------------------------------------------
                  0.00    0.00    0.00   clock core_clock (rise edge)
                          0.00    0.00   clock network delay (ideal)
                  0.00    0.00    0.00 ^ _1307_/CLK (sky130_fd_sc_hd__dfrtp_4)
     4    0.09    0.17    0.57    0.57 v _1307_/Q (sky130_fd_sc_hd__dfrtp_4)
                                         imem_inst.address[8] (net)
                  0.18    0.03    0.60 v _0967_/B (sky130_fd_sc_hd__or4_4)
     3    0.06    0.16    0.68    1.28 v _0967_/X (sky130_fd_sc_hd__or4_4)
                                         _0178_ (net)
                  0.16    0.01    1.28 v _0969_/C (sky130_fd_sc_hd__or4_4)
     7    0.12    0.24    0.72    2.00 v _0969_/X (sky130_fd_sc_hd__or4_4)
                                         _0180_ (net)
                  0.24    0.01    2.01 v _1133_/A (sky130_fd_sc_hd__or4_4)
     5    0.11    0.23    0.78    2.79 v _1133_/X (sky130_fd_sc_hd__or4_4)
                                         _0344_ (net)
                  0.23    0.02    2.82 v _0854_/A (sky130_fd_sc_hd__buf_12)
    10    0.13    0.08    0.25    3.06 v _0854_/X (sky130_fd_sc_hd__buf_12)
                                         _0618_ (net)
                  0.09    0.02    3.09 v _0874_/B (sky130_fd_sc_hd__and2_4)
     1    0.05    0.08    0.22    3.31 v _0874_/X (sky130_fd_sc_hd__and2_4)
                                         _0628_ (net)
                  0.08    0.01    3.32 v _0875_/A (sky130_fd_sc_hd__clkbuf_4)
     1    0.04    0.08    0.20    3.52 v _0875_/X (sky130_fd_sc_hd__clkbuf_4)
                                         _0122_ (net)
                  0.08    0.01    3.53 v _1373_/D (sky130_fd_sc_hd__dfxtp_4)
                                  3.53   data arrival time

                  0.00   15.00   15.00   clock core_clock (rise edge)
                          0.00   15.00   clock network delay (ideal)
                          0.00   15.00   clock reconvergence pessimism
                                 15.00 ^ _1373_/CLK (sky130_fd_sc_hd__dfxtp_4)
                         -0.14   14.86   library setup time
                                 14.86   data required time
-----------------------------------------------------------------------------
                                 14.86   data required time
                                 -3.53   data arrival time
-----------------------------------------------------------------------------
                                 11.33   slack (MET)


Startpoint: _1307_ (rising edge-triggered flip-flop clocked by core_clock)
Endpoint: _1372_ (rising edge-triggered flip-flop clocked by core_clock)
Path Group: core_clock
Path Type: max

Fanout     Cap    Slew   Delay    Time   Description
-----------------------------------------------------------------------------
                  0.00    0.00    0.00   clock core_clock (rise edge)
                          0.00    0.00   clock network delay (ideal)
                  0.00    0.00    0.00 ^ _1307_/CLK (sky130_fd_sc_hd__dfrtp_4)
     4    0.09    0.17    0.57    0.57 v _1307_/Q (sky130_fd_sc_hd__dfrtp_4)
                                         imem_inst.address[8] (net)
                  0.18    0.03    0.60 v _0967_/B (sky130_fd_sc_hd__or4_4)
     3    0.06    0.16    0.68    1.28 v _0967_/X (sky130_fd_sc_hd__or4_4)
                                         _0178_ (net)
                  0.16    0.01    1.28 v _0969_/C (sky130_fd_sc_hd__or4_4)
     7    0.12    0.24    0.72    2.00 v _0969_/X (sky130_fd_sc_hd__or4_4)
                                         _0180_ (net)
                  0.24    0.01    2.01 v _1133_/A (sky130_fd_sc_hd__or4_4)
     5    0.11    0.23    0.78    2.79 v _1133_/X (sky130_fd_sc_hd__or4_4)
                                         _0344_ (net)
                  0.23    0.02    2.82 v _0854_/A (sky130_fd_sc_hd__buf_12)
    10    0.13    0.08    0.25    3.06 v _0854_/X (sky130_fd_sc_hd__buf_12)
                                         _0618_ (net)
                  0.08    0.01    3.07 v _0872_/B (sky130_fd_sc_hd__and2_2)
     1    0.02    0.08    0.25    3.33 v _0872_/X (sky130_fd_sc_hd__and2_2)
                                         _0627_ (net)
                  0.08    0.00    3.33 v _0873_/A (sky130_fd_sc_hd__buf_2)
     1    0.03    0.07    0.18    3.51 v _0873_/X (sky130_fd_sc_hd__buf_2)
                                         _0121_ (net)
                  0.08    0.00    3.51 v _1372_/D (sky130_fd_sc_hd__dfxtp_4)
                                  3.51   data arrival time

                  0.00   15.00   15.00   clock core_clock (rise edge)
                          0.00   15.00   clock network delay (ideal)
                          0.00   15.00   clock reconvergence pessimism
                                 15.00 ^ _1372_/CLK (sky130_fd_sc_hd__dfxtp_4)
                         -0.14   14.86   library setup time
                                 14.86   data required time
-----------------------------------------------------------------------------
                                 14.86   data required time
                                 -3.51   data arrival time
-----------------------------------------------------------------------------
                                 11.35   slack (MET)


Startpoint: _1307_ (rising edge-triggered flip-flop clocked by core_clock)
Endpoint: _1365_ (rising edge-triggered flip-flop clocked by core_clock)
Path Group: core_clock
Path Type: max

Fanout     Cap    Slew   Delay    Time   Description
-----------------------------------------------------------------------------
                  0.00    0.00    0.00   clock core_clock (rise edge)
                          0.00    0.00   clock network delay (ideal)
                  0.00    0.00    0.00 ^ _1307_/CLK (sky130_fd_sc_hd__dfrtp_4)
     4    0.09    0.17    0.57    0.57 v _1307_/Q (sky130_fd_sc_hd__dfrtp_4)
                                         imem_inst.address[8] (net)
                  0.18    0.03    0.60 v _0967_/B (sky130_fd_sc_hd__or4_4)
     3    0.06    0.16    0.68    1.28 v _0967_/X (sky130_fd_sc_hd__or4_4)
                                         _0178_ (net)
                  0.16    0.01    1.28 v _0969_/C (sky130_fd_sc_hd__or4_4)
     7    0.12    0.24    0.72    2.00 v _0969_/X (sky130_fd_sc_hd__or4_4)
                                         _0180_ (net)
                  0.24    0.00    2.01 v _0976_/A (sky130_fd_sc_hd__or3_4)
     1    0.04    0.12    0.53    2.54 v _0976_/X (sky130_fd_sc_hd__or3_4)
                                         _0187_ (net)
                  0.12    0.01    2.55 v _0977_/A (sky130_fd_sc_hd__buf_12)
     8    0.16    0.09    0.21    2.75 v _0977_/X (sky130_fd_sc_hd__buf_12)
                                         _0188_ (net)
                  0.10    0.01    2.77 v _1135_/A (sky130_fd_sc_hd__nor2_8)
     5    0.08    0.32    0.30    3.07 ^ _1135_/Y (sky130_fd_sc_hd__nor2_8)
                                         _0346_ (net)
                  0.32    0.01    3.09 ^ _0858_/B (sky130_fd_sc_hd__or2_4)
     1    0.03    0.12    0.24    3.33 ^ _0858_/X (sky130_fd_sc_hd__or2_4)
                                         _0620_ (net)
                  0.12    0.01    3.34 ^ _0859_/A (sky130_fd_sc_hd__clkbuf_4)
     1    0.03    0.11    0.21    3.55 ^ _0859_/X (sky130_fd_sc_hd__clkbuf_4)
                                         _0114_ (net)
                  0.11    0.01    3.56 ^ _1365_/D (sky130_fd_sc_hd__dfxtp_4)
                                  3.56   data arrival time

                  0.00   15.00   15.00   clock core_clock (rise edge)
                          0.00   15.00   clock network delay (ideal)
                          0.00   15.00   clock reconvergence pessimism
                                 15.00 ^ _1365_/CLK (sky130_fd_sc_hd__dfxtp_4)
                         -0.08   14.92   library setup time
                                 14.92   data required time
-----------------------------------------------------------------------------
                                 14.92   data required time
                                 -3.56   data arrival time
-----------------------------------------------------------------------------
                                 11.36   slack (MET)


Startpoint: _1307_ (rising edge-triggered flip-flop clocked by core_clock)
Endpoint: _1368_ (rising edge-triggered flip-flop clocked by core_clock)
Path Group: core_clock
Path Type: max

Fanout     Cap    Slew   Delay    Time   Description
-----------------------------------------------------------------------------
                  0.00    0.00    0.00   clock core_clock (rise edge)
                          0.00    0.00   clock network delay (ideal)
                  0.00    0.00    0.00 ^ _1307_/CLK (sky130_fd_sc_hd__dfrtp_4)
     4    0.09    0.17    0.57    0.57 v _1307_/Q (sky130_fd_sc_hd__dfrtp_4)
                                         imem_inst.address[8] (net)
                  0.18    0.03    0.60 v _0967_/B (sky130_fd_sc_hd__or4_4)
     3    0.06    0.16    0.68    1.28 v _0967_/X (sky130_fd_sc_hd__or4_4)
                                         _0178_ (net)
                  0.16    0.01    1.28 v _0969_/C (sky130_fd_sc_hd__or4_4)
     7    0.12    0.24    0.72    2.00 v _0969_/X (sky130_fd_sc_hd__or4_4)
                                         _0180_ (net)
                  0.24    0.01    2.01 v _1133_/A (sky130_fd_sc_hd__or4_4)
     5    0.11    0.23    0.78    2.79 v _1133_/X (sky130_fd_sc_hd__or4_4)
                                         _0344_ (net)
                  0.23    0.02    2.82 v _0854_/A (sky130_fd_sc_hd__buf_12)
    10    0.13    0.08    0.25    3.06 v _0854_/X (sky130_fd_sc_hd__buf_12)
                                         _0618_ (net)
                  0.09    0.02    3.09 v _0864_/B (sky130_fd_sc_hd__and2_2)
     1    0.02    0.07    0.25    3.34 v _0864_/X (sky130_fd_sc_hd__and2_2)
                                         _0623_ (net)
                  0.07    0.00    3.34 v _0865_/A (sky130_fd_sc_hd__buf_1)
     1    0.01    0.09    0.15    3.49 v _0865_/X (sky130_fd_sc_hd__buf_1)
                                         _0117_ (net)
                  0.09    0.00    3.49 v _1368_/D (sky130_fd_sc_hd__dfxtp_2)
                                  3.49   data arrival time

                  0.00   15.00   15.00   clock core_clock (rise edge)
                          0.00   15.00   clock network delay (ideal)
                          0.00   15.00   clock reconvergence pessimism
                                 15.00 ^ _1368_/CLK (sky130_fd_sc_hd__dfxtp_2)
                         -0.14   14.86   library setup time
                                 14.86   data required time
-----------------------------------------------------------------------------
                                 14.86   data required time
                                 -3.49   data arrival time
-----------------------------------------------------------------------------
                                 11.37   slack (MET)


Startpoint: _1307_ (rising edge-triggered flip-flop clocked by core_clock)
Endpoint: _1364_ (rising edge-triggered flip-flop clocked by core_clock)
Path Group: core_clock
Path Type: max

Fanout     Cap    Slew   Delay    Time   Description
-----------------------------------------------------------------------------
                  0.00    0.00    0.00   clock core_clock (rise edge)
                          0.00    0.00   clock network delay (ideal)
                  0.00    0.00    0.00 ^ _1307_/CLK (sky130_fd_sc_hd__dfrtp_4)
     4    0.09    0.17    0.57    0.57 v _1307_/Q (sky130_fd_sc_hd__dfrtp_4)
                                         imem_inst.address[8] (net)
                  0.18    0.03    0.60 v _0967_/B (sky130_fd_sc_hd__or4_4)
     3    0.06    0.16    0.68    1.28 v _0967_/X (sky130_fd_sc_hd__or4_4)
                                         _0178_ (net)
                  0.16    0.01    1.28 v _0969_/C (sky130_fd_sc_hd__or4_4)
     7    0.12    0.24    0.72    2.00 v _0969_/X (sky130_fd_sc_hd__or4_4)
                                         _0180_ (net)
                  0.24    0.00    2.01 v _0976_/A (sky130_fd_sc_hd__or3_4)
     1    0.04    0.12    0.53    2.54 v _0976_/X (sky130_fd_sc_hd__or3_4)
                                         _0187_ (net)
                  0.12    0.01    2.55 v _0977_/A (sky130_fd_sc_hd__buf_12)
     8    0.16    0.09    0.21    2.75 v _0977_/X (sky130_fd_sc_hd__buf_12)
                                         _0188_ (net)
                  0.10    0.01    2.77 v _1135_/A (sky130_fd_sc_hd__nor2_8)
     5    0.08    0.32    0.30    3.07 ^ _1135_/Y (sky130_fd_sc_hd__nor2_8)
                                         _0346_ (net)
                  0.32    0.01    3.09 ^ _0856_/B (sky130_fd_sc_hd__or2_4)
     1    0.04    0.13    0.25    3.34 ^ _0856_/X (sky130_fd_sc_hd__or2_4)
                                         _0619_ (net)
                  0.13    0.01    3.35 ^ _0857_/A (sky130_fd_sc_hd__clkbuf_2)
     1    0.02    0.12    0.19    3.54 ^ _0857_/X (sky130_fd_sc_hd__clkbuf_2)
                                         _0113_ (net)
                  0.12    0.00    3.54 ^ _1364_/D (sky130_fd_sc_hd__dfxtp_2)
                                  3.54   data arrival time

                  0.00   15.00   15.00   clock core_clock (rise edge)
                          0.00   15.00   clock network delay (ideal)
                          0.00   15.00   clock reconvergence pessimism
                                 15.00 ^ _1364_/CLK (sky130_fd_sc_hd__dfxtp_2)
                         -0.08   14.92   library setup time
                                 14.92   data required time
-----------------------------------------------------------------------------
                                 14.92   data required time
                                 -3.54   data arrival time
-----------------------------------------------------------------------------
                                 11.38   slack (MET)


Startpoint: _1307_ (rising edge-triggered flip-flop clocked by core_clock)
Endpoint: _1370_ (rising edge-triggered flip-flop clocked by core_clock)
Path Group: core_clock
Path Type: max

Fanout     Cap    Slew   Delay    Time   Description
-----------------------------------------------------------------------------
                  0.00    0.00    0.00   clock core_clock (rise edge)
                          0.00    0.00   clock network delay (ideal)
                  0.00    0.00    0.00 ^ _1307_/CLK (sky130_fd_sc_hd__dfrtp_4)
     4    0.09    0.17    0.57    0.57 v _1307_/Q (sky130_fd_sc_hd__dfrtp_4)
                                         imem_inst.address[8] (net)
                  0.18    0.03    0.60 v _0967_/B (sky130_fd_sc_hd__or4_4)
     3    0.06    0.16    0.68    1.28 v _0967_/X (sky130_fd_sc_hd__or4_4)
                                         _0178_ (net)
                  0.16    0.01    1.28 v _0969_/C (sky130_fd_sc_hd__or4_4)
     7    0.12    0.24    0.72    2.00 v _0969_/X (sky130_fd_sc_hd__or4_4)
                                         _0180_ (net)
                  0.24    0.01    2.01 v _1133_/A (sky130_fd_sc_hd__or4_4)
     5    0.11    0.23    0.78    2.79 v _1133_/X (sky130_fd_sc_hd__or4_4)
                                         _0344_ (net)
                  0.23    0.02    2.82 v _0854_/A (sky130_fd_sc_hd__buf_12)
    10    0.13    0.08    0.25    3.06 v _0854_/X (sky130_fd_sc_hd__buf_12)
                                         _0618_ (net)
                  0.09    0.02    3.09 v _0868_/B (sky130_fd_sc_hd__and2_1)
     1    0.01    0.05    0.19    3.27 v _0868_/X (sky130_fd_sc_hd__and2_1)
                                         _0625_ (net)
                  0.05    0.00    3.27 v _0869_/A (sky130_fd_sc_hd__clkbuf_4)
     1    0.04    0.09    0.19    3.46 v _0869_/X (sky130_fd_sc_hd__clkbuf_4)
                                         _0119_ (net)
                  0.09    0.01    3.47 v _1370_/D (sky130_fd_sc_hd__dfxtp_4)
                                  3.47   data arrival time

                  0.00   15.00   15.00   clock core_clock (rise edge)
                          0.00   15.00   clock network delay (ideal)
                          0.00   15.00   clock reconvergence pessimism
                                 15.00 ^ _1370_/CLK (sky130_fd_sc_hd__dfxtp_4)
                         -0.14   14.86   library setup time
                                 14.86   data required time
-----------------------------------------------------------------------------
                                 14.86   data required time
                                 -3.47   data arrival time
-----------------------------------------------------------------------------
                                 11.39   slack (MET)


Startpoint: _1307_ (rising edge-triggered flip-flop clocked by core_clock)
Endpoint: _1366_ (rising edge-triggered flip-flop clocked by core_clock)
Path Group: core_clock
Path Type: max

Fanout     Cap    Slew   Delay    Time   Description
-----------------------------------------------------------------------------
                  0.00    0.00    0.00   clock core_clock (rise edge)
                          0.00    0.00   clock network delay (ideal)
                  0.00    0.00    0.00 ^ _1307_/CLK (sky130_fd_sc_hd__dfrtp_4)
     4    0.09    0.17    0.57    0.57 v _1307_/Q (sky130_fd_sc_hd__dfrtp_4)
                                         imem_inst.address[8] (net)
                  0.18    0.03    0.60 v _0967_/B (sky130_fd_sc_hd__or4_4)
     3    0.06    0.16    0.68    1.28 v _0967_/X (sky130_fd_sc_hd__or4_4)
                                         _0178_ (net)
                  0.16    0.01    1.28 v _0969_/C (sky130_fd_sc_hd__or4_4)
     7    0.12    0.24    0.72    2.00 v _0969_/X (sky130_fd_sc_hd__or4_4)
                                         _0180_ (net)
                  0.24    0.00    2.01 v _0976_/A (sky130_fd_sc_hd__or3_4)
     1    0.04    0.12    0.53    2.54 v _0976_/X (sky130_fd_sc_hd__or3_4)
                                         _0187_ (net)
                  0.12    0.01    2.55 v _0977_/A (sky130_fd_sc_hd__buf_12)
     8    0.16    0.09    0.21    2.75 v _0977_/X (sky130_fd_sc_hd__buf_12)
                                         _0188_ (net)
                  0.10    0.01    2.77 v _1135_/A (sky130_fd_sc_hd__nor2_8)
     5    0.08    0.32    0.30    3.07 ^ _1135_/Y (sky130_fd_sc_hd__nor2_8)
                                         _0346_ (net)
                  0.32    0.01    3.08 ^ _0860_/B (sky130_fd_sc_hd__or2_2)
     1    0.02    0.12    0.24    3.32 ^ _0860_/X (sky130_fd_sc_hd__or2_2)
                                         _0621_ (net)
                  0.12    0.00    3.33 ^ _0861_/A (sky130_fd_sc_hd__clkbuf_2)
     1    0.02    0.13    0.19    3.52 ^ _0861_/X (sky130_fd_sc_hd__clkbuf_2)
                                         _0115_ (net)
                  0.13    0.00    3.52 ^ _1366_/D (sky130_fd_sc_hd__dfxtp_4)
                                  3.52   data arrival time

                  0.00   15.00   15.00   clock core_clock (rise edge)
                          0.00   15.00   clock network delay (ideal)
                          0.00   15.00   clock reconvergence pessimism
                                 15.00 ^ _1366_/CLK (sky130_fd_sc_hd__dfxtp_4)
                         -0.09   14.91   library setup time
                                 14.91   data required time
-----------------------------------------------------------------------------
                                 14.91   data required time
                                 -3.52   data arrival time
-----------------------------------------------------------------------------
                                 11.39   slack (MET)


Startpoint: _1302_ (rising edge-triggered flip-flop clocked by core_clock)
Endpoint: _1310_ (rising edge-triggered flip-flop clocked by core_clock)
Path Group: core_clock
Path Type: max

Fanout     Cap    Slew   Delay    Time   Description
-----------------------------------------------------------------------------
                  0.00    0.00    0.00   clock core_clock (rise edge)
                          0.00    0.00   clock network delay (ideal)
                  0.00    0.00    0.00 ^ _1302_/CLK (sky130_fd_sc_hd__dfrtp_4)
     5    0.12    0.35    0.62    0.62 ^ _1302_/Q (sky130_fd_sc_hd__dfrtp_4)
                                         imem_inst.address[3] (net)
                  0.35    0.01    0.63 ^ _0890_/A (sky130_fd_sc_hd__buf_12)
     9    0.16    0.19    0.26    0.89 ^ _0890_/X (sky130_fd_sc_hd__buf_12)
                                         _0131_ (net)
                  0.20    0.02    0.91 ^ _0891_/B (sky130_fd_sc_hd__and3_4)
     3    0.05    0.17    0.32    1.23 ^ _0891_/X (sky130_fd_sc_hd__and3_4)
                                         _0132_ (net)
                  0.17    0.00    1.23 ^ _0892_/B (sky130_fd_sc_hd__and2_4)
     4    0.10    0.28    0.34    1.57 ^ _0892_/X (sky130_fd_sc_hd__and2_4)
                                         _0133_ (net)
                  0.28    0.03    1.60 ^ _0893_/C (sky130_fd_sc_hd__and3_4)
     3    0.08    0.26    0.39    1.99 ^ _0893_/X (sky130_fd_sc_hd__and3_4)
                                         _0134_ (net)
                  0.26    0.01    2.00 ^ _0894_/B (sky130_fd_sc_hd__and2_4)
     4    0.10    0.30    0.38    2.38 ^ _0894_/X (sky130_fd_sc_hd__and2_4)
                                         _0135_ (net)
                  0.30    0.01    2.40 ^ _0895_/C (sky130_fd_sc_hd__and3_4)
     3    0.10    0.30    0.43    2.83 ^ _0895_/X (sky130_fd_sc_hd__and3_4)
                                         _0136_ (net)
                  0.30    0.02    2.85 ^ _0896_/B (sky130_fd_sc_hd__and2_4)
     4    0.08    0.22    0.34    3.19 ^ _0896_/X (sky130_fd_sc_hd__and2_4)
                                         _0137_ (net)
                  0.22    0.00    3.19 ^ _0943_/B (sky130_fd_sc_hd__xor2_4)
     1    0.03    0.26    0.28    3.47 ^ _0943_/X (sky130_fd_sc_hd__xor2_4)
                                         _0059_ (net)
                  0.26    0.01    3.48 ^ _1310_/D (sky130_fd_sc_hd__dfrtp_4)
                                  3.48   data arrival time

                  0.00   15.00   15.00   clock core_clock (rise edge)
                          0.00   15.00   clock network delay (ideal)
                          0.00   15.00   clock reconvergence pessimism
                                 15.00 ^ _1310_/CLK (sky130_fd_sc_hd__dfrtp_4)
                         -0.12   14.88   library setup time
                                 14.88   data required time
-----------------------------------------------------------------------------
                                 14.88   data required time
                                 -3.48   data arrival time
-----------------------------------------------------------------------------
                                 11.40   slack (MET)


Startpoint: _1307_ (rising edge-triggered flip-flop clocked by core_clock)
Endpoint: _1375_ (rising edge-triggered flip-flop clocked by core_clock)
Path Group: core_clock
Path Type: max

Fanout     Cap    Slew   Delay    Time   Description
-----------------------------------------------------------------------------
                  0.00    0.00    0.00   clock core_clock (rise edge)
                          0.00    0.00   clock network delay (ideal)
                  0.00    0.00    0.00 ^ _1307_/CLK (sky130_fd_sc_hd__dfrtp_4)
     4    0.09    0.17    0.57    0.57 v _1307_/Q (sky130_fd_sc_hd__dfrtp_4)
                                         imem_inst.address[8] (net)
                  0.18    0.03    0.60 v _0967_/B (sky130_fd_sc_hd__or4_4)
     3    0.06    0.16    0.68    1.28 v _0967_/X (sky130_fd_sc_hd__or4_4)
                                         _0178_ (net)
                  0.16    0.01    1.28 v _0969_/C (sky130_fd_sc_hd__or4_4)
     7    0.12    0.24    0.72    2.00 v _0969_/X (sky130_fd_sc_hd__or4_4)
                                         _0180_ (net)
                  0.24    0.01    2.01 v _1133_/A (sky130_fd_sc_hd__or4_4)
     5    0.11    0.23    0.78    2.79 v _1133_/X (sky130_fd_sc_hd__or4_4)
                                         _0344_ (net)
                  0.23    0.02    2.82 v _0854_/A (sky130_fd_sc_hd__buf_12)
    10    0.13    0.08    0.25    3.06 v _0854_/X (sky130_fd_sc_hd__buf_12)
                                         _0618_ (net)
                  0.10    0.03    3.09 v _0878_/B (sky130_fd_sc_hd__and2_4)
     1    0.06    0.09    0.24    3.33 v _0878_/X (sky130_fd_sc_hd__and2_4)
                                         _0630_ (net)
                  0.10    0.02    3.35 v _0879_/A (sky130_fd_sc_hd__clkbuf_1)
     1    0.00    0.04    0.12    3.47 v _0879_/X (sky130_fd_sc_hd__clkbuf_1)
                                         _0124_ (net)
                  0.04    0.00    3.47 v _1375_/D (sky130_fd_sc_hd__dfxtp_4)
                                  3.47   data arrival time

                  0.00   15.00   15.00   clock core_clock (rise edge)
                          0.00   15.00   clock network delay (ideal)
                          0.00   15.00   clock reconvergence pessimism
                                 15.00 ^ _1375_/CLK (sky130_fd_sc_hd__dfxtp_4)
                         -0.12   14.88   library setup time
                                 14.88   data required time
-----------------------------------------------------------------------------
                                 14.88   data required time
                                 -3.47   data arrival time
-----------------------------------------------------------------------------
                                 11.41   slack (MET)


Startpoint: _1282_ (rising edge-triggered flip-flop clocked by core_clock)
Endpoint: _1294_ (rising edge-triggered flip-flop clocked by core_clock)
Path Group: core_clock
Path Type: max

Fanout     Cap    Slew   Delay    Time   Description
-----------------------------------------------------------------------------
                  0.00    0.00    0.00   clock core_clock (rise edge)
                          0.00    0.00   clock network delay (ideal)
                  0.00    0.00    0.00 ^ _1282_/CLK (sky130_fd_sc_hd__dfxtp_4)
     4    0.08    0.23    0.47    0.47 ^ _1282_/Q (sky130_fd_sc_hd__dfxtp_4)
                                         display_inst.counter[1] (net)
                  0.23    0.01    0.47 ^ _0699_/B (sky130_fd_sc_hd__and3_4)
     4    0.09    0.28    0.40    0.87 ^ _0699_/X (sky130_fd_sc_hd__and3_4)
                                         _0543_ (net)
                  0.29    0.02    0.89 ^ _0702_/B (sky130_fd_sc_hd__and2_4)
     3    0.07    0.20    0.32    1.21 ^ _0702_/X (sky130_fd_sc_hd__and2_4)
                                         _0545_ (net)
                  0.20    0.01    1.22 ^ _0706_/C (sky130_fd_sc_hd__and3_4)
     3    0.06    0.18    0.33    1.55 ^ _0706_/X (sky130_fd_sc_hd__and3_4)
                                         _0547_ (net)
                  0.18    0.00    1.55 ^ _0710_/B (sky130_fd_sc_hd__and2_4)
     5    0.11    0.33    0.38    1.93 ^ _0710_/X (sky130_fd_sc_hd__and2_4)
                                         _0550_ (net)
                  0.33    0.02    1.95 ^ _0715_/C (sky130_fd_sc_hd__and3_4)
     4    0.08    0.24    0.39    2.34 ^ _0715_/X (sky130_fd_sc_hd__and3_4)
                                         _0553_ (net)
                  0.24    0.01    2.35 ^ _0718_/B (sky130_fd_sc_hd__and2_4)
     4    0.08    0.24    0.34    2.69 ^ _0718_/X (sky130_fd_sc_hd__and2_4)
                                         _0555_ (net)
                  0.24    0.00    2.69 ^ _0725_/C (sky130_fd_sc_hd__and3_4)
     4    0.08    0.24    0.38    3.07 ^ _0725_/X (sky130_fd_sc_hd__and3_4)
                                         _0560_ (net)
                  0.24    0.00    3.07 ^ _0728_/A2 (sky130_fd_sc_hd__a21oi_4)
     1    0.02    0.10    0.12    3.19 v _0728_/Y (sky130_fd_sc_hd__a21oi_4)
                                         _0561_ (net)
                  0.10    0.00    3.20 v _0730_/A (sky130_fd_sc_hd__nor2_2)
     1    0.02    0.23    0.24    3.44 ^ _0730_/Y (sky130_fd_sc_hd__nor2_2)
                                         _0043_ (net)
                  0.23    0.00    3.44 ^ _1294_/D (sky130_fd_sc_hd__dfxtp_4)
                                  3.44   data arrival time

                  0.00   15.00   15.00   clock core_clock (rise edge)
                          0.00   15.00   clock network delay (ideal)
                          0.00   15.00   clock reconvergence pessimism
                                 15.00 ^ _1294_/CLK (sky130_fd_sc_hd__dfxtp_4)
                         -0.11   14.89   library setup time
                                 14.89   data required time
-----------------------------------------------------------------------------
                                 14.89   data required time
                                 -3.44   data arrival time
-----------------------------------------------------------------------------
                                 11.45   slack (MET)


Startpoint: _1282_ (rising edge-triggered flip-flop clocked by core_clock)
Endpoint: _1293_ (rising edge-triggered flip-flop clocked by core_clock)
Path Group: core_clock
Path Type: max

Fanout     Cap    Slew   Delay    Time   Description
-----------------------------------------------------------------------------
                  0.00    0.00    0.00   clock core_clock (rise edge)
                          0.00    0.00   clock network delay (ideal)
                  0.00    0.00    0.00 ^ _1282_/CLK (sky130_fd_sc_hd__dfxtp_4)
     4    0.08    0.23    0.47    0.47 ^ _1282_/Q (sky130_fd_sc_hd__dfxtp_4)
                                         display_inst.counter[1] (net)
                  0.23    0.01    0.47 ^ _0699_/B (sky130_fd_sc_hd__and3_4)
     4    0.09    0.28    0.40    0.87 ^ _0699_/X (sky130_fd_sc_hd__and3_4)
                                         _0543_ (net)
                  0.29    0.02    0.89 ^ _0702_/B (sky130_fd_sc_hd__and2_4)
     3    0.07    0.20    0.32    1.21 ^ _0702_/X (sky130_fd_sc_hd__and2_4)
                                         _0545_ (net)
                  0.20    0.01    1.22 ^ _0706_/C (sky130_fd_sc_hd__and3_4)
     3    0.06    0.18    0.33    1.55 ^ _0706_/X (sky130_fd_sc_hd__and3_4)
                                         _0547_ (net)
                  0.18    0.00    1.55 ^ _0710_/B (sky130_fd_sc_hd__and2_4)
     5    0.11    0.33    0.38    1.93 ^ _0710_/X (sky130_fd_sc_hd__and2_4)
                                         _0550_ (net)
                  0.33    0.02    1.95 ^ _0715_/C (sky130_fd_sc_hd__and3_4)
     4    0.08    0.24    0.39    2.34 ^ _0715_/X (sky130_fd_sc_hd__and3_4)
                                         _0553_ (net)
                  0.24    0.01    2.35 ^ _0718_/B (sky130_fd_sc_hd__and2_4)
     4    0.08    0.24    0.34    2.69 ^ _0718_/X (sky130_fd_sc_hd__and2_4)
                                         _0555_ (net)
                  0.24    0.00    2.69 ^ _0725_/C (sky130_fd_sc_hd__and3_4)
     4    0.08    0.24    0.38    3.07 ^ _0725_/X (sky130_fd_sc_hd__and3_4)
                                         _0560_ (net)
                  0.24    0.01    3.08 ^ _0727_/B (sky130_fd_sc_hd__xor2_4)
     1    0.03    0.23    0.26    3.34 ^ _0727_/X (sky130_fd_sc_hd__xor2_4)
                                         _0042_ (net)
                  0.23    0.00    3.34 ^ _1293_/D (sky130_fd_sc_hd__dfxtp_4)
                                  3.34   data arrival time

                  0.00   15.00   15.00   clock core_clock (rise edge)
                          0.00   15.00   clock network delay (ideal)
                          0.00   15.00   clock reconvergence pessimism
                                 15.00 ^ _1293_/CLK (sky130_fd_sc_hd__dfxtp_4)
                         -0.11   14.89   library setup time
                                 14.89   data required time
-----------------------------------------------------------------------------
                                 14.89   data required time
                                 -3.34   data arrival time
-----------------------------------------------------------------------------
                                 11.55   slack (MET)


Startpoint: _1302_ (rising edge-triggered flip-flop clocked by core_clock)
Endpoint: _1309_ (rising edge-triggered flip-flop clocked by core_clock)
Path Group: core_clock
Path Type: max

Fanout     Cap    Slew   Delay    Time   Description
-----------------------------------------------------------------------------
                  0.00    0.00    0.00   clock core_clock (rise edge)
                          0.00    0.00   clock network delay (ideal)
                  0.00    0.00    0.00 ^ _1302_/CLK (sky130_fd_sc_hd__dfrtp_4)
     5    0.12    0.35    0.62    0.62 ^ _1302_/Q (sky130_fd_sc_hd__dfrtp_4)
                                         imem_inst.address[3] (net)
                  0.35    0.01    0.63 ^ _0890_/A (sky130_fd_sc_hd__buf_12)
     9    0.16    0.19    0.26    0.89 ^ _0890_/X (sky130_fd_sc_hd__buf_12)
                                         _0131_ (net)
                  0.20    0.02    0.91 ^ _0891_/B (sky130_fd_sc_hd__and3_4)
     3    0.05    0.17    0.32    1.23 ^ _0891_/X (sky130_fd_sc_hd__and3_4)
                                         _0132_ (net)
                  0.17    0.00    1.23 ^ _0892_/B (sky130_fd_sc_hd__and2_4)
     4    0.10    0.28    0.34    1.57 ^ _0892_/X (sky130_fd_sc_hd__and2_4)
                                         _0133_ (net)
                  0.28    0.03    1.60 ^ _0893_/C (sky130_fd_sc_hd__and3_4)
     3    0.08    0.26    0.39    1.99 ^ _0893_/X (sky130_fd_sc_hd__and3_4)
                                         _0134_ (net)
                  0.26    0.01    2.00 ^ _0894_/B (sky130_fd_sc_hd__and2_4)
     4    0.10    0.30    0.38    2.38 ^ _0894_/X (sky130_fd_sc_hd__and2_4)
                                         _0135_ (net)
                  0.30    0.01    2.40 ^ _0895_/C (sky130_fd_sc_hd__and3_4)
     3    0.10    0.30    0.43    2.83 ^ _0895_/X (sky130_fd_sc_hd__and3_4)
                                         _0136_ (net)
                  0.30    0.02    2.85 ^ _0896_/B (sky130_fd_sc_hd__and2_4)
     4    0.08    0.22    0.34    3.19 ^ _0896_/X (sky130_fd_sc_hd__and2_4)
                                         _0137_ (net)
                  0.22    0.00    3.20 ^ _0945_/A (sky130_fd_sc_hd__nor2_4)
     1    0.03    0.08    0.11    3.30 v _0945_/Y (sky130_fd_sc_hd__nor2_4)
                                         _0058_ (net)
                  0.08    0.01    3.31 v _1309_/D (sky130_fd_sc_hd__dfrtp_4)
                                  3.31   data arrival time

                  0.00   15.00   15.00   clock core_clock (rise edge)
                          0.00   15.00   clock network delay (ideal)
                          0.00   15.00   clock reconvergence pessimism
                                 15.00 ^ _1309_/CLK (sky130_fd_sc_hd__dfrtp_4)
                         -0.14   14.86   library setup time
                                 14.86   data required time
-----------------------------------------------------------------------------
                                 14.86   data required time
                                 -3.31   data arrival time
-----------------------------------------------------------------------------
                                 11.55   slack (MET)


Startpoint: _1307_ (rising edge-triggered flip-flop clocked by core_clock)
Endpoint: _1378_ (rising edge-triggered flip-flop clocked by core_clock)
Path Group: core_clock
Path Type: max

Fanout     Cap    Slew   Delay    Time   Description
-----------------------------------------------------------------------------
                  0.00    0.00    0.00   clock core_clock (rise edge)
                          0.00    0.00   clock network delay (ideal)
                  0.00    0.00    0.00 ^ _1307_/CLK (sky130_fd_sc_hd__dfrtp_4)
     4    0.09    0.17    0.57    0.57 v _1307_/Q (sky130_fd_sc_hd__dfrtp_4)
                                         imem_inst.address[8] (net)
                  0.18    0.03    0.60 v _0967_/B (sky130_fd_sc_hd__or4_4)
     3    0.06    0.16    0.68    1.28 v _0967_/X (sky130_fd_sc_hd__or4_4)
                                         _0178_ (net)
                  0.16    0.01    1.28 v _0969_/C (sky130_fd_sc_hd__or4_4)
     7    0.12    0.24    0.72    2.00 v _0969_/X (sky130_fd_sc_hd__or4_4)
                                         _0180_ (net)
                  0.24    0.01    2.01 v _1133_/A (sky130_fd_sc_hd__or4_4)
     5    0.11    0.23    0.78    2.79 v _1133_/X (sky130_fd_sc_hd__or4_4)
                                         _0344_ (net)
                  0.23    0.02    2.81 v _0884_/B (sky130_fd_sc_hd__and2_2)
     1    0.03    0.10    0.34    3.16 v _0884_/X (sky130_fd_sc_hd__and2_2)
                                         _0633_ (net)
                  0.10    0.01    3.16 v _0885_/A (sky130_fd_sc_hd__buf_1)
     1    0.01    0.07    0.15    3.31 v _0885_/X (sky130_fd_sc_hd__buf_1)
                                         _0127_ (net)
                  0.07    0.00    3.31 v _1378_/D (sky130_fd_sc_hd__dfxtp_4)
                                  3.31   data arrival time

                  0.00   15.00   15.00   clock core_clock (rise edge)
                          0.00   15.00   clock network delay (ideal)
                          0.00   15.00   clock reconvergence pessimism
                                 15.00 ^ _1378_/CLK (sky130_fd_sc_hd__dfxtp_4)
                         -0.13   14.87   library setup time
                                 14.87   data required time
-----------------------------------------------------------------------------
                                 14.87   data required time
                                 -3.31   data arrival time
-----------------------------------------------------------------------------
                                 11.55   slack (MET)


Startpoint: _1307_ (rising edge-triggered flip-flop clocked by core_clock)
Endpoint: _1376_ (rising edge-triggered flip-flop clocked by core_clock)
Path Group: core_clock
Path Type: max

Fanout     Cap    Slew   Delay    Time   Description
-----------------------------------------------------------------------------
                  0.00    0.00    0.00   clock core_clock (rise edge)
                          0.00    0.00   clock network delay (ideal)
                  0.00    0.00    0.00 ^ _1307_/CLK (sky130_fd_sc_hd__dfrtp_4)
     4    0.09    0.17    0.57    0.57 v _1307_/Q (sky130_fd_sc_hd__dfrtp_4)
                                         imem_inst.address[8] (net)
                  0.18    0.03    0.60 v _0967_/B (sky130_fd_sc_hd__or4_4)
     3    0.06    0.16    0.68    1.28 v _0967_/X (sky130_fd_sc_hd__or4_4)
                                         _0178_ (net)
                  0.16    0.01    1.28 v _0969_/C (sky130_fd_sc_hd__or4_4)
     7    0.12    0.24    0.72    2.00 v _0969_/X (sky130_fd_sc_hd__or4_4)
                                         _0180_ (net)
                  0.24    0.01    2.01 v _1133_/A (sky130_fd_sc_hd__or4_4)
     5    0.11    0.23    0.78    2.79 v _1133_/X (sky130_fd_sc_hd__or4_4)
                                         _0344_ (net)
                  0.23    0.02    2.81 v _0880_/B (sky130_fd_sc_hd__and2_1)
     1    0.01    0.08    0.28    3.09 v _0880_/X (sky130_fd_sc_hd__and2_1)
                                         _0631_ (net)
                  0.08    0.00    3.09 v _0881_/A (sky130_fd_sc_hd__buf_2)
     1    0.03    0.07    0.18    3.27 v _0881_/X (sky130_fd_sc_hd__buf_2)
                                         _0125_ (net)
                  0.07    0.00    3.28 v _1376_/D (sky130_fd_sc_hd__dfxtp_4)
                                  3.28   data arrival time

                  0.00   15.00   15.00   clock core_clock (rise edge)
                          0.00   15.00   clock network delay (ideal)
                          0.00   15.00   clock reconvergence pessimism
                                 15.00 ^ _1376_/CLK (sky130_fd_sc_hd__dfxtp_4)
                         -0.13   14.87   library setup time
                                 14.87   data required time
-----------------------------------------------------------------------------
                                 14.87   data required time
                                 -3.28   data arrival time
-----------------------------------------------------------------------------
                                 11.59   slack (MET)


Startpoint: _1307_ (rising edge-triggered flip-flop clocked by core_clock)
Endpoint: _1377_ (rising edge-triggered flip-flop clocked by core_clock)
Path Group: core_clock
Path Type: max

Fanout     Cap    Slew   Delay    Time   Description
-----------------------------------------------------------------------------
                  0.00    0.00    0.00   clock core_clock (rise edge)
                          0.00    0.00   clock network delay (ideal)
                  0.00    0.00    0.00 ^ _1307_/CLK (sky130_fd_sc_hd__dfrtp_4)
     4    0.09    0.17    0.57    0.57 v _1307_/Q (sky130_fd_sc_hd__dfrtp_4)
                                         imem_inst.address[8] (net)
                  0.18    0.03    0.60 v _0967_/B (sky130_fd_sc_hd__or4_4)
     3    0.06    0.16    0.68    1.28 v _0967_/X (sky130_fd_sc_hd__or4_4)
                                         _0178_ (net)
                  0.16    0.01    1.28 v _0969_/C (sky130_fd_sc_hd__or4_4)
     7    0.12    0.24    0.72    2.00 v _0969_/X (sky130_fd_sc_hd__or4_4)
                                         _0180_ (net)
                  0.24    0.01    2.01 v _1133_/A (sky130_fd_sc_hd__or4_4)
     5    0.11    0.23    0.78    2.79 v _1133_/X (sky130_fd_sc_hd__or4_4)
                                         _0344_ (net)
                  0.23    0.02    2.81 v _0882_/B (sky130_fd_sc_hd__and2_1)
     1    0.01    0.06    0.26    3.07 v _0882_/X (sky130_fd_sc_hd__and2_1)
                                         _0632_ (net)
                  0.06    0.00    3.07 v _0883_/A (sky130_fd_sc_hd__buf_2)
     1    0.03    0.07    0.17    3.24 v _0883_/X (sky130_fd_sc_hd__buf_2)
                                         _0126_ (net)
                  0.07    0.00    3.24 v _1377_/D (sky130_fd_sc_hd__dfxtp_4)
                                  3.24   data arrival time

                  0.00   15.00   15.00   clock core_clock (rise edge)
                          0.00   15.00   clock network delay (ideal)
                          0.00   15.00   clock reconvergence pessimism
                                 15.00 ^ _1377_/CLK (sky130_fd_sc_hd__dfxtp_4)
                         -0.13   14.87   library setup time
                                 14.87   data required time
-----------------------------------------------------------------------------
                                 14.87   data required time
                                 -3.24   data arrival time
-----------------------------------------------------------------------------
                                 11.62   slack (MET)


Startpoint: _1282_ (rising edge-triggered flip-flop clocked by core_clock)
Endpoint: _1292_ (rising edge-triggered flip-flop clocked by core_clock)
Path Group: core_clock
Path Type: max

Fanout     Cap    Slew   Delay    Time   Description
-----------------------------------------------------------------------------
                  0.00    0.00    0.00   clock core_clock (rise edge)
                          0.00    0.00   clock network delay (ideal)
                  0.00    0.00    0.00 ^ _1282_/CLK (sky130_fd_sc_hd__dfxtp_4)
     4    0.08    0.23    0.47    0.47 ^ _1282_/Q (sky130_fd_sc_hd__dfxtp_4)
                                         display_inst.counter[1] (net)
                  0.23    0.01    0.47 ^ _0699_/B (sky130_fd_sc_hd__and3_4)
     4    0.09    0.28    0.40    0.87 ^ _0699_/X (sky130_fd_sc_hd__and3_4)
                                         _0543_ (net)
                  0.29    0.02    0.89 ^ _0702_/B (sky130_fd_sc_hd__and2_4)
     3    0.07    0.20    0.32    1.21 ^ _0702_/X (sky130_fd_sc_hd__and2_4)
                                         _0545_ (net)
                  0.20    0.01    1.22 ^ _0706_/C (sky130_fd_sc_hd__and3_4)
     3    0.06    0.18    0.33    1.55 ^ _0706_/X (sky130_fd_sc_hd__and3_4)
                                         _0547_ (net)
                  0.18    0.00    1.55 ^ _0710_/B (sky130_fd_sc_hd__and2_4)
     5    0.11    0.33    0.38    1.93 ^ _0710_/X (sky130_fd_sc_hd__and2_4)
                                         _0550_ (net)
                  0.33    0.02    1.95 ^ _0715_/C (sky130_fd_sc_hd__and3_4)
     4    0.08    0.24    0.39    2.34 ^ _0715_/X (sky130_fd_sc_hd__and3_4)
                                         _0553_ (net)
                  0.24    0.01    2.35 ^ _0718_/B (sky130_fd_sc_hd__and2_4)
     4    0.08    0.24    0.34    2.69 ^ _0718_/X (sky130_fd_sc_hd__and2_4)
                                         _0555_ (net)
                  0.24    0.00    2.69 ^ _0725_/C (sky130_fd_sc_hd__and3_4)
     4    0.08    0.24    0.38    3.07 ^ _0725_/X (sky130_fd_sc_hd__and3_4)
                                         _0560_ (net)
                  0.24    0.01    3.08 ^ _0726_/B (sky130_fd_sc_hd__nor2_1)
     1    0.00    0.06    0.07    3.15 v _0726_/Y (sky130_fd_sc_hd__nor2_1)
                                         _0041_ (net)
                  0.06    0.00    3.15 v _1292_/D (sky130_fd_sc_hd__dfxtp_4)
                                  3.15   data arrival time

                  0.00   15.00   15.00   clock core_clock (rise edge)
                          0.00   15.00   clock network delay (ideal)
                          0.00   15.00   clock reconvergence pessimism
                                 15.00 ^ _1292_/CLK (sky130_fd_sc_hd__dfxtp_4)
                         -0.13   14.87   library setup time
                                 14.87   data required time
-----------------------------------------------------------------------------
                                 14.87   data required time
                                 -3.15   data arrival time
-----------------------------------------------------------------------------
                                 11.72   slack (MET)


Startpoint: _1307_ (rising edge-triggered flip-flop clocked by core_clock)
Endpoint: _1363_ (rising edge-triggered flip-flop clocked by core_clock)
Path Group: core_clock
Path Type: max

Fanout     Cap    Slew   Delay    Time   Description
-----------------------------------------------------------------------------
                  0.00    0.00    0.00   clock core_clock (rise edge)
                          0.00    0.00   clock network delay (ideal)
                  0.00    0.00    0.00 ^ _1307_/CLK (sky130_fd_sc_hd__dfrtp_4)
     4    0.09    0.17    0.57    0.57 v _1307_/Q (sky130_fd_sc_hd__dfrtp_4)
                                         imem_inst.address[8] (net)
                  0.18    0.03    0.60 v _0967_/B (sky130_fd_sc_hd__or4_4)
     3    0.06    0.16    0.68    1.28 v _0967_/X (sky130_fd_sc_hd__or4_4)
                                         _0178_ (net)
                  0.16    0.01    1.28 v _0969_/C (sky130_fd_sc_hd__or4_4)
     7    0.12    0.24    0.72    2.00 v _0969_/X (sky130_fd_sc_hd__or4_4)
                                         _0180_ (net)
                  0.24    0.01    2.01 v _1133_/A (sky130_fd_sc_hd__or4_4)
     5    0.11    0.23    0.78    2.79 v _1133_/X (sky130_fd_sc_hd__or4_4)
                                         _0344_ (net)
                  0.23    0.02    2.82 v _0854_/A (sky130_fd_sc_hd__buf_12)
    10    0.13    0.08    0.25    3.06 v _0854_/X (sky130_fd_sc_hd__buf_12)
                                         _0618_ (net)
                  0.10    0.03    3.09 v _0855_/B (sky130_fd_sc_hd__nand2_1)
     1    0.01    0.07    0.10    3.19 ^ _0855_/Y (sky130_fd_sc_hd__nand2_1)
                                         _0112_ (net)
                  0.07    0.00    3.19 ^ _1363_/D (sky130_fd_sc_hd__dfxtp_4)
                                  3.19   data arrival time

                  0.00   15.00   15.00   clock core_clock (rise edge)
                          0.00   15.00   clock network delay (ideal)
                          0.00   15.00   clock reconvergence pessimism
                                 15.00 ^ _1363_/CLK (sky130_fd_sc_hd__dfxtp_4)
                         -0.07   14.93   library setup time
                                 14.93   data required time
-----------------------------------------------------------------------------
                                 14.93   data required time
                                 -3.19   data arrival time
-----------------------------------------------------------------------------
                                 11.73   slack (MET)


Startpoint: _1282_ (rising edge-triggered flip-flop clocked by core_clock)
Endpoint: _1291_ (rising edge-triggered flip-flop clocked by core_clock)
Path Group: core_clock
Path Type: max

Fanout     Cap    Slew   Delay    Time   Description
-----------------------------------------------------------------------------
                  0.00    0.00    0.00   clock core_clock (rise edge)
                          0.00    0.00   clock network delay (ideal)
                  0.00    0.00    0.00 ^ _1282_/CLK (sky130_fd_sc_hd__dfxtp_4)
     4    0.08    0.23    0.47    0.47 ^ _1282_/Q (sky130_fd_sc_hd__dfxtp_4)
                                         display_inst.counter[1] (net)
                  0.23    0.01    0.47 ^ _0699_/B (sky130_fd_sc_hd__and3_4)
     4    0.09    0.28    0.40    0.87 ^ _0699_/X (sky130_fd_sc_hd__and3_4)
                                         _0543_ (net)
                  0.29    0.02    0.89 ^ _0702_/B (sky130_fd_sc_hd__and2_4)
     3    0.07    0.20    0.32    1.21 ^ _0702_/X (sky130_fd_sc_hd__and2_4)
                                         _0545_ (net)
                  0.20    0.01    1.22 ^ _0706_/C (sky130_fd_sc_hd__and3_4)
     3    0.06    0.18    0.33    1.55 ^ _0706_/X (sky130_fd_sc_hd__and3_4)
                                         _0547_ (net)
                  0.18    0.00    1.55 ^ _0710_/B (sky130_fd_sc_hd__and2_4)
     5    0.11    0.33    0.38    1.93 ^ _0710_/X (sky130_fd_sc_hd__and2_4)
                                         _0550_ (net)
                  0.33    0.02    1.95 ^ _0715_/C (sky130_fd_sc_hd__and3_4)
     4    0.08    0.24    0.39    2.34 ^ _0715_/X (sky130_fd_sc_hd__and3_4)
                                         _0553_ (net)
                  0.24    0.01    2.35 ^ _0718_/B (sky130_fd_sc_hd__and2_4)
     4    0.08    0.24    0.34    2.69 ^ _0718_/X (sky130_fd_sc_hd__and2_4)
                                         _0555_ (net)
                  0.24    0.02    2.71 ^ _0721_/A2 (sky130_fd_sc_hd__a21boi_4)
     1    0.04    0.12    0.14    2.85 v _0721_/Y (sky130_fd_sc_hd__a21boi_4)
                                         _0557_ (net)
                  0.13    0.01    2.86 v _0722_/B1 (sky130_fd_sc_hd__o21a_2)
     1    0.03    0.10    0.21    3.07 v _0722_/X (sky130_fd_sc_hd__o21a_2)
                                         _0040_ (net)
                  0.10    0.01    3.07 v _1291_/D (sky130_fd_sc_hd__dfxtp_4)
                                  3.07   data arrival time

                  0.00   15.00   15.00   clock core_clock (rise edge)
                          0.00   15.00   clock network delay (ideal)
                          0.00   15.00   clock reconvergence pessimism
                                 15.00 ^ _1291_/CLK (sky130_fd_sc_hd__dfxtp_4)
                         -0.14   14.86   library setup time
                                 14.86   data required time
-----------------------------------------------------------------------------
                                 14.86   data required time
                                 -3.07   data arrival time
-----------------------------------------------------------------------------
                                 11.78   slack (MET)


Startpoint: _1302_ (rising edge-triggered flip-flop clocked by core_clock)
Endpoint: _1308_ (rising edge-triggered flip-flop clocked by core_clock)
Path Group: core_clock
Path Type: max

Fanout     Cap    Slew   Delay    Time   Description
-----------------------------------------------------------------------------
                  0.00    0.00    0.00   clock core_clock (rise edge)
                          0.00    0.00   clock network delay (ideal)
                  0.00    0.00    0.00 ^ _1302_/CLK (sky130_fd_sc_hd__dfrtp_4)
     5    0.12    0.35    0.62    0.62 ^ _1302_/Q (sky130_fd_sc_hd__dfrtp_4)
                                         imem_inst.address[3] (net)
                  0.35    0.01    0.63 ^ _0890_/A (sky130_fd_sc_hd__buf_12)
     9    0.16    0.19    0.26    0.89 ^ _0890_/X (sky130_fd_sc_hd__buf_12)
                                         _0131_ (net)
                  0.20    0.02    0.91 ^ _0891_/B (sky130_fd_sc_hd__and3_4)
     3    0.05    0.17    0.32    1.23 ^ _0891_/X (sky130_fd_sc_hd__and3_4)
                                         _0132_ (net)
                  0.17    0.00    1.23 ^ _0892_/B (sky130_fd_sc_hd__and2_4)
     4    0.10    0.28    0.34    1.57 ^ _0892_/X (sky130_fd_sc_hd__and2_4)
                                         _0133_ (net)
                  0.28    0.03    1.60 ^ _0893_/C (sky130_fd_sc_hd__and3_4)
     3    0.08    0.26    0.39    1.99 ^ _0893_/X (sky130_fd_sc_hd__and3_4)
                                         _0134_ (net)
                  0.26    0.01    2.00 ^ _0894_/B (sky130_fd_sc_hd__and2_4)
     4    0.10    0.30    0.38    2.38 ^ _0894_/X (sky130_fd_sc_hd__and2_4)
                                         _0135_ (net)
                  0.30    0.01    2.40 ^ _0895_/C (sky130_fd_sc_hd__and3_4)
     3    0.10    0.30    0.43    2.83 ^ _0895_/X (sky130_fd_sc_hd__and3_4)
                                         _0136_ (net)
                  0.30    0.01    2.84 ^ _0947_/A (sky130_fd_sc_hd__nor2_2)
     1    0.02    0.10    0.13    2.97 v _0947_/Y (sky130_fd_sc_hd__nor2_2)
                                         _0057_ (net)
                  0.10    0.00    2.98 v _1308_/D (sky130_fd_sc_hd__dfrtp_4)
                                  2.98   data arrival time

                  0.00   15.00   15.00   clock core_clock (rise edge)
                          0.00   15.00   clock network delay (ideal)
                          0.00   15.00   clock reconvergence pessimism
                                 15.00 ^ _1308_/CLK (sky130_fd_sc_hd__dfrtp_4)
                         -0.15   14.85   library setup time
                                 14.85   data required time
-----------------------------------------------------------------------------
                                 14.85   data required time
                                 -2.98   data arrival time
-----------------------------------------------------------------------------
                                 11.87   slack (MET)


Startpoint: _1281_ (rising edge-triggered flip-flop clocked by core_clock)
Endpoint: _1281_ (rising edge-triggered flip-flop clocked by core_clock)
Path Group: core_clock
Path Type: max

Fanout     Cap    Slew   Delay    Time   Description
-----------------------------------------------------------------------------
                  0.00    0.00    0.00   clock core_clock (rise edge)
                          0.00    0.00   clock network delay (ideal)
                  0.00    0.00    0.00 ^ _1281_/CLK (sky130_fd_sc_hd__dfxtp_4)
     5    0.08    0.11    0.40    0.40 v _1281_/Q (sky130_fd_sc_hd__dfxtp_4)
                                         display_inst.counter[0] (net)
                  0.11    0.01    0.41 v _0689_/A (sky130_fd_sc_hd__or4_4)
     1    0.03    0.12    0.62    1.02 v _0689_/X (sky130_fd_sc_hd__or4_4)
                                         _0535_ (net)
                  0.12    0.00    1.03 v _0690_/D (sky130_fd_sc_hd__or4_4)
     1    0.02    0.12    0.49    1.52 v _0690_/X (sky130_fd_sc_hd__or4_4)
                                         _0536_ (net)
                  0.12    0.00    1.52 v _0694_/A (sky130_fd_sc_hd__or4_2)
     1    0.01    0.14    0.75    2.27 v _0694_/X (sky130_fd_sc_hd__or4_2)
                                         _0540_ (net)
                  0.14    0.00    2.27 v _0695_/A (sky130_fd_sc_hd__buf_12)
    10    0.15    0.09    0.22    2.49 v _0695_/X (sky130_fd_sc_hd__buf_12)
                                         _0541_ (net)
                  0.09    0.01    2.50 v _0696_/B (sky130_fd_sc_hd__and2b_4)
     1    0.04    0.07    0.22    2.72 v _0696_/X (sky130_fd_sc_hd__and2b_4)
                                         _0542_ (net)
                  0.07    0.01    2.73 v _0697_/A (sky130_fd_sc_hd__dlymetal6s2s_1)
     1    0.02    0.09    0.19    2.92 v _0697_/X (sky130_fd_sc_hd__dlymetal6s2s_1)
                                         _0030_ (net)
                  0.09    0.00    2.92 v _1281_/D (sky130_fd_sc_hd__dfxtp_4)
                                  2.92   data arrival time

                  0.00   15.00   15.00   clock core_clock (rise edge)
                          0.00   15.00   clock network delay (ideal)
                          0.00   15.00   clock reconvergence pessimism
                                 15.00 ^ _1281_/CLK (sky130_fd_sc_hd__dfxtp_4)
                         -0.14   14.86   library setup time
                                 14.86   data required time
-----------------------------------------------------------------------------
                                 14.86   data required time
                                 -2.92   data arrival time
-----------------------------------------------------------------------------
                                 11.94   slack (MET)


Startpoint: _1281_ (rising edge-triggered flip-flop clocked by core_clock)
Endpoint: _1380_ (rising edge-triggered flip-flop clocked by core_clock)
Path Group: core_clock
Path Type: max

Fanout     Cap    Slew   Delay    Time   Description
-----------------------------------------------------------------------------
                  0.00    0.00    0.00   clock core_clock (rise edge)
                          0.00    0.00   clock network delay (ideal)
                  0.00    0.00    0.00 ^ _1281_/CLK (sky130_fd_sc_hd__dfxtp_4)
     5    0.08    0.11    0.40    0.40 v _1281_/Q (sky130_fd_sc_hd__dfxtp_4)
                                         display_inst.counter[0] (net)
                  0.11    0.01    0.41 v _0689_/A (sky130_fd_sc_hd__or4_4)
     1    0.03    0.12    0.62    1.02 v _0689_/X (sky130_fd_sc_hd__or4_4)
                                         _0535_ (net)
                  0.12    0.00    1.03 v _0690_/D (sky130_fd_sc_hd__or4_4)
     1    0.02    0.12    0.49    1.52 v _0690_/X (sky130_fd_sc_hd__or4_4)
                                         _0536_ (net)
                  0.12    0.00    1.52 v _0694_/A (sky130_fd_sc_hd__or4_2)
     1    0.01    0.14    0.75    2.27 v _0694_/X (sky130_fd_sc_hd__or4_2)
                                         _0540_ (net)
                  0.14    0.00    2.27 v _0695_/A (sky130_fd_sc_hd__buf_12)
    10    0.15    0.09    0.22    2.49 v _0695_/X (sky130_fd_sc_hd__buf_12)
                                         _0541_ (net)
                  0.10    0.02    2.51 v _0887_/A2 (sky130_fd_sc_hd__o21ai_4)
     1    0.02    0.22    0.22    2.74 ^ _0887_/Y (sky130_fd_sc_hd__o21ai_4)
                                         _0634_ (net)
                  0.22    0.00    2.74 ^ _0888_/B1 (sky130_fd_sc_hd__o21ai_4)
     1    0.04    0.11    0.15    2.88 v _0888_/Y (sky130_fd_sc_hd__o21ai_4)
                                         _0129_ (net)
                  0.11    0.01    2.89 v _1380_/D (sky130_fd_sc_hd__dfxtp_4)
                                  2.89   data arrival time

                  0.00   15.00   15.00   clock core_clock (rise edge)
                          0.00   15.00   clock network delay (ideal)
                          0.00   15.00   clock reconvergence pessimism
                                 15.00 ^ _1380_/CLK (sky130_fd_sc_hd__dfxtp_4)
                         -0.15   14.85   library setup time
                                 14.85   data required time
-----------------------------------------------------------------------------
                                 14.85   data required time
                                 -2.89   data arrival time
-----------------------------------------------------------------------------
                                 11.96   slack (MET)


Startpoint: _1281_ (rising edge-triggered flip-flop clocked by core_clock)
Endpoint: _1288_ (rising edge-triggered flip-flop clocked by core_clock)
Path Group: core_clock
Path Type: max

Fanout     Cap    Slew   Delay    Time   Description
-----------------------------------------------------------------------------
                  0.00    0.00    0.00   clock core_clock (rise edge)
                          0.00    0.00   clock network delay (ideal)
                  0.00    0.00    0.00 ^ _1281_/CLK (sky130_fd_sc_hd__dfxtp_4)
     5    0.08    0.11    0.40    0.40 v _1281_/Q (sky130_fd_sc_hd__dfxtp_4)
                                         display_inst.counter[0] (net)
                  0.11    0.01    0.41 v _0689_/A (sky130_fd_sc_hd__or4_4)
     1    0.03    0.12    0.62    1.02 v _0689_/X (sky130_fd_sc_hd__or4_4)
                                         _0535_ (net)
                  0.12    0.00    1.03 v _0690_/D (sky130_fd_sc_hd__or4_4)
     1    0.02    0.12    0.49    1.52 v _0690_/X (sky130_fd_sc_hd__or4_4)
                                         _0536_ (net)
                  0.12    0.00    1.52 v _0694_/A (sky130_fd_sc_hd__or4_2)
     1    0.01    0.14    0.75    2.27 v _0694_/X (sky130_fd_sc_hd__or4_2)
                                         _0540_ (net)
                  0.14    0.00    2.27 v _0695_/A (sky130_fd_sc_hd__buf_12)
    10    0.15    0.09    0.22    2.49 v _0695_/X (sky130_fd_sc_hd__buf_12)
                                         _0541_ (net)
                  0.09    0.01    2.50 v _0713_/B1 (sky130_fd_sc_hd__o21ai_4)
     1    0.07    0.48    0.20    2.69 ^ _0713_/Y (sky130_fd_sc_hd__o21ai_4)
                                         _0552_ (net)
                  0.48    0.02    2.72 ^ _0714_/B1 (sky130_fd_sc_hd__a21oi_4)
     1    0.03    0.12    0.11    2.82 v _0714_/Y (sky130_fd_sc_hd__a21oi_4)
                                         _0037_ (net)
                  0.12    0.00    2.83 v _1288_/D (sky130_fd_sc_hd__dfxtp_4)
                                  2.83   data arrival time

                  0.00   15.00   15.00   clock core_clock (rise edge)
                          0.00   15.00   clock network delay (ideal)
                          0.00   15.00   clock reconvergence pessimism
                                 15.00 ^ _1288_/CLK (sky130_fd_sc_hd__dfxtp_4)
                         -0.16   14.84   library setup time
                                 14.84   data required time
-----------------------------------------------------------------------------
                                 14.84   data required time
                                 -2.83   data arrival time
-----------------------------------------------------------------------------
                                 12.02   slack (MET)


Startpoint: _1282_ (rising edge-triggered flip-flop clocked by core_clock)
Endpoint: _1290_ (rising edge-triggered flip-flop clocked by core_clock)
Path Group: core_clock
Path Type: max

Fanout     Cap    Slew   Delay    Time   Description
-----------------------------------------------------------------------------
                  0.00    0.00    0.00   clock core_clock (rise edge)
                          0.00    0.00   clock network delay (ideal)
                  0.00    0.00    0.00 ^ _1282_/CLK (sky130_fd_sc_hd__dfxtp_4)
     4    0.08    0.23    0.47    0.47 ^ _1282_/Q (sky130_fd_sc_hd__dfxtp_4)
                                         display_inst.counter[1] (net)
                  0.23    0.01    0.47 ^ _0699_/B (sky130_fd_sc_hd__and3_4)
     4    0.09    0.28    0.40    0.87 ^ _0699_/X (sky130_fd_sc_hd__and3_4)
                                         _0543_ (net)
                  0.29    0.02    0.89 ^ _0702_/B (sky130_fd_sc_hd__and2_4)
     3    0.07    0.20    0.32    1.21 ^ _0702_/X (sky130_fd_sc_hd__and2_4)
                                         _0545_ (net)
                  0.20    0.01    1.22 ^ _0706_/C (sky130_fd_sc_hd__and3_4)
     3    0.06    0.18    0.33    1.55 ^ _0706_/X (sky130_fd_sc_hd__and3_4)
                                         _0547_ (net)
                  0.18    0.00    1.55 ^ _0710_/B (sky130_fd_sc_hd__and2_4)
     5    0.11    0.33    0.38    1.93 ^ _0710_/X (sky130_fd_sc_hd__and2_4)
                                         _0550_ (net)
                  0.33    0.02    1.95 ^ _0715_/C (sky130_fd_sc_hd__and3_4)
     4    0.08    0.24    0.39    2.34 ^ _0715_/X (sky130_fd_sc_hd__and3_4)
                                         _0553_ (net)
                  0.24    0.01    2.35 ^ _0718_/B (sky130_fd_sc_hd__and2_4)
     4    0.08    0.24    0.34    2.69 ^ _0718_/X (sky130_fd_sc_hd__and2_4)
                                         _0555_ (net)
                  0.24    0.02    2.71 ^ _0720_/A (sky130_fd_sc_hd__nor2_2)
     1    0.02    0.10    0.12    2.83 v _0720_/Y (sky130_fd_sc_hd__nor2_2)
                                         _0039_ (net)
                  0.10    0.00    2.83 v _1290_/D (sky130_fd_sc_hd__dfxtp_4)
                                  2.83   data arrival time

                  0.00   15.00   15.00   clock core_clock (rise edge)
                          0.00   15.00   clock network delay (ideal)
                          0.00   15.00   clock reconvergence pessimism
                                 15.00 ^ _1290_/CLK (sky130_fd_sc_hd__dfxtp_4)
                         -0.15   14.85   library setup time
                                 14.85   data required time
-----------------------------------------------------------------------------
                                 14.85   data required time
                                 -2.83   data arrival time
-----------------------------------------------------------------------------
                                 12.02   slack (MET)


Startpoint: _1281_ (rising edge-triggered flip-flop clocked by core_clock)
Endpoint: _1286_ (rising edge-triggered flip-flop clocked by core_clock)
Path Group: core_clock
Path Type: max

Fanout     Cap    Slew   Delay    Time   Description
-----------------------------------------------------------------------------
                  0.00    0.00    0.00   clock core_clock (rise edge)
                          0.00    0.00   clock network delay (ideal)
                  0.00    0.00    0.00 ^ _1281_/CLK (sky130_fd_sc_hd__dfxtp_4)
     5    0.08    0.11    0.40    0.40 v _1281_/Q (sky130_fd_sc_hd__dfxtp_4)
                                         display_inst.counter[0] (net)
                  0.11    0.01    0.41 v _0689_/A (sky130_fd_sc_hd__or4_4)
     1    0.03    0.12    0.62    1.02 v _0689_/X (sky130_fd_sc_hd__or4_4)
                                         _0535_ (net)
                  0.12    0.00    1.03 v _0690_/D (sky130_fd_sc_hd__or4_4)
     1    0.02    0.12    0.49    1.52 v _0690_/X (sky130_fd_sc_hd__or4_4)
                                         _0536_ (net)
                  0.12    0.00    1.52 v _0694_/A (sky130_fd_sc_hd__or4_2)
     1    0.01    0.14    0.75    2.27 v _0694_/X (sky130_fd_sc_hd__or4_2)
                                         _0540_ (net)
                  0.14    0.00    2.27 v _0695_/A (sky130_fd_sc_hd__buf_12)
    10    0.15    0.09    0.22    2.49 v _0695_/X (sky130_fd_sc_hd__buf_12)
                                         _0541_ (net)
                  0.09    0.01    2.50 v _0708_/A (sky130_fd_sc_hd__nand2_2)
     1    0.02    0.13    0.14    2.64 ^ _0708_/Y (sky130_fd_sc_hd__nand2_2)
                                         _0549_ (net)
                  0.13    0.00    2.64 ^ _0709_/B (sky130_fd_sc_hd__nor2_2)
     1    0.03    0.09    0.11    2.75 v _0709_/Y (sky130_fd_sc_hd__nor2_2)
                                         _0035_ (net)
                  0.09    0.01    2.76 v _1286_/D (sky130_fd_sc_hd__dfxtp_4)
                                  2.76   data arrival time

                  0.00   15.00   15.00   clock core_clock (rise edge)
                          0.00   15.00   clock network delay (ideal)
                          0.00   15.00   clock reconvergence pessimism
                                 15.00 ^ _1286_/CLK (sky130_fd_sc_hd__dfxtp_4)
                         -0.14   14.86   library setup time
                                 14.86   data required time
-----------------------------------------------------------------------------
                                 14.86   data required time
                                 -2.76   data arrival time
-----------------------------------------------------------------------------
                                 12.10   slack (MET)


Startpoint: _1302_ (rising edge-triggered flip-flop clocked by core_clock)
Endpoint: _1307_ (rising edge-triggered flip-flop clocked by core_clock)
Path Group: core_clock
Path Type: max

Fanout     Cap    Slew   Delay    Time   Description
-----------------------------------------------------------------------------
                  0.00    0.00    0.00   clock core_clock (rise edge)
                          0.00    0.00   clock network delay (ideal)
                  0.00    0.00    0.00 ^ _1302_/CLK (sky130_fd_sc_hd__dfrtp_4)
     5    0.12    0.35    0.62    0.62 ^ _1302_/Q (sky130_fd_sc_hd__dfrtp_4)
                                         imem_inst.address[3] (net)
                  0.35    0.01    0.63 ^ _0890_/A (sky130_fd_sc_hd__buf_12)
     9    0.16    0.19    0.26    0.89 ^ _0890_/X (sky130_fd_sc_hd__buf_12)
                                         _0131_ (net)
                  0.20    0.02    0.91 ^ _0891_/B (sky130_fd_sc_hd__and3_4)
     3    0.05    0.17    0.32    1.23 ^ _0891_/X (sky130_fd_sc_hd__and3_4)
                                         _0132_ (net)
                  0.17    0.00    1.23 ^ _0892_/B (sky130_fd_sc_hd__and2_4)
     4    0.10    0.28    0.34    1.57 ^ _0892_/X (sky130_fd_sc_hd__and2_4)
                                         _0133_ (net)
                  0.28    0.03    1.60 ^ _0893_/C (sky130_fd_sc_hd__and3_4)
     3    0.08    0.26    0.39    1.99 ^ _0893_/X (sky130_fd_sc_hd__and3_4)
                                         _0134_ (net)
                  0.26    0.01    2.00 ^ _0894_/B (sky130_fd_sc_hd__and2_4)
     4    0.10    0.30    0.38    2.38 ^ _0894_/X (sky130_fd_sc_hd__and2_4)
                                         _0135_ (net)
                  0.31    0.02    2.41 ^ _0948_/B (sky130_fd_sc_hd__xor2_4)
     1    0.03    0.26    0.28    2.69 ^ _0948_/X (sky130_fd_sc_hd__xor2_4)
                                         _0056_ (net)
                  0.26    0.01    2.70 ^ _1307_/D (sky130_fd_sc_hd__dfrtp_4)
                                  2.70   data arrival time

                  0.00   15.00   15.00   clock core_clock (rise edge)
                          0.00   15.00   clock network delay (ideal)
                          0.00   15.00   clock reconvergence pessimism
                                 15.00 ^ _1307_/CLK (sky130_fd_sc_hd__dfrtp_4)
                         -0.12   14.88   library setup time
                                 14.88   data required time
-----------------------------------------------------------------------------
                                 14.88   data required time
                                 -2.70   data arrival time
-----------------------------------------------------------------------------
                                 12.18   slack (MET)


Startpoint: _1281_ (rising edge-triggered flip-flop clocked by core_clock)
Endpoint: _1379_ (rising edge-triggered flip-flop clocked by core_clock)
Path Group: core_clock
Path Type: max

Fanout     Cap    Slew   Delay    Time   Description
-----------------------------------------------------------------------------
                  0.00    0.00    0.00   clock core_clock (rise edge)
                          0.00    0.00   clock network delay (ideal)
                  0.00    0.00    0.00 ^ _1281_/CLK (sky130_fd_sc_hd__dfxtp_4)
     5    0.08    0.11    0.40    0.40 v _1281_/Q (sky130_fd_sc_hd__dfxtp_4)
                                         display_inst.counter[0] (net)
                  0.11    0.01    0.41 v _0689_/A (sky130_fd_sc_hd__or4_4)
     1    0.03    0.12    0.62    1.02 v _0689_/X (sky130_fd_sc_hd__or4_4)
                                         _0535_ (net)
                  0.12    0.00    1.03 v _0690_/D (sky130_fd_sc_hd__or4_4)
     1    0.02    0.12    0.49    1.52 v _0690_/X (sky130_fd_sc_hd__or4_4)
                                         _0536_ (net)
                  0.12    0.00    1.52 v _0694_/A (sky130_fd_sc_hd__or4_2)
     1    0.01    0.14    0.75    2.27 v _0694_/X (sky130_fd_sc_hd__or4_2)
                                         _0540_ (net)
                  0.14    0.00    2.27 v _0695_/A (sky130_fd_sc_hd__buf_12)
    10    0.15    0.09    0.22    2.49 v _0695_/X (sky130_fd_sc_hd__buf_12)
                                         _0541_ (net)
                  0.09    0.01    2.50 v _0886_/B (sky130_fd_sc_hd__xnor2_2)
     1    0.01    0.10    0.17    2.66 v _0886_/Y (sky130_fd_sc_hd__xnor2_2)
                                         _0128_ (net)
                  0.10    0.00    2.66 v _1379_/D (sky130_fd_sc_hd__dfxtp_4)
                                  2.66   data arrival time

                  0.00   15.00   15.00   clock core_clock (rise edge)
                          0.00   15.00   clock network delay (ideal)
                          0.00   15.00   clock reconvergence pessimism
                                 15.00 ^ _1379_/CLK (sky130_fd_sc_hd__dfxtp_4)
                         -0.15   14.85   library setup time
                                 14.85   data required time
-----------------------------------------------------------------------------
                                 14.85   data required time
                                 -2.66   data arrival time
-----------------------------------------------------------------------------
                                 12.19   slack (MET)


Startpoint: _1302_ (rising edge-triggered flip-flop clocked by core_clock)
Endpoint: _1306_ (rising edge-triggered flip-flop clocked by core_clock)
Path Group: core_clock
Path Type: max

Fanout     Cap    Slew   Delay    Time   Description
-----------------------------------------------------------------------------
                  0.00    0.00    0.00   clock core_clock (rise edge)
                          0.00    0.00   clock network delay (ideal)
                  0.00    0.00    0.00 ^ _1302_/CLK (sky130_fd_sc_hd__dfrtp_4)
     5    0.12    0.35    0.62    0.62 ^ _1302_/Q (sky130_fd_sc_hd__dfrtp_4)
                                         imem_inst.address[3] (net)
                  0.35    0.01    0.63 ^ _0890_/A (sky130_fd_sc_hd__buf_12)
     9    0.16    0.19    0.26    0.89 ^ _0890_/X (sky130_fd_sc_hd__buf_12)
                                         _0131_ (net)
                  0.20    0.02    0.91 ^ _0891_/B (sky130_fd_sc_hd__and3_4)
     3    0.05    0.17    0.32    1.23 ^ _0891_/X (sky130_fd_sc_hd__and3_4)
                                         _0132_ (net)
                  0.17    0.00    1.23 ^ _0892_/B (sky130_fd_sc_hd__and2_4)
     4    0.10    0.28    0.34    1.57 ^ _0892_/X (sky130_fd_sc_hd__and2_4)
                                         _0133_ (net)
                  0.28    0.03    1.60 ^ _0893_/C (sky130_fd_sc_hd__and3_4)
     3    0.08    0.26    0.39    1.99 ^ _0893_/X (sky130_fd_sc_hd__and3_4)
                                         _0134_ (net)
                  0.26    0.01    2.00 ^ _0894_/B (sky130_fd_sc_hd__and2_4)
     4    0.10    0.30    0.38    2.38 ^ _0894_/X (sky130_fd_sc_hd__and2_4)
                                         _0135_ (net)
                  0.30    0.01    2.39 ^ _0950_/A (sky130_fd_sc_hd__nor2_4)
     1    0.04    0.10    0.13    2.52 v _0950_/Y (sky130_fd_sc_hd__nor2_4)
                                         _0055_ (net)
                  0.10    0.01    2.53 v _1306_/D (sky130_fd_sc_hd__dfrtp_4)
                                  2.53   data arrival time

                  0.00   15.00   15.00   clock core_clock (rise edge)
                          0.00   15.00   clock network delay (ideal)
                          0.00   15.00   clock reconvergence pessimism
                                 15.00 ^ _1306_/CLK (sky130_fd_sc_hd__dfrtp_4)
                         -0.15   14.85   library setup time
                                 14.85   data required time
-----------------------------------------------------------------------------
                                 14.85   data required time
                                 -2.53   data arrival time
-----------------------------------------------------------------------------
                                 12.32   slack (MET)


Startpoint: _1282_ (rising edge-triggered flip-flop clocked by core_clock)
Endpoint: _1289_ (rising edge-triggered flip-flop clocked by core_clock)
Path Group: core_clock
Path Type: max

Fanout     Cap    Slew   Delay    Time   Description
-----------------------------------------------------------------------------
                  0.00    0.00    0.00   clock core_clock (rise edge)
                          0.00    0.00   clock network delay (ideal)
                  0.00    0.00    0.00 ^ _1282_/CLK (sky130_fd_sc_hd__dfxtp_4)
     4    0.08    0.23    0.47    0.47 ^ _1282_/Q (sky130_fd_sc_hd__dfxtp_4)
                                         display_inst.counter[1] (net)
                  0.23    0.01    0.47 ^ _0699_/B (sky130_fd_sc_hd__and3_4)
     4    0.09    0.28    0.40    0.87 ^ _0699_/X (sky130_fd_sc_hd__and3_4)
                                         _0543_ (net)
                  0.29    0.02    0.89 ^ _0702_/B (sky130_fd_sc_hd__and2_4)
     3    0.07    0.20    0.32    1.21 ^ _0702_/X (sky130_fd_sc_hd__and2_4)
                                         _0545_ (net)
                  0.20    0.01    1.22 ^ _0706_/C (sky130_fd_sc_hd__and3_4)
     3    0.06    0.18    0.33    1.55 ^ _0706_/X (sky130_fd_sc_hd__and3_4)
                                         _0547_ (net)
                  0.18    0.00    1.55 ^ _0710_/B (sky130_fd_sc_hd__and2_4)
     5    0.11    0.33    0.38    1.93 ^ _0710_/X (sky130_fd_sc_hd__and2_4)
                                         _0550_ (net)
                  0.33    0.02    1.95 ^ _0715_/C (sky130_fd_sc_hd__and3_4)
     4    0.08    0.24    0.39    2.34 ^ _0715_/X (sky130_fd_sc_hd__and3_4)
                                         _0553_ (net)
                  0.24    0.01    2.35 ^ _0717_/A (sky130_fd_sc_hd__nor2_1)
     1    0.02    0.11    0.15    2.50 v _0717_/Y (sky130_fd_sc_hd__nor2_1)
                                         _0038_ (net)
                  0.11    0.00    2.50 v _1289_/D (sky130_fd_sc_hd__dfxtp_4)
                                  2.50   data arrival time

                  0.00   15.00   15.00   clock core_clock (rise edge)
                          0.00   15.00   clock network delay (ideal)
                          0.00   15.00   clock reconvergence pessimism
                                 15.00 ^ _1289_/CLK (sky130_fd_sc_hd__dfxtp_4)
                         -0.15   14.85   library setup time
                                 14.85   data required time
-----------------------------------------------------------------------------
                                 14.85   data required time
                                 -2.50   data arrival time
-----------------------------------------------------------------------------
                                 12.35   slack (MET)


Startpoint: _1302_ (rising edge-triggered flip-flop clocked by core_clock)
Endpoint: _1305_ (rising edge-triggered flip-flop clocked by core_clock)
Path Group: core_clock
Path Type: max

Fanout     Cap    Slew   Delay    Time   Description
-----------------------------------------------------------------------------
                  0.00    0.00    0.00   clock core_clock (rise edge)
                          0.00    0.00   clock network delay (ideal)
                  0.00    0.00    0.00 ^ _1302_/CLK (sky130_fd_sc_hd__dfrtp_4)
     5    0.12    0.35    0.62    0.62 ^ _1302_/Q (sky130_fd_sc_hd__dfrtp_4)
                                         imem_inst.address[3] (net)
                  0.35    0.01    0.63 ^ _0890_/A (sky130_fd_sc_hd__buf_12)
     9    0.16    0.19    0.26    0.89 ^ _0890_/X (sky130_fd_sc_hd__buf_12)
                                         _0131_ (net)
                  0.20    0.02    0.91 ^ _0891_/B (sky130_fd_sc_hd__and3_4)
     3    0.05    0.17    0.32    1.23 ^ _0891_/X (sky130_fd_sc_hd__and3_4)
                                         _0132_ (net)
                  0.17    0.00    1.23 ^ _0892_/B (sky130_fd_sc_hd__and2_4)
     4    0.10    0.28    0.34    1.57 ^ _0892_/X (sky130_fd_sc_hd__and2_4)
                                         _0133_ (net)
                  0.28    0.03    1.60 ^ _0893_/C (sky130_fd_sc_hd__and3_4)
     3    0.08    0.26    0.39    1.99 ^ _0893_/X (sky130_fd_sc_hd__and3_4)
                                         _0134_ (net)
                  0.26    0.01    2.01 ^ _0952_/A (sky130_fd_sc_hd__nor2_4)
     1    0.03    0.11    0.12    2.12 v _0952_/Y (sky130_fd_sc_hd__nor2_4)
                                         _0054_ (net)
                  0.11    0.01    2.13 v _1305_/D (sky130_fd_sc_hd__dfrtp_4)
                                  2.13   data arrival time

                  0.00   15.00   15.00   clock core_clock (rise edge)
                          0.00   15.00   clock network delay (ideal)
                          0.00   15.00   clock reconvergence pessimism
                                 15.00 ^ _1305_/CLK (sky130_fd_sc_hd__dfrtp_4)
                         -0.15   14.85   library setup time
                                 14.85   data required time
-----------------------------------------------------------------------------
                                 14.85   data required time
                                 -2.13   data arrival time
-----------------------------------------------------------------------------
                                 12.72   slack (MET)


Startpoint: _1282_ (rising edge-triggered flip-flop clocked by core_clock)
Endpoint: _1287_ (rising edge-triggered flip-flop clocked by core_clock)
Path Group: core_clock
Path Type: max

Fanout     Cap    Slew   Delay    Time   Description
-----------------------------------------------------------------------------
                  0.00    0.00    0.00   clock core_clock (rise edge)
                          0.00    0.00   clock network delay (ideal)
                  0.00    0.00    0.00 ^ _1282_/CLK (sky130_fd_sc_hd__dfxtp_4)
     4    0.08    0.23    0.47    0.47 ^ _1282_/Q (sky130_fd_sc_hd__dfxtp_4)
                                         display_inst.counter[1] (net)
                  0.23    0.01    0.47 ^ _0699_/B (sky130_fd_sc_hd__and3_4)
     4    0.09    0.28    0.40    0.87 ^ _0699_/X (sky130_fd_sc_hd__and3_4)
                                         _0543_ (net)
                  0.29    0.02    0.89 ^ _0702_/B (sky130_fd_sc_hd__and2_4)
     3    0.07    0.20    0.32    1.21 ^ _0702_/X (sky130_fd_sc_hd__and2_4)
                                         _0545_ (net)
                  0.20    0.01    1.22 ^ _0706_/C (sky130_fd_sc_hd__and3_4)
     3    0.06    0.18    0.33    1.55 ^ _0706_/X (sky130_fd_sc_hd__and3_4)
                                         _0547_ (net)
                  0.18    0.00    1.55 ^ _0710_/B (sky130_fd_sc_hd__and2_4)
     5    0.11    0.33    0.38    1.93 ^ _0710_/X (sky130_fd_sc_hd__and2_4)
                                         _0550_ (net)
                  0.33    0.01    1.94 ^ _0712_/A (sky130_fd_sc_hd__nor2_4)
     1    0.04    0.10    0.13    2.07 v _0712_/Y (sky130_fd_sc_hd__nor2_4)
                                         _0036_ (net)
                  0.11    0.01    2.08 v _1287_/D (sky130_fd_sc_hd__dfxtp_4)
                                  2.08   data arrival time

                  0.00   15.00   15.00   clock core_clock (rise edge)
                          0.00   15.00   clock network delay (ideal)
                          0.00   15.00   clock reconvergence pessimism
                                 15.00 ^ _1287_/CLK (sky130_fd_sc_hd__dfxtp_4)
                         -0.15   14.85   library setup time
                                 14.85   data required time
-----------------------------------------------------------------------------
                                 14.85   data required time
                                 -2.08   data arrival time
-----------------------------------------------------------------------------
                                 12.77   slack (MET)


Startpoint: _1302_ (rising edge-triggered flip-flop clocked by core_clock)
Endpoint: _1303_ (rising edge-triggered flip-flop clocked by core_clock)
Path Group: core_clock
Path Type: max

Fanout     Cap    Slew   Delay    Time   Description
-----------------------------------------------------------------------------
                  0.00    0.00    0.00   clock core_clock (rise edge)
                          0.00    0.00   clock network delay (ideal)
                  0.00    0.00    0.00 ^ _1302_/CLK (sky130_fd_sc_hd__dfrtp_4)
     5    0.12    0.35    0.62    0.62 ^ _1302_/Q (sky130_fd_sc_hd__dfrtp_4)
                                         imem_inst.address[3] (net)
                  0.35    0.01    0.63 ^ _0890_/A (sky130_fd_sc_hd__buf_12)
     9    0.16    0.19    0.26    0.89 ^ _0890_/X (sky130_fd_sc_hd__buf_12)
                                         _0131_ (net)
                  0.20    0.02    0.91 ^ _0891_/B (sky130_fd_sc_hd__and3_4)
     3    0.05    0.17    0.32    1.23 ^ _0891_/X (sky130_fd_sc_hd__and3_4)
                                         _0132_ (net)
                  0.17    0.00    1.23 ^ _0892_/B (sky130_fd_sc_hd__and2_4)
     4    0.10    0.28    0.34    1.57 ^ _0892_/X (sky130_fd_sc_hd__and2_4)
                                         _0133_ (net)
                  0.28    0.02    1.60 ^ _0955_/A (sky130_fd_sc_hd__nor2_4)
     1    0.04    0.10    0.13    1.73 v _0955_/Y (sky130_fd_sc_hd__nor2_4)
                                         _0052_ (net)
                  0.10    0.01    1.74 v _1303_/D (sky130_fd_sc_hd__dfrtp_4)
                                  1.74   data arrival time

                  0.00   15.00   15.00   clock core_clock (rise edge)
                          0.00   15.00   clock network delay (ideal)
                          0.00   15.00   clock reconvergence pessimism
                                 15.00 ^ _1303_/CLK (sky130_fd_sc_hd__dfrtp_4)
                         -0.15   14.85   library setup time
                                 14.85   data required time
-----------------------------------------------------------------------------
                                 14.85   data required time
                                 -1.74   data arrival time
-----------------------------------------------------------------------------
                                 13.11   slack (MET)


Startpoint: _1302_ (rising edge-triggered flip-flop clocked by core_clock)
Endpoint: _1304_ (rising edge-triggered flip-flop clocked by core_clock)
Path Group: core_clock
Path Type: max

Fanout     Cap    Slew   Delay    Time   Description
-----------------------------------------------------------------------------
                  0.00    0.00    0.00   clock core_clock (rise edge)
                          0.00    0.00   clock network delay (ideal)
                  0.00    0.00    0.00 ^ _1302_/CLK (sky130_fd_sc_hd__dfrtp_4)
     5    0.12    0.35    0.62    0.62 ^ _1302_/Q (sky130_fd_sc_hd__dfrtp_4)
                                         imem_inst.address[3] (net)
                  0.35    0.01    0.63 ^ _0890_/A (sky130_fd_sc_hd__buf_12)
     9    0.16    0.19    0.26    0.89 ^ _0890_/X (sky130_fd_sc_hd__buf_12)
                                         _0131_ (net)
                  0.20    0.02    0.91 ^ _0891_/B (sky130_fd_sc_hd__and3_4)
     3    0.05    0.17    0.32    1.23 ^ _0891_/X (sky130_fd_sc_hd__and3_4)
                                         _0132_ (net)
                  0.17    0.00    1.23 ^ _0892_/B (sky130_fd_sc_hd__and2_4)
     4    0.10    0.28    0.34    1.57 ^ _0892_/X (sky130_fd_sc_hd__and2_4)
                                         _0133_ (net)
                  0.28    0.01    1.58 ^ _0953_/B (sky130_fd_sc_hd__xor2_1)
     1    0.00    0.14    0.19    1.78 ^ _0953_/X (sky130_fd_sc_hd__xor2_1)
                                         _0053_ (net)
                  0.14    0.00    1.78 ^ _1304_/D (sky130_fd_sc_hd__dfrtp_4)
                                  1.78   data arrival time

                  0.00   15.00   15.00   clock core_clock (rise edge)
                          0.00   15.00   clock network delay (ideal)
                          0.00   15.00   clock reconvergence pessimism
                                 15.00 ^ _1304_/CLK (sky130_fd_sc_hd__dfrtp_4)
                         -0.09   14.91   library setup time
                                 14.91   data required time
-----------------------------------------------------------------------------
                                 14.91   data required time
                                 -1.78   data arrival time
-----------------------------------------------------------------------------
                                 13.13   slack (MET)


Startpoint: _1301_ (rising edge-triggered flip-flop clocked by core_clock)
Endpoint: _1302_ (rising edge-triggered flip-flop clocked by core_clock)
Path Group: core_clock
Path Type: max

Fanout     Cap    Slew   Delay    Time   Description
-----------------------------------------------------------------------------
                  0.00    0.00    0.00   clock core_clock (rise edge)
                          0.00    0.00   clock network delay (ideal)
                  0.00    0.00    0.00 ^ _1301_/CLK (sky130_fd_sc_hd__dfrtp_4)
     9    0.17    0.27    0.65    0.65 v _1301_/Q (sky130_fd_sc_hd__dfrtp_4)
                                         imem_inst.address[2] (net)
                  0.27    0.03    0.68 v _0956_/A (sky130_fd_sc_hd__buf_12)
     8    0.13    0.08    0.26    0.94 v _0956_/X (sky130_fd_sc_hd__buf_12)
                                         _0169_ (net)
                  0.09    0.02    0.96 v _0957_/A2 (sky130_fd_sc_hd__a21oi_4)
     1    0.04    0.30    0.31    1.27 ^ _0957_/Y (sky130_fd_sc_hd__a21oi_4)
                                         _0170_ (net)
                  0.30    0.01    1.28 ^ _0958_/B (sky130_fd_sc_hd__nor2_4)
     1    0.04    0.10    0.12    1.39 v _0958_/Y (sky130_fd_sc_hd__nor2_4)
                                         _0051_ (net)
                  0.10    0.01    1.40 v _1302_/D (sky130_fd_sc_hd__dfrtp_4)
                                  1.40   data arrival time

                  0.00   15.00   15.00   clock core_clock (rise edge)
                          0.00   15.00   clock network delay (ideal)
                          0.00   15.00   clock reconvergence pessimism
                                 15.00 ^ _1302_/CLK (sky130_fd_sc_hd__dfrtp_4)
                         -0.15   14.85   library setup time
                                 14.85   data required time
-----------------------------------------------------------------------------
                                 14.85   data required time
                                 -1.40   data arrival time
-----------------------------------------------------------------------------
                                 13.45   slack (MET)


Startpoint: _1282_ (rising edge-triggered flip-flop clocked by core_clock)
Endpoint: _1285_ (rising edge-triggered flip-flop clocked by core_clock)
Path Group: core_clock
Path Type: max

Fanout     Cap    Slew   Delay    Time   Description
-----------------------------------------------------------------------------
                  0.00    0.00    0.00   clock core_clock (rise edge)
                          0.00    0.00   clock network delay (ideal)
                  0.00    0.00    0.00 ^ _1282_/CLK (sky130_fd_sc_hd__dfxtp_4)
     4    0.08    0.23    0.47    0.47 ^ _1282_/Q (sky130_fd_sc_hd__dfxtp_4)
                                         display_inst.counter[1] (net)
                  0.23    0.01    0.47 ^ _0699_/B (sky130_fd_sc_hd__and3_4)
     4    0.09    0.28    0.40    0.87 ^ _0699_/X (sky130_fd_sc_hd__and3_4)
                                         _0543_ (net)
                  0.29    0.02    0.89 ^ _0702_/B (sky130_fd_sc_hd__and2_4)
     3    0.07    0.20    0.32    1.21 ^ _0702_/X (sky130_fd_sc_hd__and2_4)
                                         _0545_ (net)
                  0.20    0.00    1.21 ^ _0705_/B (sky130_fd_sc_hd__xor2_1)
     1    0.01    0.19    0.22    1.44 ^ _0705_/X (sky130_fd_sc_hd__xor2_1)
                                         _0034_ (net)
                  0.19    0.00    1.44 ^ _1285_/D (sky130_fd_sc_hd__dfxtp_4)
                                  1.44   data arrival time

                  0.00   15.00   15.00   clock core_clock (rise edge)
                          0.00   15.00   clock network delay (ideal)
                          0.00   15.00   clock reconvergence pessimism
                                 15.00 ^ _1285_/CLK (sky130_fd_sc_hd__dfxtp_4)
                         -0.10   14.90   library setup time
                                 14.90   data required time
-----------------------------------------------------------------------------
                                 14.90   data required time
                                 -1.44   data arrival time
-----------------------------------------------------------------------------
                                 13.46   slack (MET)


Startpoint: _1282_ (rising edge-triggered flip-flop clocked by core_clock)
Endpoint: _1284_ (rising edge-triggered flip-flop clocked by core_clock)
Path Group: core_clock
Path Type: max

Fanout     Cap    Slew   Delay    Time   Description
-----------------------------------------------------------------------------
                  0.00    0.00    0.00   clock core_clock (rise edge)
                          0.00    0.00   clock network delay (ideal)
                  0.00    0.00    0.00 ^ _1282_/CLK (sky130_fd_sc_hd__dfxtp_4)
     4    0.08    0.23    0.47    0.47 ^ _1282_/Q (sky130_fd_sc_hd__dfxtp_4)
                                         display_inst.counter[1] (net)
                  0.23    0.01    0.47 ^ _0699_/B (sky130_fd_sc_hd__and3_4)
     4    0.09    0.28    0.40    0.87 ^ _0699_/X (sky130_fd_sc_hd__and3_4)
                                         _0543_ (net)
                  0.29    0.02    0.89 ^ _0702_/B (sky130_fd_sc_hd__and2_4)
     3    0.07    0.20    0.32    1.21 ^ _0702_/X (sky130_fd_sc_hd__and2_4)
                                         _0545_ (net)
                  0.20    0.01    1.23 ^ _0704_/A (sky130_fd_sc_hd__nor2_1)
     1    0.01    0.11    0.12    1.34 v _0704_/Y (sky130_fd_sc_hd__nor2_1)
                                         _0033_ (net)
                  0.11    0.00    1.34 v _1284_/D (sky130_fd_sc_hd__dfxtp_4)
                                  1.34   data arrival time

                  0.00   15.00   15.00   clock core_clock (rise edge)
                          0.00   15.00   clock network delay (ideal)
                          0.00   15.00   clock reconvergence pessimism
                                 15.00 ^ _1284_/CLK (sky130_fd_sc_hd__dfxtp_4)
                         -0.15   14.85   library setup time
                                 14.85   data required time
-----------------------------------------------------------------------------
                                 14.85   data required time
                                 -1.34   data arrival time
-----------------------------------------------------------------------------
                                 13.51   slack (MET)


Startpoint: _1301_ (rising edge-triggered flip-flop clocked by core_clock)
Endpoint: _1301_ (rising edge-triggered flip-flop clocked by core_clock)
Path Group: core_clock
Path Type: max

Fanout     Cap    Slew   Delay    Time   Description
-----------------------------------------------------------------------------
                  0.00    0.00    0.00   clock core_clock (rise edge)
                          0.00    0.00   clock network delay (ideal)
                  0.00    0.00    0.00 ^ _1301_/CLK (sky130_fd_sc_hd__dfrtp_4)
     9    0.17    0.49    0.71    0.71 ^ _1301_/Q (sky130_fd_sc_hd__dfrtp_4)
                                         imem_inst.address[2] (net)
                  0.49    0.03    0.74 ^ _0956_/A (sky130_fd_sc_hd__buf_12)
     8    0.13    0.16    0.25    0.99 ^ _0956_/X (sky130_fd_sc_hd__buf_12)
                                         _0169_ (net)
                  0.17    0.03    1.02 ^ _0959_/B (sky130_fd_sc_hd__xor2_4)
     1    0.04    0.31    0.31    1.33 ^ _0959_/X (sky130_fd_sc_hd__xor2_4)
                                         _0050_ (net)
                  0.31    0.01    1.34 ^ _1301_/D (sky130_fd_sc_hd__dfrtp_4)
                                  1.34   data arrival time

                  0.00   15.00   15.00   clock core_clock (rise edge)
                          0.00   15.00   clock network delay (ideal)
                          0.00   15.00   clock reconvergence pessimism
                                 15.00 ^ _1301_/CLK (sky130_fd_sc_hd__dfrtp_4)
                         -0.13   14.87   library setup time
                                 14.87   data required time
-----------------------------------------------------------------------------
                                 14.87   data required time
                                 -1.34   data arrival time
-----------------------------------------------------------------------------
                                 13.53   slack (MET)


Startpoint: _1282_ (rising edge-triggered flip-flop clocked by core_clock)
Endpoint: _1283_ (rising edge-triggered flip-flop clocked by core_clock)
Path Group: core_clock
Path Type: max

Fanout     Cap    Slew   Delay    Time   Description
-----------------------------------------------------------------------------
                  0.00    0.00    0.00   clock core_clock (rise edge)
                          0.00    0.00   clock network delay (ideal)
                  0.00    0.00    0.00 ^ _1282_/CLK (sky130_fd_sc_hd__dfxtp_4)
     4    0.08    0.23    0.47    0.47 ^ _1282_/Q (sky130_fd_sc_hd__dfxtp_4)
                                         display_inst.counter[1] (net)
                  0.23    0.01    0.47 ^ _0699_/B (sky130_fd_sc_hd__and3_4)
     4    0.09    0.28    0.40    0.87 ^ _0699_/X (sky130_fd_sc_hd__and3_4)
                                         _0543_ (net)
                  0.29    0.04    0.91 ^ _0701_/A (sky130_fd_sc_hd__nor2_4)
     1    0.04    0.11    0.13    1.04 v _0701_/Y (sky130_fd_sc_hd__nor2_4)
                                         _0032_ (net)
                  0.12    0.01    1.05 v _1283_/D (sky130_fd_sc_hd__dfxtp_4)
                                  1.05   data arrival time

                  0.00   15.00   15.00   clock core_clock (rise edge)
                          0.00   15.00   clock network delay (ideal)
                          0.00   15.00   clock reconvergence pessimism
                                 15.00 ^ _1283_/CLK (sky130_fd_sc_hd__dfxtp_4)
                         -0.15   14.85   library setup time
                                 14.85   data required time
-----------------------------------------------------------------------------
                                 14.85   data required time
                                 -1.05   data arrival time
-----------------------------------------------------------------------------
                                 13.80   slack (MET)


Startpoint: _1282_ (rising edge-triggered flip-flop clocked by core_clock)
Endpoint: _1282_ (rising edge-triggered flip-flop clocked by core_clock)
Path Group: core_clock
Path Type: max

Fanout     Cap    Slew   Delay    Time   Description
-----------------------------------------------------------------------------
                  0.00    0.00    0.00   clock core_clock (rise edge)
                          0.00    0.00   clock network delay (ideal)
                  0.00    0.00    0.00 ^ _1282_/CLK (sky130_fd_sc_hd__dfxtp_4)
     4    0.08    0.23    0.47    0.47 ^ _1282_/Q (sky130_fd_sc_hd__dfxtp_4)
                                         display_inst.counter[1] (net)
                  0.23    0.01    0.47 ^ _0698_/B (sky130_fd_sc_hd__xor2_2)
     1    0.02    0.23    0.25    0.73 ^ _0698_/X (sky130_fd_sc_hd__xor2_2)
                                         _0031_ (net)
                  0.23    0.00    0.73 ^ _1282_/D (sky130_fd_sc_hd__dfxtp_4)
                                  0.73   data arrival time

                  0.00   15.00   15.00   clock core_clock (rise edge)
                          0.00   15.00   clock network delay (ideal)
                          0.00   15.00   clock reconvergence pessimism
                                 15.00 ^ _1282_/CLK (sky130_fd_sc_hd__dfxtp_4)
                         -0.11   14.89   library setup time
                                 14.89   data required time
-----------------------------------------------------------------------------
                                 14.89   data required time
                                 -0.73   data arrival time
-----------------------------------------------------------------------------
                                 14.16   slack (MET)



worst slack corner Typical: 5.8919
